method,sequence,run_id,selection_rule,frame_id,map_point_id,class_id,class,dynamic_hit,dynamic_score,dynamic_state,suppressed
Semantic,fr3_walking_xyz,run_03,most distinct observed frames among MapPoints ever dynamic; tie=smallest ID,32,3983,3,person,0,0.000000000,0,0
Semantic,fr3_walking_xyz,run_03,most distinct observed frames among MapPoints ever dynamic; tie=smallest ID,33,3983,3,person,0,0.000000000,0,0
Semantic,fr3_walking_xyz,run_03,most distinct observed frames among MapPoints ever dynamic; tie=smallest ID,34,3983,3,person,0,0.000000000,0,0
Semantic,fr3_walking_xyz,run_03,most distinct observed frames among MapPoints ever dynamic; tie=smallest ID,35,3983,3,person,0,0.000000000,0,0
Semantic,fr3_walking_xyz,run_03,most distinct observed frames among MapPoints ever dynamic; tie=smallest ID,36,3983,3,person,0,0.000000000,0,0
Semantic,fr3_walking_xyz,run_03,most distinct observed frames among MapPoints ever dynamic; tie=smallest ID,37,3983,3,person,0,0.000000000,0,0
Semantic,fr3_walking_xyz,run_03,most distinct observed frames among MapPoints ever dynamic; tie=smallest ID,38,3983,3,person,0,0.000000000,0,0
Semantic,fr3_walking_xyz,run_03,most distinct observed frames among MapPoints ever dynamic; tie=smallest ID,39,3983,3,person,0,0.000000000,0,0
Semantic,fr3_walking_xyz,run_03,most distinct observed frames among MapPoints ever dynamic; tie=smallest ID,40,3983,3,person,0,0.000000000,0,0
Semantic,fr3_walking_xyz,run_03,most distinct observed frames among MapPoints ever dynamic; tie=smallest ID,41,3983,3,person,0,0.000000000,0,0
Semantic,fr3_walking_xyz,run_03,most distinct observed frames among MapPoints ever dynamic; tie=smallest ID,42,3983,3,person,0,0.000000000,0,0
Semantic,fr3_walking_xyz,run_03,most distinct observed frames among MapPoints ever dynamic; tie=smallest ID,43,3983,3,person,0,0.000000000,0,0
Semantic,fr3_walking_xyz,run_03,most distinct observed frames among MapPoints ever dynamic; tie=smallest ID,44,3983,3,person,0,0.000000000,0,0
Semantic,fr3_walking_xyz,run_03,most distinct observed frames among MapPoints ever dynamic; tie=smallest ID,45,3983,3,person,0,0.000000000,0,0
Semantic,fr3_walking_xyz,run_03,most distinct observed frames among MapPoints ever dynamic; tie=smallest ID,46,3983,3,person,0,0.000000000,0,0
Semantic,fr3_walking_xyz,run_03,most distinct observed frames among MapPoints ever dynamic; tie=smallest ID,47,3983,3,person,0,0.000000000,0,0
Semantic,fr3_walking_xyz,run_03,most distinct observed frames among MapPoints ever dynamic; tie=smallest ID,48,3983,3,person,0,0.000000000,0,0
Semantic,fr3_walking_xyz,run_03,most distinct observed frames among MapPoints ever dynamic; tie=smallest ID,49,3983,3,person,0,0.000000000,0,0
Semantic,fr3_walking_xyz,run_03,most distinct observed frames among MapPoints ever dynamic; tie=smallest ID,50,3983,3,person,0,0.000000000,0,0
Semantic,fr3_walking_xyz,run_03,most distinct observed frames among MapPoints ever dynamic; tie=smallest ID,51,3983,3,person,0,0.000000000,0,0
Semantic,fr3_walking_xyz,run_03,most distinct observed frames among MapPoints ever dynamic; tie=smallest ID,52,3983,3,person,0,0.000000000,0,0
Semantic,fr3_walking_xyz,run_03,most distinct observed frames among MapPoints ever dynamic; tie=smallest ID,53,3983,3,person,0,0.000000000,0,0
Semantic,fr3_walking_xyz,run_03,most distinct observed frames among MapPoints ever dynamic; tie=smallest ID,54,3983,3,person,0,0.000000000,0,0
Semantic,fr3_walking_xyz,run_03,most distinct observed frames among MapPoints ever dynamic; tie=smallest ID,55,3983,3,person,0,0.000000000,0,0
Semantic,fr3_walking_xyz,run_03,most distinct observed frames among MapPoints ever dynamic; tie=smallest ID,56,3983,3,person,0,0.000000000,0,0
Semantic,fr3_walking_xyz,run_03,most distinct observed frames among MapPoints ever dynamic; tie=smallest ID,57,3983,3,person,0,0.000000000,0,0
Semantic,fr3_walking_xyz,run_03,most distinct observed frames among MapPoints ever dynamic; tie=smallest ID,58,3983,3,person,0,0.000000000,0,0
Semantic,fr3_walking_xyz,run_03,most distinct observed frames among MapPoints ever dynamic; tie=smallest ID,59,3983,3,person,0,0.000000000,0,0
Semantic,fr3_walking_xyz,run_03,most distinct observed frames among MapPoints ever dynamic; tie=smallest ID,60,3983,3,person,0,0.000000000,0,0
Semantic,fr3_walking_xyz,run_03,most distinct observed frames among MapPoints ever dynamic; tie=smallest ID,61,3983,3,person,0,0.000000000,0,0
Semantic,fr3_walking_xyz,run_03,most distinct observed frames among MapPoints ever dynamic; tie=smallest ID,62,3983,3,person,0,0.000000000,0,0
Semantic,fr3_walking_xyz,run_03,most distinct observed frames among MapPoints ever dynamic; tie=smallest ID,63,3983,3,person,0,0.000000000,0,0
Semantic,fr3_walking_xyz,run_03,most distinct observed frames among MapPoints ever dynamic; tie=smallest ID,64,3983,3,person,0,0.000000000,0,0
Semantic,fr3_walking_xyz,run_03,most distinct observed frames among MapPoints ever dynamic; tie=smallest ID,65,3983,3,person,0,0.000000000,0,0
Semantic,fr3_walking_xyz,run_03,most distinct observed frames among MapPoints ever dynamic; tie=smallest ID,66,3983,3,person,0,0.000000000,0,0
Semantic,fr3_walking_xyz,run_03,most distinct observed frames among MapPoints ever dynamic; tie=smallest ID,67,3983,3,person,0,0.000000000,0,0
Semantic,fr3_walking_xyz,run_03,most distinct observed frames among MapPoints ever dynamic; tie=smallest ID,68,3983,3,person,0,0.000000000,0,0
Semantic,fr3_walking_xyz,run_03,most distinct observed frames among MapPoints ever dynamic; tie=smallest ID,69,3983,3,person,0,0.000000000,0,0
Semantic,fr3_walking_xyz,run_03,most distinct observed frames among MapPoints ever dynamic; tie=smallest ID,70,3983,3,person,0,0.000000000,0,0
Semantic,fr3_walking_xyz,run_03,most distinct observed frames among MapPoints ever dynamic; tie=smallest ID,71,3983,3,person,0,0.000000000,0,0
Semantic,fr3_walking_xyz,run_03,most distinct observed frames among MapPoints ever dynamic; tie=smallest ID,72,3983,3,person,0,0.000000000,0,0
Semantic,fr3_walking_xyz,run_03,most distinct observed frames among MapPoints ever dynamic; tie=smallest ID,73,3983,3,person,0,0.000000000,0,0
Semantic,fr3_walking_xyz,run_03,most distinct observed frames among MapPoints ever dynamic; tie=smallest ID,74,3983,3,person,0,0.000000000,0,0
Semantic,fr3_walking_xyz,run_03,most distinct observed frames among MapPoints ever dynamic; tie=smallest ID,75,3983,3,person,0,0.000000000,0,0
Semantic,fr3_walking_xyz,run_03,most distinct observed frames among MapPoints ever dynamic; tie=smallest ID,76,3983,3,person,0,0.000000000,0,0
Semantic,fr3_walking_xyz,run_03,most distinct observed frames among MapPoints ever dynamic; tie=smallest ID,77,3983,3,person,0,0.000000000,0,0
Semantic,fr3_walking_xyz,run_03,most distinct observed frames among MapPoints ever dynamic; tie=smallest ID,78,3983,3,person,0,0.000000000,0,0
Semantic,fr3_walking_xyz,run_03,most distinct observed frames among MapPoints ever dynamic; tie=smallest ID,79,3983,3,person,0,0.000000000,0,0
Semantic,fr3_walking_xyz,run_03,most distinct observed frames among MapPoints ever dynamic; tie=smallest ID,80,3983,3,person,0,0.000000000,0,0
Semantic,fr3_walking_xyz,run_03,most distinct observed frames among MapPoints ever dynamic; tie=smallest ID,81,3983,3,person,0,0.000000000,0,0
Semantic,fr3_walking_xyz,run_03,most distinct observed frames among MapPoints ever dynamic; tie=smallest ID,82,3983,3,person,0,0.000000000,0,0
Semantic,fr3_walking_xyz,run_03,most distinct observed frames among MapPoints ever dynamic; tie=smallest ID,83,3983,3,person,0,0.000000000,0,0
Semantic,fr3_walking_xyz,run_03,most distinct observed frames among MapPoints ever dynamic; tie=smallest ID,84,3983,3,person,0,0.000000000,0,0
Semantic,fr3_walking_xyz,run_03,most distinct observed frames among MapPoints ever dynamic; tie=smallest ID,85,3983,3,person,0,0.000000000,0,0
Semantic,fr3_walking_xyz,run_03,most distinct observed frames among MapPoints ever dynamic; tie=smallest ID,86,3983,3,person,0,0.000000000,0,0
Semantic,fr3_walking_xyz,run_03,most distinct observed frames among MapPoints ever dynamic; tie=smallest ID,87,3983,3,person,0,0.000000000,0,0
Semantic,fr3_walking_xyz,run_03,most distinct observed frames among MapPoints ever dynamic; tie=smallest ID,88,3983,3,person,0,0.000000000,0,0
Semantic,fr3_walking_xyz,run_03,most distinct observed frames among MapPoints ever dynamic; tie=smallest ID,89,3983,3,person,0,0.000000000,0,0
Semantic,fr3_walking_xyz,run_03,most distinct observed frames among MapPoints ever dynamic; tie=smallest ID,90,3983,3,person,0,0.000000000,0,0
Semantic,fr3_walking_xyz,run_03,most distinct observed frames among MapPoints ever dynamic; tie=smallest ID,91,3983,3,person,0,0.000000000,0,0
Semantic,fr3_walking_xyz,run_03,most distinct observed frames among MapPoints ever dynamic; tie=smallest ID,92,3983,3,person,0,0.000000000,0,0
Semantic,fr3_walking_xyz,run_03,most distinct observed frames among MapPoints ever dynamic; tie=smallest ID,93,3983,3,person,0,0.000000000,0,0
Semantic,fr3_walking_xyz,run_03,most distinct observed frames among MapPoints ever dynamic; tie=smallest ID,94,3983,3,person,0,0.000000000,0,0
Semantic,fr3_walking_xyz,run_03,most distinct observed frames among MapPoints ever dynamic; tie=smallest ID,95,3983,3,person,0,0.000000000,0,0
Semantic,fr3_walking_xyz,run_03,most distinct observed frames among MapPoints ever dynamic; tie=smallest ID,96,3983,3,person,0,0.000000000,0,0
Semantic,fr3_walking_xyz,run_03,most distinct observed frames among MapPoints ever dynamic; tie=smallest ID,97,3983,3,person,0,0.000000000,0,0
Semantic,fr3_walking_xyz,run_03,most distinct observed frames among MapPoints ever dynamic; tie=smallest ID,98,3983,3,person,0,0.000000000,0,0
Semantic,fr3_walking_xyz,run_03,most distinct observed frames among MapPoints ever dynamic; tie=smallest ID,99,3983,3,person,0,0.000000000,0,0
Semantic,fr3_walking_xyz,run_03,most distinct observed frames among MapPoints ever dynamic; tie=smallest ID,100,3983,3,person,0,0.000000000,0,0
Semantic,fr3_walking_xyz,run_03,most distinct observed frames among MapPoints ever dynamic; tie=smallest ID,101,3983,3,person,0,0.000000000,0,0
Semantic,fr3_walking_xyz,run_03,most distinct observed frames among MapPoints ever dynamic; tie=smallest ID,102,3983,3,person,0,0.000000000,0,0
Semantic,fr3_walking_xyz,run_03,most distinct observed frames among MapPoints ever dynamic; tie=smallest ID,103,3983,3,person,0,0.000000000,0,0
Semantic,fr3_walking_xyz,run_03,most distinct observed frames among MapPoints ever dynamic; tie=smallest ID,104,3983,3,person,0,0.000000000,0,0
Semantic,fr3_walking_xyz,run_03,most distinct observed frames among MapPoints ever dynamic; tie=smallest ID,105,3983,3,person,0,0.000000000,0,0
Semantic,fr3_walking_xyz,run_03,most distinct observed frames among MapPoints ever dynamic; tie=smallest ID,106,3983,3,person,0,0.000000000,0,0
Semantic,fr3_walking_xyz,run_03,most distinct observed frames among MapPoints ever dynamic; tie=smallest ID,107,3983,3,person,0,0.000000000,0,0
Semantic,fr3_walking_xyz,run_03,most distinct observed frames among MapPoints ever dynamic; tie=smallest ID,108,3983,3,person,0,0.000000000,0,0
Semantic,fr3_walking_xyz,run_03,most distinct observed frames among MapPoints ever dynamic; tie=smallest ID,109,3983,3,person,0,0.000000000,0,0
Semantic,fr3_walking_xyz,run_03,most distinct observed frames among MapPoints ever dynamic; tie=smallest ID,110,3983,3,person,0,0.000000000,0,0
Semantic,fr3_walking_xyz,run_03,most distinct observed frames among MapPoints ever dynamic; tie=smallest ID,111,3983,3,person,0,0.000000000,0,0
Semantic,fr3_walking_xyz,run_03,most distinct observed frames among MapPoints ever dynamic; tie=smallest ID,112,3983,3,person,0,0.000000000,0,0
Semantic,fr3_walking_xyz,run_03,most distinct observed frames among MapPoints ever dynamic; tie=smallest ID,113,3983,3,person,0,0.000000000,0,0
Semantic,fr3_walking_xyz,run_03,most distinct observed frames among MapPoints ever dynamic; tie=smallest ID,114,3983,3,person,0,0.000000000,0,0
Semantic,fr3_walking_xyz,run_03,most distinct observed frames among MapPoints ever dynamic; tie=smallest ID,115,3983,3,person,0,0.000000000,0,0
Semantic,fr3_walking_xyz,run_03,most distinct observed frames among MapPoints ever dynamic; tie=smallest ID,116,3983,3,person,0,0.000000000,0,0
Semantic,fr3_walking_xyz,run_03,most distinct observed frames among MapPoints ever dynamic; tie=smallest ID,117,3983,3,person,0,0.000000000,0,0
Semantic,fr3_walking_xyz,run_03,most distinct observed frames among MapPoints ever dynamic; tie=smallest ID,118,3983,3,person,0,0.000000000,0,0
Semantic,fr3_walking_xyz,run_03,most distinct observed frames among MapPoints ever dynamic; tie=smallest ID,119,3983,3,person,0,0.000000000,0,0
Semantic,fr3_walking_xyz,run_03,most distinct observed frames among MapPoints ever dynamic; tie=smallest ID,120,3983,3,person,0,0.000000000,0,0
Semantic,fr3_walking_xyz,run_03,most distinct observed frames among MapPoints ever dynamic; tie=smallest ID,121,3983,3,person,0,0.000000000,0,0
Semantic,fr3_walking_xyz,run_03,most distinct observed frames among MapPoints ever dynamic; tie=smallest ID,122,3983,3,person,0,0.000000000,0,0
Semantic,fr3_walking_xyz,run_03,most distinct observed frames among MapPoints ever dynamic; tie=smallest ID,123,3983,3,person,0,0.000000000,0,0
Semantic,fr3_walking_xyz,run_03,most distinct observed frames among MapPoints ever dynamic; tie=smallest ID,124,3983,3,person,0,0.000000000,0,0
Semantic,fr3_walking_xyz,run_03,most distinct observed frames among MapPoints ever dynamic; tie=smallest ID,125,3983,3,person,0,0.000000000,0,0
Semantic,fr3_walking_xyz,run_03,most distinct observed frames among MapPoints ever dynamic; tie=smallest ID,126,3983,3,person,0,0.000000000,0,0
Semantic,fr3_walking_xyz,run_03,most distinct observed frames among MapPoints ever dynamic; tie=smallest ID,127,3983,3,person,0,0.000000000,0,0
Semantic,fr3_walking_xyz,run_03,most distinct observed frames among MapPoints ever dynamic; tie=smallest ID,128,3983,3,person,0,0.000000000,0,0
Semantic,fr3_walking_xyz,run_03,most distinct observed frames among MapPoints ever dynamic; tie=smallest ID,129,3983,3,person,0,0.000000000,0,0
Semantic,fr3_walking_xyz,run_03,most distinct observed frames among MapPoints ever dynamic; tie=smallest ID,130,3983,3,person,0,0.000000000,0,0
Semantic,fr3_walking_xyz,run_03,most distinct observed frames among MapPoints ever dynamic; tie=smallest ID,131,3983,3,person,0,0.000000000,0,0
Semantic,fr3_walking_xyz,run_03,most distinct observed frames among MapPoints ever dynamic; tie=smallest ID,132,3983,3,person,0,0.000000000,0,0
Semantic,fr3_walking_xyz,run_03,most distinct observed frames among MapPoints ever dynamic; tie=smallest ID,133,3983,3,person,0,0.000000000,0,0
Semantic,fr3_walking_xyz,run_03,most distinct observed frames among MapPoints ever dynamic; tie=smallest ID,134,3983,3,person,0,0.000000000,0,0
Semantic,fr3_walking_xyz,run_03,most distinct observed frames among MapPoints ever dynamic; tie=smallest ID,135,3983,3,person,0,0.000000000,0,0
Semantic,fr3_walking_xyz,run_03,most distinct observed frames among MapPoints ever dynamic; tie=smallest ID,136,3983,3,person,0,0.000000000,0,0
Semantic,fr3_walking_xyz,run_03,most distinct observed frames among MapPoints ever dynamic; tie=smallest ID,137,3983,3,person,0,0.000000000,0,0
Semantic,fr3_walking_xyz,run_03,most distinct observed frames among MapPoints ever dynamic; tie=smallest ID,138,3983,3,person,0,0.000000000,0,0
Semantic,fr3_walking_xyz,run_03,most distinct observed frames among MapPoints ever dynamic; tie=smallest ID,139,3983,3,person,0,0.000000000,0,0
Semantic,fr3_walking_xyz,run_03,most distinct observed frames among MapPoints ever dynamic; tie=smallest ID,140,3983,3,person,0,0.000000000,0,0
Semantic,fr3_walking_xyz,run_03,most distinct observed frames among MapPoints ever dynamic; tie=smallest ID,141,3983,3,person,0,0.000000000,0,0
Semantic,fr3_walking_xyz,run_03,most distinct observed frames among MapPoints ever dynamic; tie=smallest ID,142,3983,3,person,0,0.000000000,0,0
Semantic,fr3_walking_xyz,run_03,most distinct observed frames among MapPoints ever dynamic; tie=smallest ID,143,3983,3,person,0,0.000000000,0,0
Semantic,fr3_walking_xyz,run_03,most distinct observed frames among MapPoints ever dynamic; tie=smallest ID,144,3983,3,person,0,0.000000000,0,0
Semantic,fr3_walking_xyz,run_03,most distinct observed frames among MapPoints ever dynamic; tie=smallest ID,145,3983,3,person,0,0.000000000,0,0
Semantic,fr3_walking_xyz,run_03,most distinct observed frames among MapPoints ever dynamic; tie=smallest ID,146,3983,3,person,0,0.000000000,0,0
Semantic,fr3_walking_xyz,run_03,most distinct observed frames among MapPoints ever dynamic; tie=smallest ID,147,3983,3,person,0,0.000000000,0,0
Semantic,fr3_walking_xyz,run_03,most distinct observed frames among MapPoints ever dynamic; tie=smallest ID,148,3983,3,person,0,0.000000000,0,0
Semantic,fr3_walking_xyz,run_03,most distinct observed frames among MapPoints ever dynamic; tie=smallest ID,149,3983,3,person,0,0.000000000,0,0
Semantic,fr3_walking_xyz,run_03,most distinct observed frames among MapPoints ever dynamic; tie=smallest ID,150,3983,3,person,0,0.000000000,0,0
Semantic,fr3_walking_xyz,run_03,most distinct observed frames among MapPoints ever dynamic; tie=smallest ID,151,3983,3,person,0,0.000000000,0,0
Semantic,fr3_walking_xyz,run_03,most distinct observed frames among MapPoints ever dynamic; tie=smallest ID,152,3983,3,person,0,0.000000000,0,0
Semantic,fr3_walking_xyz,run_03,most distinct observed frames among MapPoints ever dynamic; tie=smallest ID,153,3983,3,person,0,0.000000000,0,0
Semantic,fr3_walking_xyz,run_03,most distinct observed frames among MapPoints ever dynamic; tie=smallest ID,154,3983,3,person,0,0.000000000,0,0
Semantic,fr3_walking_xyz,run_03,most distinct observed frames among MapPoints ever dynamic; tie=smallest ID,155,3983,3,person,0,0.000000000,0,0
Semantic,fr3_walking_xyz,run_03,most distinct observed frames among MapPoints ever dynamic; tie=smallest ID,156,3983,3,person,0,0.000000000,0,0
Semantic,fr3_walking_xyz,run_03,most distinct observed frames among MapPoints ever dynamic; tie=smallest ID,157,3983,3,person,0,0.000000000,0,0
Semantic,fr3_walking_xyz,run_03,most distinct observed frames among MapPoints ever dynamic; tie=smallest ID,158,3983,3,person,0,0.000000000,0,0
Semantic,fr3_walking_xyz,run_03,most distinct observed frames among MapPoints ever dynamic; tie=smallest ID,159,3983,3,person,0,0.000000000,0,0
Semantic,fr3_walking_xyz,run_03,most distinct observed frames among MapPoints ever dynamic; tie=smallest ID,160,3983,3,person,0,0.000000000,0,0
Semantic,fr3_walking_xyz,run_03,most distinct observed frames among MapPoints ever dynamic; tie=smallest ID,161,3983,3,person,0,0.000000000,0,0
Semantic,fr3_walking_xyz,run_03,most distinct observed frames among MapPoints ever dynamic; tie=smallest ID,162,3983,3,person,0,0.000000000,0,0
Semantic,fr3_walking_xyz,run_03,most distinct observed frames among MapPoints ever dynamic; tie=smallest ID,163,3983,3,person,0,0.000000000,0,0
Semantic,fr3_walking_xyz,run_03,most distinct observed frames among MapPoints ever dynamic; tie=smallest ID,164,3983,3,person,0,0.000000000,0,0
Semantic,fr3_walking_xyz,run_03,most distinct observed frames among MapPoints ever dynamic; tie=smallest ID,165,3983,3,person,0,0.000000000,0,0
Semantic,fr3_walking_xyz,run_03,most distinct observed frames among MapPoints ever dynamic; tie=smallest ID,166,3983,3,person,0,0.000000000,0,0
Semantic,fr3_walking_xyz,run_03,most distinct observed frames among MapPoints ever dynamic; tie=smallest ID,167,3983,3,person,0,0.000000000,0,0
Semantic,fr3_walking_xyz,run_03,most distinct observed frames among MapPoints ever dynamic; tie=smallest ID,168,3983,3,person,0,0.000000000,0,0
Semantic,fr3_walking_xyz,run_03,most distinct observed frames among MapPoints ever dynamic; tie=smallest ID,169,3983,3,person,0,0.000000000,0,0
Semantic,fr3_walking_xyz,run_03,most distinct observed frames among MapPoints ever dynamic; tie=smallest ID,170,3983,3,person,0,0.000000000,0,0
Semantic,fr3_walking_xyz,run_03,most distinct observed frames among MapPoints ever dynamic; tie=smallest ID,171,3983,3,person,0,0.000000000,0,0
Semantic,fr3_walking_xyz,run_03,most distinct observed frames among MapPoints ever dynamic; tie=smallest ID,172,3983,3,person,0,0.000000000,0,0
Semantic,fr3_walking_xyz,run_03,most distinct observed frames among MapPoints ever dynamic; tie=smallest ID,173,3983,3,person,0,0.000000000,0,0
Semantic,fr3_walking_xyz,run_03,most distinct observed frames among MapPoints ever dynamic; tie=smallest ID,174,3983,3,person,1,0.000000000,1,0
Semantic,fr3_walking_xyz,run_03,most distinct observed frames among MapPoints ever dynamic; tie=smallest ID,175,3983,3,person,1,0.000000000,1,0
Semantic,fr3_walking_xyz,run_03,most distinct observed frames among MapPoints ever dynamic; tie=smallest ID,176,3983,3,person,1,0.000000000,1,0
Semantic,fr3_walking_xyz,run_03,most distinct observed frames among MapPoints ever dynamic; tie=smallest ID,177,3983,3,person,1,0.000000000,1,0
Semantic,fr3_walking_xyz,run_03,most distinct observed frames among MapPoints ever dynamic; tie=smallest ID,178,3983,3,person,1,0.000000000,1,0
Semantic,fr3_walking_xyz,run_03,most distinct observed frames among MapPoints ever dynamic; tie=smallest ID,179,3983,3,person,1,0.000000000,1,0
Semantic,fr3_walking_xyz,run_03,most distinct observed frames among MapPoints ever dynamic; tie=smallest ID,180,3983,3,person,1,0.000000000,1,0
Semantic,fr3_walking_xyz,run_03,most distinct observed frames among MapPoints ever dynamic; tie=smallest ID,181,3983,3,person,1,0.000000000,1,0
Semantic,fr3_walking_xyz,run_03,most distinct observed frames among MapPoints ever dynamic; tie=smallest ID,182,3983,3,person,1,0.000000000,1,0
Semantic,fr3_walking_xyz,run_03,most distinct observed frames among MapPoints ever dynamic; tie=smallest ID,183,3983,3,person,0,0.000000000,0,0
Semantic,fr3_walking_xyz,run_03,most distinct observed frames among MapPoints ever dynamic; tie=smallest ID,184,3983,3,person,0,0.000000000,0,0
Semantic,fr3_walking_xyz,run_03,most distinct observed frames among MapPoints ever dynamic; tie=smallest ID,185,3983,3,person,0,0.000000000,0,0
Semantic,fr3_walking_xyz,run_03,most distinct observed frames among MapPoints ever dynamic; tie=smallest ID,186,3983,3,person,0,0.000000000,0,0
Semantic,fr3_walking_xyz,run_03,most distinct observed frames among MapPoints ever dynamic; tie=smallest ID,187,3983,3,person,0,0.000000000,0,0
Semantic,fr3_walking_xyz,run_03,most distinct observed frames among MapPoints ever dynamic; tie=smallest ID,188,3983,3,person,0,0.000000000,0,0
Semantic,fr3_walking_xyz,run_03,most distinct observed frames among MapPoints ever dynamic; tie=smallest ID,189,3983,3,person,0,0.000000000,0,0
Semantic,fr3_walking_xyz,run_03,most distinct observed frames among MapPoints ever dynamic; tie=smallest ID,190,3983,3,person,0,0.000000000,0,0
Semantic,fr3_walking_xyz,run_03,most distinct observed frames among MapPoints ever dynamic; tie=smallest ID,191,3983,3,person,0,0.000000000,0,0
Semantic,fr3_walking_xyz,run_03,most distinct observed frames among MapPoints ever dynamic; tie=smallest ID,192,3983,3,person,0,0.000000000,0,0
Semantic,fr3_walking_xyz,run_03,most distinct observed frames among MapPoints ever dynamic; tie=smallest ID,193,3983,3,person,0,0.000000000,0,0
Semantic,fr3_walking_xyz,run_03,most distinct observed frames among MapPoints ever dynamic; tie=smallest ID,194,3983,3,person,0,0.000000000,0,0
Semantic,fr3_walking_xyz,run_03,most distinct observed frames among MapPoints ever dynamic; tie=smallest ID,195,3983,3,person,0,0.000000000,0,0
Semantic,fr3_walking_xyz,run_03,most distinct observed frames among MapPoints ever dynamic; tie=smallest ID,196,3983,3,person,0,0.000000000,0,0
Semantic,fr3_walking_xyz,run_03,most distinct observed frames among MapPoints ever dynamic; tie=smallest ID,197,3983,3,person,0,0.000000000,0,0
Semantic,fr3_walking_xyz,run_03,most distinct observed frames among MapPoints ever dynamic; tie=smallest ID,198,3983,3,person,0,0.000000000,0,0
Semantic,fr3_walking_xyz,run_03,most distinct observed frames among MapPoints ever dynamic; tie=smallest ID,199,3983,3,person,1,0.000000000,1,0
Semantic,fr3_walking_xyz,run_03,most distinct observed frames among MapPoints ever dynamic; tie=smallest ID,200,3983,3,person,1,0.000000000,1,0
Semantic,fr3_walking_xyz,run_03,most distinct observed frames among MapPoints ever dynamic; tie=smallest ID,201,3983,3,person,0,0.000000000,0,0
Semantic,fr3_walking_xyz,run_03,most distinct observed frames among MapPoints ever dynamic; tie=smallest ID,202,3983,3,person,0,0.000000000,0,0
Semantic,fr3_walking_xyz,run_03,most distinct observed frames among MapPoints ever dynamic; tie=smallest ID,203,3983,3,person,0,0.000000000,0,0
Semantic,fr3_walking_xyz,run_03,most distinct observed frames among MapPoints ever dynamic; tie=smallest ID,204,3983,3,person,1,0.000000000,1,0
Semantic,fr3_walking_xyz,run_03,most distinct observed frames among MapPoints ever dynamic; tie=smallest ID,205,3983,3,person,1,0.000000000,1,0
Semantic,fr3_walking_xyz,run_03,most distinct observed frames among MapPoints ever dynamic; tie=smallest ID,206,3983,3,person,1,0.000000000,1,0
Semantic,fr3_walking_xyz,run_03,most distinct observed frames among MapPoints ever dynamic; tie=smallest ID,207,3983,3,person,1,0.000000000,1,0
Semantic,fr3_walking_xyz,run_03,most distinct observed frames among MapPoints ever dynamic; tie=smallest ID,208,3983,3,person,1,0.000000000,1,0
Semantic,fr3_walking_xyz,run_03,most distinct observed frames among MapPoints ever dynamic; tie=smallest ID,209,3983,3,person,1,0.000000000,1,0
Semantic,fr3_walking_xyz,run_03,most distinct observed frames among MapPoints ever dynamic; tie=smallest ID,210,3983,3,person,1,0.000000000,1,0
Semantic,fr3_walking_xyz,run_03,most distinct observed frames among MapPoints ever dynamic; tie=smallest ID,211,3983,3,person,1,0.000000000,1,0
Semantic,fr3_walking_xyz,run_03,most distinct observed frames among MapPoints ever dynamic; tie=smallest ID,212,3983,3,person,1,0.000000000,1,0
Semantic,fr3_walking_xyz,run_03,most distinct observed frames among MapPoints ever dynamic; tie=smallest ID,213,3983,3,person,1,0.000000000,1,0
Semantic,fr3_walking_xyz,run_03,most distinct observed frames among MapPoints ever dynamic; tie=smallest ID,214,3983,3,person,1,0.000000000,1,0
Semantic,fr3_walking_xyz,run_03,most distinct observed frames among MapPoints ever dynamic; tie=smallest ID,215,3983,3,person,1,0.000000000,1,0
Semantic,fr3_walking_xyz,run_03,most distinct observed frames among MapPoints ever dynamic; tie=smallest ID,216,3983,3,person,1,0.000000000,1,0
Semantic,fr3_walking_xyz,run_03,most distinct observed frames among MapPoints ever dynamic; tie=smallest ID,217,3983,3,person,0,0.000000000,0,0
Semantic,fr3_walking_xyz,run_03,most distinct observed frames among MapPoints ever dynamic; tie=smallest ID,218,3983,3,person,0,0.000000000,0,0
Semantic,fr3_walking_xyz,run_03,most distinct observed frames among MapPoints ever dynamic; tie=smallest ID,219,3983,3,person,0,0.000000000,0,0
Semantic,fr3_walking_xyz,run_03,most distinct observed frames among MapPoints ever dynamic; tie=smallest ID,220,3983,3,person,0,0.000000000,0,0
Semantic,fr3_walking_xyz,run_03,most distinct observed frames among MapPoints ever dynamic; tie=smallest ID,221,3983,3,person,0,0.000000000,0,0
Semantic,fr3_walking_xyz,run_03,most distinct observed frames among MapPoints ever dynamic; tie=smallest ID,222,3983,3,person,0,0.000000000,0,0
Semantic,fr3_walking_xyz,run_03,most distinct observed frames among MapPoints ever dynamic; tie=smallest ID,223,3983,3,person,0,0.000000000,0,0
Semantic,fr3_walking_xyz,run_03,most distinct observed frames among MapPoints ever dynamic; tie=smallest ID,224,3983,3,person,0,0.000000000,0,0
Semantic,fr3_walking_xyz,run_03,most distinct observed frames among MapPoints ever dynamic; tie=smallest ID,225,3983,3,person,0,0.000000000,0,0
Semantic,fr3_walking_xyz,run_03,most distinct observed frames among MapPoints ever dynamic; tie=smallest ID,226,3983,3,person,0,0.000000000,0,0
Semantic,fr3_walking_xyz,run_03,most distinct observed frames among MapPoints ever dynamic; tie=smallest ID,227,3983,3,person,0,0.000000000,0,0
Semantic,fr3_walking_xyz,run_03,most distinct observed frames among MapPoints ever dynamic; tie=smallest ID,228,3983,3,person,0,0.000000000,0,0
Semantic,fr3_walking_xyz,run_03,most distinct observed frames among MapPoints ever dynamic; tie=smallest ID,229,3983,3,person,0,0.000000000,0,0
Semantic,fr3_walking_xyz,run_03,most distinct observed frames among MapPoints ever dynamic; tie=smallest ID,230,3983,3,person,0,0.000000000,0,0
Semantic,fr3_walking_xyz,run_03,most distinct observed frames among MapPoints ever dynamic; tie=smallest ID,231,3983,3,person,0,0.000000000,0,0
Semantic,fr3_walking_xyz,run_03,most distinct observed frames among MapPoints ever dynamic; tie=smallest ID,232,3983,3,person,0,0.000000000,0,0
Semantic,fr3_walking_xyz,run_03,most distinct observed frames among MapPoints ever dynamic; tie=smallest ID,233,3983,3,person,0,0.000000000,0,0
Semantic,fr3_walking_xyz,run_03,most distinct observed frames among MapPoints ever dynamic; tie=smallest ID,234,3983,3,person,0,0.000000000,0,0
Semantic,fr3_walking_xyz,run_03,most distinct observed frames among MapPoints ever dynamic; tie=smallest ID,235,3983,3,person,0,0.000000000,0,0
Semantic,fr3_walking_xyz,run_03,most distinct observed frames among MapPoints ever dynamic; tie=smallest ID,236,3983,3,person,0,0.000000000,0,0
Semantic,fr3_walking_xyz,run_03,most distinct observed frames among MapPoints ever dynamic; tie=smallest ID,237,3983,3,person,0,0.000000000,0,0
Semantic,fr3_walking_xyz,run_03,most distinct observed frames among MapPoints ever dynamic; tie=smallest ID,238,3983,3,person,0,0.000000000,0,0
Semantic,fr3_walking_xyz,run_03,most distinct observed frames among MapPoints ever dynamic; tie=smallest ID,239,3983,3,person,0,0.000000000,0,0
Semantic,fr3_walking_xyz,run_03,most distinct observed frames among MapPoints ever dynamic; tie=smallest ID,240,3983,3,person,0,0.000000000,0,0
Semantic,fr3_walking_xyz,run_03,most distinct observed frames among MapPoints ever dynamic; tie=smallest ID,241,3983,3,person,0,0.000000000,0,0
Semantic,fr3_walking_xyz,run_03,most distinct observed frames among MapPoints ever dynamic; tie=smallest ID,242,3983,3,person,0,0.000000000,0,0
Semantic,fr3_walking_xyz,run_03,most distinct observed frames among MapPoints ever dynamic; tie=smallest ID,243,3983,3,person,0,0.000000000,0,0
Semantic,fr3_walking_xyz,run_03,most distinct observed frames among MapPoints ever dynamic; tie=smallest ID,244,3983,3,person,0,0.000000000,0,0
Semantic,fr3_walking_xyz,run_03,most distinct observed frames among MapPoints ever dynamic; tie=smallest ID,245,3983,3,person,0,0.000000000,0,0
Semantic,fr3_walking_xyz,run_03,most distinct observed frames among MapPoints ever dynamic; tie=smallest ID,246,3983,3,person,0,0.000000000,0,0
Semantic,fr3_walking_xyz,run_03,most distinct observed frames among MapPoints ever dynamic; tie=smallest ID,247,3983,3,person,0,0.000000000,0,0
Semantic,fr3_walking_xyz,run_03,most distinct observed frames among MapPoints ever dynamic; tie=smallest ID,248,3983,3,person,0,0.000000000,0,0
Semantic,fr3_walking_xyz,run_03,most distinct observed frames among MapPoints ever dynamic; tie=smallest ID,249,3983,3,person,0,0.000000000,0,0
Semantic,fr3_walking_xyz,run_03,most distinct observed frames among MapPoints ever dynamic; tie=smallest ID,250,3983,3,person,0,0.000000000,0,0
Semantic,fr3_walking_xyz,run_03,most distinct observed frames among MapPoints ever dynamic; tie=smallest ID,251,3983,3,person,0,0.000000000,0,0
Semantic,fr3_walking_xyz,run_03,most distinct observed frames among MapPoints ever dynamic; tie=smallest ID,252,3983,3,person,0,0.000000000,0,0
Semantic,fr3_walking_xyz,run_03,most distinct observed frames among MapPoints ever dynamic; tie=smallest ID,253,3983,3,person,0,0.000000000,0,0
Semantic,fr3_walking_xyz,run_03,most distinct observed frames among MapPoints ever dynamic; tie=smallest ID,254,3983,3,person,0,0.000000000,0,0
Semantic,fr3_walking_xyz,run_03,most distinct observed frames among MapPoints ever dynamic; tie=smallest ID,255,3983,3,person,0,0.000000000,0,0
Semantic,fr3_walking_xyz,run_03,most distinct observed frames among MapPoints ever dynamic; tie=smallest ID,256,3983,3,person,0,0.000000000,0,0
Semantic,fr3_walking_xyz,run_03,most distinct observed frames among MapPoints ever dynamic; tie=smallest ID,257,3983,3,person,0,0.000000000,0,0
Semantic,fr3_walking_xyz,run_03,most distinct observed frames among MapPoints ever dynamic; tie=smallest ID,258,3983,3,person,0,0.000000000,0,0
Semantic,fr3_walking_xyz,run_03,most distinct observed frames among MapPoints ever dynamic; tie=smallest ID,259,3983,3,person,0,0.000000000,0,0
Semantic,fr3_walking_xyz,run_03,most distinct observed frames among MapPoints ever dynamic; tie=smallest ID,260,3983,3,person,0,0.000000000,0,0
Semantic,fr3_walking_xyz,run_03,most distinct observed frames among MapPoints ever dynamic; tie=smallest ID,261,3983,3,person,0,0.000000000,0,0
Semantic,fr3_walking_xyz,run_03,most distinct observed frames among MapPoints ever dynamic; tie=smallest ID,262,3983,3,person,0,0.000000000,0,0
Semantic,fr3_walking_xyz,run_03,most distinct observed frames among MapPoints ever dynamic; tie=smallest ID,263,3983,3,person,0,0.000000000,0,0
Semantic,fr3_walking_xyz,run_03,most distinct observed frames among MapPoints ever dynamic; tie=smallest ID,264,3983,3,person,0,0.000000000,0,0
Semantic,fr3_walking_xyz,run_03,most distinct observed frames among MapPoints ever dynamic; tie=smallest ID,265,3983,3,person,0,0.000000000,0,0
Semantic,fr3_walking_xyz,run_03,most distinct observed frames among MapPoints ever dynamic; tie=smallest ID,266,3983,3,person,0,0.000000000,0,0
Semantic,fr3_walking_xyz,run_03,most distinct observed frames among MapPoints ever dynamic; tie=smallest ID,267,3983,3,person,0,0.000000000,0,0
Semantic,fr3_walking_xyz,run_03,most distinct observed frames among MapPoints ever dynamic; tie=smallest ID,268,3983,3,person,0,0.000000000,0,0
Semantic,fr3_walking_xyz,run_03,most distinct observed frames among MapPoints ever dynamic; tie=smallest ID,269,3983,3,person,0,0.000000000,0,0
Semantic,fr3_walking_xyz,run_03,most distinct observed frames among MapPoints ever dynamic; tie=smallest ID,270,3983,3,person,0,0.000000000,0,0
Semantic,fr3_walking_xyz,run_03,most distinct observed frames among MapPoints ever dynamic; tie=smallest ID,271,3983,3,person,0,0.000000000,0,0
Semantic,fr3_walking_xyz,run_03,most distinct observed frames among MapPoints ever dynamic; tie=smallest ID,272,3983,3,person,0,0.000000000,0,0
Semantic,fr3_walking_xyz,run_03,most distinct observed frames among MapPoints ever dynamic; tie=smallest ID,273,3983,3,person,0,0.000000000,0,0
Semantic,fr3_walking_xyz,run_03,most distinct observed frames among MapPoints ever dynamic; tie=smallest ID,274,3983,3,person,0,0.000000000,0,0
Semantic,fr3_walking_xyz,run_03,most distinct observed frames among MapPoints ever dynamic; tie=smallest ID,275,3983,3,person,0,0.000000000,0,0
Semantic,fr3_walking_xyz,run_03,most distinct observed frames among MapPoints ever dynamic; tie=smallest ID,276,3983,3,person,0,0.000000000,0,0
Semantic,fr3_walking_xyz,run_03,most distinct observed frames among MapPoints ever dynamic; tie=smallest ID,277,3983,3,person,0,0.000000000,0,0
Semantic,fr3_walking_xyz,run_03,most distinct observed frames among MapPoints ever dynamic; tie=smallest ID,278,3983,3,person,0,0.000000000,0,0
Semantic,fr3_walking_xyz,run_03,most distinct observed frames among MapPoints ever dynamic; tie=smallest ID,279,3983,3,person,0,0.000000000,0,0
Semantic,fr3_walking_xyz,run_03,most distinct observed frames among MapPoints ever dynamic; tie=smallest ID,280,3983,3,person,0,0.000000000,0,0
Semantic,fr3_walking_xyz,run_03,most distinct observed frames among MapPoints ever dynamic; tie=smallest ID,281,3983,3,person,0,0.000000000,0,0
Semantic,fr3_walking_xyz,run_03,most distinct observed frames among MapPoints ever dynamic; tie=smallest ID,282,3983,3,person,0,0.000000000,0,0
Semantic,fr3_walking_xyz,run_03,most distinct observed frames among MapPoints ever dynamic; tie=smallest ID,283,3983,3,person,0,0.000000000,0,0
Semantic,fr3_walking_xyz,run_03,most distinct observed frames among MapPoints ever dynamic; tie=smallest ID,284,3983,3,person,0,0.000000000,0,0
Semantic,fr3_walking_xyz,run_03,most distinct observed frames among MapPoints ever dynamic; tie=smallest ID,285,3983,3,person,0,0.000000000,0,0
Semantic,fr3_walking_xyz,run_03,most distinct observed frames among MapPoints ever dynamic; tie=smallest ID,286,3983,3,person,0,0.000000000,0,0
Semantic,fr3_walking_xyz,run_03,most distinct observed frames among MapPoints ever dynamic; tie=smallest ID,287,3983,3,person,0,0.000000000,0,0
Semantic,fr3_walking_xyz,run_03,most distinct observed frames among MapPoints ever dynamic; tie=smallest ID,288,3983,3,person,0,0.000000000,0,0
Semantic,fr3_walking_xyz,run_03,most distinct observed frames among MapPoints ever dynamic; tie=smallest ID,289,3983,3,person,0,0.000000000,0,0
Semantic,fr3_walking_xyz,run_03,most distinct observed frames among MapPoints ever dynamic; tie=smallest ID,311,3983,3,person,0,0.000000000,0,0
Semantic,fr3_walking_xyz,run_03,most distinct observed frames among MapPoints ever dynamic; tie=smallest ID,312,3983,3,person,0,0.000000000,0,0
Semantic,fr3_walking_xyz,run_03,most distinct observed frames among MapPoints ever dynamic; tie=smallest ID,313,3983,3,person,0,0.000000000,0,0
Semantic,fr3_walking_xyz,run_03,most distinct observed frames among MapPoints ever dynamic; tie=smallest ID,314,3983,3,person,0,0.000000000,0,0
Semantic,fr3_walking_xyz,run_03,most distinct observed frames among MapPoints ever dynamic; tie=smallest ID,315,3983,3,person,0,0.000000000,0,0
Semantic,fr3_walking_xyz,run_03,most distinct observed frames among MapPoints ever dynamic; tie=smallest ID,316,3983,3,person,0,0.000000000,0,0
Semantic,fr3_walking_xyz,run_03,most distinct observed frames among MapPoints ever dynamic; tie=smallest ID,317,3983,3,person,0,0.000000000,0,0
Semantic,fr3_walking_xyz,run_03,most distinct observed frames among MapPoints ever dynamic; tie=smallest ID,318,3983,3,person,0,0.000000000,0,0
Semantic,fr3_walking_xyz,run_03,most distinct observed frames among MapPoints ever dynamic; tie=smallest ID,319,3983,3,person,0,0.000000000,0,0
Semantic,fr3_walking_xyz,run_03,most distinct observed frames among MapPoints ever dynamic; tie=smallest ID,320,3983,3,person,0,0.000000000,0,0
Semantic,fr3_walking_xyz,run_03,most distinct observed frames among MapPoints ever dynamic; tie=smallest ID,321,3983,3,person,0,0.000000000,0,0
Semantic,fr3_walking_xyz,run_03,most distinct observed frames among MapPoints ever dynamic; tie=smallest ID,322,3983,3,person,0,0.000000000,0,0
Semantic,fr3_walking_xyz,run_03,most distinct observed frames among MapPoints ever dynamic; tie=smallest ID,323,3983,3,person,0,0.000000000,0,0
Semantic,fr3_walking_xyz,run_03,most distinct observed frames among MapPoints ever dynamic; tie=smallest ID,324,3983,3,person,0,0.000000000,0,0
Semantic,fr3_walking_xyz,run_03,most distinct observed frames among MapPoints ever dynamic; tie=smallest ID,325,3983,3,person,0,0.000000000,0,0
Semantic,fr3_walking_xyz,run_03,most distinct observed frames among MapPoints ever dynamic; tie=smallest ID,326,3983,3,person,0,0.000000000,0,0
Semantic,fr3_walking_xyz,run_03,most distinct observed frames among MapPoints ever dynamic; tie=smallest ID,327,3983,3,person,0,0.000000000,0,0
Semantic,fr3_walking_xyz,run_03,most distinct observed frames among MapPoints ever dynamic; tie=smallest ID,328,3983,3,person,0,0.000000000,0,0
Semantic,fr3_walking_xyz,run_03,most distinct observed frames among MapPoints ever dynamic; tie=smallest ID,329,3983,3,person,0,0.000000000,0,0
Semantic,fr3_walking_xyz,run_03,most distinct observed frames among MapPoints ever dynamic; tie=smallest ID,330,3983,3,person,0,0.000000000,0,0
Semantic,fr3_walking_xyz,run_03,most distinct observed frames among MapPoints ever dynamic; tie=smallest ID,331,3983,3,person,0,0.000000000,0,0
Semantic,fr3_walking_xyz,run_03,most distinct observed frames among MapPoints ever dynamic; tie=smallest ID,332,3983,3,person,0,0.000000000,0,0
Semantic,fr3_walking_xyz,run_03,most distinct observed frames among MapPoints ever dynamic; tie=smallest ID,333,3983,3,person,0,0.000000000,0,0
Semantic,fr3_walking_xyz,run_03,most distinct observed frames among MapPoints ever dynamic; tie=smallest ID,334,3983,3,person,0,0.000000000,0,0
Semantic,fr3_walking_xyz,run_03,most distinct observed frames among MapPoints ever dynamic; tie=smallest ID,335,3983,3,person,0,0.000000000,0,0
Semantic,fr3_walking_xyz,run_03,most distinct observed frames among MapPoints ever dynamic; tie=smallest ID,336,3983,3,person,0,0.000000000,0,0
Semantic,fr3_walking_xyz,run_03,most distinct observed frames among MapPoints ever dynamic; tie=smallest ID,337,3983,3,person,0,0.000000000,0,0
Semantic,fr3_walking_xyz,run_03,most distinct observed frames among MapPoints ever dynamic; tie=smallest ID,338,3983,3,person,0,0.000000000,0,0
Semantic,fr3_walking_xyz,run_03,most distinct observed frames among MapPoints ever dynamic; tie=smallest ID,339,3983,3,person,0,0.000000000,0,0
Semantic,fr3_walking_xyz,run_03,most distinct observed frames among MapPoints ever dynamic; tie=smallest ID,340,3983,3,person,0,0.000000000,0,0
Semantic,fr3_walking_xyz,run_03,most distinct observed frames among MapPoints ever dynamic; tie=smallest ID,341,3983,3,person,0,0.000000000,0,0
Semantic,fr3_walking_xyz,run_03,most distinct observed frames among MapPoints ever dynamic; tie=smallest ID,342,3983,3,person,0,0.000000000,0,0
Semantic,fr3_walking_xyz,run_03,most distinct observed frames among MapPoints ever dynamic; tie=smallest ID,343,3983,3,person,0,0.000000000,0,0
Semantic,fr3_walking_xyz,run_03,most distinct observed frames among MapPoints ever dynamic; tie=smallest ID,344,3983,3,person,0,0.000000000,0,0
Semantic,fr3_walking_xyz,run_03,most distinct observed frames among MapPoints ever dynamic; tie=smallest ID,345,3983,3,person,0,0.000000000,0,0
Semantic,fr3_walking_xyz,run_03,most distinct observed frames among MapPoints ever dynamic; tie=smallest ID,346,3983,3,person,0,0.000000000,0,0
Semantic,fr3_walking_xyz,run_03,most distinct observed frames among MapPoints ever dynamic; tie=smallest ID,347,3983,3,person,0,0.000000000,0,0
Semantic,fr3_walking_xyz,run_03,most distinct observed frames among MapPoints ever dynamic; tie=smallest ID,348,3983,3,person,0,0.000000000,0,0
Semantic,fr3_walking_xyz,run_03,most distinct observed frames among MapPoints ever dynamic; tie=smallest ID,349,3983,3,person,0,0.000000000,0,0
Semantic,fr3_walking_xyz,run_03,most distinct observed frames among MapPoints ever dynamic; tie=smallest ID,350,3983,3,person,0,0.000000000,0,0
Semantic,fr3_walking_xyz,run_03,most distinct observed frames among MapPoints ever dynamic; tie=smallest ID,351,3983,3,person,0,0.000000000,0,0
Semantic,fr3_walking_xyz,run_03,most distinct observed frames among MapPoints ever dynamic; tie=smallest ID,352,3983,3,person,0,0.000000000,0,0
Semantic,fr3_walking_xyz,run_03,most distinct observed frames among MapPoints ever dynamic; tie=smallest ID,353,3983,3,person,0,0.000000000,0,0
Semantic,fr3_walking_xyz,run_03,most distinct observed frames among MapPoints ever dynamic; tie=smallest ID,354,3983,3,person,0,0.000000000,0,0
Semantic,fr3_walking_xyz,run_03,most distinct observed frames among MapPoints ever dynamic; tie=smallest ID,355,3983,3,person,0,0.000000000,0,0
Semantic,fr3_walking_xyz,run_03,most distinct observed frames among MapPoints ever dynamic; tie=smallest ID,356,3983,3,person,0,0.000000000,0,0
Semantic,fr3_walking_xyz,run_03,most distinct observed frames among MapPoints ever dynamic; tie=smallest ID,357,3983,3,person,0,0.000000000,0,0
Semantic,fr3_walking_xyz,run_03,most distinct observed frames among MapPoints ever dynamic; tie=smallest ID,358,3983,3,person,0,0.000000000,0,0
Semantic,fr3_walking_xyz,run_03,most distinct observed frames among MapPoints ever dynamic; tie=smallest ID,359,3983,3,person,0,0.000000000,0,0
Semantic,fr3_walking_xyz,run_03,most distinct observed frames among MapPoints ever dynamic; tie=smallest ID,360,3983,3,person,0,0.000000000,0,0
Semantic,fr3_walking_xyz,run_03,most distinct observed frames among MapPoints ever dynamic; tie=smallest ID,361,3983,3,person,0,0.000000000,0,0
Semantic,fr3_walking_xyz,run_03,most distinct observed frames among MapPoints ever dynamic; tie=smallest ID,362,3983,3,person,0,0.000000000,0,0
Semantic,fr3_walking_xyz,run_03,most distinct observed frames among MapPoints ever dynamic; tie=smallest ID,363,3983,3,person,0,0.000000000,0,0
Semantic,fr3_walking_xyz,run_03,most distinct observed frames among MapPoints ever dynamic; tie=smallest ID,364,3983,3,person,0,0.000000000,0,0
Semantic,fr3_walking_xyz,run_03,most distinct observed frames among MapPoints ever dynamic; tie=smallest ID,365,3983,3,person,0,0.000000000,0,0
Semantic,fr3_walking_xyz,run_03,most distinct observed frames among MapPoints ever dynamic; tie=smallest ID,366,3983,3,person,0,0.000000000,0,0
Semantic,fr3_walking_xyz,run_03,most distinct observed frames among MapPoints ever dynamic; tie=smallest ID,367,3983,3,person,0,0.000000000,0,0
Semantic,fr3_walking_xyz,run_03,most distinct observed frames among MapPoints ever dynamic; tie=smallest ID,368,3983,3,person,0,0.000000000,0,0
Semantic,fr3_walking_xyz,run_03,most distinct observed frames among MapPoints ever dynamic; tie=smallest ID,369,3983,3,person,0,0.000000000,0,0
Semantic,fr3_walking_xyz,run_03,most distinct observed frames among MapPoints ever dynamic; tie=smallest ID,370,3983,3,person,0,0.000000000,0,0
Semantic,fr3_walking_xyz,run_03,most distinct observed frames among MapPoints ever dynamic; tie=smallest ID,371,3983,3,person,0,0.000000000,0,0
Semantic,fr3_walking_xyz,run_03,most distinct observed frames among MapPoints ever dynamic; tie=smallest ID,372,3983,3,person,0,0.000000000,0,0
Semantic,fr3_walking_xyz,run_03,most distinct observed frames among MapPoints ever dynamic; tie=smallest ID,373,3983,3,person,0,0.000000000,0,0
Semantic,fr3_walking_xyz,run_03,most distinct observed frames among MapPoints ever dynamic; tie=smallest ID,374,3983,3,person,0,0.000000000,0,0
Semantic,fr3_walking_xyz,run_03,most distinct observed frames among MapPoints ever dynamic; tie=smallest ID,375,3983,3,person,0,0.000000000,0,0
Semantic,fr3_walking_xyz,run_03,most distinct observed frames among MapPoints ever dynamic; tie=smallest ID,376,3983,3,person,0,0.000000000,0,0
Semantic,fr3_walking_xyz,run_03,most distinct observed frames among MapPoints ever dynamic; tie=smallest ID,377,3983,3,person,0,0.000000000,0,0
Semantic,fr3_walking_xyz,run_03,most distinct observed frames among MapPoints ever dynamic; tie=smallest ID,378,3983,3,person,0,0.000000000,0,0
Semantic,fr3_walking_xyz,run_03,most distinct observed frames among MapPoints ever dynamic; tie=smallest ID,379,3983,3,person,0,0.000000000,0,0
Semantic,fr3_walking_xyz,run_03,most distinct observed frames among MapPoints ever dynamic; tie=smallest ID,380,3983,3,person,0,0.000000000,0,0
Semantic,fr3_walking_xyz,run_03,most distinct observed frames among MapPoints ever dynamic; tie=smallest ID,381,3983,3,person,0,0.000000000,0,0
Semantic,fr3_walking_xyz,run_03,most distinct observed frames among MapPoints ever dynamic; tie=smallest ID,382,3983,3,person,0,0.000000000,0,0
Semantic,fr3_walking_xyz,run_03,most distinct observed frames among MapPoints ever dynamic; tie=smallest ID,383,3983,3,person,0,0.000000000,0,0
Semantic,fr3_walking_xyz,run_03,most distinct observed frames among MapPoints ever dynamic; tie=smallest ID,384,3983,3,person,0,0.000000000,0,0
Semantic,fr3_walking_xyz,run_03,most distinct observed frames among MapPoints ever dynamic; tie=smallest ID,385,3983,3,person,0,0.000000000,0,0
Semantic,fr3_walking_xyz,run_03,most distinct observed frames among MapPoints ever dynamic; tie=smallest ID,386,3983,3,person,0,0.000000000,0,0
Semantic,fr3_walking_xyz,run_03,most distinct observed frames among MapPoints ever dynamic; tie=smallest ID,387,3983,3,person,0,0.000000000,0,0
Semantic,fr3_walking_xyz,run_03,most distinct observed frames among MapPoints ever dynamic; tie=smallest ID,388,3983,3,person,0,0.000000000,0,0
Semantic,fr3_walking_xyz,run_03,most distinct observed frames among MapPoints ever dynamic; tie=smallest ID,389,3983,3,person,0,0.000000000,0,0
Semantic,fr3_walking_xyz,run_03,most distinct observed frames among MapPoints ever dynamic; tie=smallest ID,390,3983,3,person,0,0.000000000,0,0
Semantic,fr3_walking_xyz,run_03,most distinct observed frames among MapPoints ever dynamic; tie=smallest ID,391,3983,3,person,0,0.000000000,0,0
Semantic,fr3_walking_xyz,run_03,most distinct observed frames among MapPoints ever dynamic; tie=smallest ID,392,3983,3,person,0,0.000000000,0,0
Semantic,fr3_walking_xyz,run_03,most distinct observed frames among MapPoints ever dynamic; tie=smallest ID,393,3983,3,person,0,0.000000000,0,0
Semantic,fr3_walking_xyz,run_03,most distinct observed frames among MapPoints ever dynamic; tie=smallest ID,394,3983,3,person,0,0.000000000,0,0
Semantic,fr3_walking_xyz,run_03,most distinct observed frames among MapPoints ever dynamic; tie=smallest ID,395,3983,3,person,0,0.000000000,0,0
Semantic,fr3_walking_xyz,run_03,most distinct observed frames among MapPoints ever dynamic; tie=smallest ID,396,3983,3,person,0,0.000000000,0,0
Semantic,fr3_walking_xyz,run_03,most distinct observed frames among MapPoints ever dynamic; tie=smallest ID,397,3983,3,person,0,0.000000000,0,0
Semantic,fr3_walking_xyz,run_03,most distinct observed frames among MapPoints ever dynamic; tie=smallest ID,398,3983,3,person,0,0.000000000,0,0
Semantic,fr3_walking_xyz,run_03,most distinct observed frames among MapPoints ever dynamic; tie=smallest ID,399,3983,3,person,0,0.000000000,0,0
Semantic,fr3_walking_xyz,run_03,most distinct observed frames among MapPoints ever dynamic; tie=smallest ID,400,3983,3,person,0,0.000000000,0,0
Semantic,fr3_walking_xyz,run_03,most distinct observed frames among MapPoints ever dynamic; tie=smallest ID,401,3983,3,person,0,0.000000000,0,0
Semantic,fr3_walking_xyz,run_03,most distinct observed frames among MapPoints ever dynamic; tie=smallest ID,402,3983,3,person,0,0.000000000,0,0
Semantic,fr3_walking_xyz,run_03,most distinct observed frames among MapPoints ever dynamic; tie=smallest ID,403,3983,3,person,0,0.000000000,0,0
Semantic,fr3_walking_xyz,run_03,most distinct observed frames among MapPoints ever dynamic; tie=smallest ID,404,3983,3,person,0,0.000000000,0,0
Semantic,fr3_walking_xyz,run_03,most distinct observed frames among MapPoints ever dynamic; tie=smallest ID,405,3983,3,person,0,0.000000000,0,0
Semantic,fr3_walking_xyz,run_03,most distinct observed frames among MapPoints ever dynamic; tie=smallest ID,406,3983,3,person,0,0.000000000,0,0
Semantic,fr3_walking_xyz,run_03,most distinct observed frames among MapPoints ever dynamic; tie=smallest ID,407,3983,3,person,0,0.000000000,0,0
Semantic,fr3_walking_xyz,run_03,most distinct observed frames among MapPoints ever dynamic; tie=smallest ID,408,3983,3,person,0,0.000000000,0,0
Semantic,fr3_walking_xyz,run_03,most distinct observed frames among MapPoints ever dynamic; tie=smallest ID,409,3983,3,person,0,0.000000000,0,0
Semantic,fr3_walking_xyz,run_03,most distinct observed frames among MapPoints ever dynamic; tie=smallest ID,410,3983,3,person,0,0.000000000,0,0
Semantic,fr3_walking_xyz,run_03,most distinct observed frames among MapPoints ever dynamic; tie=smallest ID,411,3983,3,person,0,0.000000000,0,0
Semantic,fr3_walking_xyz,run_03,most distinct observed frames among MapPoints ever dynamic; tie=smallest ID,412,3983,3,person,0,0.000000000,0,0
Semantic,fr3_walking_xyz,run_03,most distinct observed frames among MapPoints ever dynamic; tie=smallest ID,413,3983,3,person,0,0.000000000,0,0
Semantic,fr3_walking_xyz,run_03,most distinct observed frames among MapPoints ever dynamic; tie=smallest ID,414,3983,3,person,0,0.000000000,0,0
Semantic,fr3_walking_xyz,run_03,most distinct observed frames among MapPoints ever dynamic; tie=smallest ID,415,3983,3,person,0,0.000000000,0,0
Semantic,fr3_walking_xyz,run_03,most distinct observed frames among MapPoints ever dynamic; tie=smallest ID,416,3983,3,person,0,0.000000000,0,0
Semantic,fr3_walking_xyz,run_03,most distinct observed frames among MapPoints ever dynamic; tie=smallest ID,417,3983,3,person,0,0.000000000,0,0
Semantic,fr3_walking_xyz,run_03,most distinct observed frames among MapPoints ever dynamic; tie=smallest ID,418,3983,3,person,0,0.000000000,0,0
Semantic,fr3_walking_xyz,run_03,most distinct observed frames among MapPoints ever dynamic; tie=smallest ID,419,3983,3,person,0,0.000000000,0,0
Semantic,fr3_walking_xyz,run_03,most distinct observed frames among MapPoints ever dynamic; tie=smallest ID,420,3983,3,person,0,0.000000000,0,0
Semantic,fr3_walking_xyz,run_03,most distinct observed frames among MapPoints ever dynamic; tie=smallest ID,421,3983,3,person,0,0.000000000,0,0
Semantic,fr3_walking_xyz,run_03,most distinct observed frames among MapPoints ever dynamic; tie=smallest ID,422,3983,3,person,0,0.000000000,0,0
Semantic,fr3_walking_xyz,run_03,most distinct observed frames among MapPoints ever dynamic; tie=smallest ID,423,3983,3,person,0,0.000000000,0,0
Semantic,fr3_walking_xyz,run_03,most distinct observed frames among MapPoints ever dynamic; tie=smallest ID,424,3983,3,person,0,0.000000000,0,0
Semantic,fr3_walking_xyz,run_03,most distinct observed frames among MapPoints ever dynamic; tie=smallest ID,425,3983,3,person,1,0.000000000,1,0
Semantic,fr3_walking_xyz,run_03,most distinct observed frames among MapPoints ever dynamic; tie=smallest ID,426,3983,3,person,1,0.000000000,1,0
Semantic,fr3_walking_xyz,run_03,most distinct observed frames among MapPoints ever dynamic; tie=smallest ID,427,3983,3,person,1,0.000000000,1,0
Semantic,fr3_walking_xyz,run_03,most distinct observed frames among MapPoints ever dynamic; tie=smallest ID,428,3983,3,person,1,0.000000000,1,0
Semantic,fr3_walking_xyz,run_03,most distinct observed frames among MapPoints ever dynamic; tie=smallest ID,429,3983,3,person,1,0.000000000,1,0
Semantic,fr3_walking_xyz,run_03,most distinct observed frames among MapPoints ever dynamic; tie=smallest ID,430,3983,3,person,1,0.000000000,1,0
Semantic,fr3_walking_xyz,run_03,most distinct observed frames among MapPoints ever dynamic; tie=smallest ID,431,3983,3,person,1,0.000000000,1,0
Semantic,fr3_walking_xyz,run_03,most distinct observed frames among MapPoints ever dynamic; tie=smallest ID,432,3983,3,person,1,0.000000000,1,0
Semantic,fr3_walking_xyz,run_03,most distinct observed frames among MapPoints ever dynamic; tie=smallest ID,433,3983,3,person,1,0.000000000,1,0
Semantic,fr3_walking_xyz,run_03,most distinct observed frames among MapPoints ever dynamic; tie=smallest ID,434,3983,3,person,1,0.000000000,1,0
Semantic,fr3_walking_xyz,run_03,most distinct observed frames among MapPoints ever dynamic; tie=smallest ID,435,3983,3,person,1,0.000000000,1,0
Semantic,fr3_walking_xyz,run_03,most distinct observed frames among MapPoints ever dynamic; tie=smallest ID,436,3983,3,person,1,0.000000000,1,0
Semantic,fr3_walking_xyz,run_03,most distinct observed frames among MapPoints ever dynamic; tie=smallest ID,437,3983,3,person,1,0.000000000,1,0
Semantic,fr3_walking_xyz,run_03,most distinct observed frames among MapPoints ever dynamic; tie=smallest ID,438,3983,3,person,1,0.000000000,1,0
Semantic,fr3_walking_xyz,run_03,most distinct observed frames among MapPoints ever dynamic; tie=smallest ID,439,3983,3,person,1,0.000000000,1,0
Semantic,fr3_walking_xyz,run_03,most distinct observed frames among MapPoints ever dynamic; tie=smallest ID,440,3983,3,person,1,0.000000000,1,0
Semantic,fr3_walking_xyz,run_03,most distinct observed frames among MapPoints ever dynamic; tie=smallest ID,441,3983,3,person,1,0.000000000,1,0
Semantic,fr3_walking_xyz,run_03,most distinct observed frames among MapPoints ever dynamic; tie=smallest ID,442,3983,3,person,1,0.000000000,1,0
Semantic,fr3_walking_xyz,run_03,most distinct observed frames among MapPoints ever dynamic; tie=smallest ID,443,3983,3,person,0,0.000000000,0,0
Semantic,fr3_walking_xyz,run_03,most distinct observed frames among MapPoints ever dynamic; tie=smallest ID,444,3983,3,person,0,0.000000000,0,0
Semantic,fr3_walking_xyz,run_03,most distinct observed frames among MapPoints ever dynamic; tie=smallest ID,445,3983,3,person,0,0.000000000,0,0
Semantic,fr3_walking_xyz,run_03,most distinct observed frames among MapPoints ever dynamic; tie=smallest ID,446,3983,3,person,0,0.000000000,0,0
Semantic,fr3_walking_xyz,run_03,most distinct observed frames among MapPoints ever dynamic; tie=smallest ID,447,3983,3,person,0,0.000000000,0,0
Semantic,fr3_walking_xyz,run_03,most distinct observed frames among MapPoints ever dynamic; tie=smallest ID,448,3983,3,person,0,0.000000000,0,0
Semantic,fr3_walking_xyz,run_03,most distinct observed frames among MapPoints ever dynamic; tie=smallest ID,449,3983,3,person,0,0.000000000,0,0
Semantic,fr3_walking_xyz,run_03,most distinct observed frames among MapPoints ever dynamic; tie=smallest ID,450,3983,3,person,0,0.000000000,0,0
Semantic,fr3_walking_xyz,run_03,most distinct observed frames among MapPoints ever dynamic; tie=smallest ID,451,3983,3,person,0,0.000000000,0,0
Semantic,fr3_walking_xyz,run_03,most distinct observed frames among MapPoints ever dynamic; tie=smallest ID,452,3983,3,person,0,0.000000000,0,0
Semantic,fr3_walking_xyz,run_03,most distinct observed frames among MapPoints ever dynamic; tie=smallest ID,453,3983,3,person,0,0.000000000,0,0
Semantic,fr3_walking_xyz,run_03,most distinct observed frames among MapPoints ever dynamic; tie=smallest ID,455,3983,3,person,0,0.000000000,0,0
Semantic,fr3_walking_xyz,run_03,most distinct observed frames among MapPoints ever dynamic; tie=smallest ID,456,3983,3,person,0,0.000000000,0,0
Semantic,fr3_walking_xyz,run_03,most distinct observed frames among MapPoints ever dynamic; tie=smallest ID,457,3983,3,person,0,0.000000000,0,0
Semantic,fr3_walking_xyz,run_03,most distinct observed frames among MapPoints ever dynamic; tie=smallest ID,458,3983,3,person,0,0.000000000,0,0
Semantic,fr3_walking_xyz,run_03,most distinct observed frames among MapPoints ever dynamic; tie=smallest ID,459,3983,3,person,0,0.000000000,0,0
Semantic,fr3_walking_xyz,run_03,most distinct observed frames among MapPoints ever dynamic; tie=smallest ID,460,3983,3,person,0,0.000000000,0,0
Semantic,fr3_walking_xyz,run_03,most distinct observed frames among MapPoints ever dynamic; tie=smallest ID,461,3983,3,person,0,0.000000000,0,0
Semantic,fr3_walking_xyz,run_03,most distinct observed frames among MapPoints ever dynamic; tie=smallest ID,462,3983,3,person,0,0.000000000,0,0
Semantic,fr3_walking_xyz,run_03,most distinct observed frames among MapPoints ever dynamic; tie=smallest ID,463,3983,3,person,0,0.000000000,0,0
Semantic,fr3_walking_xyz,run_03,most distinct observed frames among MapPoints ever dynamic; tie=smallest ID,464,3983,3,person,0,0.000000000,0,0
Semantic,fr3_walking_xyz,run_03,most distinct observed frames among MapPoints ever dynamic; tie=smallest ID,465,3983,3,person,0,0.000000000,0,0
Semantic,fr3_walking_xyz,run_03,most distinct observed frames among MapPoints ever dynamic; tie=smallest ID,466,3983,3,person,0,0.000000000,0,0
Semantic,fr3_walking_xyz,run_03,most distinct observed frames among MapPoints ever dynamic; tie=smallest ID,467,3983,3,person,0,0.000000000,0,0
Semantic,fr3_walking_xyz,run_03,most distinct observed frames among MapPoints ever dynamic; tie=smallest ID,468,3983,3,person,0,0.000000000,0,0
Semantic,fr3_walking_xyz,run_03,most distinct observed frames among MapPoints ever dynamic; tie=smallest ID,469,3983,3,person,0,0.000000000,0,0
Semantic,fr3_walking_xyz,run_03,most distinct observed frames among MapPoints ever dynamic; tie=smallest ID,470,3983,3,person,0,0.000000000,0,0
Semantic,fr3_walking_xyz,run_03,most distinct observed frames among MapPoints ever dynamic; tie=smallest ID,471,3983,3,person,0,0.000000000,0,0
Semantic,fr3_walking_xyz,run_03,most distinct observed frames among MapPoints ever dynamic; tie=smallest ID,472,3983,3,person,0,0.000000000,0,0
Semantic,fr3_walking_xyz,run_03,most distinct observed frames among MapPoints ever dynamic; tie=smallest ID,473,3983,3,person,0,0.000000000,0,0
Semantic,fr3_walking_xyz,run_03,most distinct observed frames among MapPoints ever dynamic; tie=smallest ID,474,3983,3,person,0,0.000000000,0,0
Semantic,fr3_walking_xyz,run_03,most distinct observed frames among MapPoints ever dynamic; tie=smallest ID,475,3983,3,person,0,0.000000000,0,0
Semantic,fr3_walking_xyz,run_03,most distinct observed frames among MapPoints ever dynamic; tie=smallest ID,476,3983,3,person,0,0.000000000,0,0
Semantic,fr3_walking_xyz,run_03,most distinct observed frames among MapPoints ever dynamic; tie=smallest ID,477,3983,3,person,0,0.000000000,0,0
Semantic,fr3_walking_xyz,run_03,most distinct observed frames among MapPoints ever dynamic; tie=smallest ID,478,3983,3,person,0,0.000000000,0,0
Semantic,fr3_walking_xyz,run_03,most distinct observed frames among MapPoints ever dynamic; tie=smallest ID,479,3983,3,person,0,0.000000000,0,0
Semantic,fr3_walking_xyz,run_03,most distinct observed frames among MapPoints ever dynamic; tie=smallest ID,480,3983,3,person,0,0.000000000,0,0
Semantic,fr3_walking_xyz,run_03,most distinct observed frames among MapPoints ever dynamic; tie=smallest ID,481,3983,3,person,0,0.000000000,0,0
Semantic,fr3_walking_xyz,run_03,most distinct observed frames among MapPoints ever dynamic; tie=smallest ID,482,3983,3,person,0,0.000000000,0,0
Semantic,fr3_walking_xyz,run_03,most distinct observed frames among MapPoints ever dynamic; tie=smallest ID,483,3983,3,person,0,0.000000000,0,0
Semantic,fr3_walking_xyz,run_03,most distinct observed frames among MapPoints ever dynamic; tie=smallest ID,484,3983,3,person,0,0.000000000,0,0
Semantic,fr3_walking_xyz,run_03,most distinct observed frames among MapPoints ever dynamic; tie=smallest ID,485,3983,3,person,0,0.000000000,0,0
Semantic,fr3_walking_xyz,run_03,most distinct observed frames among MapPoints ever dynamic; tie=smallest ID,486,3983,3,person,0,0.000000000,0,0
Semantic,fr3_walking_xyz,run_03,most distinct observed frames among MapPoints ever dynamic; tie=smallest ID,487,3983,3,person,0,0.000000000,0,0
Semantic,fr3_walking_xyz,run_03,most distinct observed frames among MapPoints ever dynamic; tie=smallest ID,488,3983,3,person,0,0.000000000,0,0
Semantic,fr3_walking_xyz,run_03,most distinct observed frames among MapPoints ever dynamic; tie=smallest ID,489,3983,3,person,0,0.000000000,0,0
Semantic,fr3_walking_xyz,run_03,most distinct observed frames among MapPoints ever dynamic; tie=smallest ID,490,3983,3,person,0,0.000000000,0,0
Semantic,fr3_walking_xyz,run_03,most distinct observed frames among MapPoints ever dynamic; tie=smallest ID,491,3983,3,person,0,0.000000000,0,0
Semantic,fr3_walking_xyz,run_03,most distinct observed frames among MapPoints ever dynamic; tie=smallest ID,492,3983,3,person,0,0.000000000,0,0
Semantic,fr3_walking_xyz,run_03,most distinct observed frames among MapPoints ever dynamic; tie=smallest ID,493,3983,3,person,0,0.000000000,0,0
Semantic,fr3_walking_xyz,run_03,most distinct observed frames among MapPoints ever dynamic; tie=smallest ID,494,3983,3,person,0,0.000000000,0,0
Semantic,fr3_walking_xyz,run_03,most distinct observed frames among MapPoints ever dynamic; tie=smallest ID,495,3983,3,person,0,0.000000000,0,0
Semantic,fr3_walking_xyz,run_03,most distinct observed frames among MapPoints ever dynamic; tie=smallest ID,496,3983,3,person,0,0.000000000,0,0
Semantic,fr3_walking_xyz,run_03,most distinct observed frames among MapPoints ever dynamic; tie=smallest ID,497,3983,3,person,0,0.000000000,0,0
Semantic,fr3_walking_xyz,run_03,most distinct observed frames among MapPoints ever dynamic; tie=smallest ID,498,3983,3,person,0,0.000000000,0,0
Semantic,fr3_walking_xyz,run_03,most distinct observed frames among MapPoints ever dynamic; tie=smallest ID,499,3983,3,person,0,0.000000000,0,0
Semantic,fr3_walking_xyz,run_03,most distinct observed frames among MapPoints ever dynamic; tie=smallest ID,500,3983,3,person,0,0.000000000,0,0
Semantic,fr3_walking_xyz,run_03,most distinct observed frames among MapPoints ever dynamic; tie=smallest ID,501,3983,3,person,0,0.000000000,0,0
Semantic,fr3_walking_xyz,run_03,most distinct observed frames among MapPoints ever dynamic; tie=smallest ID,502,3983,3,person,0,0.000000000,0,0
Semantic,fr3_walking_xyz,run_03,most distinct observed frames among MapPoints ever dynamic; tie=smallest ID,503,3983,3,person,0,0.000000000,0,0
Semantic,fr3_walking_xyz,run_03,most distinct observed frames among MapPoints ever dynamic; tie=smallest ID,504,3983,3,person,0,0.000000000,0,0
Semantic,fr3_walking_xyz,run_03,most distinct observed frames among MapPoints ever dynamic; tie=smallest ID,505,3983,3,person,0,0.000000000,0,0
Semantic,fr3_walking_xyz,run_03,most distinct observed frames among MapPoints ever dynamic; tie=smallest ID,506,3983,3,person,0,0.000000000,0,0
Semantic,fr3_walking_xyz,run_03,most distinct observed frames among MapPoints ever dynamic; tie=smallest ID,507,3983,3,person,0,0.000000000,0,0
Semantic,fr3_walking_xyz,run_03,most distinct observed frames among MapPoints ever dynamic; tie=smallest ID,508,3983,3,person,0,0.000000000,0,0
Semantic,fr3_walking_xyz,run_03,most distinct observed frames among MapPoints ever dynamic; tie=smallest ID,509,3983,3,person,0,0.000000000,0,0
Semantic,fr3_walking_xyz,run_03,most distinct observed frames among MapPoints ever dynamic; tie=smallest ID,510,3983,3,person,0,0.000000000,0,0
Semantic,fr3_walking_xyz,run_03,most distinct observed frames among MapPoints ever dynamic; tie=smallest ID,511,3983,3,person,0,0.000000000,0,0
Semantic,fr3_walking_xyz,run_03,most distinct observed frames among MapPoints ever dynamic; tie=smallest ID,512,3983,3,person,0,0.000000000,0,0
Semantic,fr3_walking_xyz,run_03,most distinct observed frames among MapPoints ever dynamic; tie=smallest ID,513,3983,3,person,0,0.000000000,0,0
Semantic,fr3_walking_xyz,run_03,most distinct observed frames among MapPoints ever dynamic; tie=smallest ID,514,3983,3,person,0,0.000000000,0,0
Semantic,fr3_walking_xyz,run_03,most distinct observed frames among MapPoints ever dynamic; tie=smallest ID,515,3983,3,person,0,0.000000000,0,0
Semantic,fr3_walking_xyz,run_03,most distinct observed frames among MapPoints ever dynamic; tie=smallest ID,516,3983,3,person,0,0.000000000,0,0
Semantic,fr3_walking_xyz,run_03,most distinct observed frames among MapPoints ever dynamic; tie=smallest ID,517,3983,3,person,0,0.000000000,0,0
Semantic,fr3_walking_xyz,run_03,most distinct observed frames among MapPoints ever dynamic; tie=smallest ID,518,3983,3,person,0,0.000000000,0,0
Semantic,fr3_walking_xyz,run_03,most distinct observed frames among MapPoints ever dynamic; tie=smallest ID,519,3983,3,person,0,0.000000000,0,0
Semantic,fr3_walking_xyz,run_03,most distinct observed frames among MapPoints ever dynamic; tie=smallest ID,520,3983,3,person,0,0.000000000,0,0
Semantic,fr3_walking_xyz,run_03,most distinct observed frames among MapPoints ever dynamic; tie=smallest ID,521,3983,3,person,0,0.000000000,0,0
Semantic,fr3_walking_xyz,run_03,most distinct observed frames among MapPoints ever dynamic; tie=smallest ID,522,3983,3,person,0,0.000000000,0,0
Semantic,fr3_walking_xyz,run_03,most distinct observed frames among MapPoints ever dynamic; tie=smallest ID,523,3983,3,person,0,0.000000000,0,0
Semantic,fr3_walking_xyz,run_03,most distinct observed frames among MapPoints ever dynamic; tie=smallest ID,524,3983,3,person,0,0.000000000,0,0
Semantic,fr3_walking_xyz,run_03,most distinct observed frames among MapPoints ever dynamic; tie=smallest ID,525,3983,3,person,0,0.000000000,0,0
Semantic,fr3_walking_xyz,run_03,most distinct observed frames among MapPoints ever dynamic; tie=smallest ID,526,3983,3,person,0,0.000000000,0,0
Semantic,fr3_walking_xyz,run_03,most distinct observed frames among MapPoints ever dynamic; tie=smallest ID,527,3983,3,person,0,0.000000000,0,0
Semantic,fr3_walking_xyz,run_03,most distinct observed frames among MapPoints ever dynamic; tie=smallest ID,528,3983,3,person,0,0.000000000,0,0
Semantic,fr3_walking_xyz,run_03,most distinct observed frames among MapPoints ever dynamic; tie=smallest ID,529,3983,3,person,0,0.000000000,0,0
Semantic,fr3_walking_xyz,run_03,most distinct observed frames among MapPoints ever dynamic; tie=smallest ID,530,3983,3,person,0,0.000000000,0,0
Semantic,fr3_walking_xyz,run_03,most distinct observed frames among MapPoints ever dynamic; tie=smallest ID,531,3983,3,person,0,0.000000000,0,0
Semantic,fr3_walking_xyz,run_03,most distinct observed frames among MapPoints ever dynamic; tie=smallest ID,532,3983,3,person,0,0.000000000,0,0
Semantic,fr3_walking_xyz,run_03,most distinct observed frames among MapPoints ever dynamic; tie=smallest ID,533,3983,3,person,0,0.000000000,0,0
Semantic,fr3_walking_xyz,run_03,most distinct observed frames among MapPoints ever dynamic; tie=smallest ID,534,3983,3,person,0,0.000000000,0,0
Semantic,fr3_walking_xyz,run_03,most distinct observed frames among MapPoints ever dynamic; tie=smallest ID,535,3983,3,person,0,0.000000000,0,0
Semantic,fr3_walking_xyz,run_03,most distinct observed frames among MapPoints ever dynamic; tie=smallest ID,536,3983,3,person,0,0.000000000,0,0
Semantic,fr3_walking_xyz,run_03,most distinct observed frames among MapPoints ever dynamic; tie=smallest ID,537,3983,3,person,0,0.000000000,0,0
Semantic,fr3_walking_xyz,run_03,most distinct observed frames among MapPoints ever dynamic; tie=smallest ID,538,3983,3,person,0,0.000000000,0,0
Semantic,fr3_walking_xyz,run_03,most distinct observed frames among MapPoints ever dynamic; tie=smallest ID,539,3983,3,person,0,0.000000000,0,0
Semantic,fr3_walking_xyz,run_03,most distinct observed frames among MapPoints ever dynamic; tie=smallest ID,540,3983,3,person,0,0.000000000,0,0
Semantic,fr3_walking_xyz,run_03,most distinct observed frames among MapPoints ever dynamic; tie=smallest ID,541,3983,3,person,0,0.000000000,0,0
Semantic,fr3_walking_xyz,run_03,most distinct observed frames among MapPoints ever dynamic; tie=smallest ID,542,3983,3,person,0,0.000000000,0,0
Semantic,fr3_walking_xyz,run_03,most distinct observed frames among MapPoints ever dynamic; tie=smallest ID,543,3983,3,person,0,0.000000000,0,0
Semantic,fr3_walking_xyz,run_03,most distinct observed frames among MapPoints ever dynamic; tie=smallest ID,544,3983,3,person,0,0.000000000,0,0
Semantic,fr3_walking_xyz,run_03,most distinct observed frames among MapPoints ever dynamic; tie=smallest ID,545,3983,3,person,0,0.000000000,0,0
Semantic,fr3_walking_xyz,run_03,most distinct observed frames among MapPoints ever dynamic; tie=smallest ID,546,3983,3,person,0,0.000000000,0,0
Semantic,fr3_walking_xyz,run_03,most distinct observed frames among MapPoints ever dynamic; tie=smallest ID,547,3983,3,person,0,0.000000000,0,0
Semantic,fr3_walking_xyz,run_03,most distinct observed frames among MapPoints ever dynamic; tie=smallest ID,548,3983,3,person,0,0.000000000,0,0
Semantic,fr3_walking_xyz,run_03,most distinct observed frames among MapPoints ever dynamic; tie=smallest ID,549,3983,3,person,0,0.000000000,0,0
Semantic,fr3_walking_xyz,run_03,most distinct observed frames among MapPoints ever dynamic; tie=smallest ID,550,3983,3,person,0,0.000000000,0,0
Semantic,fr3_walking_xyz,run_03,most distinct observed frames among MapPoints ever dynamic; tie=smallest ID,551,3983,3,person,0,0.000000000,0,0
Semantic,fr3_walking_xyz,run_03,most distinct observed frames among MapPoints ever dynamic; tie=smallest ID,552,3983,3,person,0,0.000000000,0,0
Semantic,fr3_walking_xyz,run_03,most distinct observed frames among MapPoints ever dynamic; tie=smallest ID,553,3983,3,person,0,0.000000000,0,0
Semantic,fr3_walking_xyz,run_03,most distinct observed frames among MapPoints ever dynamic; tie=smallest ID,554,3983,3,person,0,0.000000000,0,0
Semantic,fr3_walking_xyz,run_03,most distinct observed frames among MapPoints ever dynamic; tie=smallest ID,555,3983,3,person,0,0.000000000,0,0
Semantic,fr3_walking_xyz,run_03,most distinct observed frames among MapPoints ever dynamic; tie=smallest ID,556,3983,3,person,0,0.000000000,0,0
Semantic,fr3_walking_xyz,run_03,most distinct observed frames among MapPoints ever dynamic; tie=smallest ID,557,3983,3,person,0,0.000000000,0,0
Semantic,fr3_walking_xyz,run_03,most distinct observed frames among MapPoints ever dynamic; tie=smallest ID,558,3983,3,person,0,0.000000000,0,0
Semantic,fr3_walking_xyz,run_03,most distinct observed frames among MapPoints ever dynamic; tie=smallest ID,559,3983,3,person,0,0.000000000,0,0
Semantic,fr3_walking_xyz,run_03,most distinct observed frames among MapPoints ever dynamic; tie=smallest ID,560,3983,3,person,0,0.000000000,0,0
Semantic,fr3_walking_xyz,run_03,most distinct observed frames among MapPoints ever dynamic; tie=smallest ID,561,3983,3,person,0,0.000000000,0,0
Semantic,fr3_walking_xyz,run_03,most distinct observed frames among MapPoints ever dynamic; tie=smallest ID,562,3983,3,person,0,0.000000000,0,0
Semantic,fr3_walking_xyz,run_03,most distinct observed frames among MapPoints ever dynamic; tie=smallest ID,563,3983,3,person,0,0.000000000,0,0
Semantic,fr3_walking_xyz,run_03,most distinct observed frames among MapPoints ever dynamic; tie=smallest ID,564,3983,3,person,0,0.000000000,0,0
Semantic,fr3_walking_xyz,run_03,most distinct observed frames among MapPoints ever dynamic; tie=smallest ID,565,3983,3,person,0,0.000000000,0,0
Semantic,fr3_walking_xyz,run_03,most distinct observed frames among MapPoints ever dynamic; tie=smallest ID,566,3983,3,person,0,0.000000000,0,0
Semantic,fr3_walking_xyz,run_03,most distinct observed frames among MapPoints ever dynamic; tie=smallest ID,567,3983,3,person,0,0.000000000,0,0
Semantic,fr3_walking_xyz,run_03,most distinct observed frames among MapPoints ever dynamic; tie=smallest ID,568,3983,3,person,0,0.000000000,0,0
Semantic,fr3_walking_xyz,run_03,most distinct observed frames among MapPoints ever dynamic; tie=smallest ID,569,3983,3,person,0,0.000000000,0,0
Semantic,fr3_walking_xyz,run_03,most distinct observed frames among MapPoints ever dynamic; tie=smallest ID,570,3983,3,person,0,0.000000000,0,0
Semantic,fr3_walking_xyz,run_03,most distinct observed frames among MapPoints ever dynamic; tie=smallest ID,571,3983,3,person,0,0.000000000,0,0
Semantic,fr3_walking_xyz,run_03,most distinct observed frames among MapPoints ever dynamic; tie=smallest ID,572,3983,3,person,0,0.000000000,0,0
Semantic,fr3_walking_xyz,run_03,most distinct observed frames among MapPoints ever dynamic; tie=smallest ID,573,3983,3,person,0,0.000000000,0,0
Semantic,fr3_walking_xyz,run_03,most distinct observed frames among MapPoints ever dynamic; tie=smallest ID,574,3983,3,person,0,0.000000000,0,0
Semantic,fr3_walking_xyz,run_03,most distinct observed frames among MapPoints ever dynamic; tie=smallest ID,575,3983,3,person,0,0.000000000,0,0
Semantic,fr3_walking_xyz,run_03,most distinct observed frames among MapPoints ever dynamic; tie=smallest ID,576,3983,3,person,0,0.000000000,0,0
Semantic,fr3_walking_xyz,run_03,most distinct observed frames among MapPoints ever dynamic; tie=smallest ID,577,3983,3,person,0,0.000000000,0,0
Semantic,fr3_walking_xyz,run_03,most distinct observed frames among MapPoints ever dynamic; tie=smallest ID,578,3983,3,person,0,0.000000000,0,0
Semantic,fr3_walking_xyz,run_03,most distinct observed frames among MapPoints ever dynamic; tie=smallest ID,579,3983,3,person,0,0.000000000,0,0
Semantic,fr3_walking_xyz,run_03,most distinct observed frames among MapPoints ever dynamic; tie=smallest ID,580,3983,3,person,0,0.000000000,0,0
Semantic,fr3_walking_xyz,run_03,most distinct observed frames among MapPoints ever dynamic; tie=smallest ID,581,3983,3,person,0,0.000000000,0,0
Semantic,fr3_walking_xyz,run_03,most distinct observed frames among MapPoints ever dynamic; tie=smallest ID,582,3983,3,person,0,0.000000000,0,0
Semantic,fr3_walking_xyz,run_03,most distinct observed frames among MapPoints ever dynamic; tie=smallest ID,583,3983,3,person,0,0.000000000,0,0
Semantic,fr3_walking_xyz,run_03,most distinct observed frames among MapPoints ever dynamic; tie=smallest ID,584,3983,3,person,0,0.000000000,0,0
Semantic,fr3_walking_xyz,run_03,most distinct observed frames among MapPoints ever dynamic; tie=smallest ID,585,3983,3,person,0,0.000000000,0,0
Semantic,fr3_walking_xyz,run_03,most distinct observed frames among MapPoints ever dynamic; tie=smallest ID,586,3983,3,person,0,0.000000000,0,0
Semantic,fr3_walking_xyz,run_03,most distinct observed frames among MapPoints ever dynamic; tie=smallest ID,587,3983,3,person,0,0.000000000,0,0
Semantic,fr3_walking_xyz,run_03,most distinct observed frames among MapPoints ever dynamic; tie=smallest ID,588,3983,3,person,0,0.000000000,0,0
Semantic,fr3_walking_xyz,run_03,most distinct observed frames among MapPoints ever dynamic; tie=smallest ID,589,3983,3,person,0,0.000000000,0,0
Semantic,fr3_walking_xyz,run_03,most distinct observed frames among MapPoints ever dynamic; tie=smallest ID,590,3983,3,person,0,0.000000000,0,0
Semantic,fr3_walking_xyz,run_03,most distinct observed frames among MapPoints ever dynamic; tie=smallest ID,591,3983,3,person,0,0.000000000,0,0
Semantic,fr3_walking_xyz,run_03,most distinct observed frames among MapPoints ever dynamic; tie=smallest ID,592,3983,3,person,0,0.000000000,0,0
Semantic,fr3_walking_xyz,run_03,most distinct observed frames among MapPoints ever dynamic; tie=smallest ID,593,3983,3,person,0,0.000000000,0,0
Semantic,fr3_walking_xyz,run_03,most distinct observed frames among MapPoints ever dynamic; tie=smallest ID,594,3983,3,person,1,0.000000000,1,0
Semantic,fr3_walking_xyz,run_03,most distinct observed frames among MapPoints ever dynamic; tie=smallest ID,595,3983,3,person,1,0.000000000,1,0
Semantic,fr3_walking_xyz,run_03,most distinct observed frames among MapPoints ever dynamic; tie=smallest ID,596,3983,3,person,1,0.000000000,1,0
Semantic,fr3_walking_xyz,run_03,most distinct observed frames among MapPoints ever dynamic; tie=smallest ID,597,3983,3,person,1,0.000000000,1,0
Semantic,fr3_walking_xyz,run_03,most distinct observed frames among MapPoints ever dynamic; tie=smallest ID,598,3983,3,person,1,0.000000000,1,0
Semantic,fr3_walking_xyz,run_03,most distinct observed frames among MapPoints ever dynamic; tie=smallest ID,599,3983,3,person,1,0.000000000,1,0
Semantic,fr3_walking_xyz,run_03,most distinct observed frames among MapPoints ever dynamic; tie=smallest ID,600,3983,3,person,1,0.000000000,1,0
Semantic,fr3_walking_xyz,run_03,most distinct observed frames among MapPoints ever dynamic; tie=smallest ID,601,3983,3,person,1,0.000000000,1,0
Semantic,fr3_walking_xyz,run_03,most distinct observed frames among MapPoints ever dynamic; tie=smallest ID,602,3983,3,person,1,0.000000000,1,0
Semantic,fr3_walking_xyz,run_03,most distinct observed frames among MapPoints ever dynamic; tie=smallest ID,603,3983,3,person,1,0.000000000,1,0
Semantic,fr3_walking_xyz,run_03,most distinct observed frames among MapPoints ever dynamic; tie=smallest ID,604,3983,3,person,1,0.000000000,1,0
Semantic,fr3_walking_xyz,run_03,most distinct observed frames among MapPoints ever dynamic; tie=smallest ID,605,3983,3,person,1,0.000000000,1,0
Semantic,fr3_walking_xyz,run_03,most distinct observed frames among MapPoints ever dynamic; tie=smallest ID,606,3983,3,person,1,0.000000000,1,0
Semantic,fr3_walking_xyz,run_03,most distinct observed frames among MapPoints ever dynamic; tie=smallest ID,607,3983,3,person,1,0.000000000,1,0
Semantic,fr3_walking_xyz,run_03,most distinct observed frames among MapPoints ever dynamic; tie=smallest ID,608,3983,3,person,1,0.000000000,1,0
Semantic,fr3_walking_xyz,run_03,most distinct observed frames among MapPoints ever dynamic; tie=smallest ID,609,3983,3,person,1,0.000000000,1,0
Semantic,fr3_walking_xyz,run_03,most distinct observed frames among MapPoints ever dynamic; tie=smallest ID,610,3983,3,person,1,0.000000000,1,0
Semantic,fr3_walking_xyz,run_03,most distinct observed frames among MapPoints ever dynamic; tie=smallest ID,611,3983,3,person,1,0.000000000,1,0
Semantic,fr3_walking_xyz,run_03,most distinct observed frames among MapPoints ever dynamic; tie=smallest ID,614,3983,3,person,1,0.000000000,1,0
Semantic,fr3_walking_xyz,run_03,most distinct observed frames among MapPoints ever dynamic; tie=smallest ID,615,3983,3,person,1,0.000000000,1,0
Semantic,fr3_walking_xyz,run_03,most distinct observed frames among MapPoints ever dynamic; tie=smallest ID,616,3983,3,person,1,0.000000000,1,0
Semantic,fr3_walking_xyz,run_03,most distinct observed frames among MapPoints ever dynamic; tie=smallest ID,617,3983,3,person,1,0.000000000,1,0
Semantic,fr3_walking_xyz,run_03,most distinct observed frames among MapPoints ever dynamic; tie=smallest ID,618,3983,3,person,1,0.000000000,1,0
Semantic,fr3_walking_xyz,run_03,most distinct observed frames among MapPoints ever dynamic; tie=smallest ID,619,3983,3,person,1,0.000000000,1,0
Semantic,fr3_walking_xyz,run_03,most distinct observed frames among MapPoints ever dynamic; tie=smallest ID,620,3983,3,person,1,0.000000000,1,0
Semantic,fr3_walking_xyz,run_03,most distinct observed frames among MapPoints ever dynamic; tie=smallest ID,621,3983,3,person,1,0.000000000,1,0
Semantic,fr3_walking_xyz,run_03,most distinct observed frames among MapPoints ever dynamic; tie=smallest ID,622,3983,3,person,1,0.000000000,1,0
Semantic,fr3_walking_xyz,run_03,most distinct observed frames among MapPoints ever dynamic; tie=smallest ID,623,3983,3,person,1,0.000000000,1,0
Semantic,fr3_walking_xyz,run_03,most distinct observed frames among MapPoints ever dynamic; tie=smallest ID,624,3983,3,person,1,0.000000000,1,0
Semantic,fr3_walking_xyz,run_03,most distinct observed frames among MapPoints ever dynamic; tie=smallest ID,625,3983,3,person,1,0.000000000,1,0
Semantic,fr3_walking_xyz,run_03,most distinct observed frames among MapPoints ever dynamic; tie=smallest ID,626,3983,3,person,1,0.000000000,1,0
Semantic,fr3_walking_xyz,run_03,most distinct observed frames among MapPoints ever dynamic; tie=smallest ID,628,3983,3,person,1,0.000000000,1,0
Semantic,fr3_walking_xyz,run_03,most distinct observed frames among MapPoints ever dynamic; tie=smallest ID,629,3983,3,person,1,0.000000000,1,0
Semantic,fr3_walking_xyz,run_03,most distinct observed frames among MapPoints ever dynamic; tie=smallest ID,630,3983,3,person,1,0.000000000,1,0
Semantic,fr3_walking_xyz,run_03,most distinct observed frames among MapPoints ever dynamic; tie=smallest ID,631,3983,3,person,1,0.000000000,1,0
Semantic,fr3_walking_xyz,run_03,most distinct observed frames among MapPoints ever dynamic; tie=smallest ID,632,3983,3,person,1,0.000000000,1,0
Semantic,fr3_walking_xyz,run_03,most distinct observed frames among MapPoints ever dynamic; tie=smallest ID,633,3983,3,person,1,0.000000000,1,0
Semantic,fr3_walking_xyz,run_03,most distinct observed frames among MapPoints ever dynamic; tie=smallest ID,634,3983,3,person,1,0.000000000,1,0
Semantic,fr3_walking_xyz,run_03,most distinct observed frames among MapPoints ever dynamic; tie=smallest ID,635,3983,3,person,1,0.000000000,1,0
Semantic,fr3_walking_xyz,run_03,most distinct observed frames among MapPoints ever dynamic; tie=smallest ID,636,3983,3,person,1,0.000000000,1,0
Semantic,fr3_walking_xyz,run_03,most distinct observed frames among MapPoints ever dynamic; tie=smallest ID,637,3983,3,person,1,0.000000000,1,0
Semantic,fr3_walking_xyz,run_03,most distinct observed frames among MapPoints ever dynamic; tie=smallest ID,638,3983,3,person,1,0.000000000,1,0
Semantic,fr3_walking_xyz,run_03,most distinct observed frames among MapPoints ever dynamic; tie=smallest ID,639,3983,3,person,1,0.000000000,1,0
Semantic,fr3_walking_xyz,run_03,most distinct observed frames among MapPoints ever dynamic; tie=smallest ID,640,3983,3,person,1,0.000000000,1,0
Semantic,fr3_walking_xyz,run_03,most distinct observed frames among MapPoints ever dynamic; tie=smallest ID,641,3983,3,person,1,0.000000000,1,0
Semantic,fr3_walking_xyz,run_03,most distinct observed frames among MapPoints ever dynamic; tie=smallest ID,642,3983,3,person,1,0.000000000,1,0
Semantic,fr3_walking_xyz,run_03,most distinct observed frames among MapPoints ever dynamic; tie=smallest ID,643,3983,3,person,1,0.000000000,1,0
Semantic,fr3_walking_xyz,run_03,most distinct observed frames among MapPoints ever dynamic; tie=smallest ID,644,3983,3,person,1,0.000000000,1,0
Semantic,fr3_walking_xyz,run_03,most distinct observed frames among MapPoints ever dynamic; tie=smallest ID,645,3983,3,person,1,0.000000000,1,0
Semantic,fr3_walking_xyz,run_03,most distinct observed frames among MapPoints ever dynamic; tie=smallest ID,646,3983,3,person,1,0.000000000,1,0
Semantic,fr3_walking_xyz,run_03,most distinct observed frames among MapPoints ever dynamic; tie=smallest ID,647,3983,3,person,1,0.000000000,1,0
Semantic,fr3_walking_xyz,run_03,most distinct observed frames among MapPoints ever dynamic; tie=smallest ID,648,3983,3,person,1,0.000000000,1,0
Semantic,fr3_walking_xyz,run_03,most distinct observed frames among MapPoints ever dynamic; tie=smallest ID,649,3983,3,person,1,0.000000000,1,0
Semantic,fr3_walking_xyz,run_03,most distinct observed frames among MapPoints ever dynamic; tie=smallest ID,650,3983,3,person,1,0.000000000,1,0
Semantic,fr3_walking_xyz,run_03,most distinct observed frames among MapPoints ever dynamic; tie=smallest ID,651,3983,3,person,1,0.000000000,1,0
Semantic,fr3_walking_xyz,run_03,most distinct observed frames among MapPoints ever dynamic; tie=smallest ID,652,3983,3,person,1,0.000000000,1,0
Semantic,fr3_walking_xyz,run_03,most distinct observed frames among MapPoints ever dynamic; tie=smallest ID,654,3983,3,person,1,0.000000000,1,0
Semantic,fr3_walking_xyz,run_03,most distinct observed frames among MapPoints ever dynamic; tie=smallest ID,655,3983,3,person,1,0.000000000,1,0
Semantic,fr3_walking_xyz,run_03,most distinct observed frames among MapPoints ever dynamic; tie=smallest ID,656,3983,3,person,1,0.000000000,1,0
Semantic,fr3_walking_xyz,run_03,most distinct observed frames among MapPoints ever dynamic; tie=smallest ID,657,3983,3,person,1,0.000000000,1,0
Semantic,fr3_walking_xyz,run_03,most distinct observed frames among MapPoints ever dynamic; tie=smallest ID,658,3983,3,person,1,0.000000000,1,0
Semantic,fr3_walking_xyz,run_03,most distinct observed frames among MapPoints ever dynamic; tie=smallest ID,660,3983,3,person,1,0.000000000,1,0
Semantic,fr3_walking_xyz,run_03,most distinct observed frames among MapPoints ever dynamic; tie=smallest ID,661,3983,3,person,1,0.000000000,1,0
Semantic,fr3_walking_xyz,run_03,most distinct observed frames among MapPoints ever dynamic; tie=smallest ID,662,3983,3,person,1,0.000000000,1,0
Semantic,fr3_walking_xyz,run_03,most distinct observed frames among MapPoints ever dynamic; tie=smallest ID,663,3983,3,person,1,0.000000000,1,0
Semantic,fr3_walking_xyz,run_03,most distinct observed frames among MapPoints ever dynamic; tie=smallest ID,664,3983,3,person,1,0.000000000,1,0
Semantic,fr3_walking_xyz,run_03,most distinct observed frames among MapPoints ever dynamic; tie=smallest ID,666,3983,3,person,1,0.000000000,1,0
Semantic,fr3_walking_xyz,run_03,most distinct observed frames among MapPoints ever dynamic; tie=smallest ID,667,3983,3,person,1,0.000000000,1,0
Semantic,fr3_walking_xyz,run_03,most distinct observed frames among MapPoints ever dynamic; tie=smallest ID,668,3983,3,person,1,0.000000000,1,0
Semantic,fr3_walking_xyz,run_03,most distinct observed frames among MapPoints ever dynamic; tie=smallest ID,669,3983,3,person,1,0.000000000,1,0
Semantic,fr3_walking_xyz,run_03,most distinct observed frames among MapPoints ever dynamic; tie=smallest ID,670,3983,3,person,1,0.000000000,1,0
Semantic,fr3_walking_xyz,run_03,most distinct observed frames among MapPoints ever dynamic; tie=smallest ID,671,3983,3,person,1,0.000000000,1,0
Semantic,fr3_walking_xyz,run_03,most distinct observed frames among MapPoints ever dynamic; tie=smallest ID,672,3983,3,person,1,0.000000000,1,0
Semantic,fr3_walking_xyz,run_03,most distinct observed frames among MapPoints ever dynamic; tie=smallest ID,673,3983,3,person,1,0.000000000,1,0
Semantic,fr3_walking_xyz,run_03,most distinct observed frames among MapPoints ever dynamic; tie=smallest ID,674,3983,3,person,0,0.000000000,0,0
Semantic,fr3_walking_xyz,run_03,most distinct observed frames among MapPoints ever dynamic; tie=smallest ID,675,3983,3,person,0,0.000000000,0,0
Semantic,fr3_walking_xyz,run_03,most distinct observed frames among MapPoints ever dynamic; tie=smallest ID,676,3983,3,person,0,0.000000000,0,0
Semantic,fr3_walking_xyz,run_03,most distinct observed frames among MapPoints ever dynamic; tie=smallest ID,677,3983,3,person,0,0.000000000,0,0
Semantic,fr3_walking_xyz,run_03,most distinct observed frames among MapPoints ever dynamic; tie=smallest ID,678,3983,3,person,0,0.000000000,0,0
Semantic,fr3_walking_xyz,run_03,most distinct observed frames among MapPoints ever dynamic; tie=smallest ID,679,3983,3,person,0,0.000000000,0,0
Semantic,fr3_walking_xyz,run_03,most distinct observed frames among MapPoints ever dynamic; tie=smallest ID,680,3983,3,person,1,0.000000000,1,0
Semantic,fr3_walking_xyz,run_03,most distinct observed frames among MapPoints ever dynamic; tie=smallest ID,681,3983,3,person,1,0.000000000,1,0
Semantic,fr3_walking_xyz,run_03,most distinct observed frames among MapPoints ever dynamic; tie=smallest ID,682,3983,3,person,1,0.000000000,1,0
Semantic,fr3_walking_xyz,run_03,most distinct observed frames among MapPoints ever dynamic; tie=smallest ID,683,3983,3,person,1,0.000000000,1,0
Semantic,fr3_walking_xyz,run_03,most distinct observed frames among MapPoints ever dynamic; tie=smallest ID,684,3983,3,person,1,0.000000000,1,0
Semantic,fr3_walking_xyz,run_03,most distinct observed frames among MapPoints ever dynamic; tie=smallest ID,685,3983,3,person,1,0.000000000,1,0
Semantic,fr3_walking_xyz,run_03,most distinct observed frames among MapPoints ever dynamic; tie=smallest ID,686,3983,3,person,0,0.000000000,0,0
Semantic,fr3_walking_xyz,run_03,most distinct observed frames among MapPoints ever dynamic; tie=smallest ID,687,3983,3,person,1,0.000000000,1,0
Semantic,fr3_walking_xyz,run_03,most distinct observed frames among MapPoints ever dynamic; tie=smallest ID,688,3983,3,person,1,0.000000000,1,0
Semantic,fr3_walking_xyz,run_03,most distinct observed frames among MapPoints ever dynamic; tie=smallest ID,689,3983,3,person,1,0.000000000,1,0
Semantic,fr3_walking_xyz,run_03,most distinct observed frames among MapPoints ever dynamic; tie=smallest ID,690,3983,3,person,1,0.000000000,1,0
Semantic,fr3_walking_xyz,run_03,most distinct observed frames among MapPoints ever dynamic; tie=smallest ID,691,3983,3,person,1,0.000000000,1,0
Semantic,fr3_walking_xyz,run_03,most distinct observed frames among MapPoints ever dynamic; tie=smallest ID,692,3983,3,person,1,0.000000000,1,0
Semantic,fr3_walking_xyz,run_03,most distinct observed frames among MapPoints ever dynamic; tie=smallest ID,693,3983,3,person,1,0.000000000,1,0
Semantic,fr3_walking_xyz,run_03,most distinct observed frames among MapPoints ever dynamic; tie=smallest ID,694,3983,3,person,1,0.000000000,1,0
Semantic,fr3_walking_xyz,run_03,most distinct observed frames among MapPoints ever dynamic; tie=smallest ID,695,3983,3,person,1,0.000000000,1,0
Semantic,fr3_walking_xyz,run_03,most distinct observed frames among MapPoints ever dynamic; tie=smallest ID,696,3983,3,person,1,0.000000000,1,0
Semantic,fr3_walking_xyz,run_03,most distinct observed frames among MapPoints ever dynamic; tie=smallest ID,697,3983,3,person,1,0.000000000,1,0
Semantic,fr3_walking_xyz,run_03,most distinct observed frames among MapPoints ever dynamic; tie=smallest ID,698,3983,3,person,1,0.000000000,1,0
Semantic,fr3_walking_xyz,run_03,most distinct observed frames among MapPoints ever dynamic; tie=smallest ID,699,3983,3,person,1,0.000000000,1,0
Semantic,fr3_walking_xyz,run_03,most distinct observed frames among MapPoints ever dynamic; tie=smallest ID,700,3983,3,person,1,0.000000000,1,0
Semantic,fr3_walking_xyz,run_03,most distinct observed frames among MapPoints ever dynamic; tie=smallest ID,701,3983,3,person,1,0.000000000,1,0
Semantic,fr3_walking_xyz,run_03,most distinct observed frames among MapPoints ever dynamic; tie=smallest ID,702,3983,3,person,1,0.000000000,1,0
Semantic,fr3_walking_xyz,run_03,most distinct observed frames among MapPoints ever dynamic; tie=smallest ID,703,3983,3,person,1,0.000000000,1,0
Semantic,fr3_walking_xyz,run_03,most distinct observed frames among MapPoints ever dynamic; tie=smallest ID,704,3983,3,person,0,0.000000000,0,0
Semantic,fr3_walking_xyz,run_03,most distinct observed frames among MapPoints ever dynamic; tie=smallest ID,705,3983,3,person,0,0.000000000,0,0
Semantic,fr3_walking_xyz,run_03,most distinct observed frames among MapPoints ever dynamic; tie=smallest ID,706,3983,3,person,0,0.000000000,0,0
Semantic,fr3_walking_xyz,run_03,most distinct observed frames among MapPoints ever dynamic; tie=smallest ID,707,3983,3,person,0,0.000000000,0,0
Semantic,fr3_walking_xyz,run_03,most distinct observed frames among MapPoints ever dynamic; tie=smallest ID,708,3983,3,person,0,0.000000000,0,0
Semantic,fr3_walking_xyz,run_03,most distinct observed frames among MapPoints ever dynamic; tie=smallest ID,709,3983,3,person,0,0.000000000,0,0
Semantic,fr3_walking_xyz,run_03,most distinct observed frames among MapPoints ever dynamic; tie=smallest ID,710,3983,3,person,0,0.000000000,0,0
Semantic,fr3_walking_xyz,run_03,most distinct observed frames among MapPoints ever dynamic; tie=smallest ID,711,3983,3,person,0,0.000000000,0,0
Semantic,fr3_walking_xyz,run_03,most distinct observed frames among MapPoints ever dynamic; tie=smallest ID,712,3983,3,person,0,0.000000000,0,0
Semantic,fr3_walking_xyz,run_03,most distinct observed frames among MapPoints ever dynamic; tie=smallest ID,713,3983,3,person,0,0.000000000,0,0
Semantic,fr3_walking_xyz,run_03,most distinct observed frames among MapPoints ever dynamic; tie=smallest ID,714,3983,3,person,0,0.000000000,0,0
Semantic,fr3_walking_xyz,run_03,most distinct observed frames among MapPoints ever dynamic; tie=smallest ID,715,3983,3,person,0,0.000000000,0,0
Semantic,fr3_walking_xyz,run_03,most distinct observed frames among MapPoints ever dynamic; tie=smallest ID,716,3983,3,person,0,0.000000000,0,0
Semantic,fr3_walking_xyz,run_03,most distinct observed frames among MapPoints ever dynamic; tie=smallest ID,717,3983,3,person,0,0.000000000,0,0
Semantic,fr3_walking_xyz,run_03,most distinct observed frames among MapPoints ever dynamic; tie=smallest ID,718,3983,3,person,0,0.000000000,0,0
Semantic,fr3_walking_xyz,run_03,most distinct observed frames among MapPoints ever dynamic; tie=smallest ID,719,3983,3,person,0,0.000000000,0,0
Semantic,fr3_walking_xyz,run_03,most distinct observed frames among MapPoints ever dynamic; tie=smallest ID,720,3983,3,person,0,0.000000000,0,0
Semantic,fr3_walking_xyz,run_03,most distinct observed frames among MapPoints ever dynamic; tie=smallest ID,721,3983,3,person,0,0.000000000,0,0
Semantic,fr3_walking_xyz,run_03,most distinct observed frames among MapPoints ever dynamic; tie=smallest ID,722,3983,3,person,0,0.000000000,0,0
Semantic,fr3_walking_xyz,run_03,most distinct observed frames among MapPoints ever dynamic; tie=smallest ID,723,3983,3,person,0,0.000000000,0,0
Semantic,fr3_walking_xyz,run_03,most distinct observed frames among MapPoints ever dynamic; tie=smallest ID,724,3983,3,person,0,0.000000000,0,0
Semantic,fr3_walking_xyz,run_03,most distinct observed frames among MapPoints ever dynamic; tie=smallest ID,725,3983,3,person,0,0.000000000,0,0
Semantic,fr3_walking_xyz,run_03,most distinct observed frames among MapPoints ever dynamic; tie=smallest ID,726,3983,3,person,0,0.000000000,0,0
Semantic,fr3_walking_xyz,run_03,most distinct observed frames among MapPoints ever dynamic; tie=smallest ID,727,3983,3,person,0,0.000000000,0,0
Semantic,fr3_walking_xyz,run_03,most distinct observed frames among MapPoints ever dynamic; tie=smallest ID,728,3983,3,person,0,0.000000000,0,0
Semantic,fr3_walking_xyz,run_03,most distinct observed frames among MapPoints ever dynamic; tie=smallest ID,729,3983,3,person,0,0.000000000,0,0
Semantic,fr3_walking_xyz,run_03,most distinct observed frames among MapPoints ever dynamic; tie=smallest ID,730,3983,3,person,0,0.000000000,0,0
Semantic,fr3_walking_xyz,run_03,most distinct observed frames among MapPoints ever dynamic; tie=smallest ID,731,3983,3,person,0,0.000000000,0,0
Semantic,fr3_walking_xyz,run_03,most distinct observed frames among MapPoints ever dynamic; tie=smallest ID,732,3983,3,person,0,0.000000000,0,0
Semantic,fr3_walking_xyz,run_03,most distinct observed frames among MapPoints ever dynamic; tie=smallest ID,733,3983,3,person,0,0.000000000,0,0
Semantic,fr3_walking_xyz,run_03,most distinct observed frames among MapPoints ever dynamic; tie=smallest ID,734,3983,3,person,0,0.000000000,0,0
Semantic,fr3_walking_xyz,run_03,most distinct observed frames among MapPoints ever dynamic; tie=smallest ID,735,3983,3,person,0,0.000000000,0,0
Semantic,fr3_walking_xyz,run_03,most distinct observed frames among MapPoints ever dynamic; tie=smallest ID,736,3983,3,person,0,0.000000000,0,0
Semantic,fr3_walking_xyz,run_03,most distinct observed frames among MapPoints ever dynamic; tie=smallest ID,737,3983,3,person,0,0.000000000,0,0
Semantic,fr3_walking_xyz,run_03,most distinct observed frames among MapPoints ever dynamic; tie=smallest ID,738,3983,3,person,0,0.000000000,0,0
Semantic,fr3_walking_xyz,run_03,most distinct observed frames among MapPoints ever dynamic; tie=smallest ID,739,3983,3,person,0,0.000000000,0,0
Semantic,fr3_walking_xyz,run_03,most distinct observed frames among MapPoints ever dynamic; tie=smallest ID,740,3983,3,person,0,0.000000000,0,0
Semantic,fr3_walking_xyz,run_03,most distinct observed frames among MapPoints ever dynamic; tie=smallest ID,741,3983,3,person,0,0.000000000,0,0
Semantic,fr3_walking_xyz,run_03,most distinct observed frames among MapPoints ever dynamic; tie=smallest ID,742,3983,3,person,0,0.000000000,0,0
Semantic,fr3_walking_xyz,run_03,most distinct observed frames among MapPoints ever dynamic; tie=smallest ID,743,3983,3,person,0,0.000000000,0,0
Semantic,fr3_walking_xyz,run_03,most distinct observed frames among MapPoints ever dynamic; tie=smallest ID,744,3983,3,person,0,0.000000000,0,0
Semantic,fr3_walking_xyz,run_03,most distinct observed frames among MapPoints ever dynamic; tie=smallest ID,745,3983,3,person,0,0.000000000,0,0
Semantic,fr3_walking_xyz,run_03,most distinct observed frames among MapPoints ever dynamic; tie=smallest ID,746,3983,3,person,0,0.000000000,0,0
Semantic,fr3_walking_xyz,run_03,most distinct observed frames among MapPoints ever dynamic; tie=smallest ID,747,3983,3,person,0,0.000000000,0,0
Semantic,fr3_walking_xyz,run_03,most distinct observed frames among MapPoints ever dynamic; tie=smallest ID,748,3983,3,person,0,0.000000000,0,0
Semantic,fr3_walking_xyz,run_03,most distinct observed frames among MapPoints ever dynamic; tie=smallest ID,749,3983,3,person,0,0.000000000,0,0
Semantic,fr3_walking_xyz,run_03,most distinct observed frames among MapPoints ever dynamic; tie=smallest ID,750,3983,3,person,0,0.000000000,0,0
Semantic,fr3_walking_xyz,run_03,most distinct observed frames among MapPoints ever dynamic; tie=smallest ID,751,3983,3,person,0,0.000000000,0,0
Semantic,fr3_walking_xyz,run_03,most distinct observed frames among MapPoints ever dynamic; tie=smallest ID,752,3983,3,person,0,0.000000000,0,0
Semantic,fr3_walking_xyz,run_03,most distinct observed frames among MapPoints ever dynamic; tie=smallest ID,753,3983,3,person,0,0.000000000,0,0
Semantic,fr3_walking_xyz,run_03,most distinct observed frames among MapPoints ever dynamic; tie=smallest ID,754,3983,3,person,0,0.000000000,0,0
Semantic,fr3_walking_xyz,run_03,most distinct observed frames among MapPoints ever dynamic; tie=smallest ID,755,3983,3,person,0,0.000000000,0,0
Semantic,fr3_walking_xyz,run_03,most distinct observed frames among MapPoints ever dynamic; tie=smallest ID,756,3983,3,person,0,0.000000000,0,0
Semantic,fr3_walking_xyz,run_03,most distinct observed frames among MapPoints ever dynamic; tie=smallest ID,757,3983,3,person,0,0.000000000,0,0
Semantic,fr3_walking_xyz,run_03,most distinct observed frames among MapPoints ever dynamic; tie=smallest ID,758,3983,3,person,0,0.000000000,0,0
Semantic,fr3_walking_xyz,run_03,most distinct observed frames among MapPoints ever dynamic; tie=smallest ID,759,3983,3,person,0,0.000000000,0,0
Semantic,fr3_walking_xyz,run_03,most distinct observed frames among MapPoints ever dynamic; tie=smallest ID,760,3983,3,person,0,0.000000000,0,0
Semantic,fr3_walking_xyz,run_03,most distinct observed frames among MapPoints ever dynamic; tie=smallest ID,761,3983,3,person,0,0.000000000,0,0
Semantic,fr3_walking_xyz,run_03,most distinct observed frames among MapPoints ever dynamic; tie=smallest ID,762,3983,3,person,0,0.000000000,0,0
Semantic,fr3_walking_xyz,run_03,most distinct observed frames among MapPoints ever dynamic; tie=smallest ID,763,3983,3,person,0,0.000000000,0,0
Semantic,fr3_walking_xyz,run_03,most distinct observed frames among MapPoints ever dynamic; tie=smallest ID,764,3983,3,person,0,0.000000000,0,0
Semantic,fr3_walking_xyz,run_03,most distinct observed frames among MapPoints ever dynamic; tie=smallest ID,765,3983,3,person,0,0.000000000,0,0
Semantic,fr3_walking_xyz,run_03,most distinct observed frames among MapPoints ever dynamic; tie=smallest ID,766,3983,3,person,0,0.000000000,0,0
Semantic,fr3_walking_xyz,run_03,most distinct observed frames among MapPoints ever dynamic; tie=smallest ID,767,3983,3,person,0,0.000000000,0,0
Semantic,fr3_walking_xyz,run_03,most distinct observed frames among MapPoints ever dynamic; tie=smallest ID,768,3983,3,person,0,0.000000000,0,0
Semantic,fr3_walking_xyz,run_03,most distinct observed frames among MapPoints ever dynamic; tie=smallest ID,769,3983,3,person,0,0.000000000,0,0
Semantic,fr3_walking_xyz,run_03,most distinct observed frames among MapPoints ever dynamic; tie=smallest ID,770,3983,3,person,0,0.000000000,0,0
Semantic,fr3_walking_xyz,run_03,most distinct observed frames among MapPoints ever dynamic; tie=smallest ID,771,3983,3,person,0,0.000000000,0,0
Semantic,fr3_walking_xyz,run_03,most distinct observed frames among MapPoints ever dynamic; tie=smallest ID,772,3983,3,person,0,0.000000000,0,0
Semantic,fr3_walking_xyz,run_03,most distinct observed frames among MapPoints ever dynamic; tie=smallest ID,773,3983,3,person,0,0.000000000,0,0
Semantic,fr3_walking_xyz,run_03,most distinct observed frames among MapPoints ever dynamic; tie=smallest ID,774,3983,3,person,0,0.000000000,0,0
Semantic,fr3_walking_xyz,run_03,most distinct observed frames among MapPoints ever dynamic; tie=smallest ID,775,3983,3,person,0,0.000000000,0,0
Semantic,fr3_walking_xyz,run_03,most distinct observed frames among MapPoints ever dynamic; tie=smallest ID,776,3983,3,person,0,0.000000000,0,0
Semantic,fr3_walking_xyz,run_03,most distinct observed frames among MapPoints ever dynamic; tie=smallest ID,777,3983,3,person,0,0.000000000,0,0
Semantic,fr3_walking_xyz,run_03,most distinct observed frames among MapPoints ever dynamic; tie=smallest ID,778,3983,3,person,0,0.000000000,0,0
Semantic,fr3_walking_xyz,run_03,most distinct observed frames among MapPoints ever dynamic; tie=smallest ID,779,3983,3,person,0,0.000000000,0,0
Semantic,fr3_walking_xyz,run_03,most distinct observed frames among MapPoints ever dynamic; tie=smallest ID,780,3983,3,person,0,0.000000000,0,0
Semantic,fr3_walking_xyz,run_03,most distinct observed frames among MapPoints ever dynamic; tie=smallest ID,781,3983,3,person,0,0.000000000,0,0
Semantic,fr3_walking_xyz,run_03,most distinct observed frames among MapPoints ever dynamic; tie=smallest ID,782,3983,3,person,0,0.000000000,0,0
Semantic,fr3_walking_xyz,run_03,most distinct observed frames among MapPoints ever dynamic; tie=smallest ID,783,3983,3,person,0,0.000000000,0,0
Semantic,fr3_walking_xyz,run_03,most distinct observed frames among MapPoints ever dynamic; tie=smallest ID,784,3983,3,person,0,0.000000000,0,0
Semantic,fr3_walking_xyz,run_03,most distinct observed frames among MapPoints ever dynamic; tie=smallest ID,785,3983,3,person,0,0.000000000,0,0
Semantic,fr3_walking_xyz,run_03,most distinct observed frames among MapPoints ever dynamic; tie=smallest ID,786,3983,3,person,0,0.000000000,0,0
Semantic,fr3_walking_xyz,run_03,most distinct observed frames among MapPoints ever dynamic; tie=smallest ID,787,3983,3,person,0,0.000000000,0,0
Semantic,fr3_walking_xyz,run_03,most distinct observed frames among MapPoints ever dynamic; tie=smallest ID,788,3983,3,person,0,0.000000000,0,0
Semantic,fr3_walking_xyz,run_03,most distinct observed frames among MapPoints ever dynamic; tie=smallest ID,789,3983,3,person,0,0.000000000,0,0
Semantic,fr3_walking_xyz,run_03,most distinct observed frames among MapPoints ever dynamic; tie=smallest ID,790,3983,3,person,0,0.000000000,0,0
Semantic,fr3_walking_xyz,run_03,most distinct observed frames among MapPoints ever dynamic; tie=smallest ID,791,3983,3,person,0,0.000000000,0,0
Semantic,fr3_walking_xyz,run_03,most distinct observed frames among MapPoints ever dynamic; tie=smallest ID,792,3983,3,person,0,0.000000000,0,0
Semantic,fr3_walking_xyz,run_03,most distinct observed frames among MapPoints ever dynamic; tie=smallest ID,793,3983,3,person,0,0.000000000,0,0
Semantic,fr3_walking_xyz,run_03,most distinct observed frames among MapPoints ever dynamic; tie=smallest ID,794,3983,3,person,0,0.000000000,0,0
Semantic,fr3_walking_xyz,run_03,most distinct observed frames among MapPoints ever dynamic; tie=smallest ID,795,3983,3,person,0,0.000000000,0,0
Semantic,fr3_walking_xyz,run_03,most distinct observed frames among MapPoints ever dynamic; tie=smallest ID,796,3983,3,person,0,0.000000000,0,0
Semantic,fr3_walking_xyz,run_03,most distinct observed frames among MapPoints ever dynamic; tie=smallest ID,797,3983,3,person,0,0.000000000,0,0
Semantic,fr3_walking_xyz,run_03,most distinct observed frames among MapPoints ever dynamic; tie=smallest ID,798,3983,3,person,0,0.000000000,0,0
Semantic,fr3_walking_xyz,run_03,most distinct observed frames among MapPoints ever dynamic; tie=smallest ID,799,3983,3,person,0,0.000000000,0,0
Semantic,fr3_walking_xyz,run_03,most distinct observed frames among MapPoints ever dynamic; tie=smallest ID,800,3983,3,person,0,0.000000000,0,0
Semantic,fr3_walking_xyz,run_03,most distinct observed frames among MapPoints ever dynamic; tie=smallest ID,801,3983,3,person,0,0.000000000,0,0
Semantic,fr3_walking_xyz,run_03,most distinct observed frames among MapPoints ever dynamic; tie=smallest ID,802,3983,3,person,0,0.000000000,0,0
Semantic,fr3_walking_xyz,run_03,most distinct observed frames among MapPoints ever dynamic; tie=smallest ID,803,3983,3,person,0,0.000000000,0,0
Semantic,fr3_walking_xyz,run_03,most distinct observed frames among MapPoints ever dynamic; tie=smallest ID,804,3983,3,person,0,0.000000000,0,0
Semantic,fr3_walking_xyz,run_03,most distinct observed frames among MapPoints ever dynamic; tie=smallest ID,805,3983,3,person,0,0.000000000,0,0
Semantic,fr3_walking_xyz,run_03,most distinct observed frames among MapPoints ever dynamic; tie=smallest ID,806,3983,3,person,0,0.000000000,0,0
Semantic,fr3_walking_xyz,run_03,most distinct observed frames among MapPoints ever dynamic; tie=smallest ID,807,3983,3,person,0,0.000000000,0,0
Semantic,fr3_walking_xyz,run_03,most distinct observed frames among MapPoints ever dynamic; tie=smallest ID,808,3983,3,person,0,0.000000000,0,0
Semantic,fr3_walking_xyz,run_03,most distinct observed frames among MapPoints ever dynamic; tie=smallest ID,809,3983,3,person,0,0.000000000,0,0
Semantic,fr3_walking_xyz,run_03,most distinct observed frames among MapPoints ever dynamic; tie=smallest ID,810,3983,3,person,0,0.000000000,0,0
Semantic,fr3_walking_xyz,run_03,most distinct observed frames among MapPoints ever dynamic; tie=smallest ID,811,3983,3,person,0,0.000000000,0,0
Semantic,fr3_walking_xyz,run_03,most distinct observed frames among MapPoints ever dynamic; tie=smallest ID,812,3983,3,person,0,0.000000000,0,0
Semantic,fr3_walking_xyz,run_03,most distinct observed frames among MapPoints ever dynamic; tie=smallest ID,813,3983,3,person,0,0.000000000,0,0
Semantic,fr3_walking_xyz,run_03,most distinct observed frames among MapPoints ever dynamic; tie=smallest ID,814,3983,3,person,0,0.000000000,0,0
Semantic,fr3_walking_xyz,run_03,most distinct observed frames among MapPoints ever dynamic; tie=smallest ID,815,3983,3,person,0,0.000000000,0,0
Semantic,fr3_walking_xyz,run_03,most distinct observed frames among MapPoints ever dynamic; tie=smallest ID,816,3983,3,person,0,0.000000000,0,0
Semantic,fr3_walking_xyz,run_03,most distinct observed frames among MapPoints ever dynamic; tie=smallest ID,817,3983,3,person,0,0.000000000,0,0
Semantic,fr3_walking_xyz,run_03,most distinct observed frames among MapPoints ever dynamic; tie=smallest ID,818,3983,3,person,0,0.000000000,0,0
Semantic,fr3_walking_xyz,run_03,most distinct observed frames among MapPoints ever dynamic; tie=smallest ID,819,3983,3,person,0,0.000000000,0,0
Semantic,fr3_walking_xyz,run_03,most distinct observed frames among MapPoints ever dynamic; tie=smallest ID,820,3983,3,person,0,0.000000000,0,0
Semantic,fr3_walking_xyz,run_03,most distinct observed frames among MapPoints ever dynamic; tie=smallest ID,821,3983,3,person,0,0.000000000,0,0
Semantic,fr3_walking_xyz,run_03,most distinct observed frames among MapPoints ever dynamic; tie=smallest ID,822,3983,3,person,0,0.000000000,0,0
Semantic,fr3_walking_xyz,run_03,most distinct observed frames among MapPoints ever dynamic; tie=smallest ID,823,3983,3,person,0,0.000000000,0,0
Semantic,fr3_walking_xyz,run_03,most distinct observed frames among MapPoints ever dynamic; tie=smallest ID,824,3983,3,person,0,0.000000000,0,0
Semantic,fr3_walking_xyz,run_03,most distinct observed frames among MapPoints ever dynamic; tie=smallest ID,825,3983,3,person,0,0.000000000,0,0
Semantic,fr3_walking_xyz,run_03,most distinct observed frames among MapPoints ever dynamic; tie=smallest ID,826,3983,3,person,0,0.000000000,0,0
Semantic,fr3_walking_rpy,run_01,most distinct observed frames among MapPoints ever dynamic; tie=smallest ID,15,1461,3,person,1,0.000000000,1,0
Semantic,fr3_walking_rpy,run_01,most distinct observed frames among MapPoints ever dynamic; tie=smallest ID,16,1461,3,person,0,0.000000000,0,0
Semantic,fr3_walking_rpy,run_01,most distinct observed frames among MapPoints ever dynamic; tie=smallest ID,17,1461,3,person,0,0.000000000,0,0
Semantic,fr3_walking_rpy,run_01,most distinct observed frames among MapPoints ever dynamic; tie=smallest ID,18,1461,3,person,1,0.000000000,1,0
Semantic,fr3_walking_rpy,run_01,most distinct observed frames among MapPoints ever dynamic; tie=smallest ID,19,1461,3,person,1,0.000000000,1,0
Semantic,fr3_walking_rpy,run_01,most distinct observed frames among MapPoints ever dynamic; tie=smallest ID,20,1461,3,person,0,0.000000000,0,0
Semantic,fr3_walking_rpy,run_01,most distinct observed frames among MapPoints ever dynamic; tie=smallest ID,21,1461,3,person,0,0.000000000,0,0
Semantic,fr3_walking_rpy,run_01,most distinct observed frames among MapPoints ever dynamic; tie=smallest ID,22,1461,3,person,0,0.000000000,0,0
Semantic,fr3_walking_rpy,run_01,most distinct observed frames among MapPoints ever dynamic; tie=smallest ID,23,1461,3,person,0,0.000000000,0,0
Semantic,fr3_walking_rpy,run_01,most distinct observed frames among MapPoints ever dynamic; tie=smallest ID,24,1461,3,person,0,0.000000000,0,0
Semantic,fr3_walking_rpy,run_01,most distinct observed frames among MapPoints ever dynamic; tie=smallest ID,25,1461,3,person,0,0.000000000,0,0
Semantic,fr3_walking_rpy,run_01,most distinct observed frames among MapPoints ever dynamic; tie=smallest ID,26,1461,3,person,1,0.000000000,1,0
Semantic,fr3_walking_rpy,run_01,most distinct observed frames among MapPoints ever dynamic; tie=smallest ID,27,1461,3,person,0,0.000000000,0,0
Semantic,fr3_walking_rpy,run_01,most distinct observed frames among MapPoints ever dynamic; tie=smallest ID,28,1461,3,person,0,0.000000000,0,0
Semantic,fr3_walking_rpy,run_01,most distinct observed frames among MapPoints ever dynamic; tie=smallest ID,29,1461,3,person,1,0.000000000,1,0
Semantic,fr3_walking_rpy,run_01,most distinct observed frames among MapPoints ever dynamic; tie=smallest ID,30,1461,3,person,0,0.000000000,0,0
Semantic,fr3_walking_rpy,run_01,most distinct observed frames among MapPoints ever dynamic; tie=smallest ID,31,1461,3,person,0,0.000000000,0,0
Semantic,fr3_walking_rpy,run_01,most distinct observed frames among MapPoints ever dynamic; tie=smallest ID,32,1461,3,person,0,0.000000000,0,0
Semantic,fr3_walking_rpy,run_01,most distinct observed frames among MapPoints ever dynamic; tie=smallest ID,33,1461,3,person,0,0.000000000,0,0
Semantic,fr3_walking_rpy,run_01,most distinct observed frames among MapPoints ever dynamic; tie=smallest ID,34,1461,3,person,1,0.000000000,1,0
Semantic,fr3_walking_rpy,run_01,most distinct observed frames among MapPoints ever dynamic; tie=smallest ID,35,1461,3,person,1,0.000000000,1,0
Semantic,fr3_walking_rpy,run_01,most distinct observed frames among MapPoints ever dynamic; tie=smallest ID,38,1461,3,person,1,0.000000000,1,0
Semantic,fr3_walking_rpy,run_01,most distinct observed frames among MapPoints ever dynamic; tie=smallest ID,41,1461,3,person,0,0.000000000,0,0
Semantic,fr3_walking_rpy,run_01,most distinct observed frames among MapPoints ever dynamic; tie=smallest ID,43,1461,3,person,0,0.000000000,0,0
Semantic,fr3_walking_rpy,run_01,most distinct observed frames among MapPoints ever dynamic; tie=smallest ID,48,1461,3,person,0,0.000000000,0,0
Semantic,fr3_walking_rpy,run_01,most distinct observed frames among MapPoints ever dynamic; tie=smallest ID,52,1461,3,person,0,0.000000000,0,0
Semantic,fr3_walking_rpy,run_01,most distinct observed frames among MapPoints ever dynamic; tie=smallest ID,55,1461,3,person,0,0.000000000,0,0
Semantic,fr3_walking_rpy,run_01,most distinct observed frames among MapPoints ever dynamic; tie=smallest ID,56,1461,3,person,0,0.000000000,0,0
Semantic,fr3_walking_rpy,run_01,most distinct observed frames among MapPoints ever dynamic; tie=smallest ID,57,1461,3,person,0,0.000000000,0,0
Semantic,fr3_walking_rpy,run_01,most distinct observed frames among MapPoints ever dynamic; tie=smallest ID,58,1461,3,person,1,0.000000000,1,0
Semantic,fr3_walking_rpy,run_01,most distinct observed frames among MapPoints ever dynamic; tie=smallest ID,59,1461,3,person,0,0.000000000,0,0
Semantic,fr3_walking_rpy,run_01,most distinct observed frames among MapPoints ever dynamic; tie=smallest ID,60,1461,3,person,0,0.000000000,0,0
Semantic,fr3_walking_rpy,run_01,most distinct observed frames among MapPoints ever dynamic; tie=smallest ID,61,1461,3,person,0,0.000000000,0,0
Semantic,fr3_walking_rpy,run_01,most distinct observed frames among MapPoints ever dynamic; tie=smallest ID,62,1461,3,person,0,0.000000000,0,0
Semantic,fr3_walking_rpy,run_01,most distinct observed frames among MapPoints ever dynamic; tie=smallest ID,63,1461,3,person,0,0.000000000,0,0
Semantic,fr3_walking_rpy,run_01,most distinct observed frames among MapPoints ever dynamic; tie=smallest ID,64,1461,3,person,0,0.000000000,0,0
Semantic,fr3_walking_rpy,run_01,most distinct observed frames among MapPoints ever dynamic; tie=smallest ID,65,1461,3,person,0,0.000000000,0,0
Semantic,fr3_walking_rpy,run_01,most distinct observed frames among MapPoints ever dynamic; tie=smallest ID,66,1461,3,person,0,0.000000000,0,0
Semantic,fr3_walking_rpy,run_01,most distinct observed frames among MapPoints ever dynamic; tie=smallest ID,67,1461,3,person,0,0.000000000,0,0
Semantic,fr3_walking_rpy,run_01,most distinct observed frames among MapPoints ever dynamic; tie=smallest ID,68,1461,3,person,0,0.000000000,0,0
Semantic,fr3_walking_rpy,run_01,most distinct observed frames among MapPoints ever dynamic; tie=smallest ID,69,1461,3,person,1,0.000000000,1,0
Semantic,fr3_walking_rpy,run_01,most distinct observed frames among MapPoints ever dynamic; tie=smallest ID,70,1461,3,person,0,0.000000000,0,0
Semantic,fr3_walking_rpy,run_01,most distinct observed frames among MapPoints ever dynamic; tie=smallest ID,71,1461,3,person,0,0.000000000,0,0
Semantic,fr3_walking_rpy,run_01,most distinct observed frames among MapPoints ever dynamic; tie=smallest ID,72,1461,3,person,0,0.000000000,0,0
Semantic,fr3_walking_rpy,run_01,most distinct observed frames among MapPoints ever dynamic; tie=smallest ID,73,1461,3,person,0,0.000000000,0,0
Semantic,fr3_walking_rpy,run_01,most distinct observed frames among MapPoints ever dynamic; tie=smallest ID,74,1461,3,person,0,0.000000000,0,0
Semantic,fr3_walking_rpy,run_01,most distinct observed frames among MapPoints ever dynamic; tie=smallest ID,75,1461,3,person,0,0.000000000,0,0
Semantic,fr3_walking_rpy,run_01,most distinct observed frames among MapPoints ever dynamic; tie=smallest ID,76,1461,3,person,0,0.000000000,0,0
Semantic,fr3_walking_rpy,run_01,most distinct observed frames among MapPoints ever dynamic; tie=smallest ID,77,1461,3,person,0,0.000000000,0,0
Semantic,fr3_walking_rpy,run_01,most distinct observed frames among MapPoints ever dynamic; tie=smallest ID,78,1461,3,person,0,0.000000000,0,0
Semantic,fr3_walking_rpy,run_01,most distinct observed frames among MapPoints ever dynamic; tie=smallest ID,79,1461,3,person,0,0.000000000,0,0
Semantic,fr3_walking_rpy,run_01,most distinct observed frames among MapPoints ever dynamic; tie=smallest ID,80,1461,3,person,0,0.000000000,0,0
Semantic,fr3_walking_rpy,run_01,most distinct observed frames among MapPoints ever dynamic; tie=smallest ID,81,1461,3,person,0,0.000000000,0,0
Semantic,fr3_walking_rpy,run_01,most distinct observed frames among MapPoints ever dynamic; tie=smallest ID,82,1461,3,person,1,0.000000000,1,0
Semantic,fr3_walking_rpy,run_01,most distinct observed frames among MapPoints ever dynamic; tie=smallest ID,83,1461,3,person,0,0.000000000,0,0
Semantic,fr3_walking_rpy,run_01,most distinct observed frames among MapPoints ever dynamic; tie=smallest ID,84,1461,3,person,0,0.000000000,0,0
Semantic,fr3_walking_rpy,run_01,most distinct observed frames among MapPoints ever dynamic; tie=smallest ID,85,1461,3,person,0,0.000000000,0,0
Semantic,fr3_walking_rpy,run_01,most distinct observed frames among MapPoints ever dynamic; tie=smallest ID,86,1461,3,person,0,0.000000000,0,0
Semantic,fr3_walking_rpy,run_01,most distinct observed frames among MapPoints ever dynamic; tie=smallest ID,87,1461,3,person,0,0.000000000,0,0
Semantic,fr3_walking_rpy,run_01,most distinct observed frames among MapPoints ever dynamic; tie=smallest ID,88,1461,3,person,0,0.000000000,0,0
Semantic,fr3_walking_rpy,run_01,most distinct observed frames among MapPoints ever dynamic; tie=smallest ID,89,1461,3,person,0,0.000000000,0,0
Semantic,fr3_walking_rpy,run_01,most distinct observed frames among MapPoints ever dynamic; tie=smallest ID,90,1461,3,person,0,0.000000000,0,0
Semantic,fr3_walking_rpy,run_01,most distinct observed frames among MapPoints ever dynamic; tie=smallest ID,91,1461,3,person,0,0.000000000,0,0
Semantic,fr3_walking_rpy,run_01,most distinct observed frames among MapPoints ever dynamic; tie=smallest ID,92,1461,3,person,0,0.000000000,0,0
Semantic,fr3_walking_rpy,run_01,most distinct observed frames among MapPoints ever dynamic; tie=smallest ID,93,1461,3,person,0,0.000000000,0,0
Semantic,fr3_walking_rpy,run_01,most distinct observed frames among MapPoints ever dynamic; tie=smallest ID,94,1461,3,person,0,0.000000000,0,0
Semantic,fr3_walking_rpy,run_01,most distinct observed frames among MapPoints ever dynamic; tie=smallest ID,95,1461,3,person,0,0.000000000,0,0
Semantic,fr3_walking_rpy,run_01,most distinct observed frames among MapPoints ever dynamic; tie=smallest ID,96,1461,3,person,0,0.000000000,0,0
Semantic,fr3_walking_rpy,run_01,most distinct observed frames among MapPoints ever dynamic; tie=smallest ID,97,1461,3,person,0,0.000000000,0,0
Semantic,fr3_walking_rpy,run_01,most distinct observed frames among MapPoints ever dynamic; tie=smallest ID,98,1461,3,person,0,0.000000000,0,0
Semantic,fr3_walking_rpy,run_01,most distinct observed frames among MapPoints ever dynamic; tie=smallest ID,99,1461,3,person,0,0.000000000,0,0
Semantic,fr3_walking_rpy,run_01,most distinct observed frames among MapPoints ever dynamic; tie=smallest ID,100,1461,3,person,0,0.000000000,0,0
Semantic,fr3_walking_rpy,run_01,most distinct observed frames among MapPoints ever dynamic; tie=smallest ID,101,1461,3,person,0,0.000000000,0,0
Semantic,fr3_walking_rpy,run_01,most distinct observed frames among MapPoints ever dynamic; tie=smallest ID,102,1461,3,person,0,0.000000000,0,0
Semantic,fr3_walking_rpy,run_01,most distinct observed frames among MapPoints ever dynamic; tie=smallest ID,103,1461,3,person,0,0.000000000,0,0
Semantic,fr3_walking_rpy,run_01,most distinct observed frames among MapPoints ever dynamic; tie=smallest ID,104,1461,3,person,0,0.000000000,0,0
Semantic,fr3_walking_rpy,run_01,most distinct observed frames among MapPoints ever dynamic; tie=smallest ID,105,1461,3,person,0,0.000000000,0,0
Semantic,fr3_walking_rpy,run_01,most distinct observed frames among MapPoints ever dynamic; tie=smallest ID,106,1461,3,person,0,0.000000000,0,0
Semantic,fr3_walking_rpy,run_01,most distinct observed frames among MapPoints ever dynamic; tie=smallest ID,107,1461,3,person,0,0.000000000,0,0
Semantic,fr3_walking_rpy,run_01,most distinct observed frames among MapPoints ever dynamic; tie=smallest ID,108,1461,3,person,1,0.000000000,1,0
Semantic,fr3_walking_rpy,run_01,most distinct observed frames among MapPoints ever dynamic; tie=smallest ID,109,1461,3,person,1,0.000000000,1,0
Semantic,fr3_walking_rpy,run_01,most distinct observed frames among MapPoints ever dynamic; tie=smallest ID,110,1461,3,person,1,0.000000000,1,0
Semantic,fr3_walking_rpy,run_01,most distinct observed frames among MapPoints ever dynamic; tie=smallest ID,111,1461,3,person,1,0.000000000,1,0
Semantic,fr3_walking_rpy,run_01,most distinct observed frames among MapPoints ever dynamic; tie=smallest ID,112,1461,3,person,1,0.000000000,1,0
Semantic,fr3_walking_rpy,run_01,most distinct observed frames among MapPoints ever dynamic; tie=smallest ID,113,1461,3,person,1,0.000000000,1,0
Semantic,fr3_walking_rpy,run_01,most distinct observed frames among MapPoints ever dynamic; tie=smallest ID,114,1461,3,person,1,0.000000000,1,0
Semantic,fr3_walking_rpy,run_01,most distinct observed frames among MapPoints ever dynamic; tie=smallest ID,115,1461,3,person,1,0.000000000,1,0
Semantic,fr3_walking_rpy,run_01,most distinct observed frames among MapPoints ever dynamic; tie=smallest ID,116,1461,3,person,1,0.000000000,1,0
Semantic,fr3_walking_rpy,run_01,most distinct observed frames among MapPoints ever dynamic; tie=smallest ID,117,1461,3,person,1,0.000000000,1,0
Semantic,fr3_walking_rpy,run_01,most distinct observed frames among MapPoints ever dynamic; tie=smallest ID,118,1461,3,person,1,0.000000000,1,0
Semantic,fr3_walking_rpy,run_01,most distinct observed frames among MapPoints ever dynamic; tie=smallest ID,119,1461,3,person,1,0.000000000,1,0
Semantic,fr3_walking_rpy,run_01,most distinct observed frames among MapPoints ever dynamic; tie=smallest ID,120,1461,3,person,1,0.000000000,1,0
Semantic,fr3_walking_rpy,run_01,most distinct observed frames among MapPoints ever dynamic; tie=smallest ID,121,1461,3,person,0,0.000000000,0,0
Semantic,fr3_walking_rpy,run_01,most distinct observed frames among MapPoints ever dynamic; tie=smallest ID,122,1461,3,person,1,0.000000000,1,0
Semantic,fr3_walking_rpy,run_01,most distinct observed frames among MapPoints ever dynamic; tie=smallest ID,123,1461,3,person,1,0.000000000,1,0
Semantic,fr3_walking_rpy,run_01,most distinct observed frames among MapPoints ever dynamic; tie=smallest ID,124,1461,3,person,1,0.000000000,1,0
Semantic,fr3_walking_rpy,run_01,most distinct observed frames among MapPoints ever dynamic; tie=smallest ID,125,1461,3,person,0,0.000000000,0,0
Semantic,fr3_walking_rpy,run_01,most distinct observed frames among MapPoints ever dynamic; tie=smallest ID,126,1461,3,person,0,0.000000000,0,0
Semantic,fr3_walking_rpy,run_01,most distinct observed frames among MapPoints ever dynamic; tie=smallest ID,127,1461,3,person,0,0.000000000,0,0
Semantic,fr3_walking_rpy,run_01,most distinct observed frames among MapPoints ever dynamic; tie=smallest ID,128,1461,3,person,0,0.000000000,0,0
Semantic,fr3_walking_rpy,run_01,most distinct observed frames among MapPoints ever dynamic; tie=smallest ID,129,1461,3,person,1,0.000000000,1,0
Semantic,fr3_walking_rpy,run_01,most distinct observed frames among MapPoints ever dynamic; tie=smallest ID,130,1461,3,person,1,0.000000000,1,0
Semantic,fr3_walking_rpy,run_01,most distinct observed frames among MapPoints ever dynamic; tie=smallest ID,131,1461,3,person,1,0.000000000,1,0
Semantic,fr3_walking_rpy,run_01,most distinct observed frames among MapPoints ever dynamic; tie=smallest ID,132,1461,3,person,1,0.000000000,1,0
Semantic,fr3_walking_rpy,run_01,most distinct observed frames among MapPoints ever dynamic; tie=smallest ID,133,1461,3,person,1,0.000000000,1,0
Semantic,fr3_walking_rpy,run_01,most distinct observed frames among MapPoints ever dynamic; tie=smallest ID,134,1461,3,person,1,0.000000000,1,0
Semantic,fr3_walking_rpy,run_01,most distinct observed frames among MapPoints ever dynamic; tie=smallest ID,135,1461,3,person,1,0.000000000,1,0
Semantic,fr3_walking_rpy,run_01,most distinct observed frames among MapPoints ever dynamic; tie=smallest ID,136,1461,3,person,1,0.000000000,1,0
Semantic,fr3_walking_rpy,run_01,most distinct observed frames among MapPoints ever dynamic; tie=smallest ID,137,1461,3,person,1,0.000000000,1,0
Semantic,fr3_walking_rpy,run_01,most distinct observed frames among MapPoints ever dynamic; tie=smallest ID,138,1461,3,person,1,0.000000000,1,0
Semantic,fr3_walking_rpy,run_01,most distinct observed frames among MapPoints ever dynamic; tie=smallest ID,139,1461,3,person,1,0.000000000,1,0
Semantic,fr3_walking_rpy,run_01,most distinct observed frames among MapPoints ever dynamic; tie=smallest ID,140,1461,3,person,1,0.000000000,1,0
Semantic,fr3_walking_rpy,run_01,most distinct observed frames among MapPoints ever dynamic; tie=smallest ID,141,1461,3,person,1,0.000000000,1,0
Semantic,fr3_walking_rpy,run_01,most distinct observed frames among MapPoints ever dynamic; tie=smallest ID,142,1461,3,person,1,0.000000000,1,0
Semantic,fr3_walking_rpy,run_01,most distinct observed frames among MapPoints ever dynamic; tie=smallest ID,199,1461,3,person,0,0.000000000,0,0
Semantic,fr3_walking_rpy,run_01,most distinct observed frames among MapPoints ever dynamic; tie=smallest ID,202,1461,3,person,0,0.000000000,0,0
Semantic,fr3_walking_rpy,run_01,most distinct observed frames among MapPoints ever dynamic; tie=smallest ID,203,1461,3,person,0,0.000000000,0,0
Semantic,fr3_walking_rpy,run_01,most distinct observed frames among MapPoints ever dynamic; tie=smallest ID,204,1461,3,person,0,0.000000000,0,0
Semantic,fr3_walking_rpy,run_01,most distinct observed frames among MapPoints ever dynamic; tie=smallest ID,205,1461,3,person,0,0.000000000,0,0
Semantic,fr3_walking_rpy,run_01,most distinct observed frames among MapPoints ever dynamic; tie=smallest ID,206,1461,3,person,0,0.000000000,0,0
Semantic,fr3_walking_rpy,run_01,most distinct observed frames among MapPoints ever dynamic; tie=smallest ID,207,1461,3,person,0,0.000000000,0,0
Semantic,fr3_walking_rpy,run_01,most distinct observed frames among MapPoints ever dynamic; tie=smallest ID,208,1461,3,person,0,0.000000000,0,0
Semantic,fr3_walking_rpy,run_01,most distinct observed frames among MapPoints ever dynamic; tie=smallest ID,209,1461,3,person,0,0.000000000,0,0
Semantic,fr3_walking_rpy,run_01,most distinct observed frames among MapPoints ever dynamic; tie=smallest ID,210,1461,3,person,0,0.000000000,0,0
Semantic,fr3_walking_rpy,run_01,most distinct observed frames among MapPoints ever dynamic; tie=smallest ID,211,1461,3,person,0,0.000000000,0,0
Semantic,fr3_walking_rpy,run_01,most distinct observed frames among MapPoints ever dynamic; tie=smallest ID,214,1461,3,person,0,0.000000000,0,0
Semantic,fr3_walking_rpy,run_01,most distinct observed frames among MapPoints ever dynamic; tie=smallest ID,217,1461,3,person,0,0.000000000,0,0
Semantic,fr3_walking_rpy,run_01,most distinct observed frames among MapPoints ever dynamic; tie=smallest ID,223,1461,3,person,0,0.000000000,0,0
Semantic,fr3_walking_rpy,run_01,most distinct observed frames among MapPoints ever dynamic; tie=smallest ID,290,1461,3,person,1,0.000000000,1,0
Semantic,fr3_walking_rpy,run_01,most distinct observed frames among MapPoints ever dynamic; tie=smallest ID,297,1461,3,person,1,0.000000000,1,0
Semantic,fr3_walking_rpy,run_01,most distinct observed frames among MapPoints ever dynamic; tie=smallest ID,300,1461,3,person,0,0.000000000,0,0
Semantic,fr3_walking_rpy,run_01,most distinct observed frames among MapPoints ever dynamic; tie=smallest ID,302,1461,3,person,0,0.000000000,0,0
Semantic,fr3_walking_rpy,run_01,most distinct observed frames among MapPoints ever dynamic; tie=smallest ID,303,1461,3,person,0,0.000000000,0,0
Semantic,fr3_walking_rpy,run_01,most distinct observed frames among MapPoints ever dynamic; tie=smallest ID,304,1461,3,person,0,0.000000000,0,0
Semantic,fr3_walking_rpy,run_01,most distinct observed frames among MapPoints ever dynamic; tie=smallest ID,305,1461,3,person,0,0.000000000,0,0
Semantic,fr3_walking_rpy,run_01,most distinct observed frames among MapPoints ever dynamic; tie=smallest ID,306,1461,3,person,0,0.000000000,0,0
Semantic,fr3_walking_rpy,run_01,most distinct observed frames among MapPoints ever dynamic; tie=smallest ID,316,1461,3,person,0,0.000000000,0,0
Semantic,fr3_walking_rpy,run_01,most distinct observed frames among MapPoints ever dynamic; tie=smallest ID,321,1461,3,person,0,0.000000000,0,0
Semantic,fr3_walking_rpy,run_01,most distinct observed frames among MapPoints ever dynamic; tie=smallest ID,342,1461,3,person,0,0.000000000,0,0
Semantic,fr3_walking_rpy,run_01,most distinct observed frames among MapPoints ever dynamic; tie=smallest ID,343,1461,3,person,0,0.000000000,0,0
Semantic,fr3_walking_rpy,run_01,most distinct observed frames among MapPoints ever dynamic; tie=smallest ID,344,1461,3,person,0,0.000000000,0,0
Semantic,fr3_walking_rpy,run_01,most distinct observed frames among MapPoints ever dynamic; tie=smallest ID,346,1461,3,person,0,0.000000000,0,0
Semantic,fr3_walking_rpy,run_01,most distinct observed frames among MapPoints ever dynamic; tie=smallest ID,351,1461,3,person,0,0.000000000,0,0
Semantic,fr3_walking_rpy,run_01,most distinct observed frames among MapPoints ever dynamic; tie=smallest ID,352,1461,3,person,0,0.000000000,0,0
Semantic,fr3_walking_rpy,run_01,most distinct observed frames among MapPoints ever dynamic; tie=smallest ID,353,1461,3,person,0,0.000000000,0,0
Semantic,fr3_walking_rpy,run_01,most distinct observed frames among MapPoints ever dynamic; tie=smallest ID,354,1461,3,person,0,0.000000000,0,0
Semantic,fr3_walking_rpy,run_01,most distinct observed frames among MapPoints ever dynamic; tie=smallest ID,355,1461,3,person,0,0.000000000,0,0
Semantic,fr3_walking_rpy,run_01,most distinct observed frames among MapPoints ever dynamic; tie=smallest ID,356,1461,3,person,0,0.000000000,0,0
Semantic,fr3_walking_rpy,run_01,most distinct observed frames among MapPoints ever dynamic; tie=smallest ID,357,1461,3,person,0,0.000000000,0,0
Semantic,fr3_walking_rpy,run_01,most distinct observed frames among MapPoints ever dynamic; tie=smallest ID,358,1461,3,person,0,0.000000000,0,0
Semantic,fr3_walking_rpy,run_01,most distinct observed frames among MapPoints ever dynamic; tie=smallest ID,359,1461,3,person,0,0.000000000,0,0
Semantic,fr3_walking_rpy,run_01,most distinct observed frames among MapPoints ever dynamic; tie=smallest ID,360,1461,3,person,0,0.000000000,0,0
Semantic,fr3_walking_rpy,run_01,most distinct observed frames among MapPoints ever dynamic; tie=smallest ID,361,1461,3,person,0,0.000000000,0,0
Semantic,fr3_walking_rpy,run_01,most distinct observed frames among MapPoints ever dynamic; tie=smallest ID,362,1461,3,person,0,0.000000000,0,0
Semantic,fr3_walking_rpy,run_01,most distinct observed frames among MapPoints ever dynamic; tie=smallest ID,363,1461,3,person,0,0.000000000,0,0
Semantic,fr3_walking_rpy,run_01,most distinct observed frames among MapPoints ever dynamic; tie=smallest ID,364,1461,3,person,0,0.000000000,0,0
Semantic,fr3_walking_rpy,run_01,most distinct observed frames among MapPoints ever dynamic; tie=smallest ID,365,1461,3,person,0,0.000000000,0,0
Semantic,fr3_walking_rpy,run_01,most distinct observed frames among MapPoints ever dynamic; tie=smallest ID,366,1461,3,person,0,0.000000000,0,0
Semantic,fr3_walking_rpy,run_01,most distinct observed frames among MapPoints ever dynamic; tie=smallest ID,367,1461,3,person,0,0.000000000,0,0
Semantic,fr3_walking_rpy,run_01,most distinct observed frames among MapPoints ever dynamic; tie=smallest ID,368,1461,3,person,0,0.000000000,0,0
Semantic,fr3_walking_rpy,run_01,most distinct observed frames among MapPoints ever dynamic; tie=smallest ID,369,1461,3,person,0,0.000000000,0,0
Semantic,fr3_walking_rpy,run_01,most distinct observed frames among MapPoints ever dynamic; tie=smallest ID,370,1461,3,person,0,0.000000000,0,0
Semantic,fr3_walking_rpy,run_01,most distinct observed frames among MapPoints ever dynamic; tie=smallest ID,371,1461,3,person,0,0.000000000,0,0
Semantic,fr3_walking_rpy,run_01,most distinct observed frames among MapPoints ever dynamic; tie=smallest ID,372,1461,3,person,0,0.000000000,0,0
Semantic,fr3_walking_rpy,run_01,most distinct observed frames among MapPoints ever dynamic; tie=smallest ID,373,1461,3,person,0,0.000000000,0,0
Semantic,fr3_walking_rpy,run_01,most distinct observed frames among MapPoints ever dynamic; tie=smallest ID,374,1461,3,person,0,0.000000000,0,0
Semantic,fr3_walking_rpy,run_01,most distinct observed frames among MapPoints ever dynamic; tie=smallest ID,375,1461,3,person,0,0.000000000,0,0
Semantic,fr3_walking_rpy,run_01,most distinct observed frames among MapPoints ever dynamic; tie=smallest ID,376,1461,3,person,0,0.000000000,0,0
Semantic,fr3_walking_rpy,run_01,most distinct observed frames among MapPoints ever dynamic; tie=smallest ID,377,1461,3,person,0,0.000000000,0,0
Semantic,fr3_walking_rpy,run_01,most distinct observed frames among MapPoints ever dynamic; tie=smallest ID,378,1461,3,person,0,0.000000000,0,0
Semantic,fr3_walking_rpy,run_01,most distinct observed frames among MapPoints ever dynamic; tie=smallest ID,379,1461,3,person,0,0.000000000,0,0
Semantic,fr3_walking_rpy,run_01,most distinct observed frames among MapPoints ever dynamic; tie=smallest ID,380,1461,3,person,0,0.000000000,0,0
Semantic,fr3_walking_rpy,run_01,most distinct observed frames among MapPoints ever dynamic; tie=smallest ID,381,1461,3,person,0,0.000000000,0,0
Semantic,fr3_walking_rpy,run_01,most distinct observed frames among MapPoints ever dynamic; tie=smallest ID,382,1461,3,person,0,0.000000000,0,0
Semantic,fr3_walking_rpy,run_01,most distinct observed frames among MapPoints ever dynamic; tie=smallest ID,383,1461,3,person,0,0.000000000,0,0
Semantic,fr3_walking_rpy,run_01,most distinct observed frames among MapPoints ever dynamic; tie=smallest ID,384,1461,3,person,0,0.000000000,0,0
Semantic,fr3_walking_rpy,run_01,most distinct observed frames among MapPoints ever dynamic; tie=smallest ID,385,1461,3,person,0,0.000000000,0,0
Semantic,fr3_walking_rpy,run_01,most distinct observed frames among MapPoints ever dynamic; tie=smallest ID,386,1461,3,person,0,0.000000000,0,0
Semantic,fr3_walking_rpy,run_01,most distinct observed frames among MapPoints ever dynamic; tie=smallest ID,387,1461,3,person,0,0.000000000,0,0
Semantic,fr3_walking_rpy,run_01,most distinct observed frames among MapPoints ever dynamic; tie=smallest ID,388,1461,3,person,0,0.000000000,0,0
Semantic,fr3_walking_rpy,run_01,most distinct observed frames among MapPoints ever dynamic; tie=smallest ID,389,1461,3,person,0,0.000000000,0,0
Semantic,fr3_walking_rpy,run_01,most distinct observed frames among MapPoints ever dynamic; tie=smallest ID,390,1461,3,person,0,0.000000000,0,0
Semantic,fr3_walking_rpy,run_01,most distinct observed frames among MapPoints ever dynamic; tie=smallest ID,391,1461,3,person,0,0.000000000,0,0
Semantic,fr3_walking_rpy,run_01,most distinct observed frames among MapPoints ever dynamic; tie=smallest ID,392,1461,3,person,0,0.000000000,0,0
Semantic,fr3_walking_rpy,run_01,most distinct observed frames among MapPoints ever dynamic; tie=smallest ID,393,1461,3,person,0,0.000000000,0,0
Semantic,fr3_walking_rpy,run_01,most distinct observed frames among MapPoints ever dynamic; tie=smallest ID,394,1461,3,person,0,0.000000000,0,0
Semantic,fr3_walking_rpy,run_01,most distinct observed frames among MapPoints ever dynamic; tie=smallest ID,395,1461,3,person,0,0.000000000,0,0
Semantic,fr3_walking_rpy,run_01,most distinct observed frames among MapPoints ever dynamic; tie=smallest ID,396,1461,3,person,0,0.000000000,0,0
Semantic,fr3_walking_rpy,run_01,most distinct observed frames among MapPoints ever dynamic; tie=smallest ID,397,1461,3,person,0,0.000000000,0,0
Semantic,fr3_walking_rpy,run_01,most distinct observed frames among MapPoints ever dynamic; tie=smallest ID,398,1461,3,person,0,0.000000000,0,0
Semantic,fr3_walking_rpy,run_01,most distinct observed frames among MapPoints ever dynamic; tie=smallest ID,399,1461,3,person,0,0.000000000,0,0
Semantic,fr3_walking_rpy,run_01,most distinct observed frames among MapPoints ever dynamic; tie=smallest ID,400,1461,3,person,0,0.000000000,0,0
Semantic,fr3_walking_rpy,run_01,most distinct observed frames among MapPoints ever dynamic; tie=smallest ID,401,1461,3,person,0,0.000000000,0,0
Semantic,fr3_walking_rpy,run_01,most distinct observed frames among MapPoints ever dynamic; tie=smallest ID,402,1461,3,person,0,0.000000000,0,0
Semantic,fr3_walking_rpy,run_01,most distinct observed frames among MapPoints ever dynamic; tie=smallest ID,403,1461,3,person,0,0.000000000,0,0
Semantic,fr3_walking_rpy,run_01,most distinct observed frames among MapPoints ever dynamic; tie=smallest ID,404,1461,3,person,0,0.000000000,0,0
Semantic,fr3_walking_rpy,run_01,most distinct observed frames among MapPoints ever dynamic; tie=smallest ID,405,1461,3,person,0,0.000000000,0,0
Semantic,fr3_walking_rpy,run_01,most distinct observed frames among MapPoints ever dynamic; tie=smallest ID,406,1461,3,person,0,0.000000000,0,0
Semantic,fr3_walking_rpy,run_01,most distinct observed frames among MapPoints ever dynamic; tie=smallest ID,407,1461,3,person,0,0.000000000,0,0
Semantic,fr3_walking_rpy,run_01,most distinct observed frames among MapPoints ever dynamic; tie=smallest ID,408,1461,3,person,0,0.000000000,0,0
Semantic,fr3_walking_rpy,run_01,most distinct observed frames among MapPoints ever dynamic; tie=smallest ID,409,1461,3,person,0,0.000000000,0,0
Semantic,fr3_walking_rpy,run_01,most distinct observed frames among MapPoints ever dynamic; tie=smallest ID,410,1461,3,person,1,0.000000000,1,0
Semantic,fr3_walking_rpy,run_01,most distinct observed frames among MapPoints ever dynamic; tie=smallest ID,411,1461,3,person,1,0.000000000,1,0
Semantic,fr3_walking_rpy,run_01,most distinct observed frames among MapPoints ever dynamic; tie=smallest ID,454,1461,3,person,0,0.000000000,0,0
Semantic,fr3_walking_rpy,run_01,most distinct observed frames among MapPoints ever dynamic; tie=smallest ID,455,1461,3,person,0,0.000000000,0,0
Semantic,fr3_walking_rpy,run_01,most distinct observed frames among MapPoints ever dynamic; tie=smallest ID,456,1461,3,person,0,0.000000000,0,0
Semantic,fr3_walking_rpy,run_01,most distinct observed frames among MapPoints ever dynamic; tie=smallest ID,457,1461,3,person,0,0.000000000,0,0
Semantic,fr3_walking_rpy,run_01,most distinct observed frames among MapPoints ever dynamic; tie=smallest ID,458,1461,3,person,0,0.000000000,0,0
Semantic,fr3_walking_rpy,run_01,most distinct observed frames among MapPoints ever dynamic; tie=smallest ID,459,1461,3,person,0,0.000000000,0,0
Semantic,fr3_walking_rpy,run_01,most distinct observed frames among MapPoints ever dynamic; tie=smallest ID,460,1461,3,person,0,0.000000000,0,0
Semantic,fr3_walking_rpy,run_01,most distinct observed frames among MapPoints ever dynamic; tie=smallest ID,461,1461,3,person,0,0.000000000,0,0
Semantic,fr3_walking_rpy,run_01,most distinct observed frames among MapPoints ever dynamic; tie=smallest ID,462,1461,3,person,0,0.000000000,0,0
Semantic,fr3_walking_rpy,run_01,most distinct observed frames among MapPoints ever dynamic; tie=smallest ID,463,1461,3,person,0,0.000000000,0,0
Semantic,fr3_walking_rpy,run_01,most distinct observed frames among MapPoints ever dynamic; tie=smallest ID,464,1461,3,person,0,0.000000000,0,0
Semantic,fr3_walking_rpy,run_01,most distinct observed frames among MapPoints ever dynamic; tie=smallest ID,465,1461,3,person,0,0.000000000,0,0
Semantic,fr3_walking_rpy,run_01,most distinct observed frames among MapPoints ever dynamic; tie=smallest ID,466,1461,3,person,0,0.000000000,0,0
Semantic,fr3_walking_rpy,run_01,most distinct observed frames among MapPoints ever dynamic; tie=smallest ID,467,1461,3,person,0,0.000000000,0,0
Semantic,fr3_walking_rpy,run_01,most distinct observed frames among MapPoints ever dynamic; tie=smallest ID,468,1461,3,person,0,0.000000000,0,0
Semantic,fr3_walking_rpy,run_01,most distinct observed frames among MapPoints ever dynamic; tie=smallest ID,469,1461,3,person,0,0.000000000,0,0
Semantic,fr3_walking_rpy,run_01,most distinct observed frames among MapPoints ever dynamic; tie=smallest ID,470,1461,3,person,0,0.000000000,0,0
Semantic,fr3_walking_rpy,run_01,most distinct observed frames among MapPoints ever dynamic; tie=smallest ID,471,1461,3,person,0,0.000000000,0,0
Semantic,fr3_walking_rpy,run_01,most distinct observed frames among MapPoints ever dynamic; tie=smallest ID,472,1461,3,person,0,0.000000000,0,0
Semantic,fr3_walking_rpy,run_01,most distinct observed frames among MapPoints ever dynamic; tie=smallest ID,473,1461,3,person,0,0.000000000,0,0
Semantic,fr3_walking_rpy,run_01,most distinct observed frames among MapPoints ever dynamic; tie=smallest ID,474,1461,3,person,0,0.000000000,0,0
Semantic,fr3_walking_rpy,run_01,most distinct observed frames among MapPoints ever dynamic; tie=smallest ID,475,1461,3,person,0,0.000000000,0,0
Semantic,fr3_walking_rpy,run_01,most distinct observed frames among MapPoints ever dynamic; tie=smallest ID,476,1461,3,person,0,0.000000000,0,0
Semantic,fr3_walking_rpy,run_01,most distinct observed frames among MapPoints ever dynamic; tie=smallest ID,477,1461,3,person,0,0.000000000,0,0
Semantic,fr3_walking_rpy,run_01,most distinct observed frames among MapPoints ever dynamic; tie=smallest ID,478,1461,3,person,0,0.000000000,0,0
Semantic,fr3_walking_rpy,run_01,most distinct observed frames among MapPoints ever dynamic; tie=smallest ID,479,1461,3,person,0,0.000000000,0,0
Semantic,fr3_walking_rpy,run_01,most distinct observed frames among MapPoints ever dynamic; tie=smallest ID,480,1461,3,person,0,0.000000000,0,0
Semantic,fr3_walking_rpy,run_01,most distinct observed frames among MapPoints ever dynamic; tie=smallest ID,481,1461,3,person,0,0.000000000,0,0
Semantic,fr3_walking_rpy,run_01,most distinct observed frames among MapPoints ever dynamic; tie=smallest ID,482,1461,3,person,0,0.000000000,0,0
Semantic,fr3_walking_rpy,run_01,most distinct observed frames among MapPoints ever dynamic; tie=smallest ID,483,1461,3,person,0,0.000000000,0,0
Semantic,fr3_walking_rpy,run_01,most distinct observed frames among MapPoints ever dynamic; tie=smallest ID,484,1461,3,person,0,0.000000000,0,0
Semantic,fr3_walking_rpy,run_01,most distinct observed frames among MapPoints ever dynamic; tie=smallest ID,485,1461,3,person,0,0.000000000,0,0
Semantic,fr3_walking_rpy,run_01,most distinct observed frames among MapPoints ever dynamic; tie=smallest ID,486,1461,3,person,0,0.000000000,0,0
Semantic,fr3_walking_rpy,run_01,most distinct observed frames among MapPoints ever dynamic; tie=smallest ID,487,1461,3,person,0,0.000000000,0,0
Semantic,fr3_walking_rpy,run_01,most distinct observed frames among MapPoints ever dynamic; tie=smallest ID,488,1461,3,person,0,0.000000000,0,0
Semantic,fr3_walking_rpy,run_01,most distinct observed frames among MapPoints ever dynamic; tie=smallest ID,489,1461,3,person,0,0.000000000,0,0
Semantic,fr3_walking_rpy,run_01,most distinct observed frames among MapPoints ever dynamic; tie=smallest ID,490,1461,3,person,0,0.000000000,0,0
Semantic,fr3_walking_rpy,run_01,most distinct observed frames among MapPoints ever dynamic; tie=smallest ID,491,1461,3,person,0,0.000000000,0,0
Semantic,fr3_walking_rpy,run_01,most distinct observed frames among MapPoints ever dynamic; tie=smallest ID,492,1461,3,person,0,0.000000000,0,0
Semantic,fr3_walking_rpy,run_01,most distinct observed frames among MapPoints ever dynamic; tie=smallest ID,493,1461,3,person,0,0.000000000,0,0
Semantic,fr3_walking_rpy,run_01,most distinct observed frames among MapPoints ever dynamic; tie=smallest ID,494,1461,3,person,0,0.000000000,0,0
Semantic,fr3_walking_rpy,run_01,most distinct observed frames among MapPoints ever dynamic; tie=smallest ID,495,1461,3,person,0,0.000000000,0,0
Semantic,fr3_walking_rpy,run_01,most distinct observed frames among MapPoints ever dynamic; tie=smallest ID,496,1461,3,person,0,0.000000000,0,0
Semantic,fr3_walking_rpy,run_01,most distinct observed frames among MapPoints ever dynamic; tie=smallest ID,497,1461,3,person,0,0.000000000,0,0
Semantic,fr3_walking_rpy,run_01,most distinct observed frames among MapPoints ever dynamic; tie=smallest ID,498,1461,3,person,0,0.000000000,0,0
Semantic,fr3_walking_rpy,run_01,most distinct observed frames among MapPoints ever dynamic; tie=smallest ID,499,1461,3,person,0,0.000000000,0,0
Semantic,fr3_walking_rpy,run_01,most distinct observed frames among MapPoints ever dynamic; tie=smallest ID,500,1461,3,person,0,0.000000000,0,0
Semantic,fr3_walking_rpy,run_01,most distinct observed frames among MapPoints ever dynamic; tie=smallest ID,501,1461,3,person,0,0.000000000,0,0
Semantic,fr3_walking_rpy,run_01,most distinct observed frames among MapPoints ever dynamic; tie=smallest ID,502,1461,3,person,0,0.000000000,0,0
Semantic,fr3_walking_rpy,run_01,most distinct observed frames among MapPoints ever dynamic; tie=smallest ID,503,1461,3,person,0,0.000000000,0,0
Semantic,fr3_walking_rpy,run_01,most distinct observed frames among MapPoints ever dynamic; tie=smallest ID,504,1461,3,person,0,0.000000000,0,0
Semantic,fr3_walking_rpy,run_01,most distinct observed frames among MapPoints ever dynamic; tie=smallest ID,505,1461,3,person,0,0.000000000,0,0
Semantic,fr3_walking_rpy,run_01,most distinct observed frames among MapPoints ever dynamic; tie=smallest ID,506,1461,3,person,0,0.000000000,0,0
Semantic,fr3_walking_rpy,run_01,most distinct observed frames among MapPoints ever dynamic; tie=smallest ID,507,1461,3,person,0,0.000000000,0,0
Semantic,fr3_walking_rpy,run_01,most distinct observed frames among MapPoints ever dynamic; tie=smallest ID,508,1461,3,person,0,0.000000000,0,0
Semantic,fr3_walking_rpy,run_01,most distinct observed frames among MapPoints ever dynamic; tie=smallest ID,509,1461,3,person,0,0.000000000,0,0
Semantic,fr3_walking_rpy,run_01,most distinct observed frames among MapPoints ever dynamic; tie=smallest ID,510,1461,3,person,0,0.000000000,0,0
Semantic,fr3_walking_rpy,run_01,most distinct observed frames among MapPoints ever dynamic; tie=smallest ID,511,1461,3,person,0,0.000000000,0,0
Semantic,fr3_walking_rpy,run_01,most distinct observed frames among MapPoints ever dynamic; tie=smallest ID,512,1461,3,person,0,0.000000000,0,0
Semantic,fr3_walking_rpy,run_01,most distinct observed frames among MapPoints ever dynamic; tie=smallest ID,513,1461,3,person,0,0.000000000,0,0
Semantic,fr3_walking_rpy,run_01,most distinct observed frames among MapPoints ever dynamic; tie=smallest ID,514,1461,3,person,0,0.000000000,0,0
Semantic,fr3_walking_rpy,run_01,most distinct observed frames among MapPoints ever dynamic; tie=smallest ID,515,1461,3,person,0,0.000000000,0,0
Semantic,fr3_walking_rpy,run_01,most distinct observed frames among MapPoints ever dynamic; tie=smallest ID,516,1461,3,person,0,0.000000000,0,0
Semantic,fr3_walking_rpy,run_01,most distinct observed frames among MapPoints ever dynamic; tie=smallest ID,517,1461,3,person,0,0.000000000,0,0
Semantic,fr3_walking_rpy,run_01,most distinct observed frames among MapPoints ever dynamic; tie=smallest ID,518,1461,3,person,0,0.000000000,0,0
Semantic,fr3_walking_rpy,run_01,most distinct observed frames among MapPoints ever dynamic; tie=smallest ID,519,1461,3,person,0,0.000000000,0,0
Semantic,fr3_walking_rpy,run_01,most distinct observed frames among MapPoints ever dynamic; tie=smallest ID,520,1461,3,person,0,0.000000000,0,0
Semantic,fr3_walking_rpy,run_01,most distinct observed frames among MapPoints ever dynamic; tie=smallest ID,521,1461,3,person,0,0.000000000,0,0
Semantic,fr3_walking_rpy,run_01,most distinct observed frames among MapPoints ever dynamic; tie=smallest ID,522,1461,3,person,0,0.000000000,0,0
Semantic,fr3_walking_rpy,run_01,most distinct observed frames among MapPoints ever dynamic; tie=smallest ID,567,1461,3,person,0,0.000000000,0,0
Semantic,fr3_walking_rpy,run_01,most distinct observed frames among MapPoints ever dynamic; tie=smallest ID,568,1461,3,person,0,0.000000000,0,0
Semantic,fr3_walking_rpy,run_01,most distinct observed frames among MapPoints ever dynamic; tie=smallest ID,569,1461,3,person,0,0.000000000,0,0
Semantic,fr3_walking_rpy,run_01,most distinct observed frames among MapPoints ever dynamic; tie=smallest ID,570,1461,3,person,0,0.000000000,0,0
Semantic,fr3_walking_rpy,run_01,most distinct observed frames among MapPoints ever dynamic; tie=smallest ID,571,1461,3,person,0,0.000000000,0,0
Semantic,fr3_walking_rpy,run_01,most distinct observed frames among MapPoints ever dynamic; tie=smallest ID,572,1461,3,person,0,0.000000000,0,0
Semantic,fr3_walking_rpy,run_01,most distinct observed frames among MapPoints ever dynamic; tie=smallest ID,573,1461,3,person,0,0.000000000,0,0
Semantic,fr3_walking_rpy,run_01,most distinct observed frames among MapPoints ever dynamic; tie=smallest ID,574,1461,3,person,0,0.000000000,0,0
Semantic,fr3_walking_rpy,run_01,most distinct observed frames among MapPoints ever dynamic; tie=smallest ID,575,1461,3,person,0,0.000000000,0,0
Semantic,fr3_walking_rpy,run_01,most distinct observed frames among MapPoints ever dynamic; tie=smallest ID,576,1461,3,person,0,0.000000000,0,0
Semantic,fr3_walking_rpy,run_01,most distinct observed frames among MapPoints ever dynamic; tie=smallest ID,577,1461,3,person,0,0.000000000,0,0
Semantic,fr3_walking_rpy,run_01,most distinct observed frames among MapPoints ever dynamic; tie=smallest ID,578,1461,3,person,0,0.000000000,0,0
Semantic,fr3_walking_rpy,run_01,most distinct observed frames among MapPoints ever dynamic; tie=smallest ID,579,1461,3,person,0,0.000000000,0,0
Semantic,fr3_walking_rpy,run_01,most distinct observed frames among MapPoints ever dynamic; tie=smallest ID,580,1461,3,person,0,0.000000000,0,0
Semantic,fr3_walking_rpy,run_01,most distinct observed frames among MapPoints ever dynamic; tie=smallest ID,581,1461,3,person,0,0.000000000,0,0
Semantic,fr3_walking_rpy,run_01,most distinct observed frames among MapPoints ever dynamic; tie=smallest ID,582,1461,3,person,0,0.000000000,0,0
Semantic,fr3_walking_rpy,run_01,most distinct observed frames among MapPoints ever dynamic; tie=smallest ID,583,1461,3,person,0,0.000000000,0,0
Semantic,fr3_walking_rpy,run_01,most distinct observed frames among MapPoints ever dynamic; tie=smallest ID,584,1461,3,person,0,0.000000000,0,0
Semantic,fr3_walking_rpy,run_01,most distinct observed frames among MapPoints ever dynamic; tie=smallest ID,585,1461,3,person,0,0.000000000,0,0
Semantic,fr3_walking_rpy,run_01,most distinct observed frames among MapPoints ever dynamic; tie=smallest ID,586,1461,3,person,0,0.000000000,0,0
Semantic,fr3_walking_rpy,run_01,most distinct observed frames among MapPoints ever dynamic; tie=smallest ID,587,1461,3,person,0,0.000000000,0,0
Semantic,fr3_walking_rpy,run_01,most distinct observed frames among MapPoints ever dynamic; tie=smallest ID,590,1461,3,person,0,0.000000000,0,0
Semantic,fr3_walking_rpy,run_01,most distinct observed frames among MapPoints ever dynamic; tie=smallest ID,591,1461,3,person,0,0.000000000,0,0
Semantic,fr3_walking_rpy,run_01,most distinct observed frames among MapPoints ever dynamic; tie=smallest ID,592,1461,3,person,0,0.000000000,0,0
Semantic,fr3_walking_rpy,run_01,most distinct observed frames among MapPoints ever dynamic; tie=smallest ID,593,1461,3,person,0,0.000000000,0,0
Semantic,fr3_walking_rpy,run_01,most distinct observed frames among MapPoints ever dynamic; tie=smallest ID,594,1461,3,person,0,0.000000000,0,0
Semantic,fr3_walking_rpy,run_01,most distinct observed frames among MapPoints ever dynamic; tie=smallest ID,595,1461,3,person,0,0.000000000,0,0
Semantic,fr3_walking_rpy,run_01,most distinct observed frames among MapPoints ever dynamic; tie=smallest ID,596,1461,3,person,1,0.000000000,1,0
Semantic,fr3_walking_rpy,run_01,most distinct observed frames among MapPoints ever dynamic; tie=smallest ID,597,1461,3,person,1,0.000000000,1,0
Semantic,fr3_walking_rpy,run_01,most distinct observed frames among MapPoints ever dynamic; tie=smallest ID,598,1461,3,person,1,0.000000000,1,0
Semantic,fr3_walking_rpy,run_01,most distinct observed frames among MapPoints ever dynamic; tie=smallest ID,599,1461,3,person,1,0.000000000,1,0
Semantic,fr3_walking_rpy,run_01,most distinct observed frames among MapPoints ever dynamic; tie=smallest ID,600,1461,3,person,1,0.000000000,1,0
Semantic,fr3_walking_rpy,run_01,most distinct observed frames among MapPoints ever dynamic; tie=smallest ID,601,1461,3,person,1,0.000000000,1,0
Semantic,fr3_walking_rpy,run_01,most distinct observed frames among MapPoints ever dynamic; tie=smallest ID,602,1461,3,person,1,0.000000000,1,0
Semantic,fr3_walking_rpy,run_01,most distinct observed frames among MapPoints ever dynamic; tie=smallest ID,603,1461,3,person,1,0.000000000,1,0
Semantic,fr3_walking_rpy,run_01,most distinct observed frames among MapPoints ever dynamic; tie=smallest ID,604,1461,3,person,1,0.000000000,1,0
Semantic,fr3_walking_rpy,run_01,most distinct observed frames among MapPoints ever dynamic; tie=smallest ID,605,1461,3,person,1,0.000000000,1,0
Semantic,fr3_walking_rpy,run_01,most distinct observed frames among MapPoints ever dynamic; tie=smallest ID,606,1461,3,person,1,0.000000000,1,0
Semantic,fr3_walking_rpy,run_01,most distinct observed frames among MapPoints ever dynamic; tie=smallest ID,610,1461,3,person,1,0.000000000,1,0
Semantic,fr3_walking_rpy,run_01,most distinct observed frames among MapPoints ever dynamic; tie=smallest ID,611,1461,3,person,1,0.000000000,1,0
Semantic,fr3_walking_rpy,run_01,most distinct observed frames among MapPoints ever dynamic; tie=smallest ID,612,1461,3,person,1,0.000000000,1,0
Semantic,fr3_walking_rpy,run_01,most distinct observed frames among MapPoints ever dynamic; tie=smallest ID,613,1461,3,person,1,0.000000000,1,0
Semantic,fr3_walking_rpy,run_01,most distinct observed frames among MapPoints ever dynamic; tie=smallest ID,614,1461,3,person,0,0.000000000,0,0
Semantic,fr3_walking_rpy,run_01,most distinct observed frames among MapPoints ever dynamic; tie=smallest ID,615,1461,3,person,0,0.000000000,0,0
Semantic,fr3_walking_rpy,run_01,most distinct observed frames among MapPoints ever dynamic; tie=smallest ID,616,1461,3,person,0,0.000000000,0,0
Semantic,fr3_walking_rpy,run_01,most distinct observed frames among MapPoints ever dynamic; tie=smallest ID,617,1461,3,person,0,0.000000000,0,0
Semantic,fr3_walking_rpy,run_01,most distinct observed frames among MapPoints ever dynamic; tie=smallest ID,618,1461,3,person,0,0.000000000,0,0
Semantic,fr3_walking_rpy,run_01,most distinct observed frames among MapPoints ever dynamic; tie=smallest ID,619,1461,3,person,0,0.000000000,0,0
Semantic,fr3_walking_rpy,run_01,most distinct observed frames among MapPoints ever dynamic; tie=smallest ID,620,1461,3,person,0,0.000000000,0,0
Semantic,fr3_walking_rpy,run_01,most distinct observed frames among MapPoints ever dynamic; tie=smallest ID,621,1461,3,person,0,0.000000000,0,0
Semantic,fr3_walking_rpy,run_01,most distinct observed frames among MapPoints ever dynamic; tie=smallest ID,622,1461,3,person,0,0.000000000,0,0
Semantic,fr3_walking_rpy,run_01,most distinct observed frames among MapPoints ever dynamic; tie=smallest ID,623,1461,3,person,0,0.000000000,0,0
Semantic,fr3_walking_rpy,run_01,most distinct observed frames among MapPoints ever dynamic; tie=smallest ID,624,1461,3,person,0,0.000000000,0,0
Semantic,fr3_walking_rpy,run_01,most distinct observed frames among MapPoints ever dynamic; tie=smallest ID,625,1461,3,person,0,0.000000000,0,0
Semantic,fr3_walking_rpy,run_01,most distinct observed frames among MapPoints ever dynamic; tie=smallest ID,626,1461,3,person,0,0.000000000,0,0
Semantic,fr3_walking_rpy,run_01,most distinct observed frames among MapPoints ever dynamic; tie=smallest ID,627,1461,3,person,0,0.000000000,0,0
Semantic,fr3_walking_rpy,run_01,most distinct observed frames among MapPoints ever dynamic; tie=smallest ID,628,1461,3,person,0,0.000000000,0,0
Semantic,fr3_walking_rpy,run_01,most distinct observed frames among MapPoints ever dynamic; tie=smallest ID,629,1461,3,person,0,0.000000000,0,0
Semantic,fr3_walking_rpy,run_01,most distinct observed frames among MapPoints ever dynamic; tie=smallest ID,630,1461,3,person,0,0.000000000,0,0
Semantic,fr3_walking_rpy,run_01,most distinct observed frames among MapPoints ever dynamic; tie=smallest ID,631,1461,3,person,0,0.000000000,0,0
Semantic,fr3_walking_rpy,run_01,most distinct observed frames among MapPoints ever dynamic; tie=smallest ID,632,1461,3,person,0,0.000000000,0,0
Semantic,fr3_walking_rpy,run_01,most distinct observed frames among MapPoints ever dynamic; tie=smallest ID,633,1461,3,person,0,0.000000000,0,0
Semantic,fr3_walking_rpy,run_01,most distinct observed frames among MapPoints ever dynamic; tie=smallest ID,634,1461,3,person,0,0.000000000,0,0
Semantic,fr3_walking_rpy,run_01,most distinct observed frames among MapPoints ever dynamic; tie=smallest ID,635,1461,3,person,0,0.000000000,0,0
Semantic,fr3_walking_rpy,run_01,most distinct observed frames among MapPoints ever dynamic; tie=smallest ID,636,1461,3,person,0,0.000000000,0,0
Semantic,fr3_walking_rpy,run_01,most distinct observed frames among MapPoints ever dynamic; tie=smallest ID,637,1461,3,person,0,0.000000000,0,0
Semantic,fr3_walking_rpy,run_01,most distinct observed frames among MapPoints ever dynamic; tie=smallest ID,638,1461,3,person,0,0.000000000,0,0
Semantic,fr3_walking_rpy,run_01,most distinct observed frames among MapPoints ever dynamic; tie=smallest ID,639,1461,3,person,0,0.000000000,0,0
Semantic,fr3_walking_rpy,run_01,most distinct observed frames among MapPoints ever dynamic; tie=smallest ID,640,1461,3,person,0,0.000000000,0,0
Semantic,fr3_walking_rpy,run_01,most distinct observed frames among MapPoints ever dynamic; tie=smallest ID,641,1461,3,person,0,0.000000000,0,0
Semantic,fr3_walking_rpy,run_01,most distinct observed frames among MapPoints ever dynamic; tie=smallest ID,642,1461,3,person,0,0.000000000,0,0
Semantic,fr3_walking_rpy,run_01,most distinct observed frames among MapPoints ever dynamic; tie=smallest ID,643,1461,3,person,0,0.000000000,0,0
Semantic,fr3_walking_rpy,run_01,most distinct observed frames among MapPoints ever dynamic; tie=smallest ID,644,1461,3,person,0,0.000000000,0,0
Semantic,fr3_walking_rpy,run_01,most distinct observed frames among MapPoints ever dynamic; tie=smallest ID,645,1461,3,person,0,0.000000000,0,0
Semantic,fr3_walking_rpy,run_01,most distinct observed frames among MapPoints ever dynamic; tie=smallest ID,646,1461,3,person,0,0.000000000,0,0
Semantic,fr3_walking_rpy,run_01,most distinct observed frames among MapPoints ever dynamic; tie=smallest ID,647,1461,3,person,0,0.000000000,0,0
Semantic,fr3_walking_rpy,run_01,most distinct observed frames among MapPoints ever dynamic; tie=smallest ID,648,1461,3,person,0,0.000000000,0,0
Semantic,fr3_walking_rpy,run_01,most distinct observed frames among MapPoints ever dynamic; tie=smallest ID,649,1461,3,person,0,0.000000000,0,0
Semantic,fr3_walking_rpy,run_01,most distinct observed frames among MapPoints ever dynamic; tie=smallest ID,650,1461,3,person,0,0.000000000,0,0
Semantic,fr3_walking_rpy,run_01,most distinct observed frames among MapPoints ever dynamic; tie=smallest ID,651,1461,3,person,0,0.000000000,0,0
Semantic,fr3_walking_rpy,run_01,most distinct observed frames among MapPoints ever dynamic; tie=smallest ID,652,1461,3,person,0,0.000000000,0,0
Semantic,fr3_walking_rpy,run_01,most distinct observed frames among MapPoints ever dynamic; tie=smallest ID,653,1461,3,person,0,0.000000000,0,0
Semantic,fr3_walking_rpy,run_01,most distinct observed frames among MapPoints ever dynamic; tie=smallest ID,654,1461,3,person,0,0.000000000,0,0
Semantic,fr3_walking_rpy,run_01,most distinct observed frames among MapPoints ever dynamic; tie=smallest ID,655,1461,3,person,0,0.000000000,0,0
Semantic,fr3_walking_rpy,run_01,most distinct observed frames among MapPoints ever dynamic; tie=smallest ID,656,1461,3,person,0,0.000000000,0,0
Semantic,fr3_walking_rpy,run_01,most distinct observed frames among MapPoints ever dynamic; tie=smallest ID,657,1461,3,person,0,0.000000000,0,0
Semantic,fr3_walking_rpy,run_01,most distinct observed frames among MapPoints ever dynamic; tie=smallest ID,658,1461,3,person,0,0.000000000,0,0
Semantic,fr3_walking_rpy,run_01,most distinct observed frames among MapPoints ever dynamic; tie=smallest ID,659,1461,3,person,0,0.000000000,0,0
Semantic,fr3_walking_rpy,run_01,most distinct observed frames among MapPoints ever dynamic; tie=smallest ID,660,1461,3,person,0,0.000000000,0,0
Semantic,fr3_walking_rpy,run_01,most distinct observed frames among MapPoints ever dynamic; tie=smallest ID,661,1461,3,person,0,0.000000000,0,0
Semantic,fr3_walking_rpy,run_01,most distinct observed frames among MapPoints ever dynamic; tie=smallest ID,662,1461,3,person,0,0.000000000,0,0
Semantic,fr3_walking_rpy,run_01,most distinct observed frames among MapPoints ever dynamic; tie=smallest ID,663,1461,3,person,0,0.000000000,0,0
Semantic,fr3_walking_rpy,run_01,most distinct observed frames among MapPoints ever dynamic; tie=smallest ID,664,1461,3,person,0,0.000000000,0,0
Semantic,fr3_walking_rpy,run_01,most distinct observed frames among MapPoints ever dynamic; tie=smallest ID,665,1461,3,person,0,0.000000000,0,0
Semantic,fr3_walking_rpy,run_01,most distinct observed frames among MapPoints ever dynamic; tie=smallest ID,666,1461,3,person,0,0.000000000,0,0
Semantic,fr3_walking_rpy,run_01,most distinct observed frames among MapPoints ever dynamic; tie=smallest ID,667,1461,3,person,0,0.000000000,0,0
Semantic,fr3_walking_rpy,run_01,most distinct observed frames among MapPoints ever dynamic; tie=smallest ID,668,1461,3,person,0,0.000000000,0,0
Semantic,fr3_walking_rpy,run_01,most distinct observed frames among MapPoints ever dynamic; tie=smallest ID,670,1461,3,person,0,0.000000000,0,0
Semantic,fr3_walking_rpy,run_01,most distinct observed frames among MapPoints ever dynamic; tie=smallest ID,671,1461,3,person,0,0.000000000,0,0
Semantic,fr3_walking_rpy,run_01,most distinct observed frames among MapPoints ever dynamic; tie=smallest ID,672,1461,3,person,0,0.000000000,0,0
Semantic,fr3_walking_rpy,run_01,most distinct observed frames among MapPoints ever dynamic; tie=smallest ID,712,1461,3,person,0,0.000000000,0,0
Semantic,fr3_walking_rpy,run_01,most distinct observed frames among MapPoints ever dynamic; tie=smallest ID,718,1461,3,person,0,0.000000000,0,0
Semantic,fr3_walking_rpy,run_01,most distinct observed frames among MapPoints ever dynamic; tie=smallest ID,722,1461,3,person,1,0.000000000,1,0
Semantic,fr3_walking_rpy,run_01,most distinct observed frames among MapPoints ever dynamic; tie=smallest ID,723,1461,3,person,0,0.000000000,0,0
Semantic,fr3_walking_rpy,run_01,most distinct observed frames among MapPoints ever dynamic; tie=smallest ID,724,1461,3,person,0,0.000000000,0,0
Semantic,fr3_walking_rpy,run_01,most distinct observed frames among MapPoints ever dynamic; tie=smallest ID,725,1461,3,person,1,0.000000000,1,0
Semantic,fr3_walking_rpy,run_01,most distinct observed frames among MapPoints ever dynamic; tie=smallest ID,726,1461,3,person,1,0.000000000,1,0
Semantic,fr3_walking_rpy,run_01,most distinct observed frames among MapPoints ever dynamic; tie=smallest ID,727,1461,3,person,1,0.000000000,1,0
Semantic,fr3_walking_rpy,run_01,most distinct observed frames among MapPoints ever dynamic; tie=smallest ID,728,1461,3,person,0,0.000000000,0,0
Semantic,fr3_walking_rpy,run_01,most distinct observed frames among MapPoints ever dynamic; tie=smallest ID,729,1461,3,person,0,0.000000000,0,0
Semantic,fr3_walking_rpy,run_01,most distinct observed frames among MapPoints ever dynamic; tie=smallest ID,730,1461,3,person,0,0.000000000,0,0
Semantic,fr3_walking_rpy,run_01,most distinct observed frames among MapPoints ever dynamic; tie=smallest ID,731,1461,3,person,1,0.000000000,1,0
Semantic,fr3_walking_rpy,run_01,most distinct observed frames among MapPoints ever dynamic; tie=smallest ID,732,1461,3,person,1,0.000000000,1,0
Semantic,fr3_walking_rpy,run_01,most distinct observed frames among MapPoints ever dynamic; tie=smallest ID,733,1461,3,person,0,0.000000000,0,0
Semantic,fr3_walking_rpy,run_01,most distinct observed frames among MapPoints ever dynamic; tie=smallest ID,734,1461,3,person,0,0.000000000,0,0
Semantic,fr3_walking_rpy,run_01,most distinct observed frames among MapPoints ever dynamic; tie=smallest ID,735,1461,3,person,1,0.000000000,1,0
Semantic,fr3_walking_rpy,run_01,most distinct observed frames among MapPoints ever dynamic; tie=smallest ID,736,1461,3,person,0,0.000000000,0,0
Semantic,fr3_walking_rpy,run_01,most distinct observed frames among MapPoints ever dynamic; tie=smallest ID,737,1461,3,person,0,0.000000000,0,0
Semantic,fr3_walking_rpy,run_01,most distinct observed frames among MapPoints ever dynamic; tie=smallest ID,738,1461,3,person,0,0.000000000,0,0
Semantic,fr3_walking_halfsphere,run_01,most distinct observed frames among MapPoints ever dynamic; tie=smallest ID,1,332,3,person,0,0.000000000,0,0
Semantic,fr3_walking_halfsphere,run_01,most distinct observed frames among MapPoints ever dynamic; tie=smallest ID,2,332,3,person,0,0.000000000,0,0
Semantic,fr3_walking_halfsphere,run_01,most distinct observed frames among MapPoints ever dynamic; tie=smallest ID,3,332,3,person,0,0.000000000,0,0
Semantic,fr3_walking_halfsphere,run_01,most distinct observed frames among MapPoints ever dynamic; tie=smallest ID,4,332,3,person,0,0.000000000,0,0
Semantic,fr3_walking_halfsphere,run_01,most distinct observed frames among MapPoints ever dynamic; tie=smallest ID,5,332,3,person,0,0.000000000,0,0
Semantic,fr3_walking_halfsphere,run_01,most distinct observed frames among MapPoints ever dynamic; tie=smallest ID,6,332,3,person,0,0.000000000,0,0
Semantic,fr3_walking_halfsphere,run_01,most distinct observed frames among MapPoints ever dynamic; tie=smallest ID,7,332,3,person,0,0.000000000,0,0
Semantic,fr3_walking_halfsphere,run_01,most distinct observed frames among MapPoints ever dynamic; tie=smallest ID,8,332,3,person,0,0.000000000,0,0
Semantic,fr3_walking_halfsphere,run_01,most distinct observed frames among MapPoints ever dynamic; tie=smallest ID,9,332,3,person,0,0.000000000,0,0
Semantic,fr3_walking_halfsphere,run_01,most distinct observed frames among MapPoints ever dynamic; tie=smallest ID,10,332,3,person,0,0.000000000,0,0
Semantic,fr3_walking_halfsphere,run_01,most distinct observed frames among MapPoints ever dynamic; tie=smallest ID,11,332,3,person,0,0.000000000,0,0
Semantic,fr3_walking_halfsphere,run_01,most distinct observed frames among MapPoints ever dynamic; tie=smallest ID,12,332,3,person,0,0.000000000,0,0
Semantic,fr3_walking_halfsphere,run_01,most distinct observed frames among MapPoints ever dynamic; tie=smallest ID,13,332,3,person,0,0.000000000,0,0
Semantic,fr3_walking_halfsphere,run_01,most distinct observed frames among MapPoints ever dynamic; tie=smallest ID,14,332,3,person,0,0.000000000,0,0
Semantic,fr3_walking_halfsphere,run_01,most distinct observed frames among MapPoints ever dynamic; tie=smallest ID,15,332,3,person,0,0.000000000,0,0
Semantic,fr3_walking_halfsphere,run_01,most distinct observed frames among MapPoints ever dynamic; tie=smallest ID,16,332,3,person,0,0.000000000,0,0
Semantic,fr3_walking_halfsphere,run_01,most distinct observed frames among MapPoints ever dynamic; tie=smallest ID,17,332,3,person,0,0.000000000,0,0
Semantic,fr3_walking_halfsphere,run_01,most distinct observed frames among MapPoints ever dynamic; tie=smallest ID,18,332,3,person,0,0.000000000,0,0
Semantic,fr3_walking_halfsphere,run_01,most distinct observed frames among MapPoints ever dynamic; tie=smallest ID,19,332,3,person,0,0.000000000,0,0
Semantic,fr3_walking_halfsphere,run_01,most distinct observed frames among MapPoints ever dynamic; tie=smallest ID,20,332,3,person,0,0.000000000,0,0
Semantic,fr3_walking_halfsphere,run_01,most distinct observed frames among MapPoints ever dynamic; tie=smallest ID,21,332,3,person,0,0.000000000,0,0
Semantic,fr3_walking_halfsphere,run_01,most distinct observed frames among MapPoints ever dynamic; tie=smallest ID,22,332,3,person,0,0.000000000,0,0
Semantic,fr3_walking_halfsphere,run_01,most distinct observed frames among MapPoints ever dynamic; tie=smallest ID,23,332,3,person,0,0.000000000,0,0
Semantic,fr3_walking_halfsphere,run_01,most distinct observed frames among MapPoints ever dynamic; tie=smallest ID,24,332,3,person,0,0.000000000,0,0
Semantic,fr3_walking_halfsphere,run_01,most distinct observed frames among MapPoints ever dynamic; tie=smallest ID,25,332,3,person,0,0.000000000,0,0
Semantic,fr3_walking_halfsphere,run_01,most distinct observed frames among MapPoints ever dynamic; tie=smallest ID,26,332,3,person,0,0.000000000,0,0
Semantic,fr3_walking_halfsphere,run_01,most distinct observed frames among MapPoints ever dynamic; tie=smallest ID,27,332,3,person,0,0.000000000,0,0
Semantic,fr3_walking_halfsphere,run_01,most distinct observed frames among MapPoints ever dynamic; tie=smallest ID,28,332,3,person,0,0.000000000,0,0
Semantic,fr3_walking_halfsphere,run_01,most distinct observed frames among MapPoints ever dynamic; tie=smallest ID,29,332,3,person,0,0.000000000,0,0
Semantic,fr3_walking_halfsphere,run_01,most distinct observed frames among MapPoints ever dynamic; tie=smallest ID,30,332,3,person,0,0.000000000,0,0
Semantic,fr3_walking_halfsphere,run_01,most distinct observed frames among MapPoints ever dynamic; tie=smallest ID,31,332,3,person,0,0.000000000,0,0
Semantic,fr3_walking_halfsphere,run_01,most distinct observed frames among MapPoints ever dynamic; tie=smallest ID,32,332,3,person,0,0.000000000,0,0
Semantic,fr3_walking_halfsphere,run_01,most distinct observed frames among MapPoints ever dynamic; tie=smallest ID,33,332,3,person,1,0.000000000,1,0
Semantic,fr3_walking_halfsphere,run_01,most distinct observed frames among MapPoints ever dynamic; tie=smallest ID,34,332,3,person,1,0.000000000,1,0
Semantic,fr3_walking_halfsphere,run_01,most distinct observed frames among MapPoints ever dynamic; tie=smallest ID,35,332,3,person,1,0.000000000,1,0
Semantic,fr3_walking_halfsphere,run_01,most distinct observed frames among MapPoints ever dynamic; tie=smallest ID,36,332,3,person,1,0.000000000,1,0
Semantic,fr3_walking_halfsphere,run_01,most distinct observed frames among MapPoints ever dynamic; tie=smallest ID,37,332,3,person,1,0.000000000,1,0
Semantic,fr3_walking_halfsphere,run_01,most distinct observed frames among MapPoints ever dynamic; tie=smallest ID,38,332,3,person,1,0.000000000,1,0
Semantic,fr3_walking_halfsphere,run_01,most distinct observed frames among MapPoints ever dynamic; tie=smallest ID,39,332,3,person,1,0.000000000,1,0
Semantic,fr3_walking_halfsphere,run_01,most distinct observed frames among MapPoints ever dynamic; tie=smallest ID,40,332,3,person,1,0.000000000,1,0
Semantic,fr3_walking_halfsphere,run_01,most distinct observed frames among MapPoints ever dynamic; tie=smallest ID,41,332,3,person,1,0.000000000,1,0
Semantic,fr3_walking_halfsphere,run_01,most distinct observed frames among MapPoints ever dynamic; tie=smallest ID,42,332,3,person,1,0.000000000,1,0
Semantic,fr3_walking_halfsphere,run_01,most distinct observed frames among MapPoints ever dynamic; tie=smallest ID,43,332,3,person,1,0.000000000,1,0
Semantic,fr3_walking_halfsphere,run_01,most distinct observed frames among MapPoints ever dynamic; tie=smallest ID,44,332,3,person,1,0.000000000,1,0
Semantic,fr3_walking_halfsphere,run_01,most distinct observed frames among MapPoints ever dynamic; tie=smallest ID,45,332,3,person,1,0.000000000,1,0
Semantic,fr3_walking_halfsphere,run_01,most distinct observed frames among MapPoints ever dynamic; tie=smallest ID,46,332,3,person,1,0.000000000,1,0
Semantic,fr3_walking_halfsphere,run_01,most distinct observed frames among MapPoints ever dynamic; tie=smallest ID,47,332,3,person,1,0.000000000,1,0
Semantic,fr3_walking_halfsphere,run_01,most distinct observed frames among MapPoints ever dynamic; tie=smallest ID,48,332,3,person,0,0.000000000,0,0
Semantic,fr3_walking_halfsphere,run_01,most distinct observed frames among MapPoints ever dynamic; tie=smallest ID,49,332,3,person,0,0.000000000,0,0
Semantic,fr3_walking_halfsphere,run_01,most distinct observed frames among MapPoints ever dynamic; tie=smallest ID,50,332,3,person,0,0.000000000,0,0
Semantic,fr3_walking_halfsphere,run_01,most distinct observed frames among MapPoints ever dynamic; tie=smallest ID,51,332,3,person,0,0.000000000,0,0
Semantic,fr3_walking_halfsphere,run_01,most distinct observed frames among MapPoints ever dynamic; tie=smallest ID,52,332,3,person,0,0.000000000,0,0
Semantic,fr3_walking_halfsphere,run_01,most distinct observed frames among MapPoints ever dynamic; tie=smallest ID,53,332,3,person,0,0.000000000,0,0
Semantic,fr3_walking_halfsphere,run_01,most distinct observed frames among MapPoints ever dynamic; tie=smallest ID,54,332,3,person,0,0.000000000,0,0
Semantic,fr3_walking_halfsphere,run_01,most distinct observed frames among MapPoints ever dynamic; tie=smallest ID,55,332,3,person,0,0.000000000,0,0
Semantic,fr3_walking_halfsphere,run_01,most distinct observed frames among MapPoints ever dynamic; tie=smallest ID,56,332,3,person,0,0.000000000,0,0
Semantic,fr3_walking_halfsphere,run_01,most distinct observed frames among MapPoints ever dynamic; tie=smallest ID,57,332,3,person,0,0.000000000,0,0
Semantic,fr3_walking_halfsphere,run_01,most distinct observed frames among MapPoints ever dynamic; tie=smallest ID,58,332,3,person,0,0.000000000,0,0
Semantic,fr3_walking_halfsphere,run_01,most distinct observed frames among MapPoints ever dynamic; tie=smallest ID,59,332,3,person,0,0.000000000,0,0
Semantic,fr3_walking_halfsphere,run_01,most distinct observed frames among MapPoints ever dynamic; tie=smallest ID,60,332,3,person,0,0.000000000,0,0
Semantic,fr3_walking_halfsphere,run_01,most distinct observed frames among MapPoints ever dynamic; tie=smallest ID,61,332,3,person,0,0.000000000,0,0
Semantic,fr3_walking_halfsphere,run_01,most distinct observed frames among MapPoints ever dynamic; tie=smallest ID,62,332,3,person,0,0.000000000,0,0
Semantic,fr3_walking_halfsphere,run_01,most distinct observed frames among MapPoints ever dynamic; tie=smallest ID,63,332,3,person,0,0.000000000,0,0
Semantic,fr3_walking_halfsphere,run_01,most distinct observed frames among MapPoints ever dynamic; tie=smallest ID,64,332,3,person,0,0.000000000,0,0
Semantic,fr3_walking_halfsphere,run_01,most distinct observed frames among MapPoints ever dynamic; tie=smallest ID,65,332,3,person,1,0.000000000,1,0
Semantic,fr3_walking_halfsphere,run_01,most distinct observed frames among MapPoints ever dynamic; tie=smallest ID,66,332,3,person,1,0.000000000,1,0
Semantic,fr3_walking_halfsphere,run_01,most distinct observed frames among MapPoints ever dynamic; tie=smallest ID,67,332,3,person,1,0.000000000,1,0
Semantic,fr3_walking_halfsphere,run_01,most distinct observed frames among MapPoints ever dynamic; tie=smallest ID,68,332,3,person,1,0.000000000,1,0
Semantic,fr3_walking_halfsphere,run_01,most distinct observed frames among MapPoints ever dynamic; tie=smallest ID,69,332,3,person,1,0.000000000,1,0
Semantic,fr3_walking_halfsphere,run_01,most distinct observed frames among MapPoints ever dynamic; tie=smallest ID,70,332,3,person,1,0.000000000,1,0
Semantic,fr3_walking_halfsphere,run_01,most distinct observed frames among MapPoints ever dynamic; tie=smallest ID,71,332,3,person,1,0.000000000,1,0
Semantic,fr3_walking_halfsphere,run_01,most distinct observed frames among MapPoints ever dynamic; tie=smallest ID,72,332,3,person,1,0.000000000,1,0
Semantic,fr3_walking_halfsphere,run_01,most distinct observed frames among MapPoints ever dynamic; tie=smallest ID,73,332,3,person,1,0.000000000,1,0
Semantic,fr3_walking_halfsphere,run_01,most distinct observed frames among MapPoints ever dynamic; tie=smallest ID,74,332,3,person,1,0.000000000,1,0
Semantic,fr3_walking_halfsphere,run_01,most distinct observed frames among MapPoints ever dynamic; tie=smallest ID,75,332,3,person,1,0.000000000,1,0
Semantic,fr3_walking_halfsphere,run_01,most distinct observed frames among MapPoints ever dynamic; tie=smallest ID,76,332,3,person,1,0.000000000,1,0
Semantic,fr3_walking_halfsphere,run_01,most distinct observed frames among MapPoints ever dynamic; tie=smallest ID,77,332,3,person,1,0.000000000,1,0
Semantic,fr3_walking_halfsphere,run_01,most distinct observed frames among MapPoints ever dynamic; tie=smallest ID,78,332,3,person,1,0.000000000,1,0
Semantic,fr3_walking_halfsphere,run_01,most distinct observed frames among MapPoints ever dynamic; tie=smallest ID,79,332,3,person,1,0.000000000,1,0
Semantic,fr3_walking_halfsphere,run_01,most distinct observed frames among MapPoints ever dynamic; tie=smallest ID,80,332,3,person,1,0.000000000,1,0
Semantic,fr3_walking_halfsphere,run_01,most distinct observed frames among MapPoints ever dynamic; tie=smallest ID,81,332,3,person,1,0.000000000,1,0
Semantic,fr3_walking_halfsphere,run_01,most distinct observed frames among MapPoints ever dynamic; tie=smallest ID,82,332,3,person,1,0.000000000,1,0
Semantic,fr3_walking_halfsphere,run_01,most distinct observed frames among MapPoints ever dynamic; tie=smallest ID,83,332,3,person,1,0.000000000,1,0
Semantic,fr3_walking_halfsphere,run_01,most distinct observed frames among MapPoints ever dynamic; tie=smallest ID,84,332,3,person,1,0.000000000,1,0
Semantic,fr3_walking_halfsphere,run_01,most distinct observed frames among MapPoints ever dynamic; tie=smallest ID,85,332,3,person,1,0.000000000,1,0
Semantic,fr3_walking_halfsphere,run_01,most distinct observed frames among MapPoints ever dynamic; tie=smallest ID,86,332,3,person,1,0.000000000,1,0
Semantic,fr3_walking_halfsphere,run_01,most distinct observed frames among MapPoints ever dynamic; tie=smallest ID,87,332,3,person,1,0.000000000,1,0
Semantic,fr3_walking_halfsphere,run_01,most distinct observed frames among MapPoints ever dynamic; tie=smallest ID,88,332,3,person,1,0.000000000,1,0
Semantic,fr3_walking_halfsphere,run_01,most distinct observed frames among MapPoints ever dynamic; tie=smallest ID,89,332,3,person,1,0.000000000,1,0
Semantic,fr3_walking_halfsphere,run_01,most distinct observed frames among MapPoints ever dynamic; tie=smallest ID,90,332,3,person,1,0.000000000,1,0
Semantic,fr3_walking_halfsphere,run_01,most distinct observed frames among MapPoints ever dynamic; tie=smallest ID,91,332,3,person,1,0.000000000,1,0
Semantic,fr3_walking_halfsphere,run_01,most distinct observed frames among MapPoints ever dynamic; tie=smallest ID,92,332,3,person,1,0.000000000,1,0
Semantic,fr3_walking_halfsphere,run_01,most distinct observed frames among MapPoints ever dynamic; tie=smallest ID,93,332,3,person,1,0.000000000,1,0
Semantic,fr3_walking_halfsphere,run_01,most distinct observed frames among MapPoints ever dynamic; tie=smallest ID,94,332,3,person,1,0.000000000,1,0
Semantic,fr3_walking_halfsphere,run_01,most distinct observed frames among MapPoints ever dynamic; tie=smallest ID,95,332,3,person,1,0.000000000,1,0
Semantic,fr3_walking_halfsphere,run_01,most distinct observed frames among MapPoints ever dynamic; tie=smallest ID,96,332,3,person,1,0.000000000,1,0
Semantic,fr3_walking_halfsphere,run_01,most distinct observed frames among MapPoints ever dynamic; tie=smallest ID,97,332,3,person,0,0.000000000,0,0
Semantic,fr3_walking_halfsphere,run_01,most distinct observed frames among MapPoints ever dynamic; tie=smallest ID,98,332,3,person,0,0.000000000,0,0
Semantic,fr3_walking_halfsphere,run_01,most distinct observed frames among MapPoints ever dynamic; tie=smallest ID,99,332,3,person,0,0.000000000,0,0
Semantic,fr3_walking_halfsphere,run_01,most distinct observed frames among MapPoints ever dynamic; tie=smallest ID,100,332,3,person,0,0.000000000,0,0
Semantic,fr3_walking_halfsphere,run_01,most distinct observed frames among MapPoints ever dynamic; tie=smallest ID,101,332,3,person,0,0.000000000,0,0
Semantic,fr3_walking_halfsphere,run_01,most distinct observed frames among MapPoints ever dynamic; tie=smallest ID,102,332,3,person,0,0.000000000,0,0
Semantic,fr3_walking_halfsphere,run_01,most distinct observed frames among MapPoints ever dynamic; tie=smallest ID,103,332,3,person,0,0.000000000,0,0
Semantic,fr3_walking_halfsphere,run_01,most distinct observed frames among MapPoints ever dynamic; tie=smallest ID,104,332,3,person,0,0.000000000,0,0
Semantic,fr3_walking_halfsphere,run_01,most distinct observed frames among MapPoints ever dynamic; tie=smallest ID,105,332,3,person,0,0.000000000,0,0
Semantic,fr3_walking_halfsphere,run_01,most distinct observed frames among MapPoints ever dynamic; tie=smallest ID,106,332,3,person,0,0.000000000,0,0
Semantic,fr3_walking_halfsphere,run_01,most distinct observed frames among MapPoints ever dynamic; tie=smallest ID,107,332,3,person,0,0.000000000,0,0
Semantic,fr3_walking_halfsphere,run_01,most distinct observed frames among MapPoints ever dynamic; tie=smallest ID,108,332,3,person,0,0.000000000,0,0
Semantic,fr3_walking_halfsphere,run_01,most distinct observed frames among MapPoints ever dynamic; tie=smallest ID,109,332,3,person,0,0.000000000,0,0
Semantic,fr3_walking_halfsphere,run_01,most distinct observed frames among MapPoints ever dynamic; tie=smallest ID,110,332,3,person,0,0.000000000,0,0
Semantic,fr3_walking_halfsphere,run_01,most distinct observed frames among MapPoints ever dynamic; tie=smallest ID,111,332,3,person,0,0.000000000,0,0
Semantic,fr3_walking_halfsphere,run_01,most distinct observed frames among MapPoints ever dynamic; tie=smallest ID,112,332,3,person,0,0.000000000,0,0
Semantic,fr3_walking_halfsphere,run_01,most distinct observed frames among MapPoints ever dynamic; tie=smallest ID,113,332,3,person,0,0.000000000,0,0
Semantic,fr3_walking_halfsphere,run_01,most distinct observed frames among MapPoints ever dynamic; tie=smallest ID,114,332,3,person,0,0.000000000,0,0
Semantic,fr3_walking_halfsphere,run_01,most distinct observed frames among MapPoints ever dynamic; tie=smallest ID,115,332,3,person,0,0.000000000,0,0
Semantic,fr3_walking_halfsphere,run_01,most distinct observed frames among MapPoints ever dynamic; tie=smallest ID,116,332,3,person,0,0.000000000,0,0
Semantic,fr3_walking_halfsphere,run_01,most distinct observed frames among MapPoints ever dynamic; tie=smallest ID,117,332,3,person,0,0.000000000,0,0
Semantic,fr3_walking_halfsphere,run_01,most distinct observed frames among MapPoints ever dynamic; tie=smallest ID,118,332,3,person,0,0.000000000,0,0
Semantic,fr3_walking_halfsphere,run_01,most distinct observed frames among MapPoints ever dynamic; tie=smallest ID,119,332,3,person,0,0.000000000,0,0
Semantic,fr3_walking_halfsphere,run_01,most distinct observed frames among MapPoints ever dynamic; tie=smallest ID,120,332,3,person,0,0.000000000,0,0
Semantic,fr3_walking_halfsphere,run_01,most distinct observed frames among MapPoints ever dynamic; tie=smallest ID,121,332,3,person,0,0.000000000,0,0
Semantic,fr3_walking_halfsphere,run_01,most distinct observed frames among MapPoints ever dynamic; tie=smallest ID,122,332,3,person,0,0.000000000,0,0
Semantic,fr3_walking_halfsphere,run_01,most distinct observed frames among MapPoints ever dynamic; tie=smallest ID,123,332,3,person,0,0.000000000,0,0
Semantic,fr3_walking_halfsphere,run_01,most distinct observed frames among MapPoints ever dynamic; tie=smallest ID,124,332,3,person,0,0.000000000,0,0
Semantic,fr3_walking_halfsphere,run_01,most distinct observed frames among MapPoints ever dynamic; tie=smallest ID,125,332,3,person,0,0.000000000,0,0
Semantic,fr3_walking_halfsphere,run_01,most distinct observed frames among MapPoints ever dynamic; tie=smallest ID,126,332,3,person,0,0.000000000,0,0
Semantic,fr3_walking_halfsphere,run_01,most distinct observed frames among MapPoints ever dynamic; tie=smallest ID,127,332,3,person,0,0.000000000,0,0
Semantic,fr3_walking_halfsphere,run_01,most distinct observed frames among MapPoints ever dynamic; tie=smallest ID,128,332,3,person,0,0.000000000,0,0
Semantic,fr3_walking_halfsphere,run_01,most distinct observed frames among MapPoints ever dynamic; tie=smallest ID,129,332,3,person,0,0.000000000,0,0
Semantic,fr3_walking_halfsphere,run_01,most distinct observed frames among MapPoints ever dynamic; tie=smallest ID,130,332,3,person,0,0.000000000,0,0
Semantic,fr3_walking_halfsphere,run_01,most distinct observed frames among MapPoints ever dynamic; tie=smallest ID,131,332,3,person,0,0.000000000,0,0
Semantic,fr3_walking_halfsphere,run_01,most distinct observed frames among MapPoints ever dynamic; tie=smallest ID,132,332,3,person,0,0.000000000,0,0
Semantic,fr3_walking_halfsphere,run_01,most distinct observed frames among MapPoints ever dynamic; tie=smallest ID,133,332,3,person,0,0.000000000,0,0
Semantic,fr3_walking_halfsphere,run_01,most distinct observed frames among MapPoints ever dynamic; tie=smallest ID,134,332,3,person,0,0.000000000,0,0
Semantic,fr3_walking_halfsphere,run_01,most distinct observed frames among MapPoints ever dynamic; tie=smallest ID,135,332,3,person,0,0.000000000,0,0
Semantic,fr3_walking_halfsphere,run_01,most distinct observed frames among MapPoints ever dynamic; tie=smallest ID,136,332,3,person,0,0.000000000,0,0
Semantic,fr3_walking_halfsphere,run_01,most distinct observed frames among MapPoints ever dynamic; tie=smallest ID,137,332,3,person,0,0.000000000,0,0
Semantic,fr3_walking_halfsphere,run_01,most distinct observed frames among MapPoints ever dynamic; tie=smallest ID,138,332,3,person,0,0.000000000,0,0
Semantic,fr3_walking_halfsphere,run_01,most distinct observed frames among MapPoints ever dynamic; tie=smallest ID,139,332,3,person,0,0.000000000,0,0
Semantic,fr3_walking_halfsphere,run_01,most distinct observed frames among MapPoints ever dynamic; tie=smallest ID,140,332,3,person,0,0.000000000,0,0
Semantic,fr3_walking_halfsphere,run_01,most distinct observed frames among MapPoints ever dynamic; tie=smallest ID,141,332,3,person,0,0.000000000,0,0
Semantic,fr3_walking_halfsphere,run_01,most distinct observed frames among MapPoints ever dynamic; tie=smallest ID,142,332,3,person,0,0.000000000,0,0
Semantic,fr3_walking_halfsphere,run_01,most distinct observed frames among MapPoints ever dynamic; tie=smallest ID,143,332,3,person,0,0.000000000,0,0
Semantic,fr3_walking_halfsphere,run_01,most distinct observed frames among MapPoints ever dynamic; tie=smallest ID,144,332,3,person,0,0.000000000,0,0
Semantic,fr3_walking_halfsphere,run_01,most distinct observed frames among MapPoints ever dynamic; tie=smallest ID,145,332,3,person,0,0.000000000,0,0
Semantic,fr3_walking_halfsphere,run_01,most distinct observed frames among MapPoints ever dynamic; tie=smallest ID,146,332,3,person,0,0.000000000,0,0
Semantic,fr3_walking_halfsphere,run_01,most distinct observed frames among MapPoints ever dynamic; tie=smallest ID,147,332,3,person,0,0.000000000,0,0
Semantic,fr3_walking_halfsphere,run_01,most distinct observed frames among MapPoints ever dynamic; tie=smallest ID,148,332,3,person,0,0.000000000,0,0
Semantic,fr3_walking_halfsphere,run_01,most distinct observed frames among MapPoints ever dynamic; tie=smallest ID,149,332,3,person,0,0.000000000,0,0
Semantic,fr3_walking_halfsphere,run_01,most distinct observed frames among MapPoints ever dynamic; tie=smallest ID,150,332,3,person,0,0.000000000,0,0
Semantic,fr3_walking_halfsphere,run_01,most distinct observed frames among MapPoints ever dynamic; tie=smallest ID,151,332,3,person,0,0.000000000,0,0
Semantic,fr3_walking_halfsphere,run_01,most distinct observed frames among MapPoints ever dynamic; tie=smallest ID,152,332,3,person,0,0.000000000,0,0
Semantic,fr3_walking_halfsphere,run_01,most distinct observed frames among MapPoints ever dynamic; tie=smallest ID,153,332,3,person,0,0.000000000,0,0
Semantic,fr3_walking_halfsphere,run_01,most distinct observed frames among MapPoints ever dynamic; tie=smallest ID,154,332,3,person,0,0.000000000,0,0
Semantic,fr3_walking_halfsphere,run_01,most distinct observed frames among MapPoints ever dynamic; tie=smallest ID,155,332,3,person,0,0.000000000,0,0
Semantic,fr3_walking_halfsphere,run_01,most distinct observed frames among MapPoints ever dynamic; tie=smallest ID,156,332,3,person,0,0.000000000,0,0
Semantic,fr3_walking_halfsphere,run_01,most distinct observed frames among MapPoints ever dynamic; tie=smallest ID,157,332,3,person,0,0.000000000,0,0
Semantic,fr3_walking_halfsphere,run_01,most distinct observed frames among MapPoints ever dynamic; tie=smallest ID,158,332,3,person,0,0.000000000,0,0
Semantic,fr3_walking_halfsphere,run_01,most distinct observed frames among MapPoints ever dynamic; tie=smallest ID,159,332,3,person,0,0.000000000,0,0
Semantic,fr3_walking_halfsphere,run_01,most distinct observed frames among MapPoints ever dynamic; tie=smallest ID,160,332,3,person,0,0.000000000,0,0
Semantic,fr3_walking_halfsphere,run_01,most distinct observed frames among MapPoints ever dynamic; tie=smallest ID,161,332,3,person,0,0.000000000,0,0
Semantic,fr3_walking_halfsphere,run_01,most distinct observed frames among MapPoints ever dynamic; tie=smallest ID,162,332,3,person,0,0.000000000,0,0
Semantic,fr3_walking_halfsphere,run_01,most distinct observed frames among MapPoints ever dynamic; tie=smallest ID,163,332,3,person,0,0.000000000,0,0
Semantic,fr3_walking_halfsphere,run_01,most distinct observed frames among MapPoints ever dynamic; tie=smallest ID,164,332,3,person,0,0.000000000,0,0
Semantic,fr3_walking_halfsphere,run_01,most distinct observed frames among MapPoints ever dynamic; tie=smallest ID,165,332,3,person,0,0.000000000,0,0
Semantic,fr3_walking_halfsphere,run_01,most distinct observed frames among MapPoints ever dynamic; tie=smallest ID,166,332,3,person,0,0.000000000,0,0
Semantic,fr3_walking_halfsphere,run_01,most distinct observed frames among MapPoints ever dynamic; tie=smallest ID,167,332,3,person,0,0.000000000,0,0
Semantic,fr3_walking_halfsphere,run_01,most distinct observed frames among MapPoints ever dynamic; tie=smallest ID,168,332,3,person,0,0.000000000,0,0
Semantic,fr3_walking_halfsphere,run_01,most distinct observed frames among MapPoints ever dynamic; tie=smallest ID,169,332,3,person,0,0.000000000,0,0
Semantic,fr3_walking_halfsphere,run_01,most distinct observed frames among MapPoints ever dynamic; tie=smallest ID,170,332,3,person,0,0.000000000,0,0
Semantic,fr3_walking_halfsphere,run_01,most distinct observed frames among MapPoints ever dynamic; tie=smallest ID,171,332,3,person,0,0.000000000,0,0
Semantic,fr3_walking_halfsphere,run_01,most distinct observed frames among MapPoints ever dynamic; tie=smallest ID,172,332,3,person,0,0.000000000,0,0
Semantic,fr3_walking_halfsphere,run_01,most distinct observed frames among MapPoints ever dynamic; tie=smallest ID,173,332,3,person,0,0.000000000,0,0
Semantic,fr3_walking_halfsphere,run_01,most distinct observed frames among MapPoints ever dynamic; tie=smallest ID,174,332,3,person,0,0.000000000,0,0
Semantic,fr3_walking_halfsphere,run_01,most distinct observed frames among MapPoints ever dynamic; tie=smallest ID,175,332,3,person,0,0.000000000,0,0
Semantic,fr3_walking_halfsphere,run_01,most distinct observed frames among MapPoints ever dynamic; tie=smallest ID,176,332,3,person,0,0.000000000,0,0
Semantic,fr3_walking_halfsphere,run_01,most distinct observed frames among MapPoints ever dynamic; tie=smallest ID,177,332,3,person,0,0.000000000,0,0
Semantic,fr3_walking_halfsphere,run_01,most distinct observed frames among MapPoints ever dynamic; tie=smallest ID,178,332,3,person,0,0.000000000,0,0
Semantic,fr3_walking_halfsphere,run_01,most distinct observed frames among MapPoints ever dynamic; tie=smallest ID,179,332,3,person,0,0.000000000,0,0
Semantic,fr3_walking_halfsphere,run_01,most distinct observed frames among MapPoints ever dynamic; tie=smallest ID,180,332,3,person,0,0.000000000,0,0
Semantic,fr3_walking_halfsphere,run_01,most distinct observed frames among MapPoints ever dynamic; tie=smallest ID,181,332,3,person,0,0.000000000,0,0
Semantic,fr3_walking_halfsphere,run_01,most distinct observed frames among MapPoints ever dynamic; tie=smallest ID,182,332,3,person,0,0.000000000,0,0
Semantic,fr3_walking_halfsphere,run_01,most distinct observed frames among MapPoints ever dynamic; tie=smallest ID,183,332,3,person,0,0.000000000,0,0
Semantic,fr3_walking_halfsphere,run_01,most distinct observed frames among MapPoints ever dynamic; tie=smallest ID,184,332,3,person,0,0.000000000,0,0
Semantic,fr3_walking_halfsphere,run_01,most distinct observed frames among MapPoints ever dynamic; tie=smallest ID,185,332,3,person,0,0.000000000,0,0
Semantic,fr3_walking_halfsphere,run_01,most distinct observed frames among MapPoints ever dynamic; tie=smallest ID,186,332,3,person,0,0.000000000,0,0
Semantic,fr3_walking_halfsphere,run_01,most distinct observed frames among MapPoints ever dynamic; tie=smallest ID,187,332,3,person,0,0.000000000,0,0
Semantic,fr3_walking_halfsphere,run_01,most distinct observed frames among MapPoints ever dynamic; tie=smallest ID,188,332,3,person,0,0.000000000,0,0
Semantic,fr3_walking_halfsphere,run_01,most distinct observed frames among MapPoints ever dynamic; tie=smallest ID,189,332,3,person,0,0.000000000,0,0
Semantic,fr3_walking_halfsphere,run_01,most distinct observed frames among MapPoints ever dynamic; tie=smallest ID,190,332,3,person,0,0.000000000,0,0
Semantic,fr3_walking_halfsphere,run_01,most distinct observed frames among MapPoints ever dynamic; tie=smallest ID,191,332,3,person,0,0.000000000,0,0
Semantic,fr3_walking_halfsphere,run_01,most distinct observed frames among MapPoints ever dynamic; tie=smallest ID,192,332,3,person,0,0.000000000,0,0
Semantic,fr3_walking_halfsphere,run_01,most distinct observed frames among MapPoints ever dynamic; tie=smallest ID,193,332,3,person,0,0.000000000,0,0
Semantic,fr3_walking_halfsphere,run_01,most distinct observed frames among MapPoints ever dynamic; tie=smallest ID,194,332,3,person,0,0.000000000,0,0
Semantic,fr3_walking_halfsphere,run_01,most distinct observed frames among MapPoints ever dynamic; tie=smallest ID,195,332,3,person,0,0.000000000,0,0
Semantic,fr3_walking_halfsphere,run_01,most distinct observed frames among MapPoints ever dynamic; tie=smallest ID,196,332,3,person,0,0.000000000,0,0
Semantic,fr3_walking_halfsphere,run_01,most distinct observed frames among MapPoints ever dynamic; tie=smallest ID,197,332,3,person,0,0.000000000,0,0
Semantic,fr3_walking_halfsphere,run_01,most distinct observed frames among MapPoints ever dynamic; tie=smallest ID,198,332,3,person,0,0.000000000,0,0
Semantic,fr3_walking_halfsphere,run_01,most distinct observed frames among MapPoints ever dynamic; tie=smallest ID,199,332,3,person,0,0.000000000,0,0
Semantic,fr3_walking_halfsphere,run_01,most distinct observed frames among MapPoints ever dynamic; tie=smallest ID,200,332,3,person,0,0.000000000,0,0
Semantic,fr3_walking_halfsphere,run_01,most distinct observed frames among MapPoints ever dynamic; tie=smallest ID,201,332,3,person,0,0.000000000,0,0
Semantic,fr3_walking_halfsphere,run_01,most distinct observed frames among MapPoints ever dynamic; tie=smallest ID,202,332,3,person,0,0.000000000,0,0
Semantic,fr3_walking_halfsphere,run_01,most distinct observed frames among MapPoints ever dynamic; tie=smallest ID,203,332,3,person,0,0.000000000,0,0
Semantic,fr3_walking_halfsphere,run_01,most distinct observed frames among MapPoints ever dynamic; tie=smallest ID,204,332,3,person,0,0.000000000,0,0
Semantic,fr3_walking_halfsphere,run_01,most distinct observed frames among MapPoints ever dynamic; tie=smallest ID,205,332,3,person,0,0.000000000,0,0
Semantic,fr3_walking_halfsphere,run_01,most distinct observed frames among MapPoints ever dynamic; tie=smallest ID,206,332,3,person,0,0.000000000,0,0
Semantic,fr3_walking_halfsphere,run_01,most distinct observed frames among MapPoints ever dynamic; tie=smallest ID,207,332,3,person,0,0.000000000,0,0
Semantic,fr3_walking_halfsphere,run_01,most distinct observed frames among MapPoints ever dynamic; tie=smallest ID,208,332,3,person,0,0.000000000,0,0
Semantic,fr3_walking_halfsphere,run_01,most distinct observed frames among MapPoints ever dynamic; tie=smallest ID,209,332,3,person,0,0.000000000,0,0
Semantic,fr3_walking_halfsphere,run_01,most distinct observed frames among MapPoints ever dynamic; tie=smallest ID,210,332,3,person,0,0.000000000,0,0
Semantic,fr3_walking_halfsphere,run_01,most distinct observed frames among MapPoints ever dynamic; tie=smallest ID,211,332,3,person,0,0.000000000,0,0
Semantic,fr3_walking_halfsphere,run_01,most distinct observed frames among MapPoints ever dynamic; tie=smallest ID,212,332,3,person,0,0.000000000,0,0
Semantic,fr3_walking_halfsphere,run_01,most distinct observed frames among MapPoints ever dynamic; tie=smallest ID,213,332,3,person,0,0.000000000,0,0
Semantic,fr3_walking_halfsphere,run_01,most distinct observed frames among MapPoints ever dynamic; tie=smallest ID,214,332,3,person,0,0.000000000,0,0
Semantic,fr3_walking_halfsphere,run_01,most distinct observed frames among MapPoints ever dynamic; tie=smallest ID,215,332,3,person,0,0.000000000,0,0
Semantic,fr3_walking_halfsphere,run_01,most distinct observed frames among MapPoints ever dynamic; tie=smallest ID,216,332,3,person,0,0.000000000,0,0
Semantic,fr3_walking_halfsphere,run_01,most distinct observed frames among MapPoints ever dynamic; tie=smallest ID,217,332,3,person,0,0.000000000,0,0
Semantic,fr3_walking_halfsphere,run_01,most distinct observed frames among MapPoints ever dynamic; tie=smallest ID,218,332,3,person,0,0.000000000,0,0
Semantic,fr3_walking_halfsphere,run_01,most distinct observed frames among MapPoints ever dynamic; tie=smallest ID,219,332,3,person,0,0.000000000,0,0
Semantic,fr3_walking_halfsphere,run_01,most distinct observed frames among MapPoints ever dynamic; tie=smallest ID,281,332,3,person,0,0.000000000,0,0
Semantic,fr3_walking_halfsphere,run_01,most distinct observed frames among MapPoints ever dynamic; tie=smallest ID,296,332,3,person,0,0.000000000,0,0
Semantic,fr3_walking_halfsphere,run_01,most distinct observed frames among MapPoints ever dynamic; tie=smallest ID,301,332,3,person,0,0.000000000,0,0
Semantic,fr3_walking_halfsphere,run_01,most distinct observed frames among MapPoints ever dynamic; tie=smallest ID,303,332,3,person,0,0.000000000,0,0
Semantic,fr3_walking_halfsphere,run_01,most distinct observed frames among MapPoints ever dynamic; tie=smallest ID,304,332,3,person,0,0.000000000,0,0
Semantic,fr3_walking_halfsphere,run_01,most distinct observed frames among MapPoints ever dynamic; tie=smallest ID,305,332,3,person,0,0.000000000,0,0
Semantic,fr3_walking_halfsphere,run_01,most distinct observed frames among MapPoints ever dynamic; tie=smallest ID,306,332,3,person,0,0.000000000,0,0
Semantic,fr3_walking_halfsphere,run_01,most distinct observed frames among MapPoints ever dynamic; tie=smallest ID,307,332,3,person,0,0.000000000,0,0
Semantic,fr3_walking_halfsphere,run_01,most distinct observed frames among MapPoints ever dynamic; tie=smallest ID,308,332,3,person,0,0.000000000,0,0
Semantic,fr3_walking_halfsphere,run_01,most distinct observed frames among MapPoints ever dynamic; tie=smallest ID,309,332,3,person,0,0.000000000,0,0
Semantic,fr3_walking_halfsphere,run_01,most distinct observed frames among MapPoints ever dynamic; tie=smallest ID,310,332,3,person,0,0.000000000,0,0
Semantic,fr3_walking_halfsphere,run_01,most distinct observed frames among MapPoints ever dynamic; tie=smallest ID,311,332,3,person,0,0.000000000,0,0
Semantic,fr3_walking_halfsphere,run_01,most distinct observed frames among MapPoints ever dynamic; tie=smallest ID,312,332,3,person,0,0.000000000,0,0
Semantic,fr3_walking_halfsphere,run_01,most distinct observed frames among MapPoints ever dynamic; tie=smallest ID,313,332,3,person,0,0.000000000,0,0
Semantic,fr3_walking_halfsphere,run_01,most distinct observed frames among MapPoints ever dynamic; tie=smallest ID,314,332,3,person,0,0.000000000,0,0
Semantic,fr3_walking_halfsphere,run_01,most distinct observed frames among MapPoints ever dynamic; tie=smallest ID,315,332,3,person,0,0.000000000,0,0
Semantic,fr3_walking_halfsphere,run_01,most distinct observed frames among MapPoints ever dynamic; tie=smallest ID,316,332,3,person,0,0.000000000,0,0
Semantic,fr3_walking_halfsphere,run_01,most distinct observed frames among MapPoints ever dynamic; tie=smallest ID,317,332,3,person,0,0.000000000,0,0
Semantic,fr3_walking_halfsphere,run_01,most distinct observed frames among MapPoints ever dynamic; tie=smallest ID,318,332,3,person,0,0.000000000,0,0
Semantic,fr3_walking_halfsphere,run_01,most distinct observed frames among MapPoints ever dynamic; tie=smallest ID,319,332,3,person,0,0.000000000,0,0
Semantic,fr3_walking_halfsphere,run_01,most distinct observed frames among MapPoints ever dynamic; tie=smallest ID,320,332,3,person,0,0.000000000,0,0
Semantic,fr3_walking_halfsphere,run_01,most distinct observed frames among MapPoints ever dynamic; tie=smallest ID,321,332,3,person,0,0.000000000,0,0
Semantic,fr3_walking_halfsphere,run_01,most distinct observed frames among MapPoints ever dynamic; tie=smallest ID,322,332,3,person,0,0.000000000,0,0
Semantic,fr3_walking_halfsphere,run_01,most distinct observed frames among MapPoints ever dynamic; tie=smallest ID,323,332,3,person,0,0.000000000,0,0
Semantic,fr3_walking_halfsphere,run_01,most distinct observed frames among MapPoints ever dynamic; tie=smallest ID,324,332,3,person,0,0.000000000,0,0
Semantic,fr3_walking_halfsphere,run_01,most distinct observed frames among MapPoints ever dynamic; tie=smallest ID,325,332,3,person,0,0.000000000,0,0
Semantic,fr3_walking_halfsphere,run_01,most distinct observed frames among MapPoints ever dynamic; tie=smallest ID,326,332,3,person,0,0.000000000,0,0
Semantic,fr3_walking_halfsphere,run_01,most distinct observed frames among MapPoints ever dynamic; tie=smallest ID,327,332,3,person,0,0.000000000,0,0
Semantic,fr3_walking_halfsphere,run_01,most distinct observed frames among MapPoints ever dynamic; tie=smallest ID,328,332,3,person,0,0.000000000,0,0
Semantic,fr3_walking_halfsphere,run_01,most distinct observed frames among MapPoints ever dynamic; tie=smallest ID,329,332,3,person,0,0.000000000,0,0
Semantic,fr3_walking_halfsphere,run_01,most distinct observed frames among MapPoints ever dynamic; tie=smallest ID,330,332,3,person,0,0.000000000,0,0
Semantic,fr3_walking_halfsphere,run_01,most distinct observed frames among MapPoints ever dynamic; tie=smallest ID,331,332,3,person,0,0.000000000,0,0
Semantic,fr3_walking_halfsphere,run_01,most distinct observed frames among MapPoints ever dynamic; tie=smallest ID,332,332,3,person,0,0.000000000,0,0
Semantic,fr3_walking_halfsphere,run_01,most distinct observed frames among MapPoints ever dynamic; tie=smallest ID,333,332,3,person,0,0.000000000,0,0
Semantic,fr3_walking_halfsphere,run_01,most distinct observed frames among MapPoints ever dynamic; tie=smallest ID,334,332,3,person,0,0.000000000,0,0
Semantic,fr3_walking_halfsphere,run_01,most distinct observed frames among MapPoints ever dynamic; tie=smallest ID,335,332,3,person,0,0.000000000,0,0
Semantic,fr3_walking_halfsphere,run_01,most distinct observed frames among MapPoints ever dynamic; tie=smallest ID,336,332,3,person,0,0.000000000,0,0
Semantic,fr3_walking_halfsphere,run_01,most distinct observed frames among MapPoints ever dynamic; tie=smallest ID,337,332,3,person,0,0.000000000,0,0
Semantic,fr3_walking_halfsphere,run_01,most distinct observed frames among MapPoints ever dynamic; tie=smallest ID,338,332,3,person,0,0.000000000,0,0
Semantic,fr3_walking_halfsphere,run_01,most distinct observed frames among MapPoints ever dynamic; tie=smallest ID,339,332,3,person,0,0.000000000,0,0
Semantic,fr3_walking_halfsphere,run_01,most distinct observed frames among MapPoints ever dynamic; tie=smallest ID,340,332,3,person,0,0.000000000,0,0
Semantic,fr3_walking_halfsphere,run_01,most distinct observed frames among MapPoints ever dynamic; tie=smallest ID,341,332,3,person,0,0.000000000,0,0
Semantic,fr3_walking_halfsphere,run_01,most distinct observed frames among MapPoints ever dynamic; tie=smallest ID,342,332,3,person,0,0.000000000,0,0
Semantic,fr3_walking_halfsphere,run_01,most distinct observed frames among MapPoints ever dynamic; tie=smallest ID,343,332,3,person,0,0.000000000,0,0
Semantic,fr3_walking_halfsphere,run_01,most distinct observed frames among MapPoints ever dynamic; tie=smallest ID,344,332,3,person,0,0.000000000,0,0
Semantic,fr3_walking_halfsphere,run_01,most distinct observed frames among MapPoints ever dynamic; tie=smallest ID,345,332,3,person,0,0.000000000,0,0
Semantic,fr3_walking_halfsphere,run_01,most distinct observed frames among MapPoints ever dynamic; tie=smallest ID,346,332,3,person,0,0.000000000,0,0
Semantic,fr3_walking_halfsphere,run_01,most distinct observed frames among MapPoints ever dynamic; tie=smallest ID,347,332,3,person,0,0.000000000,0,0
Semantic,fr3_walking_halfsphere,run_01,most distinct observed frames among MapPoints ever dynamic; tie=smallest ID,348,332,3,person,0,0.000000000,0,0
Semantic,fr3_walking_halfsphere,run_01,most distinct observed frames among MapPoints ever dynamic; tie=smallest ID,349,332,3,person,0,0.000000000,0,0
Semantic,fr3_walking_halfsphere,run_01,most distinct observed frames among MapPoints ever dynamic; tie=smallest ID,350,332,3,person,0,0.000000000,0,0
Semantic,fr3_walking_halfsphere,run_01,most distinct observed frames among MapPoints ever dynamic; tie=smallest ID,351,332,3,person,0,0.000000000,0,0
Semantic,fr3_walking_halfsphere,run_01,most distinct observed frames among MapPoints ever dynamic; tie=smallest ID,352,332,3,person,0,0.000000000,0,0
Semantic,fr3_walking_halfsphere,run_01,most distinct observed frames among MapPoints ever dynamic; tie=smallest ID,353,332,3,person,0,0.000000000,0,0
Semantic,fr3_walking_halfsphere,run_01,most distinct observed frames among MapPoints ever dynamic; tie=smallest ID,354,332,3,person,0,0.000000000,0,0
Semantic,fr3_walking_halfsphere,run_01,most distinct observed frames among MapPoints ever dynamic; tie=smallest ID,355,332,3,person,0,0.000000000,0,0
Semantic,fr3_walking_halfsphere,run_01,most distinct observed frames among MapPoints ever dynamic; tie=smallest ID,356,332,3,person,0,0.000000000,0,0
Semantic,fr3_walking_halfsphere,run_01,most distinct observed frames among MapPoints ever dynamic; tie=smallest ID,357,332,3,person,0,0.000000000,0,0
Semantic,fr3_walking_halfsphere,run_01,most distinct observed frames among MapPoints ever dynamic; tie=smallest ID,358,332,3,person,0,0.000000000,0,0
Semantic,fr3_walking_halfsphere,run_01,most distinct observed frames among MapPoints ever dynamic; tie=smallest ID,359,332,3,person,0,0.000000000,0,0
Semantic,fr3_walking_halfsphere,run_01,most distinct observed frames among MapPoints ever dynamic; tie=smallest ID,360,332,3,person,0,0.000000000,0,0
Semantic,fr3_walking_halfsphere,run_01,most distinct observed frames among MapPoints ever dynamic; tie=smallest ID,361,332,3,person,0,0.000000000,0,0
Semantic,fr3_walking_halfsphere,run_01,most distinct observed frames among MapPoints ever dynamic; tie=smallest ID,362,332,3,person,0,0.000000000,0,0
Semantic,fr3_walking_halfsphere,run_01,most distinct observed frames among MapPoints ever dynamic; tie=smallest ID,363,332,3,person,0,0.000000000,0,0
Semantic,fr3_walking_halfsphere,run_01,most distinct observed frames among MapPoints ever dynamic; tie=smallest ID,364,332,3,person,0,0.000000000,0,0
Semantic,fr3_walking_halfsphere,run_01,most distinct observed frames among MapPoints ever dynamic; tie=smallest ID,365,332,3,person,0,0.000000000,0,0
Semantic,fr3_walking_halfsphere,run_01,most distinct observed frames among MapPoints ever dynamic; tie=smallest ID,366,332,3,person,0,0.000000000,0,0
Semantic,fr3_walking_halfsphere,run_01,most distinct observed frames among MapPoints ever dynamic; tie=smallest ID,367,332,3,person,0,0.000000000,0,0
Semantic,fr3_walking_halfsphere,run_01,most distinct observed frames among MapPoints ever dynamic; tie=smallest ID,368,332,3,person,0,0.000000000,0,0
Semantic,fr3_walking_halfsphere,run_01,most distinct observed frames among MapPoints ever dynamic; tie=smallest ID,369,332,3,person,0,0.000000000,0,0
Semantic,fr3_walking_halfsphere,run_01,most distinct observed frames among MapPoints ever dynamic; tie=smallest ID,370,332,3,person,0,0.000000000,0,0
Semantic,fr3_walking_halfsphere,run_01,most distinct observed frames among MapPoints ever dynamic; tie=smallest ID,371,332,3,person,0,0.000000000,0,0
Semantic,fr3_walking_halfsphere,run_01,most distinct observed frames among MapPoints ever dynamic; tie=smallest ID,372,332,3,person,0,0.000000000,0,0
Semantic,fr3_walking_halfsphere,run_01,most distinct observed frames among MapPoints ever dynamic; tie=smallest ID,373,332,3,person,0,0.000000000,0,0
Semantic,fr3_walking_halfsphere,run_01,most distinct observed frames among MapPoints ever dynamic; tie=smallest ID,374,332,3,person,0,0.000000000,0,0
Semantic,fr3_walking_halfsphere,run_01,most distinct observed frames among MapPoints ever dynamic; tie=smallest ID,375,332,3,person,0,0.000000000,0,0
Semantic,fr3_walking_halfsphere,run_01,most distinct observed frames among MapPoints ever dynamic; tie=smallest ID,376,332,3,person,0,0.000000000,0,0
Semantic,fr3_walking_halfsphere,run_01,most distinct observed frames among MapPoints ever dynamic; tie=smallest ID,377,332,3,person,0,0.000000000,0,0
Semantic,fr3_walking_halfsphere,run_01,most distinct observed frames among MapPoints ever dynamic; tie=smallest ID,378,332,3,person,0,0.000000000,0,0
Semantic,fr3_walking_halfsphere,run_01,most distinct observed frames among MapPoints ever dynamic; tie=smallest ID,379,332,3,person,0,0.000000000,0,0
Semantic,fr3_walking_halfsphere,run_01,most distinct observed frames among MapPoints ever dynamic; tie=smallest ID,380,332,3,person,0,0.000000000,0,0
Semantic,fr3_walking_halfsphere,run_01,most distinct observed frames among MapPoints ever dynamic; tie=smallest ID,381,332,3,person,0,0.000000000,0,0
Semantic,fr3_walking_halfsphere,run_01,most distinct observed frames among MapPoints ever dynamic; tie=smallest ID,382,332,3,person,0,0.000000000,0,0
Semantic,fr3_walking_halfsphere,run_01,most distinct observed frames among MapPoints ever dynamic; tie=smallest ID,383,332,3,person,0,0.000000000,0,0
Semantic,fr3_walking_halfsphere,run_01,most distinct observed frames among MapPoints ever dynamic; tie=smallest ID,384,332,3,person,0,0.000000000,0,0
Semantic,fr3_walking_halfsphere,run_01,most distinct observed frames among MapPoints ever dynamic; tie=smallest ID,385,332,3,person,0,0.000000000,0,0
Semantic,fr3_walking_halfsphere,run_01,most distinct observed frames among MapPoints ever dynamic; tie=smallest ID,386,332,3,person,0,0.000000000,0,0
Semantic,fr3_walking_halfsphere,run_01,most distinct observed frames among MapPoints ever dynamic; tie=smallest ID,387,332,3,person,0,0.000000000,0,0
Semantic,fr3_walking_halfsphere,run_01,most distinct observed frames among MapPoints ever dynamic; tie=smallest ID,388,332,3,person,0,0.000000000,0,0
Semantic,fr3_walking_halfsphere,run_01,most distinct observed frames among MapPoints ever dynamic; tie=smallest ID,389,332,3,person,0,0.000000000,0,0
Semantic,fr3_walking_halfsphere,run_01,most distinct observed frames among MapPoints ever dynamic; tie=smallest ID,390,332,3,person,0,0.000000000,0,0
Semantic,fr3_walking_halfsphere,run_01,most distinct observed frames among MapPoints ever dynamic; tie=smallest ID,391,332,3,person,0,0.000000000,0,0
Semantic,fr3_walking_halfsphere,run_01,most distinct observed frames among MapPoints ever dynamic; tie=smallest ID,392,332,3,person,0,0.000000000,0,0
Semantic,fr3_walking_halfsphere,run_01,most distinct observed frames among MapPoints ever dynamic; tie=smallest ID,393,332,3,person,0,0.000000000,0,0
Semantic,fr3_walking_halfsphere,run_01,most distinct observed frames among MapPoints ever dynamic; tie=smallest ID,394,332,3,person,0,0.000000000,0,0
Semantic,fr3_walking_halfsphere,run_01,most distinct observed frames among MapPoints ever dynamic; tie=smallest ID,395,332,3,person,0,0.000000000,0,0
Semantic,fr3_walking_halfsphere,run_01,most distinct observed frames among MapPoints ever dynamic; tie=smallest ID,396,332,3,person,0,0.000000000,0,0
Semantic,fr3_walking_halfsphere,run_01,most distinct observed frames among MapPoints ever dynamic; tie=smallest ID,397,332,3,person,0,0.000000000,0,0
Semantic,fr3_walking_halfsphere,run_01,most distinct observed frames among MapPoints ever dynamic; tie=smallest ID,398,332,3,person,0,0.000000000,0,0
Semantic,fr3_walking_halfsphere,run_01,most distinct observed frames among MapPoints ever dynamic; tie=smallest ID,399,332,3,person,0,0.000000000,0,0
Semantic,fr3_walking_halfsphere,run_01,most distinct observed frames among MapPoints ever dynamic; tie=smallest ID,400,332,3,person,0,0.000000000,0,0
Semantic,fr3_walking_halfsphere,run_01,most distinct observed frames among MapPoints ever dynamic; tie=smallest ID,401,332,3,person,0,0.000000000,0,0
Semantic,fr3_walking_halfsphere,run_01,most distinct observed frames among MapPoints ever dynamic; tie=smallest ID,402,332,3,person,0,0.000000000,0,0
Semantic,fr3_walking_halfsphere,run_01,most distinct observed frames among MapPoints ever dynamic; tie=smallest ID,403,332,3,person,0,0.000000000,0,0
Semantic,fr3_walking_halfsphere,run_01,most distinct observed frames among MapPoints ever dynamic; tie=smallest ID,404,332,3,person,0,0.000000000,0,0
Semantic,fr3_walking_halfsphere,run_01,most distinct observed frames among MapPoints ever dynamic; tie=smallest ID,405,332,3,person,0,0.000000000,0,0
Semantic,fr3_walking_halfsphere,run_01,most distinct observed frames among MapPoints ever dynamic; tie=smallest ID,406,332,3,person,0,0.000000000,0,0
Semantic,fr3_walking_halfsphere,run_01,most distinct observed frames among MapPoints ever dynamic; tie=smallest ID,407,332,3,person,0,0.000000000,0,0
Semantic,fr3_walking_halfsphere,run_01,most distinct observed frames among MapPoints ever dynamic; tie=smallest ID,408,332,3,person,0,0.000000000,0,0
Semantic,fr3_walking_halfsphere,run_01,most distinct observed frames among MapPoints ever dynamic; tie=smallest ID,409,332,3,person,0,0.000000000,0,0
Semantic,fr3_walking_halfsphere,run_01,most distinct observed frames among MapPoints ever dynamic; tie=smallest ID,410,332,3,person,0,0.000000000,0,0
Semantic,fr3_walking_halfsphere,run_01,most distinct observed frames among MapPoints ever dynamic; tie=smallest ID,411,332,3,person,0,0.000000000,0,0
Semantic,fr3_walking_halfsphere,run_01,most distinct observed frames among MapPoints ever dynamic; tie=smallest ID,412,332,3,person,0,0.000000000,0,0
Semantic,fr3_walking_halfsphere,run_01,most distinct observed frames among MapPoints ever dynamic; tie=smallest ID,413,332,3,person,0,0.000000000,0,0
Semantic,fr3_walking_halfsphere,run_01,most distinct observed frames among MapPoints ever dynamic; tie=smallest ID,414,332,3,person,0,0.000000000,0,0
Semantic,fr3_walking_halfsphere,run_01,most distinct observed frames among MapPoints ever dynamic; tie=smallest ID,415,332,3,person,0,0.000000000,0,0
Semantic,fr3_walking_halfsphere,run_01,most distinct observed frames among MapPoints ever dynamic; tie=smallest ID,416,332,3,person,0,0.000000000,0,0
Semantic,fr3_walking_halfsphere,run_01,most distinct observed frames among MapPoints ever dynamic; tie=smallest ID,417,332,3,person,0,0.000000000,0,0
Semantic,fr3_walking_halfsphere,run_01,most distinct observed frames among MapPoints ever dynamic; tie=smallest ID,418,332,3,person,0,0.000000000,0,0
Semantic,fr3_walking_halfsphere,run_01,most distinct observed frames among MapPoints ever dynamic; tie=smallest ID,419,332,3,person,0,0.000000000,0,0
Semantic,fr3_walking_halfsphere,run_01,most distinct observed frames among MapPoints ever dynamic; tie=smallest ID,420,332,3,person,0,0.000000000,0,0
Semantic,fr3_walking_halfsphere,run_01,most distinct observed frames among MapPoints ever dynamic; tie=smallest ID,421,332,3,person,0,0.000000000,0,0
Semantic,fr3_walking_halfsphere,run_01,most distinct observed frames among MapPoints ever dynamic; tie=smallest ID,422,332,3,person,0,0.000000000,0,0
Semantic,fr3_walking_halfsphere,run_01,most distinct observed frames among MapPoints ever dynamic; tie=smallest ID,423,332,3,person,0,0.000000000,0,0
Semantic,fr3_walking_halfsphere,run_01,most distinct observed frames among MapPoints ever dynamic; tie=smallest ID,424,332,3,person,0,0.000000000,0,0
Semantic,fr3_walking_halfsphere,run_01,most distinct observed frames among MapPoints ever dynamic; tie=smallest ID,425,332,3,person,0,0.000000000,0,0
Semantic,fr3_walking_halfsphere,run_01,most distinct observed frames among MapPoints ever dynamic; tie=smallest ID,426,332,3,person,0,0.000000000,0,0
Semantic,fr3_walking_halfsphere,run_01,most distinct observed frames among MapPoints ever dynamic; tie=smallest ID,427,332,3,person,0,0.000000000,0,0
Semantic,fr3_walking_halfsphere,run_01,most distinct observed frames among MapPoints ever dynamic; tie=smallest ID,428,332,3,person,0,0.000000000,0,0
Semantic,fr3_walking_halfsphere,run_01,most distinct observed frames among MapPoints ever dynamic; tie=smallest ID,429,332,3,person,0,0.000000000,0,0
Semantic,fr3_walking_halfsphere,run_01,most distinct observed frames among MapPoints ever dynamic; tie=smallest ID,430,332,3,person,0,0.000000000,0,0
Semantic,fr3_walking_halfsphere,run_01,most distinct observed frames among MapPoints ever dynamic; tie=smallest ID,431,332,3,person,0,0.000000000,0,0
Semantic,fr3_walking_halfsphere,run_01,most distinct observed frames among MapPoints ever dynamic; tie=smallest ID,432,332,3,person,1,0.000000000,1,0
Semantic,fr3_walking_halfsphere,run_01,most distinct observed frames among MapPoints ever dynamic; tie=smallest ID,433,332,3,person,1,0.000000000,1,0
Semantic,fr3_walking_halfsphere,run_01,most distinct observed frames among MapPoints ever dynamic; tie=smallest ID,434,332,3,person,1,0.000000000,1,0
Semantic,fr3_walking_halfsphere,run_01,most distinct observed frames among MapPoints ever dynamic; tie=smallest ID,435,332,3,person,1,0.000000000,1,0
Semantic,fr3_walking_halfsphere,run_01,most distinct observed frames among MapPoints ever dynamic; tie=smallest ID,436,332,3,person,1,0.000000000,1,0
Semantic,fr3_walking_halfsphere,run_01,most distinct observed frames among MapPoints ever dynamic; tie=smallest ID,437,332,3,person,1,0.000000000,1,0
Semantic,fr3_walking_halfsphere,run_01,most distinct observed frames among MapPoints ever dynamic; tie=smallest ID,438,332,3,person,1,0.000000000,1,0
Semantic,fr3_walking_halfsphere,run_01,most distinct observed frames among MapPoints ever dynamic; tie=smallest ID,440,332,3,person,1,0.000000000,1,0
Semantic,fr3_walking_halfsphere,run_01,most distinct observed frames among MapPoints ever dynamic; tie=smallest ID,441,332,3,person,1,0.000000000,1,0
Semantic,fr3_walking_halfsphere,run_01,most distinct observed frames among MapPoints ever dynamic; tie=smallest ID,442,332,3,person,1,0.000000000,1,0
Semantic,fr3_walking_halfsphere,run_01,most distinct observed frames among MapPoints ever dynamic; tie=smallest ID,443,332,3,person,1,0.000000000,1,0
Semantic,fr3_walking_halfsphere,run_01,most distinct observed frames among MapPoints ever dynamic; tie=smallest ID,444,332,3,person,1,0.000000000,1,0
Semantic,fr3_walking_halfsphere,run_01,most distinct observed frames among MapPoints ever dynamic; tie=smallest ID,445,332,3,person,1,0.000000000,1,0
Semantic,fr3_walking_halfsphere,run_01,most distinct observed frames among MapPoints ever dynamic; tie=smallest ID,446,332,3,person,1,0.000000000,1,0
Semantic,fr3_walking_halfsphere,run_01,most distinct observed frames among MapPoints ever dynamic; tie=smallest ID,447,332,3,person,1,0.000000000,1,0
Semantic,fr3_walking_halfsphere,run_01,most distinct observed frames among MapPoints ever dynamic; tie=smallest ID,448,332,3,person,1,0.000000000,1,0
Semantic,fr3_walking_halfsphere,run_01,most distinct observed frames among MapPoints ever dynamic; tie=smallest ID,449,332,3,person,1,0.000000000,1,0
Semantic,fr3_walking_halfsphere,run_01,most distinct observed frames among MapPoints ever dynamic; tie=smallest ID,450,332,3,person,1,0.000000000,1,0
Semantic,fr3_walking_halfsphere,run_01,most distinct observed frames among MapPoints ever dynamic; tie=smallest ID,451,332,3,person,1,0.000000000,1,0
Semantic,fr3_walking_halfsphere,run_01,most distinct observed frames among MapPoints ever dynamic; tie=smallest ID,452,332,3,person,1,0.000000000,1,0
Semantic,fr3_walking_halfsphere,run_01,most distinct observed frames among MapPoints ever dynamic; tie=smallest ID,453,332,3,person,1,0.000000000,1,0
Semantic,fr3_walking_halfsphere,run_01,most distinct observed frames among MapPoints ever dynamic; tie=smallest ID,454,332,3,person,1,0.000000000,1,0
Semantic,fr3_walking_halfsphere,run_01,most distinct observed frames among MapPoints ever dynamic; tie=smallest ID,455,332,3,person,1,0.000000000,1,0
Semantic,fr3_walking_halfsphere,run_01,most distinct observed frames among MapPoints ever dynamic; tie=smallest ID,456,332,3,person,1,0.000000000,1,0
Semantic,fr3_walking_halfsphere,run_01,most distinct observed frames among MapPoints ever dynamic; tie=smallest ID,457,332,3,person,1,0.000000000,1,0
Semantic,fr3_walking_halfsphere,run_01,most distinct observed frames among MapPoints ever dynamic; tie=smallest ID,458,332,3,person,1,0.000000000,1,0
Semantic,fr3_walking_halfsphere,run_01,most distinct observed frames among MapPoints ever dynamic; tie=smallest ID,459,332,3,person,1,0.000000000,1,0
Semantic,fr3_walking_halfsphere,run_01,most distinct observed frames among MapPoints ever dynamic; tie=smallest ID,460,332,3,person,1,0.000000000,1,0
Semantic,fr3_walking_halfsphere,run_01,most distinct observed frames among MapPoints ever dynamic; tie=smallest ID,461,332,3,person,1,0.000000000,1,0
Semantic,fr3_walking_halfsphere,run_01,most distinct observed frames among MapPoints ever dynamic; tie=smallest ID,462,332,3,person,1,0.000000000,1,0
Semantic,fr3_walking_halfsphere,run_01,most distinct observed frames among MapPoints ever dynamic; tie=smallest ID,464,332,3,person,1,0.000000000,1,0
Semantic,fr3_walking_halfsphere,run_01,most distinct observed frames among MapPoints ever dynamic; tie=smallest ID,465,332,3,person,1,0.000000000,1,0
Semantic,fr3_walking_halfsphere,run_01,most distinct observed frames among MapPoints ever dynamic; tie=smallest ID,466,332,3,person,1,0.000000000,1,0
Semantic,fr3_walking_halfsphere,run_01,most distinct observed frames among MapPoints ever dynamic; tie=smallest ID,467,332,3,person,1,0.000000000,1,0
Semantic,fr3_walking_halfsphere,run_01,most distinct observed frames among MapPoints ever dynamic; tie=smallest ID,468,332,3,person,1,0.000000000,1,0
Semantic,fr3_walking_halfsphere,run_01,most distinct observed frames among MapPoints ever dynamic; tie=smallest ID,469,332,3,person,1,0.000000000,1,0
Semantic,fr3_walking_halfsphere,run_01,most distinct observed frames among MapPoints ever dynamic; tie=smallest ID,470,332,3,person,1,0.000000000,1,0
Semantic,fr3_walking_halfsphere,run_01,most distinct observed frames among MapPoints ever dynamic; tie=smallest ID,471,332,3,person,1,0.000000000,1,0
Semantic,fr3_walking_halfsphere,run_01,most distinct observed frames among MapPoints ever dynamic; tie=smallest ID,472,332,3,person,1,0.000000000,1,0
Semantic,fr3_walking_halfsphere,run_01,most distinct observed frames among MapPoints ever dynamic; tie=smallest ID,473,332,3,person,1,0.000000000,1,0
Semantic,fr3_walking_halfsphere,run_01,most distinct observed frames among MapPoints ever dynamic; tie=smallest ID,474,332,3,person,1,0.000000000,1,0
Semantic,fr3_walking_halfsphere,run_01,most distinct observed frames among MapPoints ever dynamic; tie=smallest ID,475,332,3,person,1,0.000000000,1,0
Semantic,fr3_walking_halfsphere,run_01,most distinct observed frames among MapPoints ever dynamic; tie=smallest ID,476,332,3,person,1,0.000000000,1,0
Semantic,fr3_walking_halfsphere,run_01,most distinct observed frames among MapPoints ever dynamic; tie=smallest ID,477,332,3,person,1,0.000000000,1,0
Semantic,fr3_walking_halfsphere,run_01,most distinct observed frames among MapPoints ever dynamic; tie=smallest ID,478,332,3,person,1,0.000000000,1,0
Semantic,fr3_walking_halfsphere,run_01,most distinct observed frames among MapPoints ever dynamic; tie=smallest ID,479,332,3,person,1,0.000000000,1,0
Semantic,fr3_walking_halfsphere,run_01,most distinct observed frames among MapPoints ever dynamic; tie=smallest ID,480,332,3,person,0,0.000000000,0,0
Semantic,fr3_walking_halfsphere,run_01,most distinct observed frames among MapPoints ever dynamic; tie=smallest ID,481,332,3,person,0,0.000000000,0,0
Semantic,fr3_walking_halfsphere,run_01,most distinct observed frames among MapPoints ever dynamic; tie=smallest ID,482,332,3,person,0,0.000000000,0,0
Semantic,fr3_walking_halfsphere,run_01,most distinct observed frames among MapPoints ever dynamic; tie=smallest ID,483,332,3,person,0,0.000000000,0,0
Semantic,fr3_walking_halfsphere,run_01,most distinct observed frames among MapPoints ever dynamic; tie=smallest ID,484,332,3,person,0,0.000000000,0,0
Semantic,fr3_walking_halfsphere,run_01,most distinct observed frames among MapPoints ever dynamic; tie=smallest ID,485,332,3,person,0,0.000000000,0,0
Semantic,fr3_walking_halfsphere,run_01,most distinct observed frames among MapPoints ever dynamic; tie=smallest ID,486,332,3,person,0,0.000000000,0,0
Semantic,fr3_walking_halfsphere,run_01,most distinct observed frames among MapPoints ever dynamic; tie=smallest ID,487,332,3,person,0,0.000000000,0,0
Semantic,fr3_walking_halfsphere,run_01,most distinct observed frames among MapPoints ever dynamic; tie=smallest ID,488,332,3,person,0,0.000000000,0,0
Semantic,fr3_walking_halfsphere,run_01,most distinct observed frames among MapPoints ever dynamic; tie=smallest ID,489,332,3,person,0,0.000000000,0,0
Semantic,fr3_walking_halfsphere,run_01,most distinct observed frames among MapPoints ever dynamic; tie=smallest ID,490,332,3,person,0,0.000000000,0,0
Semantic,fr3_walking_halfsphere,run_01,most distinct observed frames among MapPoints ever dynamic; tie=smallest ID,491,332,3,person,0,0.000000000,0,0
Semantic,fr3_walking_halfsphere,run_01,most distinct observed frames among MapPoints ever dynamic; tie=smallest ID,492,332,3,person,0,0.000000000,0,0
Semantic,fr3_walking_halfsphere,run_01,most distinct observed frames among MapPoints ever dynamic; tie=smallest ID,493,332,3,person,0,0.000000000,0,0
Semantic,fr3_walking_halfsphere,run_01,most distinct observed frames among MapPoints ever dynamic; tie=smallest ID,494,332,3,person,0,0.000000000,0,0
Semantic,fr3_walking_halfsphere,run_01,most distinct observed frames among MapPoints ever dynamic; tie=smallest ID,495,332,3,person,0,0.000000000,0,0
Semantic,fr3_walking_halfsphere,run_01,most distinct observed frames among MapPoints ever dynamic; tie=smallest ID,496,332,3,person,0,0.000000000,0,0
Semantic,fr3_walking_halfsphere,run_01,most distinct observed frames among MapPoints ever dynamic; tie=smallest ID,497,332,3,person,0,0.000000000,0,0
Semantic,fr3_walking_halfsphere,run_01,most distinct observed frames among MapPoints ever dynamic; tie=smallest ID,498,332,3,person,0,0.000000000,0,0
Semantic,fr3_walking_halfsphere,run_01,most distinct observed frames among MapPoints ever dynamic; tie=smallest ID,499,332,3,person,0,0.000000000,0,0
Semantic,fr3_walking_halfsphere,run_01,most distinct observed frames among MapPoints ever dynamic; tie=smallest ID,500,332,3,person,0,0.000000000,0,0
Semantic,fr3_walking_halfsphere,run_01,most distinct observed frames among MapPoints ever dynamic; tie=smallest ID,501,332,3,person,0,0.000000000,0,0
Semantic,fr3_walking_halfsphere,run_01,most distinct observed frames among MapPoints ever dynamic; tie=smallest ID,502,332,3,person,1,0.000000000,1,0
Semantic,fr3_walking_halfsphere,run_01,most distinct observed frames among MapPoints ever dynamic; tie=smallest ID,503,332,3,person,1,0.000000000,1,0
Semantic,fr3_walking_halfsphere,run_01,most distinct observed frames among MapPoints ever dynamic; tie=smallest ID,504,332,3,person,1,0.000000000,1,0
Semantic,fr3_walking_halfsphere,run_01,most distinct observed frames among MapPoints ever dynamic; tie=smallest ID,505,332,3,person,1,0.000000000,1,0
Semantic,fr3_walking_halfsphere,run_01,most distinct observed frames among MapPoints ever dynamic; tie=smallest ID,506,332,3,person,1,0.000000000,1,0
Semantic,fr3_walking_halfsphere,run_01,most distinct observed frames among MapPoints ever dynamic; tie=smallest ID,507,332,3,person,1,0.000000000,1,0
Semantic,fr3_walking_halfsphere,run_01,most distinct observed frames among MapPoints ever dynamic; tie=smallest ID,508,332,3,person,1,0.000000000,1,0
Semantic,fr3_walking_halfsphere,run_01,most distinct observed frames among MapPoints ever dynamic; tie=smallest ID,509,332,3,person,1,0.000000000,1,0
Semantic,fr3_walking_halfsphere,run_01,most distinct observed frames among MapPoints ever dynamic; tie=smallest ID,510,332,3,person,1,0.000000000,1,0
Semantic,fr3_walking_halfsphere,run_01,most distinct observed frames among MapPoints ever dynamic; tie=smallest ID,511,332,3,person,0,0.000000000,0,0
Semantic,fr3_walking_halfsphere,run_01,most distinct observed frames among MapPoints ever dynamic; tie=smallest ID,512,332,3,person,0,0.000000000,0,0
Semantic,fr3_walking_halfsphere,run_01,most distinct observed frames among MapPoints ever dynamic; tie=smallest ID,513,332,3,person,0,0.000000000,0,0
Semantic,fr3_walking_halfsphere,run_01,most distinct observed frames among MapPoints ever dynamic; tie=smallest ID,514,332,3,person,0,0.000000000,0,0
Semantic,fr3_walking_halfsphere,run_01,most distinct observed frames among MapPoints ever dynamic; tie=smallest ID,515,332,3,person,0,0.000000000,0,0
Semantic,fr3_walking_halfsphere,run_01,most distinct observed frames among MapPoints ever dynamic; tie=smallest ID,516,332,3,person,0,0.000000000,0,0
Semantic,fr3_walking_halfsphere,run_01,most distinct observed frames among MapPoints ever dynamic; tie=smallest ID,517,332,3,person,0,0.000000000,0,0
Semantic,fr3_walking_halfsphere,run_01,most distinct observed frames among MapPoints ever dynamic; tie=smallest ID,518,332,3,person,0,0.000000000,0,0
Semantic,fr3_walking_halfsphere,run_01,most distinct observed frames among MapPoints ever dynamic; tie=smallest ID,519,332,3,person,0,0.000000000,0,0
Semantic,fr3_walking_halfsphere,run_01,most distinct observed frames among MapPoints ever dynamic; tie=smallest ID,520,332,3,person,0,0.000000000,0,0
Semantic,fr3_walking_halfsphere,run_01,most distinct observed frames among MapPoints ever dynamic; tie=smallest ID,521,332,3,person,0,0.000000000,0,0
Semantic,fr3_walking_halfsphere,run_01,most distinct observed frames among MapPoints ever dynamic; tie=smallest ID,522,332,3,person,0,0.000000000,0,0
Semantic,fr3_walking_halfsphere,run_01,most distinct observed frames among MapPoints ever dynamic; tie=smallest ID,523,332,3,person,0,0.000000000,0,0
Semantic,fr3_walking_halfsphere,run_01,most distinct observed frames among MapPoints ever dynamic; tie=smallest ID,524,332,3,person,0,0.000000000,0,0
Semantic,fr3_walking_halfsphere,run_01,most distinct observed frames among MapPoints ever dynamic; tie=smallest ID,525,332,3,person,0,0.000000000,0,0
Semantic,fr3_walking_halfsphere,run_01,most distinct observed frames among MapPoints ever dynamic; tie=smallest ID,526,332,3,person,0,0.000000000,0,0
Semantic,fr3_walking_halfsphere,run_01,most distinct observed frames among MapPoints ever dynamic; tie=smallest ID,527,332,3,person,0,0.000000000,0,0
Semantic,fr3_walking_halfsphere,run_01,most distinct observed frames among MapPoints ever dynamic; tie=smallest ID,528,332,3,person,0,0.000000000,0,0
Semantic,fr3_walking_halfsphere,run_01,most distinct observed frames among MapPoints ever dynamic; tie=smallest ID,529,332,3,person,0,0.000000000,0,0
Semantic,fr3_walking_halfsphere,run_01,most distinct observed frames among MapPoints ever dynamic; tie=smallest ID,530,332,3,person,0,0.000000000,0,0
Semantic,fr3_walking_halfsphere,run_01,most distinct observed frames among MapPoints ever dynamic; tie=smallest ID,531,332,3,person,0,0.000000000,0,0
Semantic,fr3_walking_halfsphere,run_01,most distinct observed frames among MapPoints ever dynamic; tie=smallest ID,532,332,3,person,1,0.000000000,1,0
Semantic,fr3_walking_halfsphere,run_01,most distinct observed frames among MapPoints ever dynamic; tie=smallest ID,533,332,3,person,1,0.000000000,1,0
Semantic,fr3_walking_halfsphere,run_01,most distinct observed frames among MapPoints ever dynamic; tie=smallest ID,534,332,3,person,1,0.000000000,1,0
Semantic,fr3_walking_halfsphere,run_01,most distinct observed frames among MapPoints ever dynamic; tie=smallest ID,535,332,3,person,1,0.000000000,1,0
Semantic,fr3_walking_halfsphere,run_01,most distinct observed frames among MapPoints ever dynamic; tie=smallest ID,536,332,3,person,1,0.000000000,1,0
Semantic,fr3_walking_halfsphere,run_01,most distinct observed frames among MapPoints ever dynamic; tie=smallest ID,537,332,3,person,1,0.000000000,1,0
Semantic,fr3_walking_halfsphere,run_01,most distinct observed frames among MapPoints ever dynamic; tie=smallest ID,538,332,3,person,1,0.000000000,1,0
Semantic,fr3_walking_halfsphere,run_01,most distinct observed frames among MapPoints ever dynamic; tie=smallest ID,539,332,3,person,1,0.000000000,1,0
Semantic,fr3_walking_halfsphere,run_01,most distinct observed frames among MapPoints ever dynamic; tie=smallest ID,708,332,3,person,1,0.000000000,1,0
Semantic,fr3_walking_halfsphere,run_01,most distinct observed frames among MapPoints ever dynamic; tie=smallest ID,722,332,3,person,1,0.000000000,1,0
Semantic,fr3_walking_halfsphere,run_01,most distinct observed frames among MapPoints ever dynamic; tie=smallest ID,726,332,3,person,1,0.000000000,1,0
Semantic,fr3_walking_halfsphere,run_01,most distinct observed frames among MapPoints ever dynamic; tie=smallest ID,773,332,3,person,0,0.000000000,0,0
Semantic,fr3_walking_halfsphere,run_01,most distinct observed frames among MapPoints ever dynamic; tie=smallest ID,784,332,3,person,0,0.000000000,0,0
Semantic,fr3_walking_halfsphere,run_01,most distinct observed frames among MapPoints ever dynamic; tie=smallest ID,785,332,3,person,0,0.000000000,0,0
Semantic,fr3_walking_halfsphere,run_01,most distinct observed frames among MapPoints ever dynamic; tie=smallest ID,786,332,3,person,0,0.000000000,0,0
Semantic,fr3_walking_halfsphere,run_01,most distinct observed frames among MapPoints ever dynamic; tie=smallest ID,787,332,3,person,0,0.000000000,0,0
Semantic,fr3_walking_halfsphere,run_01,most distinct observed frames among MapPoints ever dynamic; tie=smallest ID,788,332,3,person,0,0.000000000,0,0
Semantic,fr3_walking_halfsphere,run_01,most distinct observed frames among MapPoints ever dynamic; tie=smallest ID,789,332,3,person,0,0.000000000,0,0
Semantic,fr3_walking_halfsphere,run_01,most distinct observed frames among MapPoints ever dynamic; tie=smallest ID,790,332,3,person,0,0.000000000,0,0
Semantic,fr3_walking_halfsphere,run_01,most distinct observed frames among MapPoints ever dynamic; tie=smallest ID,791,332,3,person,0,0.000000000,0,0
Semantic,fr3_walking_halfsphere,run_01,most distinct observed frames among MapPoints ever dynamic; tie=smallest ID,792,332,3,person,0,0.000000000,0,0
Semantic,fr3_walking_halfsphere,run_01,most distinct observed frames among MapPoints ever dynamic; tie=smallest ID,793,332,3,person,0,0.000000000,0,0
Semantic,fr3_walking_halfsphere,run_01,most distinct observed frames among MapPoints ever dynamic; tie=smallest ID,794,332,3,person,0,0.000000000,0,0
Semantic,fr3_walking_halfsphere,run_01,most distinct observed frames among MapPoints ever dynamic; tie=smallest ID,795,332,3,person,0,0.000000000,0,0
Semantic,fr3_walking_halfsphere,run_01,most distinct observed frames among MapPoints ever dynamic; tie=smallest ID,796,332,3,person,0,0.000000000,0,0
Semantic,fr3_walking_halfsphere,run_01,most distinct observed frames among MapPoints ever dynamic; tie=smallest ID,797,332,3,person,0,0.000000000,0,0
Semantic,fr3_walking_halfsphere,run_01,most distinct observed frames among MapPoints ever dynamic; tie=smallest ID,798,332,3,person,0,0.000000000,0,0
Semantic,fr3_walking_halfsphere,run_01,most distinct observed frames among MapPoints ever dynamic; tie=smallest ID,799,332,3,person,0,0.000000000,0,0
Semantic,fr3_walking_halfsphere,run_01,most distinct observed frames among MapPoints ever dynamic; tie=smallest ID,800,332,3,person,0,0.000000000,0,0
Semantic,fr3_walking_halfsphere,run_01,most distinct observed frames among MapPoints ever dynamic; tie=smallest ID,801,332,3,person,0,0.000000000,0,0
Semantic,fr3_walking_halfsphere,run_01,most distinct observed frames among MapPoints ever dynamic; tie=smallest ID,802,332,3,person,0,0.000000000,0,0
Semantic,fr3_walking_halfsphere,run_01,most distinct observed frames among MapPoints ever dynamic; tie=smallest ID,803,332,3,person,0,0.000000000,0,0
Semantic,fr3_walking_halfsphere,run_01,most distinct observed frames among MapPoints ever dynamic; tie=smallest ID,804,332,3,person,0,0.000000000,0,0
Semantic,fr3_walking_halfsphere,run_01,most distinct observed frames among MapPoints ever dynamic; tie=smallest ID,805,332,3,person,0,0.000000000,0,0
Semantic,fr3_walking_halfsphere,run_01,most distinct observed frames among MapPoints ever dynamic; tie=smallest ID,806,332,3,person,0,0.000000000,0,0
Semantic,fr3_walking_halfsphere,run_01,most distinct observed frames among MapPoints ever dynamic; tie=smallest ID,807,332,3,person,0,0.000000000,0,0
Semantic,fr3_walking_halfsphere,run_01,most distinct observed frames among MapPoints ever dynamic; tie=smallest ID,808,332,3,person,0,0.000000000,0,0
Semantic,fr3_walking_halfsphere,run_01,most distinct observed frames among MapPoints ever dynamic; tie=smallest ID,809,332,3,person,0,0.000000000,0,0
Semantic,fr3_walking_halfsphere,run_01,most distinct observed frames among MapPoints ever dynamic; tie=smallest ID,810,332,3,person,0,0.000000000,0,0
Semantic,fr3_walking_halfsphere,run_01,most distinct observed frames among MapPoints ever dynamic; tie=smallest ID,825,332,3,person,0,0.000000000,0,0
Semantic,fr3_walking_halfsphere,run_01,most distinct observed frames among MapPoints ever dynamic; tie=smallest ID,826,332,3,person,0,0.000000000,0,0
Semantic,fr3_walking_halfsphere,run_01,most distinct observed frames among MapPoints ever dynamic; tie=smallest ID,827,332,3,person,0,0.000000000,0,0
Semantic,fr3_walking_halfsphere,run_01,most distinct observed frames among MapPoints ever dynamic; tie=smallest ID,828,332,3,person,0,0.000000000,0,0
Semantic,fr3_walking_halfsphere,run_01,most distinct observed frames among MapPoints ever dynamic; tie=smallest ID,829,332,3,person,0,0.000000000,0,0
Semantic,fr3_walking_halfsphere,run_01,most distinct observed frames among MapPoints ever dynamic; tie=smallest ID,830,332,3,person,0,0.000000000,0,0
Semantic,fr3_walking_halfsphere,run_01,most distinct observed frames among MapPoints ever dynamic; tie=smallest ID,831,332,3,person,0,0.000000000,0,0
Semantic,fr3_walking_halfsphere,run_01,most distinct observed frames among MapPoints ever dynamic; tie=smallest ID,832,332,3,person,0,0.000000000,0,0
Semantic,fr3_walking_halfsphere,run_01,most distinct observed frames among MapPoints ever dynamic; tie=smallest ID,833,332,3,person,0,0.000000000,0,0
Semantic,fr3_walking_halfsphere,run_01,most distinct observed frames among MapPoints ever dynamic; tie=smallest ID,834,332,3,person,0,0.000000000,0,0
Semantic,fr3_walking_halfsphere,run_01,most distinct observed frames among MapPoints ever dynamic; tie=smallest ID,835,332,3,person,0,0.000000000,0,0
Semantic,fr3_walking_halfsphere,run_01,most distinct observed frames among MapPoints ever dynamic; tie=smallest ID,836,332,3,person,0,0.000000000,0,0
Semantic,fr3_walking_halfsphere,run_01,most distinct observed frames among MapPoints ever dynamic; tie=smallest ID,837,332,3,person,0,0.000000000,0,0
Semantic,fr3_walking_halfsphere,run_01,most distinct observed frames among MapPoints ever dynamic; tie=smallest ID,838,332,3,person,1,0.000000000,1,0
Semantic,fr3_walking_halfsphere,run_01,most distinct observed frames among MapPoints ever dynamic; tie=smallest ID,839,332,3,person,1,0.000000000,1,0
Semantic,fr3_walking_halfsphere,run_01,most distinct observed frames among MapPoints ever dynamic; tie=smallest ID,840,332,3,person,1,0.000000000,1,0
Semantic,fr3_walking_halfsphere,run_01,most distinct observed frames among MapPoints ever dynamic; tie=smallest ID,841,332,3,person,1,0.000000000,1,0
Semantic,fr3_walking_halfsphere,run_01,most distinct observed frames among MapPoints ever dynamic; tie=smallest ID,885,332,3,person,0,0.000000000,0,0
Semantic,fr3_walking_halfsphere,run_01,most distinct observed frames among MapPoints ever dynamic; tie=smallest ID,891,332,3,person,0,0.000000000,0,0
Semantic,fr3_walking_halfsphere,run_01,most distinct observed frames among MapPoints ever dynamic; tie=smallest ID,892,332,3,person,0,0.000000000,0,0
Semantic,fr3_walking_halfsphere,run_01,most distinct observed frames among MapPoints ever dynamic; tie=smallest ID,893,332,3,person,0,0.000000000,0,0
Semantic,fr3_walking_halfsphere,run_01,most distinct observed frames among MapPoints ever dynamic; tie=smallest ID,894,332,3,person,0,0.000000000,0,0
Semantic,fr3_walking_halfsphere,run_01,most distinct observed frames among MapPoints ever dynamic; tie=smallest ID,895,332,3,person,0,0.000000000,0,0
Semantic,fr3_walking_halfsphere,run_01,most distinct observed frames among MapPoints ever dynamic; tie=smallest ID,896,332,3,person,0,0.000000000,0,0
Semantic,fr3_walking_halfsphere,run_01,most distinct observed frames among MapPoints ever dynamic; tie=smallest ID,897,332,3,person,0,0.000000000,0,0
Semantic,fr3_walking_halfsphere,run_01,most distinct observed frames among MapPoints ever dynamic; tie=smallest ID,898,332,3,person,0,0.000000000,0,0
Semantic,fr3_walking_halfsphere,run_01,most distinct observed frames among MapPoints ever dynamic; tie=smallest ID,899,332,3,person,0,0.000000000,0,0
Semantic,fr3_walking_halfsphere,run_01,most distinct observed frames among MapPoints ever dynamic; tie=smallest ID,900,332,3,person,0,0.000000000,0,0
Semantic,fr3_walking_halfsphere,run_01,most distinct observed frames among MapPoints ever dynamic; tie=smallest ID,901,332,3,person,0,0.000000000,0,0
Semantic,fr3_walking_halfsphere,run_01,most distinct observed frames among MapPoints ever dynamic; tie=smallest ID,902,332,3,person,0,0.000000000,0,0
Semantic,fr3_walking_halfsphere,run_01,most distinct observed frames among MapPoints ever dynamic; tie=smallest ID,903,332,3,person,0,0.000000000,0,0
Semantic,fr3_walking_halfsphere,run_01,most distinct observed frames among MapPoints ever dynamic; tie=smallest ID,904,332,3,person,0,0.000000000,0,0
Semantic,fr3_walking_halfsphere,run_01,most distinct observed frames among MapPoints ever dynamic; tie=smallest ID,905,332,3,person,0,0.000000000,0,0
Semantic,fr3_walking_halfsphere,run_01,most distinct observed frames among MapPoints ever dynamic; tie=smallest ID,906,332,3,person,0,0.000000000,0,0
Semantic,fr3_walking_halfsphere,run_01,most distinct observed frames among MapPoints ever dynamic; tie=smallest ID,907,332,3,person,0,0.000000000,0,0
Semantic,fr3_walking_halfsphere,run_01,most distinct observed frames among MapPoints ever dynamic; tie=smallest ID,908,332,3,person,1,0.000000000,1,0
Semantic,fr3_walking_halfsphere,run_01,most distinct observed frames among MapPoints ever dynamic; tie=smallest ID,909,332,3,person,1,0.000000000,1,0
Semantic,fr3_walking_halfsphere,run_01,most distinct observed frames among MapPoints ever dynamic; tie=smallest ID,910,332,3,person,1,0.000000000,1,0
Semantic,fr3_walking_halfsphere,run_01,most distinct observed frames among MapPoints ever dynamic; tie=smallest ID,911,332,3,person,0,0.000000000,0,0
Semantic,fr3_walking_halfsphere,run_01,most distinct observed frames among MapPoints ever dynamic; tie=smallest ID,912,332,3,person,1,0.000000000,1,0
Semantic,fr3_walking_halfsphere,run_01,most distinct observed frames among MapPoints ever dynamic; tie=smallest ID,913,332,3,person,1,0.000000000,1,0
Semantic,fr3_walking_halfsphere,run_01,most distinct observed frames among MapPoints ever dynamic; tie=smallest ID,914,332,3,person,1,0.000000000,1,0
Semantic,fr3_walking_halfsphere,run_01,most distinct observed frames among MapPoints ever dynamic; tie=smallest ID,915,332,3,person,1,0.000000000,1,0
Semantic,fr3_walking_halfsphere,run_01,most distinct observed frames among MapPoints ever dynamic; tie=smallest ID,916,332,3,person,1,0.000000000,1,0
Semantic,fr3_walking_halfsphere,run_01,most distinct observed frames among MapPoints ever dynamic; tie=smallest ID,917,332,3,person,1,0.000000000,1,0
Semantic,fr3_walking_halfsphere,run_01,most distinct observed frames among MapPoints ever dynamic; tie=smallest ID,918,332,3,person,1,0.000000000,1,0
Semantic,fr3_walking_halfsphere,run_01,most distinct observed frames among MapPoints ever dynamic; tie=smallest ID,919,332,3,person,1,0.000000000,1,0
Semantic,fr3_walking_halfsphere,run_01,most distinct observed frames among MapPoints ever dynamic; tie=smallest ID,920,332,3,person,1,0.000000000,1,0
Semantic,fr3_walking_halfsphere,run_01,most distinct observed frames among MapPoints ever dynamic; tie=smallest ID,921,332,3,person,1,0.000000000,1,0
Semantic,fr3_walking_halfsphere,run_01,most distinct observed frames among MapPoints ever dynamic; tie=smallest ID,922,332,3,person,1,0.000000000,1,0
Semantic,fr3_walking_halfsphere,run_01,most distinct observed frames among MapPoints ever dynamic; tie=smallest ID,923,332,3,person,1,0.000000000,1,0
Semantic,fr3_walking_halfsphere,run_01,most distinct observed frames among MapPoints ever dynamic; tie=smallest ID,924,332,3,person,1,0.000000000,1,0
Semantic,fr3_walking_halfsphere,run_01,most distinct observed frames among MapPoints ever dynamic; tie=smallest ID,925,332,3,person,1,0.000000000,1,0
Semantic,fr3_walking_halfsphere,run_01,most distinct observed frames among MapPoints ever dynamic; tie=smallest ID,926,332,3,person,1,0.000000000,1,0
Semantic,fr3_walking_halfsphere,run_01,most distinct observed frames among MapPoints ever dynamic; tie=smallest ID,927,332,3,person,1,0.000000000,1,0
Semantic,fr3_walking_halfsphere,run_01,most distinct observed frames among MapPoints ever dynamic; tie=smallest ID,928,332,3,person,1,0.000000000,1,0
Semantic,fr3_walking_halfsphere,run_01,most distinct observed frames among MapPoints ever dynamic; tie=smallest ID,929,332,3,person,1,0.000000000,1,0
Semantic,fr3_walking_halfsphere,run_01,most distinct observed frames among MapPoints ever dynamic; tie=smallest ID,930,332,3,person,1,0.000000000,1,0
Semantic,fr3_walking_halfsphere,run_01,most distinct observed frames among MapPoints ever dynamic; tie=smallest ID,931,332,3,person,1,0.000000000,1,0
Semantic,fr3_walking_halfsphere,run_01,most distinct observed frames among MapPoints ever dynamic; tie=smallest ID,932,332,3,person,1,0.000000000,1,0
Semantic,fr3_walking_halfsphere,run_01,most distinct observed frames among MapPoints ever dynamic; tie=smallest ID,933,332,3,person,1,0.000000000,1,0
Semantic,fr3_walking_halfsphere,run_01,most distinct observed frames among MapPoints ever dynamic; tie=smallest ID,934,332,3,person,1,0.000000000,1,0
Semantic,fr3_walking_halfsphere,run_01,most distinct observed frames among MapPoints ever dynamic; tie=smallest ID,935,332,3,person,1,0.000000000,1,0
Semantic,fr3_walking_halfsphere,run_01,most distinct observed frames among MapPoints ever dynamic; tie=smallest ID,936,332,3,person,1,0.000000000,1,0
Semantic,fr3_walking_halfsphere,run_01,most distinct observed frames among MapPoints ever dynamic; tie=smallest ID,937,332,3,person,1,0.000000000,1,0
Semantic,fr3_walking_halfsphere,run_01,most distinct observed frames among MapPoints ever dynamic; tie=smallest ID,938,332,3,person,1,0.000000000,1,0
Semantic,fr3_walking_halfsphere,run_01,most distinct observed frames among MapPoints ever dynamic; tie=smallest ID,939,332,3,person,1,0.000000000,1,0
Semantic,fr3_walking_halfsphere,run_01,most distinct observed frames among MapPoints ever dynamic; tie=smallest ID,940,332,3,person,1,0.000000000,1,0
Semantic,fr3_walking_halfsphere,run_01,most distinct observed frames among MapPoints ever dynamic; tie=smallest ID,941,332,3,person,1,0.000000000,1,0
Semantic,fr3_walking_halfsphere,run_01,most distinct observed frames among MapPoints ever dynamic; tie=smallest ID,942,332,3,person,0,0.000000000,0,0
Semantic,fr3_walking_halfsphere,run_01,most distinct observed frames among MapPoints ever dynamic; tie=smallest ID,943,332,3,person,0,0.000000000,0,0
Semantic,fr3_walking_halfsphere,run_01,most distinct observed frames among MapPoints ever dynamic; tie=smallest ID,944,332,3,person,0,0.000000000,0,0
Semantic,fr3_walking_halfsphere,run_01,most distinct observed frames among MapPoints ever dynamic; tie=smallest ID,945,332,3,person,0,0.000000000,0,0
Semantic,fr3_walking_halfsphere,run_01,most distinct observed frames among MapPoints ever dynamic; tie=smallest ID,946,332,3,person,0,0.000000000,0,0
Semantic,fr3_walking_halfsphere,run_01,most distinct observed frames among MapPoints ever dynamic; tie=smallest ID,947,332,3,person,0,0.000000000,0,0
Semantic,fr3_walking_halfsphere,run_01,most distinct observed frames among MapPoints ever dynamic; tie=smallest ID,948,332,3,person,0,0.000000000,0,0
Semantic,fr3_walking_halfsphere,run_01,most distinct observed frames among MapPoints ever dynamic; tie=smallest ID,949,332,3,person,1,0.000000000,1,0
Semantic,fr3_walking_halfsphere,run_01,most distinct observed frames among MapPoints ever dynamic; tie=smallest ID,950,332,3,person,0,0.000000000,0,0
Semantic,fr3_walking_halfsphere,run_01,most distinct observed frames among MapPoints ever dynamic; tie=smallest ID,951,332,3,person,0,0.000000000,0,0
Semantic,fr3_walking_halfsphere,run_01,most distinct observed frames among MapPoints ever dynamic; tie=smallest ID,952,332,3,person,0,0.000000000,0,0
Semantic,fr3_walking_halfsphere,run_01,most distinct observed frames among MapPoints ever dynamic; tie=smallest ID,953,332,3,person,0,0.000000000,0,0
Semantic,fr3_walking_halfsphere,run_01,most distinct observed frames among MapPoints ever dynamic; tie=smallest ID,954,332,3,person,0,0.000000000,0,0
Semantic,fr3_walking_halfsphere,run_01,most distinct observed frames among MapPoints ever dynamic; tie=smallest ID,955,332,3,person,1,0.000000000,1,0
Semantic,fr3_walking_halfsphere,run_01,most distinct observed frames among MapPoints ever dynamic; tie=smallest ID,956,332,3,person,1,0.000000000,1,0
Semantic,fr3_walking_halfsphere,run_01,most distinct observed frames among MapPoints ever dynamic; tie=smallest ID,957,332,3,person,1,0.000000000,1,0
Semantic,fr3_walking_halfsphere,run_01,most distinct observed frames among MapPoints ever dynamic; tie=smallest ID,958,332,3,person,1,0.000000000,1,0
Semantic,fr3_walking_halfsphere,run_01,most distinct observed frames among MapPoints ever dynamic; tie=smallest ID,959,332,3,person,1,0.000000000,1,0
Semantic,fr3_walking_halfsphere,run_01,most distinct observed frames among MapPoints ever dynamic; tie=smallest ID,960,332,3,person,1,0.000000000,1,0
Semantic,fr3_walking_halfsphere,run_01,most distinct observed frames among MapPoints ever dynamic; tie=smallest ID,961,332,3,person,1,0.000000000,1,0
Semantic,fr3_walking_halfsphere,run_01,most distinct observed frames among MapPoints ever dynamic; tie=smallest ID,962,332,3,person,1,0.000000000,1,0
Semantic,fr3_walking_halfsphere,run_01,most distinct observed frames among MapPoints ever dynamic; tie=smallest ID,963,332,3,person,1,0.000000000,1,0
Semantic,fr3_walking_halfsphere,run_01,most distinct observed frames among MapPoints ever dynamic; tie=smallest ID,964,332,3,person,1,0.000000000,1,0
Semantic,fr3_walking_halfsphere,run_01,most distinct observed frames among MapPoints ever dynamic; tie=smallest ID,965,332,3,person,1,0.000000000,1,0
Semantic,fr3_walking_halfsphere,run_01,most distinct observed frames among MapPoints ever dynamic; tie=smallest ID,966,332,3,person,1,0.000000000,1,0
Semantic,fr3_walking_halfsphere,run_01,most distinct observed frames among MapPoints ever dynamic; tie=smallest ID,967,332,3,person,1,0.000000000,1,0
Semantic,fr3_walking_halfsphere,run_01,most distinct observed frames among MapPoints ever dynamic; tie=smallest ID,968,332,3,person,1,0.000000000,1,0
Semantic,fr3_walking_halfsphere,run_01,most distinct observed frames among MapPoints ever dynamic; tie=smallest ID,969,332,3,person,1,0.000000000,1,0
Semantic,fr3_walking_halfsphere,run_01,most distinct observed frames among MapPoints ever dynamic; tie=smallest ID,970,332,3,person,1,0.000000000,1,0
Semantic,fr3_walking_halfsphere,run_01,most distinct observed frames among MapPoints ever dynamic; tie=smallest ID,971,332,3,person,1,0.000000000,1,0
Semantic,fr3_walking_halfsphere,run_01,most distinct observed frames among MapPoints ever dynamic; tie=smallest ID,972,332,3,person,1,0.000000000,1,0
Semantic,fr3_walking_halfsphere,run_01,most distinct observed frames among MapPoints ever dynamic; tie=smallest ID,973,332,3,person,1,0.000000000,1,0
Semantic,fr3_walking_halfsphere,run_01,most distinct observed frames among MapPoints ever dynamic; tie=smallest ID,974,332,3,person,1,0.000000000,1,0
Semantic,fr3_walking_halfsphere,run_01,most distinct observed frames among MapPoints ever dynamic; tie=smallest ID,975,332,3,person,1,0.000000000,1,0
Semantic,fr3_walking_halfsphere,run_01,most distinct observed frames among MapPoints ever dynamic; tie=smallest ID,976,332,3,person,1,0.000000000,1,0
Semantic,fr3_walking_halfsphere,run_01,most distinct observed frames among MapPoints ever dynamic; tie=smallest ID,977,332,3,person,1,0.000000000,1,0
Semantic,fr3_walking_halfsphere,run_01,most distinct observed frames among MapPoints ever dynamic; tie=smallest ID,978,332,3,person,1,0.000000000,1,0
Semantic,fr3_walking_halfsphere,run_01,most distinct observed frames among MapPoints ever dynamic; tie=smallest ID,979,332,3,person,1,0.000000000,1,0
Semantic,fr3_walking_halfsphere,run_01,most distinct observed frames among MapPoints ever dynamic; tie=smallest ID,980,332,3,person,1,0.000000000,1,0
Semantic,fr3_walking_halfsphere,run_01,most distinct observed frames among MapPoints ever dynamic; tie=smallest ID,981,332,3,person,1,0.000000000,1,0
Semantic,fr3_walking_halfsphere,run_01,most distinct observed frames among MapPoints ever dynamic; tie=smallest ID,982,332,3,person,1,0.000000000,1,0
Semantic,fr3_walking_halfsphere,run_01,most distinct observed frames among MapPoints ever dynamic; tie=smallest ID,983,332,3,person,1,0.000000000,1,0
Semantic,fr3_walking_halfsphere,run_01,most distinct observed frames among MapPoints ever dynamic; tie=smallest ID,984,332,3,person,1,0.000000000,1,0
Semantic,fr3_walking_halfsphere,run_01,most distinct observed frames among MapPoints ever dynamic; tie=smallest ID,985,332,3,person,1,0.000000000,1,0
Semantic,fr3_walking_halfsphere,run_01,most distinct observed frames among MapPoints ever dynamic; tie=smallest ID,986,332,3,person,1,0.000000000,1,0
Semantic,fr3_walking_halfsphere,run_01,most distinct observed frames among MapPoints ever dynamic; tie=smallest ID,987,332,3,person,1,0.000000000,1,0
Semantic,fr3_walking_halfsphere,run_01,most distinct observed frames among MapPoints ever dynamic; tie=smallest ID,988,332,3,person,1,0.000000000,1,0
Semantic,fr3_walking_halfsphere,run_01,most distinct observed frames among MapPoints ever dynamic; tie=smallest ID,989,332,3,person,1,0.000000000,1,0
Semantic,fr3_walking_halfsphere,run_01,most distinct observed frames among MapPoints ever dynamic; tie=smallest ID,990,332,3,person,1,0.000000000,1,0
Semantic,fr3_walking_halfsphere,run_01,most distinct observed frames among MapPoints ever dynamic; tie=smallest ID,991,332,3,person,1,0.000000000,1,0
Semantic,fr3_walking_halfsphere,run_01,most distinct observed frames among MapPoints ever dynamic; tie=smallest ID,992,332,3,person,1,0.000000000,1,0
Semantic,fr3_walking_halfsphere,run_01,most distinct observed frames among MapPoints ever dynamic; tie=smallest ID,993,332,3,person,1,0.000000000,1,0
Semantic,fr3_walking_halfsphere,run_01,most distinct observed frames among MapPoints ever dynamic; tie=smallest ID,994,332,3,person,1,0.000000000,1,0
Semantic,fr3_walking_halfsphere,run_01,most distinct observed frames among MapPoints ever dynamic; tie=smallest ID,995,332,3,person,1,0.000000000,1,0
Semantic,fr3_walking_halfsphere,run_01,most distinct observed frames among MapPoints ever dynamic; tie=smallest ID,996,332,3,person,0,0.000000000,0,0
Semantic,fr3_walking_halfsphere,run_01,most distinct observed frames among MapPoints ever dynamic; tie=smallest ID,997,332,3,person,1,0.000000000,1,0
Semantic,fr3_walking_halfsphere,run_01,most distinct observed frames among MapPoints ever dynamic; tie=smallest ID,998,332,3,person,0,0.000000000,0,0
Semantic,fr3_walking_halfsphere,run_01,most distinct observed frames among MapPoints ever dynamic; tie=smallest ID,999,332,3,person,0,0.000000000,0,0
Semantic,fr3_walking_halfsphere,run_01,most distinct observed frames among MapPoints ever dynamic; tie=smallest ID,1000,332,3,person,0,0.000000000,0,0
Semantic,fr3_walking_halfsphere,run_01,most distinct observed frames among MapPoints ever dynamic; tie=smallest ID,1001,332,3,person,0,0.000000000,0,0
Semantic,fr3_walking_halfsphere,run_01,most distinct observed frames among MapPoints ever dynamic; tie=smallest ID,1002,332,3,person,0,0.000000000,0,0
Semantic,fr3_walking_halfsphere,run_01,most distinct observed frames among MapPoints ever dynamic; tie=smallest ID,1003,332,3,person,0,0.000000000,0,0
Semantic,fr3_walking_halfsphere,run_01,most distinct observed frames among MapPoints ever dynamic; tie=smallest ID,1004,332,3,person,0,0.000000000,0,0
Semantic,fr3_walking_halfsphere,run_01,most distinct observed frames among MapPoints ever dynamic; tie=smallest ID,1005,332,3,person,0,0.000000000,0,0
Semantic,fr3_walking_halfsphere,run_01,most distinct observed frames among MapPoints ever dynamic; tie=smallest ID,1006,332,3,person,0,0.000000000,0,0
Semantic,fr3_walking_halfsphere,run_01,most distinct observed frames among MapPoints ever dynamic; tie=smallest ID,1007,332,3,person,0,0.000000000,0,0
Semantic,fr3_walking_halfsphere,run_01,most distinct observed frames among MapPoints ever dynamic; tie=smallest ID,1008,332,3,person,0,0.000000000,0,0
Semantic,fr3_walking_halfsphere,run_01,most distinct observed frames among MapPoints ever dynamic; tie=smallest ID,1009,332,3,person,0,0.000000000,0,0
Semantic,fr3_walking_halfsphere,run_01,most distinct observed frames among MapPoints ever dynamic; tie=smallest ID,1010,332,3,person,0,0.000000000,0,0
Semantic,fr3_walking_halfsphere,run_01,most distinct observed frames among MapPoints ever dynamic; tie=smallest ID,1011,332,3,person,0,0.000000000,0,0
Semantic,fr3_walking_halfsphere,run_01,most distinct observed frames among MapPoints ever dynamic; tie=smallest ID,1012,332,3,person,0,0.000000000,0,0
Semantic,fr3_walking_halfsphere,run_01,most distinct observed frames among MapPoints ever dynamic; tie=smallest ID,1013,332,3,person,1,0.000000000,1,0
Semantic,fr3_walking_halfsphere,run_01,most distinct observed frames among MapPoints ever dynamic; tie=smallest ID,1014,332,3,person,0,0.000000000,0,0
Semantic,fr3_walking_halfsphere,run_01,most distinct observed frames among MapPoints ever dynamic; tie=smallest ID,1015,332,3,person,0,0.000000000,0,0
Semantic,fr3_walking_halfsphere,run_01,most distinct observed frames among MapPoints ever dynamic; tie=smallest ID,1016,332,3,person,1,0.000000000,1,0
Semantic,fr3_walking_halfsphere,run_01,most distinct observed frames among MapPoints ever dynamic; tie=smallest ID,1017,332,3,person,1,0.000000000,1,0
Semantic,fr3_walking_halfsphere,run_01,most distinct observed frames among MapPoints ever dynamic; tie=smallest ID,1018,332,3,person,1,0.000000000,1,0
Semantic,fr3_walking_halfsphere,run_01,most distinct observed frames among MapPoints ever dynamic; tie=smallest ID,1019,332,3,person,1,0.000000000,1,0
Semantic,fr3_walking_halfsphere,run_01,most distinct observed frames among MapPoints ever dynamic; tie=smallest ID,1020,332,3,person,1,0.000000000,1,0
Temporal,fr3_walking_xyz,run_01,most distinct observed frames among MapPoints ever dynamic; tie=smallest ID,1,254,3,person,0,0.000000000,0,0
Temporal,fr3_walking_xyz,run_01,most distinct observed frames among MapPoints ever dynamic; tie=smallest ID,2,254,3,person,0,0.000000000,0,0
Temporal,fr3_walking_xyz,run_01,most distinct observed frames among MapPoints ever dynamic; tie=smallest ID,3,254,3,person,0,0.000000000,0,0
Temporal,fr3_walking_xyz,run_01,most distinct observed frames among MapPoints ever dynamic; tie=smallest ID,4,254,3,person,0,0.000000000,0,0
Temporal,fr3_walking_xyz,run_01,most distinct observed frames among MapPoints ever dynamic; tie=smallest ID,5,254,3,person,0,0.000000000,0,0
Temporal,fr3_walking_xyz,run_01,most distinct observed frames among MapPoints ever dynamic; tie=smallest ID,6,254,3,person,0,0.000000000,0,0
Temporal,fr3_walking_xyz,run_01,most distinct observed frames among MapPoints ever dynamic; tie=smallest ID,7,254,3,person,0,0.000000000,0,0
Temporal,fr3_walking_xyz,run_01,most distinct observed frames among MapPoints ever dynamic; tie=smallest ID,8,254,3,person,0,0.000000000,0,0
Temporal,fr3_walking_xyz,run_01,most distinct observed frames among MapPoints ever dynamic; tie=smallest ID,9,254,3,person,0,0.000000000,0,0
Temporal,fr3_walking_xyz,run_01,most distinct observed frames among MapPoints ever dynamic; tie=smallest ID,10,254,3,person,0,0.000000000,0,0
Temporal,fr3_walking_xyz,run_01,most distinct observed frames among MapPoints ever dynamic; tie=smallest ID,11,254,3,person,0,0.000000000,0,0
Temporal,fr3_walking_xyz,run_01,most distinct observed frames among MapPoints ever dynamic; tie=smallest ID,12,254,3,person,0,0.000000000,0,0
Temporal,fr3_walking_xyz,run_01,most distinct observed frames among MapPoints ever dynamic; tie=smallest ID,13,254,3,person,0,0.000000000,0,0
Temporal,fr3_walking_xyz,run_01,most distinct observed frames among MapPoints ever dynamic; tie=smallest ID,14,254,3,person,0,0.000000000,0,0
Temporal,fr3_walking_xyz,run_01,most distinct observed frames among MapPoints ever dynamic; tie=smallest ID,15,254,3,person,0,0.000000000,0,0
Temporal,fr3_walking_xyz,run_01,most distinct observed frames among MapPoints ever dynamic; tie=smallest ID,16,254,3,person,0,0.000000000,0,0
Temporal,fr3_walking_xyz,run_01,most distinct observed frames among MapPoints ever dynamic; tie=smallest ID,17,254,3,person,0,0.000000000,0,0
Temporal,fr3_walking_xyz,run_01,most distinct observed frames among MapPoints ever dynamic; tie=smallest ID,18,254,3,person,0,0.000000000,0,0
Temporal,fr3_walking_xyz,run_01,most distinct observed frames among MapPoints ever dynamic; tie=smallest ID,19,254,3,person,0,0.000000000,0,0
Temporal,fr3_walking_xyz,run_01,most distinct observed frames among MapPoints ever dynamic; tie=smallest ID,20,254,3,person,0,0.000000000,0,0
Temporal,fr3_walking_xyz,run_01,most distinct observed frames among MapPoints ever dynamic; tie=smallest ID,21,254,3,person,0,0.000000000,0,0
Temporal,fr3_walking_xyz,run_01,most distinct observed frames among MapPoints ever dynamic; tie=smallest ID,22,254,3,person,0,0.000000000,0,0
Temporal,fr3_walking_xyz,run_01,most distinct observed frames among MapPoints ever dynamic; tie=smallest ID,23,254,3,person,0,0.000000000,0,0
Temporal,fr3_walking_xyz,run_01,most distinct observed frames among MapPoints ever dynamic; tie=smallest ID,24,254,3,person,0,0.000000000,0,0
Temporal,fr3_walking_xyz,run_01,most distinct observed frames among MapPoints ever dynamic; tie=smallest ID,25,254,3,person,0,0.000000000,0,0
Temporal,fr3_walking_xyz,run_01,most distinct observed frames among MapPoints ever dynamic; tie=smallest ID,26,254,3,person,0,0.000000000,0,0
Temporal,fr3_walking_xyz,run_01,most distinct observed frames among MapPoints ever dynamic; tie=smallest ID,27,254,3,person,0,0.000000000,0,0
Temporal,fr3_walking_xyz,run_01,most distinct observed frames among MapPoints ever dynamic; tie=smallest ID,28,254,3,person,0,0.000000000,0,0
Temporal,fr3_walking_xyz,run_01,most distinct observed frames among MapPoints ever dynamic; tie=smallest ID,29,254,3,person,0,0.000000000,0,0
Temporal,fr3_walking_xyz,run_01,most distinct observed frames among MapPoints ever dynamic; tie=smallest ID,30,254,3,person,0,0.000000000,0,0
Temporal,fr3_walking_xyz,run_01,most distinct observed frames among MapPoints ever dynamic; tie=smallest ID,31,254,3,person,0,0.000000000,0,0
Temporal,fr3_walking_xyz,run_01,most distinct observed frames among MapPoints ever dynamic; tie=smallest ID,32,254,3,person,0,0.000000000,0,0
Temporal,fr3_walking_xyz,run_01,most distinct observed frames among MapPoints ever dynamic; tie=smallest ID,33,254,3,person,0,0.000000000,0,0
Temporal,fr3_walking_xyz,run_01,most distinct observed frames among MapPoints ever dynamic; tie=smallest ID,34,254,3,person,0,0.000000000,0,0
Temporal,fr3_walking_xyz,run_01,most distinct observed frames among MapPoints ever dynamic; tie=smallest ID,35,254,3,person,0,0.000000000,0,0
Temporal,fr3_walking_xyz,run_01,most distinct observed frames among MapPoints ever dynamic; tie=smallest ID,36,254,3,person,0,0.000000000,0,0
Temporal,fr3_walking_xyz,run_01,most distinct observed frames among MapPoints ever dynamic; tie=smallest ID,37,254,3,person,0,0.000000000,0,0
Temporal,fr3_walking_xyz,run_01,most distinct observed frames among MapPoints ever dynamic; tie=smallest ID,38,254,3,person,0,0.000000000,0,0
Temporal,fr3_walking_xyz,run_01,most distinct observed frames among MapPoints ever dynamic; tie=smallest ID,39,254,3,person,0,0.000000000,0,0
Temporal,fr3_walking_xyz,run_01,most distinct observed frames among MapPoints ever dynamic; tie=smallest ID,40,254,3,person,0,0.000000000,0,0
Temporal,fr3_walking_xyz,run_01,most distinct observed frames among MapPoints ever dynamic; tie=smallest ID,41,254,3,person,0,0.000000000,0,0
Temporal,fr3_walking_xyz,run_01,most distinct observed frames among MapPoints ever dynamic; tie=smallest ID,42,254,3,person,0,0.000000000,0,0
Temporal,fr3_walking_xyz,run_01,most distinct observed frames among MapPoints ever dynamic; tie=smallest ID,43,254,3,person,0,0.000000000,0,0
Temporal,fr3_walking_xyz,run_01,most distinct observed frames among MapPoints ever dynamic; tie=smallest ID,44,254,3,person,0,0.000000000,0,0
Temporal,fr3_walking_xyz,run_01,most distinct observed frames among MapPoints ever dynamic; tie=smallest ID,45,254,3,person,0,0.000000000,0,0
Temporal,fr3_walking_xyz,run_01,most distinct observed frames among MapPoints ever dynamic; tie=smallest ID,46,254,3,person,0,0.000000000,0,0
Temporal,fr3_walking_xyz,run_01,most distinct observed frames among MapPoints ever dynamic; tie=smallest ID,47,254,3,person,0,0.000000000,0,0
Temporal,fr3_walking_xyz,run_01,most distinct observed frames among MapPoints ever dynamic; tie=smallest ID,48,254,3,person,0,0.000000000,0,0
Temporal,fr3_walking_xyz,run_01,most distinct observed frames among MapPoints ever dynamic; tie=smallest ID,49,254,3,person,0,0.000000000,0,0
Temporal,fr3_walking_xyz,run_01,most distinct observed frames among MapPoints ever dynamic; tie=smallest ID,50,254,3,person,0,0.000000000,0,0
Temporal,fr3_walking_xyz,run_01,most distinct observed frames among MapPoints ever dynamic; tie=smallest ID,51,254,3,person,0,0.000000000,0,0
Temporal,fr3_walking_xyz,run_01,most distinct observed frames among MapPoints ever dynamic; tie=smallest ID,52,254,3,person,0,0.000000000,0,0
Temporal,fr3_walking_xyz,run_01,most distinct observed frames among MapPoints ever dynamic; tie=smallest ID,53,254,3,person,0,0.000000000,0,0
Temporal,fr3_walking_xyz,run_01,most distinct observed frames among MapPoints ever dynamic; tie=smallest ID,54,254,3,person,0,0.000000000,0,0
Temporal,fr3_walking_xyz,run_01,most distinct observed frames among MapPoints ever dynamic; tie=smallest ID,55,254,3,person,0,0.000000000,0,0
Temporal,fr3_walking_xyz,run_01,most distinct observed frames among MapPoints ever dynamic; tie=smallest ID,56,254,3,person,0,0.000000000,0,0
Temporal,fr3_walking_xyz,run_01,most distinct observed frames among MapPoints ever dynamic; tie=smallest ID,57,254,3,person,0,0.000000000,0,0
Temporal,fr3_walking_xyz,run_01,most distinct observed frames among MapPoints ever dynamic; tie=smallest ID,58,254,3,person,0,0.000000000,0,0
Temporal,fr3_walking_xyz,run_01,most distinct observed frames among MapPoints ever dynamic; tie=smallest ID,59,254,3,person,0,0.000000000,0,0
Temporal,fr3_walking_xyz,run_01,most distinct observed frames among MapPoints ever dynamic; tie=smallest ID,60,254,3,person,0,0.000000000,0,0
Temporal,fr3_walking_xyz,run_01,most distinct observed frames among MapPoints ever dynamic; tie=smallest ID,61,254,3,person,0,0.000000000,0,0
Temporal,fr3_walking_xyz,run_01,most distinct observed frames among MapPoints ever dynamic; tie=smallest ID,62,254,3,person,0,0.000000000,0,0
Temporal,fr3_walking_xyz,run_01,most distinct observed frames among MapPoints ever dynamic; tie=smallest ID,63,254,3,person,0,0.000000000,0,0
Temporal,fr3_walking_xyz,run_01,most distinct observed frames among MapPoints ever dynamic; tie=smallest ID,64,254,3,person,0,0.000000000,0,0
Temporal,fr3_walking_xyz,run_01,most distinct observed frames among MapPoints ever dynamic; tie=smallest ID,65,254,3,person,0,0.000000000,0,0
Temporal,fr3_walking_xyz,run_01,most distinct observed frames among MapPoints ever dynamic; tie=smallest ID,66,254,3,person,0,0.000000000,0,0
Temporal,fr3_walking_xyz,run_01,most distinct observed frames among MapPoints ever dynamic; tie=smallest ID,67,254,3,person,0,0.000000000,0,0
Temporal,fr3_walking_xyz,run_01,most distinct observed frames among MapPoints ever dynamic; tie=smallest ID,68,254,3,person,0,0.000000000,0,0
Temporal,fr3_walking_xyz,run_01,most distinct observed frames among MapPoints ever dynamic; tie=smallest ID,69,254,3,person,0,0.000000000,0,0
Temporal,fr3_walking_xyz,run_01,most distinct observed frames among MapPoints ever dynamic; tie=smallest ID,70,254,3,person,0,0.000000000,0,0
Temporal,fr3_walking_xyz,run_01,most distinct observed frames among MapPoints ever dynamic; tie=smallest ID,71,254,3,person,0,0.000000000,0,0
Temporal,fr3_walking_xyz,run_01,most distinct observed frames among MapPoints ever dynamic; tie=smallest ID,72,254,3,person,0,0.000000000,0,0
Temporal,fr3_walking_xyz,run_01,most distinct observed frames among MapPoints ever dynamic; tie=smallest ID,73,254,3,person,0,0.000000000,0,0
Temporal,fr3_walking_xyz,run_01,most distinct observed frames among MapPoints ever dynamic; tie=smallest ID,74,254,3,person,0,0.000000000,0,0
Temporal,fr3_walking_xyz,run_01,most distinct observed frames among MapPoints ever dynamic; tie=smallest ID,75,254,3,person,0,0.000000000,0,0
Temporal,fr3_walking_xyz,run_01,most distinct observed frames among MapPoints ever dynamic; tie=smallest ID,76,254,3,person,0,0.000000000,0,0
Temporal,fr3_walking_xyz,run_01,most distinct observed frames among MapPoints ever dynamic; tie=smallest ID,77,254,3,person,0,0.000000000,0,0
Temporal,fr3_walking_xyz,run_01,most distinct observed frames among MapPoints ever dynamic; tie=smallest ID,78,254,3,person,0,0.000000000,0,0
Temporal,fr3_walking_xyz,run_01,most distinct observed frames among MapPoints ever dynamic; tie=smallest ID,79,254,3,person,0,0.000000000,0,0
Temporal,fr3_walking_xyz,run_01,most distinct observed frames among MapPoints ever dynamic; tie=smallest ID,80,254,3,person,0,0.000000000,0,0
Temporal,fr3_walking_xyz,run_01,most distinct observed frames among MapPoints ever dynamic; tie=smallest ID,81,254,3,person,0,0.000000000,0,0
Temporal,fr3_walking_xyz,run_01,most distinct observed frames among MapPoints ever dynamic; tie=smallest ID,82,254,3,person,0,0.000000000,0,0
Temporal,fr3_walking_xyz,run_01,most distinct observed frames among MapPoints ever dynamic; tie=smallest ID,83,254,3,person,0,0.000000000,0,0
Temporal,fr3_walking_xyz,run_01,most distinct observed frames among MapPoints ever dynamic; tie=smallest ID,84,254,3,person,0,0.000000000,0,0
Temporal,fr3_walking_xyz,run_01,most distinct observed frames among MapPoints ever dynamic; tie=smallest ID,85,254,3,person,0,0.000000000,0,0
Temporal,fr3_walking_xyz,run_01,most distinct observed frames among MapPoints ever dynamic; tie=smallest ID,86,254,3,person,0,0.000000000,0,0
Temporal,fr3_walking_xyz,run_01,most distinct observed frames among MapPoints ever dynamic; tie=smallest ID,87,254,3,person,0,0.000000000,0,0
Temporal,fr3_walking_xyz,run_01,most distinct observed frames among MapPoints ever dynamic; tie=smallest ID,88,254,3,person,0,0.000000000,0,0
Temporal,fr3_walking_xyz,run_01,most distinct observed frames among MapPoints ever dynamic; tie=smallest ID,89,254,3,person,0,0.000000000,0,0
Temporal,fr3_walking_xyz,run_01,most distinct observed frames among MapPoints ever dynamic; tie=smallest ID,90,254,3,person,0,0.000000000,0,0
Temporal,fr3_walking_xyz,run_01,most distinct observed frames among MapPoints ever dynamic; tie=smallest ID,91,254,3,person,0,0.000000000,0,0
Temporal,fr3_walking_xyz,run_01,most distinct observed frames among MapPoints ever dynamic; tie=smallest ID,92,254,3,person,0,0.000000000,0,0
Temporal,fr3_walking_xyz,run_01,most distinct observed frames among MapPoints ever dynamic; tie=smallest ID,93,254,3,person,0,0.000000000,0,0
Temporal,fr3_walking_xyz,run_01,most distinct observed frames among MapPoints ever dynamic; tie=smallest ID,94,254,3,person,0,0.000000000,0,0
Temporal,fr3_walking_xyz,run_01,most distinct observed frames among MapPoints ever dynamic; tie=smallest ID,95,254,3,person,0,0.000000000,0,0
Temporal,fr3_walking_xyz,run_01,most distinct observed frames among MapPoints ever dynamic; tie=smallest ID,96,254,3,person,0,0.000000000,0,0
Temporal,fr3_walking_xyz,run_01,most distinct observed frames among MapPoints ever dynamic; tie=smallest ID,97,254,3,person,0,0.000000000,0,0
Temporal,fr3_walking_xyz,run_01,most distinct observed frames among MapPoints ever dynamic; tie=smallest ID,98,254,3,person,0,0.000000000,0,0
Temporal,fr3_walking_xyz,run_01,most distinct observed frames among MapPoints ever dynamic; tie=smallest ID,99,254,3,person,0,0.000000000,0,0
Temporal,fr3_walking_xyz,run_01,most distinct observed frames among MapPoints ever dynamic; tie=smallest ID,100,254,3,person,0,0.000000000,0,0
Temporal,fr3_walking_xyz,run_01,most distinct observed frames among MapPoints ever dynamic; tie=smallest ID,101,254,3,person,0,0.000000000,0,0
Temporal,fr3_walking_xyz,run_01,most distinct observed frames among MapPoints ever dynamic; tie=smallest ID,102,254,3,person,0,0.000000000,0,0
Temporal,fr3_walking_xyz,run_01,most distinct observed frames among MapPoints ever dynamic; tie=smallest ID,103,254,3,person,0,0.000000000,0,0
Temporal,fr3_walking_xyz,run_01,most distinct observed frames among MapPoints ever dynamic; tie=smallest ID,104,254,3,person,0,0.000000000,0,0
Temporal,fr3_walking_xyz,run_01,most distinct observed frames among MapPoints ever dynamic; tie=smallest ID,105,254,3,person,0,0.000000000,0,0
Temporal,fr3_walking_xyz,run_01,most distinct observed frames among MapPoints ever dynamic; tie=smallest ID,106,254,3,person,0,0.000000000,0,0
Temporal,fr3_walking_xyz,run_01,most distinct observed frames among MapPoints ever dynamic; tie=smallest ID,107,254,3,person,0,0.000000000,0,0
Temporal,fr3_walking_xyz,run_01,most distinct observed frames among MapPoints ever dynamic; tie=smallest ID,108,254,3,person,0,0.000000000,0,0
Temporal,fr3_walking_xyz,run_01,most distinct observed frames among MapPoints ever dynamic; tie=smallest ID,109,254,3,person,0,0.000000000,0,0
Temporal,fr3_walking_xyz,run_01,most distinct observed frames among MapPoints ever dynamic; tie=smallest ID,110,254,3,person,0,0.000000000,0,0
Temporal,fr3_walking_xyz,run_01,most distinct observed frames among MapPoints ever dynamic; tie=smallest ID,111,254,3,person,0,0.000000000,0,0
Temporal,fr3_walking_xyz,run_01,most distinct observed frames among MapPoints ever dynamic; tie=smallest ID,112,254,3,person,0,0.000000000,0,0
Temporal,fr3_walking_xyz,run_01,most distinct observed frames among MapPoints ever dynamic; tie=smallest ID,113,254,3,person,0,0.000000000,0,0
Temporal,fr3_walking_xyz,run_01,most distinct observed frames among MapPoints ever dynamic; tie=smallest ID,114,254,3,person,0,0.000000000,0,0
Temporal,fr3_walking_xyz,run_01,most distinct observed frames among MapPoints ever dynamic; tie=smallest ID,115,254,3,person,0,0.000000000,0,0
Temporal,fr3_walking_xyz,run_01,most distinct observed frames among MapPoints ever dynamic; tie=smallest ID,116,254,3,person,0,0.000000000,0,0
Temporal,fr3_walking_xyz,run_01,most distinct observed frames among MapPoints ever dynamic; tie=smallest ID,117,254,3,person,0,0.000000000,0,0
Temporal,fr3_walking_xyz,run_01,most distinct observed frames among MapPoints ever dynamic; tie=smallest ID,118,254,3,person,0,0.000000000,0,0
Temporal,fr3_walking_xyz,run_01,most distinct observed frames among MapPoints ever dynamic; tie=smallest ID,119,254,3,person,0,0.000000000,0,0
Temporal,fr3_walking_xyz,run_01,most distinct observed frames among MapPoints ever dynamic; tie=smallest ID,120,254,3,person,0,0.000000000,0,0
Temporal,fr3_walking_xyz,run_01,most distinct observed frames among MapPoints ever dynamic; tie=smallest ID,121,254,3,person,0,0.000000000,0,0
Temporal,fr3_walking_xyz,run_01,most distinct observed frames among MapPoints ever dynamic; tie=smallest ID,122,254,3,person,0,0.000000000,0,0
Temporal,fr3_walking_xyz,run_01,most distinct observed frames among MapPoints ever dynamic; tie=smallest ID,123,254,3,person,0,0.000000000,0,0
Temporal,fr3_walking_xyz,run_01,most distinct observed frames among MapPoints ever dynamic; tie=smallest ID,124,254,3,person,0,0.000000000,0,0
Temporal,fr3_walking_xyz,run_01,most distinct observed frames among MapPoints ever dynamic; tie=smallest ID,125,254,3,person,0,0.000000000,0,0
Temporal,fr3_walking_xyz,run_01,most distinct observed frames among MapPoints ever dynamic; tie=smallest ID,126,254,3,person,0,0.000000000,0,0
Temporal,fr3_walking_xyz,run_01,most distinct observed frames among MapPoints ever dynamic; tie=smallest ID,127,254,3,person,0,0.000000000,0,0
Temporal,fr3_walking_xyz,run_01,most distinct observed frames among MapPoints ever dynamic; tie=smallest ID,128,254,3,person,0,0.000000000,0,0
Temporal,fr3_walking_xyz,run_01,most distinct observed frames among MapPoints ever dynamic; tie=smallest ID,129,254,3,person,0,0.000000000,0,0
Temporal,fr3_walking_xyz,run_01,most distinct observed frames among MapPoints ever dynamic; tie=smallest ID,130,254,3,person,0,0.000000000,0,0
Temporal,fr3_walking_xyz,run_01,most distinct observed frames among MapPoints ever dynamic; tie=smallest ID,131,254,3,person,0,0.000000000,0,0
Temporal,fr3_walking_xyz,run_01,most distinct observed frames among MapPoints ever dynamic; tie=smallest ID,132,254,3,person,0,0.000000000,0,0
Temporal,fr3_walking_xyz,run_01,most distinct observed frames among MapPoints ever dynamic; tie=smallest ID,133,254,3,person,0,0.000000000,0,0
Temporal,fr3_walking_xyz,run_01,most distinct observed frames among MapPoints ever dynamic; tie=smallest ID,134,254,3,person,0,0.000000000,0,0
Temporal,fr3_walking_xyz,run_01,most distinct observed frames among MapPoints ever dynamic; tie=smallest ID,135,254,3,person,0,0.000000000,0,0
Temporal,fr3_walking_xyz,run_01,most distinct observed frames among MapPoints ever dynamic; tie=smallest ID,136,254,3,person,0,0.000000000,0,0
Temporal,fr3_walking_xyz,run_01,most distinct observed frames among MapPoints ever dynamic; tie=smallest ID,137,254,3,person,0,0.000000000,0,0
Temporal,fr3_walking_xyz,run_01,most distinct observed frames among MapPoints ever dynamic; tie=smallest ID,138,254,3,person,0,0.000000000,0,0
Temporal,fr3_walking_xyz,run_01,most distinct observed frames among MapPoints ever dynamic; tie=smallest ID,139,254,3,person,0,0.000000000,0,0
Temporal,fr3_walking_xyz,run_01,most distinct observed frames among MapPoints ever dynamic; tie=smallest ID,140,254,3,person,0,0.000000000,0,0
Temporal,fr3_walking_xyz,run_01,most distinct observed frames among MapPoints ever dynamic; tie=smallest ID,141,254,3,person,0,0.000000000,0,0
Temporal,fr3_walking_xyz,run_01,most distinct observed frames among MapPoints ever dynamic; tie=smallest ID,142,254,3,person,0,0.000000000,0,0
Temporal,fr3_walking_xyz,run_01,most distinct observed frames among MapPoints ever dynamic; tie=smallest ID,143,254,3,person,0,0.000000000,0,0
Temporal,fr3_walking_xyz,run_01,most distinct observed frames among MapPoints ever dynamic; tie=smallest ID,144,254,3,person,0,0.000000000,0,0
Temporal,fr3_walking_xyz,run_01,most distinct observed frames among MapPoints ever dynamic; tie=smallest ID,145,254,3,person,0,0.000000000,0,0
Temporal,fr3_walking_xyz,run_01,most distinct observed frames among MapPoints ever dynamic; tie=smallest ID,146,254,3,person,0,0.000000000,0,0
Temporal,fr3_walking_xyz,run_01,most distinct observed frames among MapPoints ever dynamic; tie=smallest ID,147,254,3,person,0,0.000000000,0,0
Temporal,fr3_walking_xyz,run_01,most distinct observed frames among MapPoints ever dynamic; tie=smallest ID,148,254,3,person,0,0.000000000,0,0
Temporal,fr3_walking_xyz,run_01,most distinct observed frames among MapPoints ever dynamic; tie=smallest ID,149,254,3,person,0,0.000000000,0,0
Temporal,fr3_walking_xyz,run_01,most distinct observed frames among MapPoints ever dynamic; tie=smallest ID,150,254,3,person,0,0.000000000,0,0
Temporal,fr3_walking_xyz,run_01,most distinct observed frames among MapPoints ever dynamic; tie=smallest ID,151,254,3,person,0,0.000000000,0,0
Temporal,fr3_walking_xyz,run_01,most distinct observed frames among MapPoints ever dynamic; tie=smallest ID,152,254,3,person,0,0.000000000,0,0
Temporal,fr3_walking_xyz,run_01,most distinct observed frames among MapPoints ever dynamic; tie=smallest ID,153,254,3,person,0,0.000000000,0,0
Temporal,fr3_walking_xyz,run_01,most distinct observed frames among MapPoints ever dynamic; tie=smallest ID,154,254,3,person,0,0.000000000,0,0
Temporal,fr3_walking_xyz,run_01,most distinct observed frames among MapPoints ever dynamic; tie=smallest ID,155,254,3,person,0,0.000000000,0,0
Temporal,fr3_walking_xyz,run_01,most distinct observed frames among MapPoints ever dynamic; tie=smallest ID,156,254,3,person,0,0.000000000,0,0
Temporal,fr3_walking_xyz,run_01,most distinct observed frames among MapPoints ever dynamic; tie=smallest ID,157,254,3,person,0,0.000000000,0,0
Temporal,fr3_walking_xyz,run_01,most distinct observed frames among MapPoints ever dynamic; tie=smallest ID,158,254,3,person,0,0.000000000,0,0
Temporal,fr3_walking_xyz,run_01,most distinct observed frames among MapPoints ever dynamic; tie=smallest ID,159,254,3,person,0,0.000000000,0,0
Temporal,fr3_walking_xyz,run_01,most distinct observed frames among MapPoints ever dynamic; tie=smallest ID,162,254,3,person,0,0.000000000,0,0
Temporal,fr3_walking_xyz,run_01,most distinct observed frames among MapPoints ever dynamic; tie=smallest ID,163,254,3,person,0,0.000000000,0,0
Temporal,fr3_walking_xyz,run_01,most distinct observed frames among MapPoints ever dynamic; tie=smallest ID,164,254,3,person,0,0.000000000,0,0
Temporal,fr3_walking_xyz,run_01,most distinct observed frames among MapPoints ever dynamic; tie=smallest ID,165,254,3,person,0,0.000000000,0,0
Temporal,fr3_walking_xyz,run_01,most distinct observed frames among MapPoints ever dynamic; tie=smallest ID,166,254,3,person,0,0.000000000,0,0
Temporal,fr3_walking_xyz,run_01,most distinct observed frames among MapPoints ever dynamic; tie=smallest ID,200,254,3,person,1,3.000000000,1,1
Temporal,fr3_walking_xyz,run_01,most distinct observed frames among MapPoints ever dynamic; tie=smallest ID,201,254,3,person,1,5.550000000,1,1
Temporal,fr3_walking_xyz,run_01,most distinct observed frames among MapPoints ever dynamic; tie=smallest ID,202,254,3,person,1,7.717500000,1,1
Temporal,fr3_walking_xyz,run_01,most distinct observed frames among MapPoints ever dynamic; tie=smallest ID,203,254,3,person,1,9.559880000,1,1
Temporal,fr3_walking_xyz,run_01,most distinct observed frames among MapPoints ever dynamic; tie=smallest ID,204,254,3,person,1,11.125900000,1,1
Temporal,fr3_walking_xyz,run_01,most distinct observed frames among MapPoints ever dynamic; tie=smallest ID,205,254,3,person,1,12.457000000,1,1
Temporal,fr3_walking_xyz,run_01,most distinct observed frames among MapPoints ever dynamic; tie=smallest ID,206,254,3,person,1,13.588500000,1,1
Temporal,fr3_walking_xyz,run_01,most distinct observed frames among MapPoints ever dynamic; tie=smallest ID,207,254,3,person,1,14.550200000,1,1
Temporal,fr3_walking_xyz,run_01,most distinct observed frames among MapPoints ever dynamic; tie=smallest ID,208,254,3,person,0,13.131500000,1,1
Temporal,fr3_walking_xyz,run_01,most distinct observed frames among MapPoints ever dynamic; tie=smallest ID,209,254,3,person,0,11.851200000,1,1
Temporal,fr3_walking_xyz,run_01,most distinct observed frames among MapPoints ever dynamic; tie=smallest ID,210,254,3,person,0,10.695700000,1,1
Temporal,fr3_walking_xyz,run_01,most distinct observed frames among MapPoints ever dynamic; tie=smallest ID,211,254,3,person,0,9.652890000,1,1
Temporal,fr3_walking_xyz,run_01,most distinct observed frames among MapPoints ever dynamic; tie=smallest ID,212,254,3,person,0,8.711740000,1,1
Temporal,fr3_walking_xyz,run_01,most distinct observed frames among MapPoints ever dynamic; tie=smallest ID,213,254,3,person,0,7.862340000,1,1
Temporal,fr3_walking_xyz,run_01,most distinct observed frames among MapPoints ever dynamic; tie=smallest ID,214,254,3,person,0,7.095760000,1,1
Temporal,fr3_walking_xyz,run_01,most distinct observed frames among MapPoints ever dynamic; tie=smallest ID,215,254,3,person,0,6.403930000,1,1
Temporal,fr3_walking_xyz,run_01,most distinct observed frames among MapPoints ever dynamic; tie=smallest ID,216,254,3,person,0,5.779540000,1,1
Temporal,fr3_walking_xyz,run_01,most distinct observed frames among MapPoints ever dynamic; tie=smallest ID,217,254,3,person,0,5.216040000,1,1
Temporal,fr3_walking_xyz,run_01,most distinct observed frames among MapPoints ever dynamic; tie=smallest ID,218,254,3,person,0,4.707470000,1,1
Temporal,fr3_walking_xyz,run_01,most distinct observed frames among MapPoints ever dynamic; tie=smallest ID,219,254,3,person,0,4.248500000,1,1
Temporal,fr3_walking_xyz,run_01,most distinct observed frames among MapPoints ever dynamic; tie=smallest ID,220,254,3,person,0,3.834270000,1,1
Temporal,fr3_walking_xyz,run_01,most distinct observed frames among MapPoints ever dynamic; tie=smallest ID,221,254,3,person,0,3.460430000,1,1
Temporal,fr3_walking_xyz,run_01,most distinct observed frames among MapPoints ever dynamic; tie=smallest ID,222,254,3,person,0,3.123030000,1,1
Temporal,fr3_walking_xyz,run_01,most distinct observed frames among MapPoints ever dynamic; tie=smallest ID,223,254,3,person,0,2.818540000,0,0
Temporal,fr3_walking_xyz,run_01,most distinct observed frames among MapPoints ever dynamic; tie=smallest ID,224,254,3,person,0,2.543730000,0,0
Temporal,fr3_walking_xyz,run_01,most distinct observed frames among MapPoints ever dynamic; tie=smallest ID,225,254,3,person,0,2.295720000,0,0
Temporal,fr3_walking_xyz,run_01,most distinct observed frames among MapPoints ever dynamic; tie=smallest ID,226,254,3,person,0,2.071880000,0,0
Temporal,fr3_walking_xyz,run_01,most distinct observed frames among MapPoints ever dynamic; tie=smallest ID,227,254,3,person,0,1.869880000,0,0
Temporal,fr3_walking_xyz,run_01,most distinct observed frames among MapPoints ever dynamic; tie=smallest ID,228,254,3,person,0,1.687560000,0,0
Temporal,fr3_walking_xyz,run_01,most distinct observed frames among MapPoints ever dynamic; tie=smallest ID,229,254,3,person,0,1.523030000,0,0
Temporal,fr3_walking_xyz,run_01,most distinct observed frames among MapPoints ever dynamic; tie=smallest ID,230,254,3,person,0,1.374530000,0,0
Temporal,fr3_walking_xyz,run_01,most distinct observed frames among MapPoints ever dynamic; tie=smallest ID,231,254,3,person,0,1.240510000,0,0
Temporal,fr3_walking_xyz,run_01,most distinct observed frames among MapPoints ever dynamic; tie=smallest ID,232,254,3,person,0,1.119560000,0,0
Temporal,fr3_walking_xyz,run_01,most distinct observed frames among MapPoints ever dynamic; tie=smallest ID,233,254,3,person,0,1.010410000,0,0
Temporal,fr3_walking_xyz,run_01,most distinct observed frames among MapPoints ever dynamic; tie=smallest ID,234,254,3,person,0,0.911891000,0,0
Temporal,fr3_walking_xyz,run_01,most distinct observed frames among MapPoints ever dynamic; tie=smallest ID,235,254,3,person,0,0.822982000,0,0
Temporal,fr3_walking_xyz,run_01,most distinct observed frames among MapPoints ever dynamic; tie=smallest ID,236,254,3,person,0,0.742741000,0,0
Temporal,fr3_walking_xyz,run_01,most distinct observed frames among MapPoints ever dynamic; tie=smallest ID,237,254,3,person,0,0.670324000,0,0
Temporal,fr3_walking_xyz,run_01,most distinct observed frames among MapPoints ever dynamic; tie=smallest ID,238,254,3,person,0,0.604967000,0,0
Temporal,fr3_walking_xyz,run_01,most distinct observed frames among MapPoints ever dynamic; tie=smallest ID,239,254,3,person,0,0.545983000,0,0
Temporal,fr3_walking_xyz,run_01,most distinct observed frames among MapPoints ever dynamic; tie=smallest ID,240,254,3,person,0,0.492750000,0,0
Temporal,fr3_walking_xyz,run_01,most distinct observed frames among MapPoints ever dynamic; tie=smallest ID,241,254,3,person,0,0.444707000,0,0
Temporal,fr3_walking_xyz,run_01,most distinct observed frames among MapPoints ever dynamic; tie=smallest ID,242,254,3,person,0,0.401348000,0,0
Temporal,fr3_walking_xyz,run_01,most distinct observed frames among MapPoints ever dynamic; tie=smallest ID,243,254,3,person,0,0.362216000,0,0
Temporal,fr3_walking_xyz,run_01,most distinct observed frames among MapPoints ever dynamic; tie=smallest ID,244,254,3,person,0,0.326900000,0,0
Temporal,fr3_walking_xyz,run_01,most distinct observed frames among MapPoints ever dynamic; tie=smallest ID,245,254,3,person,0,0.295027000,0,0
Temporal,fr3_walking_xyz,run_01,most distinct observed frames among MapPoints ever dynamic; tie=smallest ID,246,254,3,person,0,0.266262000,0,0
Temporal,fr3_walking_xyz,run_01,most distinct observed frames among MapPoints ever dynamic; tie=smallest ID,247,254,3,person,0,0.240302000,0,0
Temporal,fr3_walking_xyz,run_01,most distinct observed frames among MapPoints ever dynamic; tie=smallest ID,248,254,3,person,0,0.216872000,0,0
Temporal,fr3_walking_xyz,run_01,most distinct observed frames among MapPoints ever dynamic; tie=smallest ID,249,254,3,person,0,0.195727000,0,0
Temporal,fr3_walking_xyz,run_01,most distinct observed frames among MapPoints ever dynamic; tie=smallest ID,250,254,3,person,0,0.176644000,0,0
Temporal,fr3_walking_xyz,run_01,most distinct observed frames among MapPoints ever dynamic; tie=smallest ID,251,254,3,person,0,0.159421000,0,0
Temporal,fr3_walking_xyz,run_01,most distinct observed frames among MapPoints ever dynamic; tie=smallest ID,252,254,3,person,0,0.143877000,0,0
Temporal,fr3_walking_xyz,run_01,most distinct observed frames among MapPoints ever dynamic; tie=smallest ID,253,254,3,person,0,0.129849000,0,0
Temporal,fr3_walking_xyz,run_01,most distinct observed frames among MapPoints ever dynamic; tie=smallest ID,254,254,3,person,0,0.117189000,0,0
Temporal,fr3_walking_xyz,run_01,most distinct observed frames among MapPoints ever dynamic; tie=smallest ID,255,254,3,person,0,0.105763000,0,0
Temporal,fr3_walking_xyz,run_01,most distinct observed frames among MapPoints ever dynamic; tie=smallest ID,256,254,3,person,0,0.095451200,0,0
Temporal,fr3_walking_xyz,run_01,most distinct observed frames among MapPoints ever dynamic; tie=smallest ID,257,254,3,person,0,0.086144700,0,0
Temporal,fr3_walking_xyz,run_01,most distinct observed frames among MapPoints ever dynamic; tie=smallest ID,258,254,3,person,0,0.077745600,0,0
Temporal,fr3_walking_xyz,run_01,most distinct observed frames among MapPoints ever dynamic; tie=smallest ID,259,254,3,person,0,0.070165400,0,0
Temporal,fr3_walking_xyz,run_01,most distinct observed frames among MapPoints ever dynamic; tie=smallest ID,260,254,3,person,0,0.063324300,0,0
Temporal,fr3_walking_xyz,run_01,most distinct observed frames among MapPoints ever dynamic; tie=smallest ID,261,254,3,person,0,0.057150200,0,0
Temporal,fr3_walking_xyz,run_01,most distinct observed frames among MapPoints ever dynamic; tie=smallest ID,262,254,3,person,0,0.051578000,0,0
Temporal,fr3_walking_xyz,run_01,most distinct observed frames among MapPoints ever dynamic; tie=smallest ID,263,254,3,person,0,0.046549200,0,0
Temporal,fr3_walking_xyz,run_01,most distinct observed frames among MapPoints ever dynamic; tie=smallest ID,264,254,3,person,0,0.042010600,0,0
Temporal,fr3_walking_xyz,run_01,most distinct observed frames among MapPoints ever dynamic; tie=smallest ID,265,254,3,person,0,0.037914600,0,0
Temporal,fr3_walking_xyz,run_01,most distinct observed frames among MapPoints ever dynamic; tie=smallest ID,271,254,3,person,0,0.026477200,0,0
Temporal,fr3_walking_xyz,run_01,most distinct observed frames among MapPoints ever dynamic; tie=smallest ID,272,254,3,person,0,0.023895600,0,0
Temporal,fr3_walking_xyz,run_01,most distinct observed frames among MapPoints ever dynamic; tie=smallest ID,274,254,3,person,0,0.020487500,0,0
Temporal,fr3_walking_xyz,run_01,most distinct observed frames among MapPoints ever dynamic; tie=smallest ID,275,254,3,person,0,0.018490000,0,0
Temporal,fr3_walking_xyz,run_01,most distinct observed frames among MapPoints ever dynamic; tie=smallest ID,276,254,3,person,0,0.016687200,0,0
Temporal,fr3_walking_xyz,run_01,most distinct observed frames among MapPoints ever dynamic; tie=smallest ID,277,254,3,person,0,0.015060200,0,0
Temporal,fr3_walking_xyz,run_01,most distinct observed frames among MapPoints ever dynamic; tie=smallest ID,278,254,3,person,0,0.013591800,0,0
Temporal,fr3_walking_xyz,run_01,most distinct observed frames among MapPoints ever dynamic; tie=smallest ID,279,254,3,person,0,0.012266600,0,0
Temporal,fr3_walking_xyz,run_01,most distinct observed frames among MapPoints ever dynamic; tie=smallest ID,280,254,3,person,0,0.011070600,0,0
Temporal,fr3_walking_xyz,run_01,most distinct observed frames among MapPoints ever dynamic; tie=smallest ID,281,254,3,person,0,0.009991260,0,0
Temporal,fr3_walking_xyz,run_01,most distinct observed frames among MapPoints ever dynamic; tie=smallest ID,282,254,3,person,0,0.009017110,0,0
Temporal,fr3_walking_xyz,run_01,most distinct observed frames among MapPoints ever dynamic; tie=smallest ID,283,254,3,person,0,0.008137940,0,0
Temporal,fr3_walking_xyz,run_01,most distinct observed frames among MapPoints ever dynamic; tie=smallest ID,314,254,3,person,0,0.001576410,0,0
Temporal,fr3_walking_xyz,run_01,most distinct observed frames among MapPoints ever dynamic; tie=smallest ID,315,254,3,person,0,0.001422710,0,0
Temporal,fr3_walking_xyz,run_01,most distinct observed frames among MapPoints ever dynamic; tie=smallest ID,316,254,3,person,0,0.001284000,0,0
Temporal,fr3_walking_xyz,run_01,most distinct observed frames among MapPoints ever dynamic; tie=smallest ID,317,254,3,person,0,0.001158810,0,0
Temporal,fr3_walking_xyz,run_01,most distinct observed frames among MapPoints ever dynamic; tie=smallest ID,318,254,3,person,0,0.001045820,0,0
Temporal,fr3_walking_xyz,run_01,most distinct observed frames among MapPoints ever dynamic; tie=smallest ID,319,254,3,person,0,0.000943856,0,0
Temporal,fr3_walking_xyz,run_01,most distinct observed frames among MapPoints ever dynamic; tie=smallest ID,320,254,3,person,0,0.000851830,0,0
Temporal,fr3_walking_xyz,run_01,most distinct observed frames among MapPoints ever dynamic; tie=smallest ID,321,254,3,person,0,0.000768776,0,0
Temporal,fr3_walking_xyz,run_01,most distinct observed frames among MapPoints ever dynamic; tie=smallest ID,322,254,3,person,0,0.000693821,0,0
Temporal,fr3_walking_xyz,run_01,most distinct observed frames among MapPoints ever dynamic; tie=smallest ID,323,254,3,person,0,0.000594865,0,0
Temporal,fr3_walking_xyz,run_01,most distinct observed frames among MapPoints ever dynamic; tie=smallest ID,324,254,3,person,0,0.000536865,0,0
Temporal,fr3_walking_xyz,run_01,most distinct observed frames among MapPoints ever dynamic; tie=smallest ID,325,254,3,person,0,0.000484521,0,0
Temporal,fr3_walking_xyz,run_01,most distinct observed frames among MapPoints ever dynamic; tie=smallest ID,326,254,3,person,0,0.000437280,0,0
Temporal,fr3_walking_xyz,run_01,most distinct observed frames among MapPoints ever dynamic; tie=smallest ID,327,254,3,person,0,0.000394645,0,0
Temporal,fr3_walking_xyz,run_01,most distinct observed frames among MapPoints ever dynamic; tie=smallest ID,328,254,3,person,0,0.000356167,0,0
Temporal,fr3_walking_xyz,run_01,most distinct observed frames among MapPoints ever dynamic; tie=smallest ID,329,254,3,person,0,0.000321441,0,0
Temporal,fr3_walking_xyz,run_01,most distinct observed frames among MapPoints ever dynamic; tie=smallest ID,330,254,3,person,0,0.000290100,0,0
Temporal,fr3_walking_xyz,run_01,most distinct observed frames among MapPoints ever dynamic; tie=smallest ID,331,254,3,person,0,0.000261816,0,0
Temporal,fr3_walking_xyz,run_01,most distinct observed frames among MapPoints ever dynamic; tie=smallest ID,332,254,3,person,0,0.000236289,0,0
Temporal,fr3_walking_xyz,run_01,most distinct observed frames among MapPoints ever dynamic; tie=smallest ID,333,254,3,person,0,0.000213250,0,0
Temporal,fr3_walking_xyz,run_01,most distinct observed frames among MapPoints ever dynamic; tie=smallest ID,334,254,3,person,0,0.000192459,0,0
Temporal,fr3_walking_xyz,run_01,most distinct observed frames among MapPoints ever dynamic; tie=smallest ID,335,254,3,person,0,0.000173694,0,0
Temporal,fr3_walking_xyz,run_01,most distinct observed frames among MapPoints ever dynamic; tie=smallest ID,336,254,3,person,0,0.000156759,0,0
Temporal,fr3_walking_xyz,run_01,most distinct observed frames among MapPoints ever dynamic; tie=smallest ID,337,254,3,person,0,0.000141475,0,0
Temporal,fr3_walking_xyz,run_01,most distinct observed frames among MapPoints ever dynamic; tie=smallest ID,338,254,3,person,0,0.000121297,0,0
Temporal,fr3_walking_xyz,run_01,most distinct observed frames among MapPoints ever dynamic; tie=smallest ID,339,254,3,person,0,0.000109470,0,0
Temporal,fr3_walking_xyz,run_01,most distinct observed frames among MapPoints ever dynamic; tie=smallest ID,340,254,3,person,0,0.000098797,0,0
Temporal,fr3_walking_xyz,run_01,most distinct observed frames among MapPoints ever dynamic; tie=smallest ID,341,254,3,person,0,0.000089164,0,0
Temporal,fr3_walking_xyz,run_01,most distinct observed frames among MapPoints ever dynamic; tie=smallest ID,342,254,3,person,0,0.000080471,0,0
Temporal,fr3_walking_xyz,run_01,most distinct observed frames among MapPoints ever dynamic; tie=smallest ID,343,254,3,person,0,0.000072625,0,0
Temporal,fr3_walking_xyz,run_01,most distinct observed frames among MapPoints ever dynamic; tie=smallest ID,344,254,3,person,0,0.000065544,0,0
Temporal,fr3_walking_xyz,run_01,most distinct observed frames among MapPoints ever dynamic; tie=smallest ID,345,254,3,person,0,0.000059153,0,0
Temporal,fr3_walking_xyz,run_01,most distinct observed frames among MapPoints ever dynamic; tie=smallest ID,346,254,3,person,0,0.000053386,0,0
Temporal,fr3_walking_xyz,run_01,most distinct observed frames among MapPoints ever dynamic; tie=smallest ID,347,254,3,person,0,0.000045772,0,0
Temporal,fr3_walking_xyz,run_01,most distinct observed frames among MapPoints ever dynamic; tie=smallest ID,348,254,3,person,0,0.000041309,0,0
Temporal,fr3_walking_xyz,run_01,most distinct observed frames among MapPoints ever dynamic; tie=smallest ID,349,254,3,person,0,0.000037281,0,0
Temporal,fr3_walking_xyz,run_01,most distinct observed frames among MapPoints ever dynamic; tie=smallest ID,350,254,3,person,0,0.000033646,0,0
Temporal,fr3_walking_xyz,run_01,most distinct observed frames among MapPoints ever dynamic; tie=smallest ID,351,254,3,person,0,0.000030366,0,0
Temporal,fr3_walking_xyz,run_01,most distinct observed frames among MapPoints ever dynamic; tie=smallest ID,352,254,3,person,0,0.000027405,0,0
Temporal,fr3_walking_xyz,run_01,most distinct observed frames among MapPoints ever dynamic; tie=smallest ID,353,254,3,person,0,0.000024733,0,0
Temporal,fr3_walking_xyz,run_01,most distinct observed frames among MapPoints ever dynamic; tie=smallest ID,354,254,3,person,0,0.000022322,0,0
Temporal,fr3_walking_xyz,run_01,most distinct observed frames among MapPoints ever dynamic; tie=smallest ID,355,254,3,person,0,0.000020145,0,0
Temporal,fr3_walking_xyz,run_01,most distinct observed frames among MapPoints ever dynamic; tie=smallest ID,356,254,3,person,0,0.000018181,0,0
Temporal,fr3_walking_xyz,run_01,most distinct observed frames among MapPoints ever dynamic; tie=smallest ID,357,254,3,person,0,0.000016409,0,0
Temporal,fr3_walking_xyz,run_01,most distinct observed frames among MapPoints ever dynamic; tie=smallest ID,358,254,3,person,0,0.000014068,0,0
Temporal,fr3_walking_xyz,run_01,most distinct observed frames among MapPoints ever dynamic; tie=smallest ID,359,254,3,person,0,0.000012697,0,0
Temporal,fr3_walking_xyz,run_01,most distinct observed frames among MapPoints ever dynamic; tie=smallest ID,360,254,3,person,0,0.000011459,0,0
Temporal,fr3_walking_xyz,run_01,most distinct observed frames among MapPoints ever dynamic; tie=smallest ID,361,254,3,person,0,0.000010341,0,0
Temporal,fr3_walking_xyz,run_01,most distinct observed frames among MapPoints ever dynamic; tie=smallest ID,362,254,3,person,0,0.000009333,0,0
Temporal,fr3_walking_xyz,run_01,most distinct observed frames among MapPoints ever dynamic; tie=smallest ID,363,254,3,person,0,0.000008423,0,0
Temporal,fr3_walking_xyz,run_01,most distinct observed frames among MapPoints ever dynamic; tie=smallest ID,364,254,3,person,0,0.000007222,0,0
Temporal,fr3_walking_xyz,run_01,most distinct observed frames among MapPoints ever dynamic; tie=smallest ID,365,254,3,person,0,0.000006518,0,0
Temporal,fr3_walking_xyz,run_01,most distinct observed frames among MapPoints ever dynamic; tie=smallest ID,366,254,3,person,0,0.000005882,0,0
Temporal,fr3_walking_xyz,run_01,most distinct observed frames among MapPoints ever dynamic; tie=smallest ID,367,254,3,person,0,0.000005309,0,0
Temporal,fr3_walking_xyz,run_01,most distinct observed frames among MapPoints ever dynamic; tie=smallest ID,368,254,3,person,0,0.000004791,0,0
Temporal,fr3_walking_xyz,run_01,most distinct observed frames among MapPoints ever dynamic; tie=smallest ID,369,254,3,person,0,0.000004324,0,0
Temporal,fr3_walking_xyz,run_01,most distinct observed frames among MapPoints ever dynamic; tie=smallest ID,370,254,3,person,0,0.000003902,0,0
Temporal,fr3_walking_xyz,run_01,most distinct observed frames among MapPoints ever dynamic; tie=smallest ID,371,254,3,person,0,0.000003522,0,0
Temporal,fr3_walking_xyz,run_01,most distinct observed frames among MapPoints ever dynamic; tie=smallest ID,372,254,3,person,0,0.000003179,0,0
Temporal,fr3_walking_xyz,run_01,most distinct observed frames among MapPoints ever dynamic; tie=smallest ID,373,254,3,person,0,0.000002869,0,0
Temporal,fr3_walking_xyz,run_01,most distinct observed frames among MapPoints ever dynamic; tie=smallest ID,374,254,3,person,0,0.000002589,0,0
Temporal,fr3_walking_xyz,run_01,most distinct observed frames among MapPoints ever dynamic; tie=smallest ID,375,254,3,person,0,0.000002337,0,0
Temporal,fr3_walking_xyz,run_01,most distinct observed frames among MapPoints ever dynamic; tie=smallest ID,376,254,3,person,0,0.000002109,0,0
Temporal,fr3_walking_xyz,run_01,most distinct observed frames among MapPoints ever dynamic; tie=smallest ID,377,254,3,person,0,0.000001903,0,0
Temporal,fr3_walking_xyz,run_01,most distinct observed frames among MapPoints ever dynamic; tie=smallest ID,378,254,3,person,0,0.000001718,0,0
Temporal,fr3_walking_xyz,run_01,most distinct observed frames among MapPoints ever dynamic; tie=smallest ID,379,254,3,person,0,0.000001550,0,0
Temporal,fr3_walking_xyz,run_01,most distinct observed frames among MapPoints ever dynamic; tie=smallest ID,380,254,3,person,0,0.000001399,0,0
Temporal,fr3_walking_xyz,run_01,most distinct observed frames among MapPoints ever dynamic; tie=smallest ID,381,254,3,person,0,0.000001263,0,0
Temporal,fr3_walking_xyz,run_01,most distinct observed frames among MapPoints ever dynamic; tie=smallest ID,382,254,3,person,0,0.000001139,0,0
Temporal,fr3_walking_xyz,run_01,most distinct observed frames among MapPoints ever dynamic; tie=smallest ID,383,254,3,person,0,0.000001028,0,0
Temporal,fr3_walking_xyz,run_01,most distinct observed frames among MapPoints ever dynamic; tie=smallest ID,384,254,3,person,0,0.000000928,0,0
Temporal,fr3_walking_xyz,run_01,most distinct observed frames among MapPoints ever dynamic; tie=smallest ID,385,254,3,person,0,0.000000838,0,0
Temporal,fr3_walking_xyz,run_01,most distinct observed frames among MapPoints ever dynamic; tie=smallest ID,386,254,3,person,0,0.000000756,0,0
Temporal,fr3_walking_xyz,run_01,most distinct observed frames among MapPoints ever dynamic; tie=smallest ID,387,254,3,person,0,0.000000682,0,0
Temporal,fr3_walking_xyz,run_01,most distinct observed frames among MapPoints ever dynamic; tie=smallest ID,388,254,3,person,0,0.000000616,0,0
Temporal,fr3_walking_xyz,run_01,most distinct observed frames among MapPoints ever dynamic; tie=smallest ID,389,254,3,person,0,0.000000556,0,0
Temporal,fr3_walking_xyz,run_01,most distinct observed frames among MapPoints ever dynamic; tie=smallest ID,390,254,3,person,0,0.000000502,0,0
Temporal,fr3_walking_xyz,run_01,most distinct observed frames among MapPoints ever dynamic; tie=smallest ID,391,254,3,person,0,0.000000453,0,0
Temporal,fr3_walking_xyz,run_01,most distinct observed frames among MapPoints ever dynamic; tie=smallest ID,392,254,3,person,0,0.000000408,0,0
Temporal,fr3_walking_xyz,run_01,most distinct observed frames among MapPoints ever dynamic; tie=smallest ID,393,254,3,person,0,0.000000369,0,0
Temporal,fr3_walking_xyz,run_01,most distinct observed frames among MapPoints ever dynamic; tie=smallest ID,394,254,3,person,0,0.000000333,0,0
Temporal,fr3_walking_xyz,run_01,most distinct observed frames among MapPoints ever dynamic; tie=smallest ID,395,254,3,person,0,0.000000300,0,0
Temporal,fr3_walking_xyz,run_01,most distinct observed frames among MapPoints ever dynamic; tie=smallest ID,396,254,3,person,0,0.000000271,0,0
Temporal,fr3_walking_xyz,run_01,most distinct observed frames among MapPoints ever dynamic; tie=smallest ID,397,254,3,person,0,0.000000245,0,0
Temporal,fr3_walking_xyz,run_01,most distinct observed frames among MapPoints ever dynamic; tie=smallest ID,398,254,3,person,0,0.000000221,0,0
Temporal,fr3_walking_xyz,run_01,most distinct observed frames among MapPoints ever dynamic; tie=smallest ID,399,254,3,person,0,0.000000199,0,0
Temporal,fr3_walking_xyz,run_01,most distinct observed frames among MapPoints ever dynamic; tie=smallest ID,400,254,3,person,0,0.000000180,0,0
Temporal,fr3_walking_xyz,run_01,most distinct observed frames among MapPoints ever dynamic; tie=smallest ID,401,254,3,person,0,0.000000162,0,0
Temporal,fr3_walking_xyz,run_01,most distinct observed frames among MapPoints ever dynamic; tie=smallest ID,402,254,3,person,0,0.000000146,0,0
Temporal,fr3_walking_xyz,run_01,most distinct observed frames among MapPoints ever dynamic; tie=smallest ID,403,254,3,person,0,0.000000132,0,0
Temporal,fr3_walking_xyz,run_01,most distinct observed frames among MapPoints ever dynamic; tie=smallest ID,404,254,3,person,0,0.000000119,0,0
Temporal,fr3_walking_xyz,run_01,most distinct observed frames among MapPoints ever dynamic; tie=smallest ID,405,254,3,person,0,0.000000108,0,0
Temporal,fr3_walking_xyz,run_01,most distinct observed frames among MapPoints ever dynamic; tie=smallest ID,406,254,3,person,0,0.000000097,0,0
Temporal,fr3_walking_xyz,run_01,most distinct observed frames among MapPoints ever dynamic; tie=smallest ID,407,254,3,person,0,0.000000088,0,0
Temporal,fr3_walking_xyz,run_01,most distinct observed frames among MapPoints ever dynamic; tie=smallest ID,408,254,3,person,0,0.000000079,0,0
Temporal,fr3_walking_xyz,run_01,most distinct observed frames among MapPoints ever dynamic; tie=smallest ID,412,254,3,person,0,0.000000061,0,0
Temporal,fr3_walking_xyz,run_01,most distinct observed frames among MapPoints ever dynamic; tie=smallest ID,415,254,3,person,0,0.000000050,0,0
Temporal,fr3_walking_xyz,run_01,most distinct observed frames among MapPoints ever dynamic; tie=smallest ID,416,254,3,person,0,0.000000045,0,0
Temporal,fr3_walking_xyz,run_01,most distinct observed frames among MapPoints ever dynamic; tie=smallest ID,417,254,3,person,0,0.000000041,0,0
Temporal,fr3_walking_xyz,run_01,most distinct observed frames among MapPoints ever dynamic; tie=smallest ID,420,254,3,person,0,0.000000033,0,0
Temporal,fr3_walking_xyz,run_01,most distinct observed frames among MapPoints ever dynamic; tie=smallest ID,421,254,3,person,0,0.000000030,0,0
Temporal,fr3_walking_xyz,run_01,most distinct observed frames among MapPoints ever dynamic; tie=smallest ID,483,254,3,person,0,0.000000001,0,0
Temporal,fr3_walking_xyz,run_01,most distinct observed frames among MapPoints ever dynamic; tie=smallest ID,547,254,3,person,0,0.000000000,0,0
Temporal,fr3_walking_xyz,run_01,most distinct observed frames among MapPoints ever dynamic; tie=smallest ID,548,254,3,person,0,0.000000000,0,0
Temporal,fr3_walking_xyz,run_01,most distinct observed frames among MapPoints ever dynamic; tie=smallest ID,549,254,3,person,0,0.000000000,0,0
Temporal,fr3_walking_xyz,run_01,most distinct observed frames among MapPoints ever dynamic; tie=smallest ID,550,254,3,person,0,0.000000000,0,0
Temporal,fr3_walking_xyz,run_01,most distinct observed frames among MapPoints ever dynamic; tie=smallest ID,551,254,3,person,0,0.000000000,0,0
Temporal,fr3_walking_xyz,run_01,most distinct observed frames among MapPoints ever dynamic; tie=smallest ID,552,254,3,person,0,0.000000000,0,0
Temporal,fr3_walking_xyz,run_01,most distinct observed frames among MapPoints ever dynamic; tie=smallest ID,553,254,3,person,0,0.000000000,0,0
Temporal,fr3_walking_xyz,run_01,most distinct observed frames among MapPoints ever dynamic; tie=smallest ID,556,254,3,person,0,0.000000000,0,0
Temporal,fr3_walking_xyz,run_01,most distinct observed frames among MapPoints ever dynamic; tie=smallest ID,557,254,3,person,0,0.000000000,0,0
Temporal,fr3_walking_xyz,run_01,most distinct observed frames among MapPoints ever dynamic; tie=smallest ID,558,254,3,person,0,0.000000000,0,0
Temporal,fr3_walking_xyz,run_01,most distinct observed frames among MapPoints ever dynamic; tie=smallest ID,559,254,3,person,0,0.000000000,0,0
Temporal,fr3_walking_xyz,run_01,most distinct observed frames among MapPoints ever dynamic; tie=smallest ID,560,254,3,person,0,0.000000000,0,0
Temporal,fr3_walking_xyz,run_01,most distinct observed frames among MapPoints ever dynamic; tie=smallest ID,561,254,3,person,0,0.000000000,0,0
Temporal,fr3_walking_xyz,run_01,most distinct observed frames among MapPoints ever dynamic; tie=smallest ID,562,254,3,person,0,0.000000000,0,0
Temporal,fr3_walking_xyz,run_01,most distinct observed frames among MapPoints ever dynamic; tie=smallest ID,563,254,3,person,0,0.000000000,0,0
Temporal,fr3_walking_xyz,run_01,most distinct observed frames among MapPoints ever dynamic; tie=smallest ID,564,254,3,person,0,0.000000000,0,0
Temporal,fr3_walking_xyz,run_01,most distinct observed frames among MapPoints ever dynamic; tie=smallest ID,565,254,3,person,0,0.000000000,0,0
Temporal,fr3_walking_xyz,run_01,most distinct observed frames among MapPoints ever dynamic; tie=smallest ID,566,254,3,person,0,0.000000000,0,0
Temporal,fr3_walking_xyz,run_01,most distinct observed frames among MapPoints ever dynamic; tie=smallest ID,567,254,3,person,0,0.000000000,0,0
Temporal,fr3_walking_xyz,run_01,most distinct observed frames among MapPoints ever dynamic; tie=smallest ID,568,254,3,person,0,0.000000000,0,0
Temporal,fr3_walking_xyz,run_01,most distinct observed frames among MapPoints ever dynamic; tie=smallest ID,569,254,3,person,0,0.000000000,0,0
Temporal,fr3_walking_xyz,run_01,most distinct observed frames among MapPoints ever dynamic; tie=smallest ID,570,254,3,person,0,0.000000000,0,0
Temporal,fr3_walking_xyz,run_01,most distinct observed frames among MapPoints ever dynamic; tie=smallest ID,571,254,3,person,0,0.000000000,0,0
Temporal,fr3_walking_xyz,run_01,most distinct observed frames among MapPoints ever dynamic; tie=smallest ID,572,254,3,person,0,0.000000000,0,0
Temporal,fr3_walking_xyz,run_01,most distinct observed frames among MapPoints ever dynamic; tie=smallest ID,573,254,3,person,0,0.000000000,0,0
Temporal,fr3_walking_xyz,run_01,most distinct observed frames among MapPoints ever dynamic; tie=smallest ID,574,254,3,person,0,0.000000000,0,0
Temporal,fr3_walking_xyz,run_01,most distinct observed frames among MapPoints ever dynamic; tie=smallest ID,575,254,3,person,0,0.000000000,0,0
Temporal,fr3_walking_xyz,run_01,most distinct observed frames among MapPoints ever dynamic; tie=smallest ID,576,254,3,person,0,0.000000000,0,0
Temporal,fr3_walking_xyz,run_01,most distinct observed frames among MapPoints ever dynamic; tie=smallest ID,577,254,3,person,0,0.000000000,0,0
Temporal,fr3_walking_xyz,run_01,most distinct observed frames among MapPoints ever dynamic; tie=smallest ID,578,254,3,person,0,0.000000000,0,0
Temporal,fr3_walking_xyz,run_01,most distinct observed frames among MapPoints ever dynamic; tie=smallest ID,579,254,3,person,0,0.000000000,0,0
Temporal,fr3_walking_xyz,run_01,most distinct observed frames among MapPoints ever dynamic; tie=smallest ID,580,254,3,person,0,0.000000000,0,0
Temporal,fr3_walking_xyz,run_01,most distinct observed frames among MapPoints ever dynamic; tie=smallest ID,581,254,3,person,0,0.000000000,0,0
Temporal,fr3_walking_xyz,run_01,most distinct observed frames among MapPoints ever dynamic; tie=smallest ID,582,254,3,person,0,0.000000000,0,0
Temporal,fr3_walking_xyz,run_01,most distinct observed frames among MapPoints ever dynamic; tie=smallest ID,583,254,3,person,0,0.000000000,0,0
Temporal,fr3_walking_xyz,run_01,most distinct observed frames among MapPoints ever dynamic; tie=smallest ID,584,254,3,person,0,0.000000000,0,0
Temporal,fr3_walking_xyz,run_01,most distinct observed frames among MapPoints ever dynamic; tie=smallest ID,585,254,3,person,0,0.000000000,0,0
Temporal,fr3_walking_xyz,run_01,most distinct observed frames among MapPoints ever dynamic; tie=smallest ID,586,254,3,person,0,0.000000000,0,0
Temporal,fr3_walking_xyz,run_01,most distinct observed frames among MapPoints ever dynamic; tie=smallest ID,587,254,3,person,0,0.000000000,0,0
Temporal,fr3_walking_xyz,run_01,most distinct observed frames among MapPoints ever dynamic; tie=smallest ID,588,254,3,person,0,0.000000000,0,0
Temporal,fr3_walking_xyz,run_01,most distinct observed frames among MapPoints ever dynamic; tie=smallest ID,589,254,3,person,0,0.000000000,0,0
Temporal,fr3_walking_xyz,run_01,most distinct observed frames among MapPoints ever dynamic; tie=smallest ID,590,254,3,person,0,0.000000000,0,0
Temporal,fr3_walking_xyz,run_01,most distinct observed frames among MapPoints ever dynamic; tie=smallest ID,591,254,3,person,0,0.000000000,0,0
Temporal,fr3_walking_xyz,run_01,most distinct observed frames among MapPoints ever dynamic; tie=smallest ID,592,254,3,person,0,0.000000000,0,0
Temporal,fr3_walking_xyz,run_01,most distinct observed frames among MapPoints ever dynamic; tie=smallest ID,593,254,3,person,0,0.000000000,0,0
Temporal,fr3_walking_xyz,run_01,most distinct observed frames among MapPoints ever dynamic; tie=smallest ID,594,254,3,person,1,3.000000000,1,1
Temporal,fr3_walking_xyz,run_01,most distinct observed frames among MapPoints ever dynamic; tie=smallest ID,595,254,3,person,1,5.550000000,1,1
Temporal,fr3_walking_xyz,run_01,most distinct observed frames among MapPoints ever dynamic; tie=smallest ID,596,254,3,person,1,7.717500000,1,1
Temporal,fr3_walking_xyz,run_01,most distinct observed frames among MapPoints ever dynamic; tie=smallest ID,597,254,3,person,1,9.559880000,1,1
Temporal,fr3_walking_xyz,run_01,most distinct observed frames among MapPoints ever dynamic; tie=smallest ID,598,254,3,person,1,11.125900000,1,1
Temporal,fr3_walking_xyz,run_01,most distinct observed frames among MapPoints ever dynamic; tie=smallest ID,599,254,3,person,1,12.457000000,1,1
Temporal,fr3_walking_xyz,run_01,most distinct observed frames among MapPoints ever dynamic; tie=smallest ID,600,254,3,person,1,13.588500000,1,1
Temporal,fr3_walking_xyz,run_01,most distinct observed frames among MapPoints ever dynamic; tie=smallest ID,601,254,3,person,1,14.550200000,1,1
Temporal,fr3_walking_xyz,run_01,most distinct observed frames among MapPoints ever dynamic; tie=smallest ID,602,254,3,person,1,15.367700000,1,1
Temporal,fr3_walking_xyz,run_01,most distinct observed frames among MapPoints ever dynamic; tie=smallest ID,603,254,3,person,1,16.062500000,1,1
Temporal,fr3_walking_xyz,run_01,most distinct observed frames among MapPoints ever dynamic; tie=smallest ID,604,254,3,person,1,16.653100000,1,1
Temporal,fr3_walking_xyz,run_01,most distinct observed frames among MapPoints ever dynamic; tie=smallest ID,605,254,3,person,1,17.155200000,1,1
Temporal,fr3_walking_xyz,run_01,most distinct observed frames among MapPoints ever dynamic; tie=smallest ID,606,254,3,person,1,17.581900000,1,1
Temporal,fr3_walking_xyz,run_01,most distinct observed frames among MapPoints ever dynamic; tie=smallest ID,607,254,3,person,1,17.944600000,1,1
Temporal,fr3_walking_xyz,run_01,most distinct observed frames among MapPoints ever dynamic; tie=smallest ID,608,254,3,person,1,18.252900000,1,1
Temporal,fr3_walking_xyz,run_01,most distinct observed frames among MapPoints ever dynamic; tie=smallest ID,609,254,3,person,1,18.515000000,1,1
Temporal,fr3_walking_xyz,run_01,most distinct observed frames among MapPoints ever dynamic; tie=smallest ID,610,254,3,person,1,18.737700000,1,1
Temporal,fr3_walking_xyz,run_01,most distinct observed frames among MapPoints ever dynamic; tie=smallest ID,611,254,3,person,1,18.927100000,1,1
Temporal,fr3_walking_xyz,run_01,most distinct observed frames among MapPoints ever dynamic; tie=smallest ID,612,254,3,person,1,19.088000000,1,1
Temporal,fr3_walking_xyz,run_01,most distinct observed frames among MapPoints ever dynamic; tie=smallest ID,613,254,3,person,1,19.224800000,1,1
Temporal,fr3_walking_xyz,run_01,most distinct observed frames among MapPoints ever dynamic; tie=smallest ID,614,254,3,person,1,19.341100000,1,1
Temporal,fr3_walking_xyz,run_01,most distinct observed frames among MapPoints ever dynamic; tie=smallest ID,615,254,3,person,1,19.439900000,1,1
Temporal,fr3_walking_xyz,run_01,most distinct observed frames among MapPoints ever dynamic; tie=smallest ID,616,254,3,person,1,19.523900000,1,1
Temporal,fr3_walking_xyz,run_01,most distinct observed frames among MapPoints ever dynamic; tie=smallest ID,617,254,3,person,1,19.595300000,1,1
Temporal,fr3_walking_xyz,run_01,most distinct observed frames among MapPoints ever dynamic; tie=smallest ID,618,254,3,person,1,19.656000000,1,1
Temporal,fr3_walking_xyz,run_01,most distinct observed frames among MapPoints ever dynamic; tie=smallest ID,619,254,3,person,1,19.707600000,1,1
Temporal,fr3_walking_xyz,run_01,most distinct observed frames among MapPoints ever dynamic; tie=smallest ID,620,254,3,person,1,19.751500000,1,1
Temporal,fr3_walking_xyz,run_01,most distinct observed frames among MapPoints ever dynamic; tie=smallest ID,621,254,3,person,1,19.788800000,1,1
Temporal,fr3_walking_xyz,run_01,most distinct observed frames among MapPoints ever dynamic; tie=smallest ID,622,254,3,person,1,19.820500000,1,1
Temporal,fr3_walking_xyz,run_01,most distinct observed frames among MapPoints ever dynamic; tie=smallest ID,623,254,3,person,1,19.847400000,1,1
Temporal,fr3_walking_xyz,run_01,most distinct observed frames among MapPoints ever dynamic; tie=smallest ID,624,254,3,person,1,19.870300000,1,1
Temporal,fr3_walking_xyz,run_01,most distinct observed frames among MapPoints ever dynamic; tie=smallest ID,625,254,3,person,1,19.889700000,1,1
Temporal,fr3_walking_xyz,run_01,most distinct observed frames among MapPoints ever dynamic; tie=smallest ID,626,254,3,person,1,19.906300000,1,1
Temporal,fr3_walking_xyz,run_01,most distinct observed frames among MapPoints ever dynamic; tie=smallest ID,627,254,3,person,1,19.920300000,1,1
Temporal,fr3_walking_xyz,run_01,most distinct observed frames among MapPoints ever dynamic; tie=smallest ID,628,254,3,person,1,19.932300000,1,1
Temporal,fr3_walking_xyz,run_01,most distinct observed frames among MapPoints ever dynamic; tie=smallest ID,629,254,3,person,1,19.942400000,1,1
Temporal,fr3_walking_xyz,run_01,most distinct observed frames among MapPoints ever dynamic; tie=smallest ID,630,254,3,person,1,19.951100000,1,1
Temporal,fr3_walking_xyz,run_01,most distinct observed frames among MapPoints ever dynamic; tie=smallest ID,631,254,3,person,1,19.958400000,1,1
Temporal,fr3_walking_xyz,run_01,most distinct observed frames among MapPoints ever dynamic; tie=smallest ID,632,254,3,person,1,19.964700000,1,1
Temporal,fr3_walking_xyz,run_01,most distinct observed frames among MapPoints ever dynamic; tie=smallest ID,633,254,3,person,1,19.970000000,1,1
Temporal,fr3_walking_xyz,run_01,most distinct observed frames among MapPoints ever dynamic; tie=smallest ID,634,254,3,person,1,19.974500000,1,1
Temporal,fr3_walking_xyz,run_01,most distinct observed frames among MapPoints ever dynamic; tie=smallest ID,635,254,3,person,1,19.978300000,1,1
Temporal,fr3_walking_xyz,run_01,most distinct observed frames among MapPoints ever dynamic; tie=smallest ID,636,254,3,person,1,19.981600000,1,1
Temporal,fr3_walking_xyz,run_01,most distinct observed frames among MapPoints ever dynamic; tie=smallest ID,637,254,3,person,1,19.984300000,1,1
Temporal,fr3_walking_xyz,run_01,most distinct observed frames among MapPoints ever dynamic; tie=smallest ID,638,254,3,person,1,19.986700000,1,1
Temporal,fr3_walking_xyz,run_01,most distinct observed frames among MapPoints ever dynamic; tie=smallest ID,639,254,3,person,1,19.988700000,1,1
Temporal,fr3_walking_xyz,run_01,most distinct observed frames among MapPoints ever dynamic; tie=smallest ID,640,254,3,person,1,19.990400000,1,1
Temporal,fr3_walking_xyz,run_01,most distinct observed frames among MapPoints ever dynamic; tie=smallest ID,641,254,3,person,1,19.991800000,1,1
Temporal,fr3_walking_xyz,run_01,most distinct observed frames among MapPoints ever dynamic; tie=smallest ID,642,254,3,person,1,19.993000000,1,1
Temporal,fr3_walking_xyz,run_01,most distinct observed frames among MapPoints ever dynamic; tie=smallest ID,643,254,3,person,1,19.994100000,1,1
Temporal,fr3_walking_xyz,run_01,most distinct observed frames among MapPoints ever dynamic; tie=smallest ID,644,254,3,person,1,19.995000000,1,1
Temporal,fr3_walking_xyz,run_01,most distinct observed frames among MapPoints ever dynamic; tie=smallest ID,645,254,3,person,1,19.995700000,1,1
Temporal,fr3_walking_xyz,run_01,most distinct observed frames among MapPoints ever dynamic; tie=smallest ID,646,254,3,person,1,19.996400000,1,1
Temporal,fr3_walking_xyz,run_01,most distinct observed frames among MapPoints ever dynamic; tie=smallest ID,647,254,3,person,1,19.996900000,1,1
Temporal,fr3_walking_xyz,run_01,most distinct observed frames among MapPoints ever dynamic; tie=smallest ID,648,254,3,person,1,19.997400000,1,1
Temporal,fr3_walking_xyz,run_01,most distinct observed frames among MapPoints ever dynamic; tie=smallest ID,649,254,3,person,1,19.997800000,1,1
Temporal,fr3_walking_xyz,run_01,most distinct observed frames among MapPoints ever dynamic; tie=smallest ID,650,254,3,person,1,19.998100000,1,1
Temporal,fr3_walking_xyz,run_01,most distinct observed frames among MapPoints ever dynamic; tie=smallest ID,651,254,3,person,1,19.998400000,1,1
Temporal,fr3_walking_xyz,run_01,most distinct observed frames among MapPoints ever dynamic; tie=smallest ID,652,254,3,person,1,19.998600000,1,1
Temporal,fr3_walking_xyz,run_01,most distinct observed frames among MapPoints ever dynamic; tie=smallest ID,653,254,3,person,1,19.998800000,1,1
Temporal,fr3_walking_xyz,run_01,most distinct observed frames among MapPoints ever dynamic; tie=smallest ID,654,254,3,person,1,19.999000000,1,1
Temporal,fr3_walking_xyz,run_01,most distinct observed frames among MapPoints ever dynamic; tie=smallest ID,655,254,3,person,1,19.999200000,1,1
Temporal,fr3_walking_xyz,run_01,most distinct observed frames among MapPoints ever dynamic; tie=smallest ID,656,254,3,person,1,19.999300000,1,1
Temporal,fr3_walking_xyz,run_01,most distinct observed frames among MapPoints ever dynamic; tie=smallest ID,657,254,3,person,1,19.999400000,1,1
Temporal,fr3_walking_xyz,run_01,most distinct observed frames among MapPoints ever dynamic; tie=smallest ID,658,254,3,person,1,19.999500000,1,1
Temporal,fr3_walking_xyz,run_01,most distinct observed frames among MapPoints ever dynamic; tie=smallest ID,659,254,3,person,1,19.999600000,1,1
Temporal,fr3_walking_xyz,run_01,most distinct observed frames among MapPoints ever dynamic; tie=smallest ID,660,254,3,person,1,19.999600000,1,1
Temporal,fr3_walking_xyz,run_01,most distinct observed frames among MapPoints ever dynamic; tie=smallest ID,661,254,3,person,1,19.999700000,1,1
Temporal,fr3_walking_xyz,run_01,most distinct observed frames among MapPoints ever dynamic; tie=smallest ID,662,254,3,person,1,19.999700000,1,1
Temporal,fr3_walking_xyz,run_01,most distinct observed frames among MapPoints ever dynamic; tie=smallest ID,663,254,3,person,1,19.999800000,1,1
Temporal,fr3_walking_xyz,run_01,most distinct observed frames among MapPoints ever dynamic; tie=smallest ID,664,254,3,person,1,19.999800000,1,1
Temporal,fr3_walking_xyz,run_01,most distinct observed frames among MapPoints ever dynamic; tie=smallest ID,665,254,3,person,1,19.999800000,1,1
Temporal,fr3_walking_xyz,run_01,most distinct observed frames among MapPoints ever dynamic; tie=smallest ID,666,254,3,person,1,19.999900000,1,1
Temporal,fr3_walking_xyz,run_01,most distinct observed frames among MapPoints ever dynamic; tie=smallest ID,667,254,3,person,1,19.999900000,1,1
Temporal,fr3_walking_xyz,run_01,most distinct observed frames among MapPoints ever dynamic; tie=smallest ID,668,254,3,person,1,19.999900000,1,1
Temporal,fr3_walking_xyz,run_01,most distinct observed frames among MapPoints ever dynamic; tie=smallest ID,669,254,3,person,1,19.999900000,1,1
Temporal,fr3_walking_xyz,run_01,most distinct observed frames among MapPoints ever dynamic; tie=smallest ID,670,254,3,person,1,19.999900000,1,1
Temporal,fr3_walking_xyz,run_01,most distinct observed frames among MapPoints ever dynamic; tie=smallest ID,671,254,3,person,1,19.999900000,1,1
Temporal,fr3_walking_xyz,run_01,most distinct observed frames among MapPoints ever dynamic; tie=smallest ID,672,254,3,person,1,20.000000000,1,1
Temporal,fr3_walking_xyz,run_01,most distinct observed frames among MapPoints ever dynamic; tie=smallest ID,673,254,3,person,1,20.000000000,1,1
Temporal,fr3_walking_xyz,run_01,most distinct observed frames among MapPoints ever dynamic; tie=smallest ID,674,254,3,person,1,20.000000000,1,1
Temporal,fr3_walking_xyz,run_01,most distinct observed frames among MapPoints ever dynamic; tie=smallest ID,675,254,3,person,1,20.000000000,1,1
Temporal,fr3_walking_xyz,run_01,most distinct observed frames among MapPoints ever dynamic; tie=smallest ID,676,254,3,person,1,20.000000000,1,1
Temporal,fr3_walking_xyz,run_01,most distinct observed frames among MapPoints ever dynamic; tie=smallest ID,677,254,3,person,1,20.000000000,1,1
Temporal,fr3_walking_xyz,run_01,most distinct observed frames among MapPoints ever dynamic; tie=smallest ID,678,254,3,person,1,20.000000000,1,1
Temporal,fr3_walking_xyz,run_01,most distinct observed frames among MapPoints ever dynamic; tie=smallest ID,679,254,3,person,1,20.000000000,1,1
Temporal,fr3_walking_xyz,run_01,most distinct observed frames among MapPoints ever dynamic; tie=smallest ID,680,254,3,person,1,20.000000000,1,1
Temporal,fr3_walking_xyz,run_01,most distinct observed frames among MapPoints ever dynamic; tie=smallest ID,681,254,3,person,1,20.000000000,1,1
Temporal,fr3_walking_xyz,run_01,most distinct observed frames among MapPoints ever dynamic; tie=smallest ID,682,254,3,person,0,18.050000000,1,1
Temporal,fr3_walking_xyz,run_01,most distinct observed frames among MapPoints ever dynamic; tie=smallest ID,683,254,3,person,0,16.290100000,1,1
Temporal,fr3_walking_xyz,run_01,most distinct observed frames among MapPoints ever dynamic; tie=smallest ID,684,254,3,person,1,16.846600000,1,1
Temporal,fr3_walking_xyz,run_01,most distinct observed frames among MapPoints ever dynamic; tie=smallest ID,685,254,3,person,1,17.319600000,1,1
Temporal,fr3_walking_xyz,run_01,most distinct observed frames among MapPoints ever dynamic; tie=smallest ID,686,254,3,person,0,15.630900000,1,1
Temporal,fr3_walking_xyz,run_01,most distinct observed frames among MapPoints ever dynamic; tie=smallest ID,687,254,3,person,1,16.286300000,1,1
Temporal,fr3_walking_xyz,run_01,most distinct observed frames among MapPoints ever dynamic; tie=smallest ID,688,254,3,person,1,16.843400000,1,1
Temporal,fr3_walking_xyz,run_01,most distinct observed frames among MapPoints ever dynamic; tie=smallest ID,689,254,3,person,1,17.316900000,1,1
Temporal,fr3_walking_xyz,run_01,most distinct observed frames among MapPoints ever dynamic; tie=smallest ID,690,254,3,person,1,17.719300000,1,1
Temporal,fr3_walking_xyz,run_01,most distinct observed frames among MapPoints ever dynamic; tie=smallest ID,691,254,3,person,1,18.061400000,1,1
Temporal,fr3_walking_xyz,run_01,most distinct observed frames among MapPoints ever dynamic; tie=smallest ID,692,254,3,person,1,18.352200000,1,1
Temporal,fr3_walking_xyz,run_01,most distinct observed frames among MapPoints ever dynamic; tie=smallest ID,693,254,3,person,1,18.599400000,1,1
Temporal,fr3_walking_xyz,run_01,most distinct observed frames among MapPoints ever dynamic; tie=smallest ID,694,254,3,person,1,18.809500000,1,1
Temporal,fr3_walking_xyz,run_01,most distinct observed frames among MapPoints ever dynamic; tie=smallest ID,695,254,3,person,1,18.988100000,1,1
Temporal,fr3_walking_xyz,run_01,most distinct observed frames among MapPoints ever dynamic; tie=smallest ID,696,254,3,person,1,19.139800000,1,1
Temporal,fr3_walking_xyz,run_01,most distinct observed frames among MapPoints ever dynamic; tie=smallest ID,697,254,3,person,1,19.268900000,1,1
Temporal,fr3_walking_xyz,run_01,most distinct observed frames among MapPoints ever dynamic; tie=smallest ID,698,254,3,person,1,19.378500000,1,1
Temporal,fr3_walking_xyz,run_01,most distinct observed frames among MapPoints ever dynamic; tie=smallest ID,699,254,3,person,1,19.471800000,1,1
Temporal,fr3_walking_xyz,run_01,most distinct observed frames among MapPoints ever dynamic; tie=smallest ID,700,254,3,person,1,19.551000000,1,1
Temporal,fr3_walking_xyz,run_01,most distinct observed frames among MapPoints ever dynamic; tie=smallest ID,701,254,3,person,1,19.618300000,1,1
Temporal,fr3_walking_xyz,run_01,most distinct observed frames among MapPoints ever dynamic; tie=smallest ID,702,254,3,person,1,19.675600000,1,1
Temporal,fr3_walking_xyz,run_01,most distinct observed frames among MapPoints ever dynamic; tie=smallest ID,703,254,3,person,1,19.724300000,1,1
Temporal,fr3_walking_xyz,run_01,most distinct observed frames among MapPoints ever dynamic; tie=smallest ID,704,254,3,person,1,19.765600000,1,1
Temporal,fr3_walking_xyz,run_01,most distinct observed frames among MapPoints ever dynamic; tie=smallest ID,705,254,3,person,1,19.800800000,1,1
Temporal,fr3_walking_xyz,run_01,most distinct observed frames among MapPoints ever dynamic; tie=smallest ID,706,254,3,person,0,17.870200000,1,1
Temporal,fr3_walking_xyz,run_01,most distinct observed frames among MapPoints ever dynamic; tie=smallest ID,708,254,3,person,1,15.911200000,1,1
Temporal,fr3_walking_xyz,run_01,most distinct observed frames among MapPoints ever dynamic; tie=smallest ID,709,254,3,person,0,14.359900000,1,1
Temporal,fr3_walking_xyz,run_01,most distinct observed frames among MapPoints ever dynamic; tie=smallest ID,710,254,3,person,0,12.959800000,1,1
Temporal,fr3_walking_xyz,run_01,most distinct observed frames among MapPoints ever dynamic; tie=smallest ID,711,254,3,person,0,11.696200000,1,1
Temporal,fr3_walking_xyz,run_01,most distinct observed frames among MapPoints ever dynamic; tie=smallest ID,712,254,3,person,0,10.555800000,1,1
Temporal,fr3_walking_xyz,run_01,most distinct observed frames among MapPoints ever dynamic; tie=smallest ID,713,254,3,person,0,9.526640000,1,1
Temporal,fr3_walking_xyz,run_01,most distinct observed frames among MapPoints ever dynamic; tie=smallest ID,723,254,3,person,0,5.418750000,1,1
Temporal,fr3_walking_xyz,run_01,most distinct observed frames among MapPoints ever dynamic; tie=smallest ID,724,254,3,person,0,4.890420000,1,1
Temporal,fr3_walking_xyz,run_01,most distinct observed frames among MapPoints ever dynamic; tie=smallest ID,725,254,3,person,0,4.413610000,1,1
Temporal,fr3_walking_xyz,run_01,most distinct observed frames among MapPoints ever dynamic; tie=smallest ID,752,254,3,person,0,1.049670000,0,0
Temporal,fr3_walking_xyz,run_01,most distinct observed frames among MapPoints ever dynamic; tie=smallest ID,753,254,3,person,0,0.947331000,0,0
Temporal,fr3_walking_xyz,run_01,most distinct observed frames among MapPoints ever dynamic; tie=smallest ID,754,254,3,person,0,0.854966000,0,0
Temporal,fr3_walking_xyz,run_01,most distinct observed frames among MapPoints ever dynamic; tie=smallest ID,755,254,3,person,0,0.771607000,0,0
Temporal,fr3_walking_xyz,run_01,most distinct observed frames among MapPoints ever dynamic; tie=smallest ID,756,254,3,person,0,0.696375000,0,0
Temporal,fr3_walking_xyz,run_01,most distinct observed frames among MapPoints ever dynamic; tie=smallest ID,757,254,3,person,0,0.628478000,0,0
Temporal,fr3_walking_xyz,run_01,most distinct observed frames among MapPoints ever dynamic; tie=smallest ID,758,254,3,person,0,0.567202000,0,0
Temporal,fr3_walking_xyz,run_01,most distinct observed frames among MapPoints ever dynamic; tie=smallest ID,759,254,3,person,0,0.511900000,0,0
Temporal,fr3_walking_xyz,run_01,most distinct observed frames among MapPoints ever dynamic; tie=smallest ID,760,254,3,person,0,0.461989000,0,0
Temporal,fr3_walking_xyz,run_01,most distinct observed frames among MapPoints ever dynamic; tie=smallest ID,761,254,3,person,0,0.416945000,0,0
Temporal,fr3_walking_xyz,run_01,most distinct observed frames among MapPoints ever dynamic; tie=smallest ID,762,254,3,person,1,3.354400000,1,1
Temporal,fr3_walking_xyz,run_01,most distinct observed frames among MapPoints ever dynamic; tie=smallest ID,763,254,3,person,1,5.851240000,1,1
Temporal,fr3_walking_xyz,run_01,most distinct observed frames among MapPoints ever dynamic; tie=smallest ID,764,254,3,person,1,7.973560000,1,1
Temporal,fr3_walking_xyz,run_01,most distinct observed frames among MapPoints ever dynamic; tie=smallest ID,765,254,3,person,1,9.777520000,1,1
Temporal,fr3_walking_xyz,run_01,most distinct observed frames among MapPoints ever dynamic; tie=smallest ID,766,254,3,person,1,11.310900000,1,1
Temporal,fr3_walking_xyz,run_01,most distinct observed frames among MapPoints ever dynamic; tie=smallest ID,767,254,3,person,1,12.614300000,1,1
Temporal,fr3_walking_xyz,run_01,most distinct observed frames among MapPoints ever dynamic; tie=smallest ID,768,254,3,person,1,13.722100000,1,1
Temporal,fr3_walking_xyz,run_01,most distinct observed frames among MapPoints ever dynamic; tie=smallest ID,769,254,3,person,1,14.663800000,1,1
Temporal,fr3_walking_xyz,run_01,most distinct observed frames among MapPoints ever dynamic; tie=smallest ID,770,254,3,person,1,15.464200000,1,1
Temporal,fr3_walking_xyz,run_01,most distinct observed frames among MapPoints ever dynamic; tie=smallest ID,771,254,3,person,1,16.144600000,1,1
Temporal,fr3_walking_xyz,run_01,most distinct observed frames among MapPoints ever dynamic; tie=smallest ID,772,254,3,person,1,16.722900000,1,1
Temporal,fr3_walking_xyz,run_01,most distinct observed frames among MapPoints ever dynamic; tie=smallest ID,773,254,3,person,1,17.214500000,1,1
Temporal,fr3_walking_xyz,run_01,most distinct observed frames among MapPoints ever dynamic; tie=smallest ID,774,254,3,person,1,17.632300000,1,1
Temporal,fr3_walking_xyz,run_01,most distinct observed frames among MapPoints ever dynamic; tie=smallest ID,775,254,3,person,1,17.987500000,1,1
Temporal,fr3_walking_xyz,run_01,most distinct observed frames among MapPoints ever dynamic; tie=smallest ID,776,254,3,person,1,18.289300000,1,1
Temporal,fr3_walking_xyz,run_01,most distinct observed frames among MapPoints ever dynamic; tie=smallest ID,777,254,3,person,1,18.545900000,1,1
Temporal,fr3_walking_xyz,run_01,most distinct observed frames among MapPoints ever dynamic; tie=smallest ID,778,254,3,person,1,18.764000000,1,1
Temporal,fr3_walking_xyz,run_01,most distinct observed frames among MapPoints ever dynamic; tie=smallest ID,779,254,3,person,1,18.949400000,1,1
Temporal,fr3_walking_xyz,run_01,most distinct observed frames among MapPoints ever dynamic; tie=smallest ID,782,254,3,person,1,14.637300000,1,1
Temporal,fr3_walking_xyz,run_01,most distinct observed frames among MapPoints ever dynamic; tie=smallest ID,783,254,3,person,1,15.441700000,1,1
Temporal,fr3_walking_xyz,run_01,most distinct observed frames among MapPoints ever dynamic; tie=smallest ID,784,254,3,person,1,16.125500000,1,1
Temporal,fr3_walking_xyz,run_01,most distinct observed frames among MapPoints ever dynamic; tie=smallest ID,785,254,3,person,1,16.706600000,1,1
Temporal,fr3_walking_xyz,run_01,most distinct observed frames among MapPoints ever dynamic; tie=smallest ID,786,254,3,person,1,17.200700000,1,1
Temporal,fr3_walking_xyz,run_01,most distinct observed frames among MapPoints ever dynamic; tie=smallest ID,787,254,3,person,1,17.620600000,1,1
Temporal,fr3_walking_xyz,run_01,most distinct observed frames among MapPoints ever dynamic; tie=smallest ID,788,254,3,person,1,17.977500000,1,1
Temporal,fr3_walking_xyz,run_01,most distinct observed frames among MapPoints ever dynamic; tie=smallest ID,789,254,3,person,1,18.280900000,1,1
Temporal,fr3_walking_xyz,run_01,most distinct observed frames among MapPoints ever dynamic; tie=smallest ID,790,254,3,person,1,18.538700000,1,1
Temporal,fr3_walking_xyz,run_01,most distinct observed frames among MapPoints ever dynamic; tie=smallest ID,791,254,3,person,1,18.757900000,1,1
Temporal,fr3_walking_xyz,run_01,most distinct observed frames among MapPoints ever dynamic; tie=smallest ID,792,254,3,person,1,18.944200000,1,1
Temporal,fr3_walking_xyz,run_01,most distinct observed frames among MapPoints ever dynamic; tie=smallest ID,793,254,3,person,1,19.102600000,1,1
Temporal,fr3_walking_xyz,run_01,most distinct observed frames among MapPoints ever dynamic; tie=smallest ID,794,254,3,person,1,19.237200000,1,1
Temporal,fr3_walking_xyz,run_01,most distinct observed frames among MapPoints ever dynamic; tie=smallest ID,795,254,3,person,1,19.351600000,1,1
Temporal,fr3_walking_xyz,run_01,most distinct observed frames among MapPoints ever dynamic; tie=smallest ID,796,254,3,person,1,19.448900000,1,1
Temporal,fr3_walking_xyz,run_01,most distinct observed frames among MapPoints ever dynamic; tie=smallest ID,797,254,3,person,1,19.531600000,1,1
Temporal,fr3_walking_xyz,run_01,most distinct observed frames among MapPoints ever dynamic; tie=smallest ID,798,254,3,person,1,19.601800000,1,1
Temporal,fr3_walking_xyz,run_01,most distinct observed frames among MapPoints ever dynamic; tie=smallest ID,799,254,3,person,1,19.661500000,1,1
Temporal,fr3_walking_xyz,run_01,most distinct observed frames among MapPoints ever dynamic; tie=smallest ID,802,254,3,person,1,15.074600000,1,1
Temporal,fr3_walking_xyz,run_01,most distinct observed frames among MapPoints ever dynamic; tie=smallest ID,805,254,3,person,1,12.257700000,1,1
Temporal,fr3_walking_xyz,run_01,most distinct observed frames among MapPoints ever dynamic; tie=smallest ID,808,254,3,person,1,10.527800000,1,1
Temporal,fr3_walking_xyz,run_01,most distinct observed frames among MapPoints ever dynamic; tie=smallest ID,809,254,3,person,1,11.948600000,1,1
Temporal,fr3_walking_xyz,run_01,most distinct observed frames among MapPoints ever dynamic; tie=smallest ID,810,254,3,person,1,13.156300000,1,1
Temporal,fr3_walking_xyz,run_01,most distinct observed frames among MapPoints ever dynamic; tie=smallest ID,811,254,3,person,1,14.182900000,1,1
Temporal,fr3_walking_xyz,run_01,most distinct observed frames among MapPoints ever dynamic; tie=smallest ID,812,254,3,person,1,15.055400000,1,1
Temporal,fr3_walking_xyz,run_01,most distinct observed frames among MapPoints ever dynamic; tie=smallest ID,813,254,3,person,1,15.797100000,1,1
Temporal,fr3_walking_xyz,run_01,most distinct observed frames among MapPoints ever dynamic; tie=smallest ID,814,254,3,person,1,16.427600000,1,1
Temporal,fr3_walking_xyz,run_01,most distinct observed frames among MapPoints ever dynamic; tie=smallest ID,815,254,3,person,1,16.963400000,1,1
Temporal,fr3_walking_xyz,run_01,most distinct observed frames among MapPoints ever dynamic; tie=smallest ID,816,254,3,person,1,17.418900000,1,1
Temporal,fr3_walking_xyz,run_01,most distinct observed frames among MapPoints ever dynamic; tie=smallest ID,817,254,3,person,1,17.806100000,1,1
Temporal,fr3_walking_xyz,run_01,most distinct observed frames among MapPoints ever dynamic; tie=smallest ID,818,254,3,person,1,18.135200000,1,1
Temporal,fr3_walking_xyz,run_01,most distinct observed frames among MapPoints ever dynamic; tie=smallest ID,819,254,3,person,1,18.414900000,1,1
Temporal,fr3_walking_xyz,run_01,most distinct observed frames among MapPoints ever dynamic; tie=smallest ID,820,254,3,person,1,18.652700000,1,1
Temporal,fr3_walking_xyz,run_01,most distinct observed frames among MapPoints ever dynamic; tie=smallest ID,821,254,3,person,1,18.854800000,1,1
Temporal,fr3_walking_xyz,run_01,most distinct observed frames among MapPoints ever dynamic; tie=smallest ID,822,254,3,person,1,19.026500000,1,1
Temporal,fr3_walking_xyz,run_01,most distinct observed frames among MapPoints ever dynamic; tie=smallest ID,823,254,3,person,1,19.172600000,1,1
Temporal,fr3_walking_xyz,run_01,most distinct observed frames among MapPoints ever dynamic; tie=smallest ID,824,254,3,person,1,19.296700000,1,1
Temporal,fr3_walking_xyz,run_01,most distinct observed frames among MapPoints ever dynamic; tie=smallest ID,825,254,3,person,1,19.402200000,1,1
Temporal,fr3_walking_xyz,run_01,most distinct observed frames among MapPoints ever dynamic; tie=smallest ID,826,254,3,person,1,19.491900000,1,1
Temporal,fr3_walking_rpy,run_01,most distinct observed frames among MapPoints ever dynamic; tie=smallest ID,14,1382,3,person,0,0.000000000,0,0
Temporal,fr3_walking_rpy,run_01,most distinct observed frames among MapPoints ever dynamic; tie=smallest ID,15,1382,3,person,0,2.850000000,0,0
Temporal,fr3_walking_rpy,run_01,most distinct observed frames among MapPoints ever dynamic; tie=smallest ID,16,1382,3,person,0,2.443520000,0,0
Temporal,fr3_walking_rpy,run_01,most distinct observed frames among MapPoints ever dynamic; tie=smallest ID,17,1382,3,person,0,2.095010000,0,0
Temporal,fr3_walking_rpy,run_01,most distinct observed frames among MapPoints ever dynamic; tie=smallest ID,18,1382,3,person,1,13.780800000,1,1
Temporal,fr3_walking_rpy,run_01,most distinct observed frames among MapPoints ever dynamic; tie=smallest ID,19,1382,3,person,1,14.713600000,1,1
Temporal,fr3_walking_rpy,run_01,most distinct observed frames among MapPoints ever dynamic; tie=smallest ID,20,1382,3,person,0,13.279100000,1,1
Temporal,fr3_walking_rpy,run_01,most distinct observed frames among MapPoints ever dynamic; tie=smallest ID,21,1382,3,person,0,10.815900000,1,1
Temporal,fr3_walking_rpy,run_01,most distinct observed frames among MapPoints ever dynamic; tie=smallest ID,22,1382,3,person,0,8.809600000,1,1
Temporal,fr3_walking_rpy,run_01,most distinct observed frames among MapPoints ever dynamic; tie=smallest ID,23,1382,3,person,0,7.950670000,1,1
Temporal,fr3_walking_rpy,run_01,most distinct observed frames among MapPoints ever dynamic; tie=smallest ID,24,1382,3,person,0,6.475870000,1,1
Temporal,fr3_walking_rpy,run_01,most distinct observed frames among MapPoints ever dynamic; tie=smallest ID,25,1382,3,person,0,5.552250000,1,1
Temporal,fr3_walking_rpy,run_01,most distinct observed frames among MapPoints ever dynamic; tie=smallest ID,26,1382,3,person,0,10.183400000,1,1
Temporal,fr3_walking_rpy,run_01,most distinct observed frames among MapPoints ever dynamic; tie=smallest ID,27,1382,3,person,0,8.731030000,1,1
Temporal,fr3_walking_rpy,run_01,most distinct observed frames among MapPoints ever dynamic; tie=smallest ID,28,1382,3,person,0,7.879750000,1,1
Temporal,fr3_walking_rpy,run_01,most distinct observed frames among MapPoints ever dynamic; tie=smallest ID,29,1382,3,person,0,9.212900000,1,1
Temporal,fr3_walking_rpy,run_01,most distinct observed frames among MapPoints ever dynamic; tie=smallest ID,30,1382,3,person,0,7.503960000,1,1
Temporal,fr3_walking_rpy,run_01,most distinct observed frames among MapPoints ever dynamic; tie=smallest ID,31,1382,3,person,0,6.112020000,1,1
Temporal,fr3_walking_rpy,run_01,most distinct observed frames among MapPoints ever dynamic; tie=smallest ID,32,1382,3,person,0,5.240300000,1,1
Temporal,fr3_walking_rpy,run_01,most distinct observed frames among MapPoints ever dynamic; tie=smallest ID,33,1382,3,person,0,4.268250000,1,1
Temporal,fr3_walking_rpy,run_01,most distinct observed frames among MapPoints ever dynamic; tie=smallest ID,34,1382,3,person,1,6.852100000,1,1
Temporal,fr3_walking_rpy,run_01,most distinct observed frames among MapPoints ever dynamic; tie=smallest ID,35,1382,3,person,1,44.824300000,1,1
Temporal,fr3_walking_rpy,run_01,most distinct observed frames among MapPoints ever dynamic; tie=smallest ID,41,1382,3,person,0,3.821610000,1,1
Temporal,fr3_walking_rpy,run_01,most distinct observed frames among MapPoints ever dynamic; tie=smallest ID,42,1382,3,person,0,2.809230000,0,0
Temporal,fr3_walking_rpy,run_01,most distinct observed frames among MapPoints ever dynamic; tie=smallest ID,46,1382,3,person,0,2.173730000,0,0
Temporal,fr3_walking_rpy,run_01,most distinct observed frames among MapPoints ever dynamic; tie=smallest ID,48,1382,3,person,0,1.681990000,0,0
Temporal,fr3_walking_rpy,run_01,most distinct observed frames among MapPoints ever dynamic; tie=smallest ID,49,1382,3,person,0,0.466567000,0,0
Temporal,fr3_walking_rpy,run_01,most distinct observed frames among MapPoints ever dynamic; tie=smallest ID,52,1382,3,person,0,0.000320380,0,0
Temporal,fr3_walking_rpy,run_01,most distinct observed frames among MapPoints ever dynamic; tie=smallest ID,53,1382,3,person,0,0.000235508,0,0
Temporal,fr3_walking_rpy,run_01,most distinct observed frames among MapPoints ever dynamic; tie=smallest ID,55,1382,3,person,0,0.000062061,0,0
Temporal,fr3_walking_rpy,run_01,most distinct observed frames among MapPoints ever dynamic; tie=smallest ID,57,1382,3,person,0,0.000050549,0,0
Temporal,fr3_walking_rpy,run_01,most distinct observed frames among MapPoints ever dynamic; tie=smallest ID,60,1382,3,person,0,0.000007976,0,0
Temporal,fr3_walking_rpy,run_01,most distinct observed frames among MapPoints ever dynamic; tie=smallest ID,61,1382,3,person,0,0.000002329,0,0
Temporal,fr3_walking_rpy,run_01,most distinct observed frames among MapPoints ever dynamic; tie=smallest ID,65,1382,3,person,0,0.000001079,0,0
Temporal,fr3_walking_rpy,run_01,most distinct observed frames among MapPoints ever dynamic; tie=smallest ID,67,1382,3,person,0,0.000000367,0,0
Temporal,fr3_walking_rpy,run_01,most distinct observed frames among MapPoints ever dynamic; tie=smallest ID,86,1382,3,person,0,0.000000071,0,0
Temporal,fr3_walking_rpy,run_01,most distinct observed frames among MapPoints ever dynamic; tie=smallest ID,87,1382,3,person,0,0.000000052,0,0
Temporal,fr3_walking_rpy,run_01,most distinct observed frames among MapPoints ever dynamic; tie=smallest ID,88,1382,3,person,0,0.000000038,0,0
Temporal,fr3_walking_rpy,run_01,most distinct observed frames among MapPoints ever dynamic; tie=smallest ID,90,1382,3,person,0,0.000000026,0,0
Temporal,fr3_walking_rpy,run_01,most distinct observed frames among MapPoints ever dynamic; tie=smallest ID,92,1382,3,person,0,0.000000015,0,0
Temporal,fr3_walking_rpy,run_01,most distinct observed frames among MapPoints ever dynamic; tie=smallest ID,102,1382,3,person,0,0.000000006,0,0
Temporal,fr3_walking_rpy,run_01,most distinct observed frames among MapPoints ever dynamic; tie=smallest ID,105,1382,3,person,0,0.000000004,0,0
Temporal,fr3_walking_rpy,run_01,most distinct observed frames among MapPoints ever dynamic; tie=smallest ID,287,1382,3,person,1,18.000000000,1,1
Temporal,fr3_walking_rpy,run_01,most distinct observed frames among MapPoints ever dynamic; tie=smallest ID,293,1382,3,person,1,15.788700000,1,1
Temporal,fr3_walking_rpy,run_01,most distinct observed frames among MapPoints ever dynamic; tie=smallest ID,296,1382,3,person,1,36.696200000,1,1
Temporal,fr3_walking_rpy,run_01,most distinct observed frames among MapPoints ever dynamic; tie=smallest ID,300,1382,3,person,0,14.576300000,1,1
Temporal,fr3_walking_rpy,run_01,most distinct observed frames among MapPoints ever dynamic; tie=smallest ID,312,1382,3,person,0,7.482610000,1,1
Temporal,fr3_walking_rpy,run_01,most distinct observed frames among MapPoints ever dynamic; tie=smallest ID,313,1382,3,person,0,6.753050000,1,1
Temporal,fr3_walking_rpy,run_01,most distinct observed frames among MapPoints ever dynamic; tie=smallest ID,314,1382,3,person,0,6.094630000,1,1
Temporal,fr3_walking_rpy,run_01,most distinct observed frames among MapPoints ever dynamic; tie=smallest ID,315,1382,3,person,0,5.500400000,1,1
Temporal,fr3_walking_rpy,run_01,most distinct observed frames among MapPoints ever dynamic; tie=smallest ID,316,1382,3,person,0,4.964120000,1,1
Temporal,fr3_walking_rpy,run_01,most distinct observed frames among MapPoints ever dynamic; tie=smallest ID,317,1382,3,person,0,4.480110000,1,1
Temporal,fr3_walking_rpy,run_01,most distinct observed frames among MapPoints ever dynamic; tie=smallest ID,318,1382,3,person,0,4.043300000,1,1
Temporal,fr3_walking_rpy,run_01,most distinct observed frames among MapPoints ever dynamic; tie=smallest ID,319,1382,3,person,0,3.649080000,1,1
Temporal,fr3_walking_rpy,run_01,most distinct observed frames among MapPoints ever dynamic; tie=smallest ID,320,1382,3,person,0,3.293300000,1,1
Temporal,fr3_walking_rpy,run_01,most distinct observed frames among MapPoints ever dynamic; tie=smallest ID,321,1382,3,person,0,2.972200000,0,0
Temporal,fr3_walking_rpy,run_01,most distinct observed frames among MapPoints ever dynamic; tie=smallest ID,322,1382,3,person,0,2.682410000,0,0
Temporal,fr3_walking_rpy,run_01,most distinct observed frames among MapPoints ever dynamic; tie=smallest ID,323,1382,3,person,0,2.420870000,0,0
Temporal,fr3_walking_rpy,run_01,most distinct observed frames among MapPoints ever dynamic; tie=smallest ID,324,1382,3,person,0,2.184840000,0,0
Temporal,fr3_walking_rpy,run_01,most distinct observed frames among MapPoints ever dynamic; tie=smallest ID,325,1382,3,person,0,1.971820000,0,0
Temporal,fr3_walking_rpy,run_01,most distinct observed frames among MapPoints ever dynamic; tie=smallest ID,326,1382,3,person,0,1.779570000,0,0
Temporal,fr3_walking_rpy,run_01,most distinct observed frames among MapPoints ever dynamic; tie=smallest ID,327,1382,3,person,0,1.606060000,0,0
Temporal,fr3_walking_rpy,run_01,most distinct observed frames among MapPoints ever dynamic; tie=smallest ID,328,1382,3,person,0,1.449470000,0,0
Temporal,fr3_walking_rpy,run_01,most distinct observed frames among MapPoints ever dynamic; tie=smallest ID,329,1382,3,person,0,1.308140000,0,0
Temporal,fr3_walking_rpy,run_01,most distinct observed frames among MapPoints ever dynamic; tie=smallest ID,330,1382,3,person,0,1.180600000,0,0
Temporal,fr3_walking_rpy,run_01,most distinct observed frames among MapPoints ever dynamic; tie=smallest ID,331,1382,3,person,0,1.065490000,0,0
Temporal,fr3_walking_rpy,run_01,most distinct observed frames among MapPoints ever dynamic; tie=smallest ID,332,1382,3,person,0,0.961606000,0,0
Temporal,fr3_walking_rpy,run_01,most distinct observed frames among MapPoints ever dynamic; tie=smallest ID,333,1382,3,person,0,0.867849000,0,0
Temporal,fr3_walking_rpy,run_01,most distinct observed frames among MapPoints ever dynamic; tie=smallest ID,334,1382,3,person,0,0.783234000,0,0
Temporal,fr3_walking_rpy,run_01,most distinct observed frames among MapPoints ever dynamic; tie=smallest ID,335,1382,3,person,0,0.706868000,0,0
Temporal,fr3_walking_rpy,run_01,most distinct observed frames among MapPoints ever dynamic; tie=smallest ID,336,1382,3,person,0,0.637949000,0,0
Temporal,fr3_walking_rpy,run_01,most distinct observed frames among MapPoints ever dynamic; tie=smallest ID,337,1382,3,person,0,0.575749000,0,0
Temporal,fr3_walking_rpy,run_01,most distinct observed frames among MapPoints ever dynamic; tie=smallest ID,338,1382,3,person,0,0.519613000,0,0
Temporal,fr3_walking_rpy,run_01,most distinct observed frames among MapPoints ever dynamic; tie=smallest ID,339,1382,3,person,0,0.445503000,0,0
Temporal,fr3_walking_rpy,run_01,most distinct observed frames among MapPoints ever dynamic; tie=smallest ID,340,1382,3,person,0,0.402067000,0,0
Temporal,fr3_walking_rpy,run_01,most distinct observed frames among MapPoints ever dynamic; tie=smallest ID,341,1382,3,person,0,0.362865000,0,0
Temporal,fr3_walking_rpy,run_01,most distinct observed frames among MapPoints ever dynamic; tie=smallest ID,342,1382,3,person,0,0.327486000,0,0
Temporal,fr3_walking_rpy,run_01,most distinct observed frames among MapPoints ever dynamic; tie=smallest ID,343,1382,3,person,0,0.295556000,0,0
Temporal,fr3_walking_rpy,run_01,most distinct observed frames among MapPoints ever dynamic; tie=smallest ID,344,1382,3,person,0,0.266739000,0,0
Temporal,fr3_walking_rpy,run_01,most distinct observed frames among MapPoints ever dynamic; tie=smallest ID,345,1382,3,person,0,0.240732000,0,0
Temporal,fr3_walking_rpy,run_01,most distinct observed frames among MapPoints ever dynamic; tie=smallest ID,346,1382,3,person,0,0.217261000,0,0
Temporal,fr3_walking_rpy,run_01,most distinct observed frames among MapPoints ever dynamic; tie=smallest ID,347,1382,3,person,0,0.196078000,0,0
Temporal,fr3_walking_rpy,run_01,most distinct observed frames among MapPoints ever dynamic; tie=smallest ID,348,1382,3,person,0,0.176960000,0,0
Temporal,fr3_walking_rpy,run_01,most distinct observed frames among MapPoints ever dynamic; tie=smallest ID,349,1382,3,person,0,0.159707000,0,0
Temporal,fr3_walking_rpy,run_01,most distinct observed frames among MapPoints ever dynamic; tie=smallest ID,350,1382,3,person,0,0.144135000,0,0
Temporal,fr3_walking_rpy,run_01,most distinct observed frames among MapPoints ever dynamic; tie=smallest ID,351,1382,3,person,0,0.130082000,0,0
Temporal,fr3_walking_rpy,run_01,most distinct observed frames among MapPoints ever dynamic; tie=smallest ID,352,1382,3,person,0,0.117399000,0,0
Temporal,fr3_walking_rpy,run_01,most distinct observed frames among MapPoints ever dynamic; tie=smallest ID,353,1382,3,person,0,0.105953000,0,0
Temporal,fr3_walking_rpy,run_01,most distinct observed frames among MapPoints ever dynamic; tie=smallest ID,354,1382,3,person,0,0.095622300,0,0
Temporal,fr3_walking_rpy,run_01,most distinct observed frames among MapPoints ever dynamic; tie=smallest ID,355,1382,3,person,0,0.086299100,0,0
Temporal,fr3_walking_rpy,run_01,most distinct observed frames among MapPoints ever dynamic; tie=smallest ID,356,1382,3,person,0,0.077884900,0,0
Temporal,fr3_walking_rpy,run_01,most distinct observed frames among MapPoints ever dynamic; tie=smallest ID,357,1382,3,person,0,0.070291200,0,0
Temporal,fr3_walking_rpy,run_01,most distinct observed frames among MapPoints ever dynamic; tie=smallest ID,358,1382,3,person,0,0.063437800,0,0
Temporal,fr3_walking_rpy,run_01,most distinct observed frames among MapPoints ever dynamic; tie=smallest ID,359,1382,3,person,0,0.057252600,0,0
Temporal,fr3_walking_rpy,run_01,most distinct observed frames among MapPoints ever dynamic; tie=smallest ID,360,1382,3,person,0,0.051670500,0,0
Temporal,fr3_walking_rpy,run_01,most distinct observed frames among MapPoints ever dynamic; tie=smallest ID,361,1382,3,person,0,0.046632600,0,0
Temporal,fr3_walking_rpy,run_01,most distinct observed frames among MapPoints ever dynamic; tie=smallest ID,362,1382,3,person,0,0.042085900,0,0
Temporal,fr3_walking_rpy,run_01,most distinct observed frames among MapPoints ever dynamic; tie=smallest ID,363,1382,3,person,0,0.037982500,0,0
Temporal,fr3_walking_rpy,run_01,most distinct observed frames among MapPoints ever dynamic; tie=smallest ID,364,1382,3,person,0,0.034279200,0,0
Temporal,fr3_walking_rpy,run_01,most distinct observed frames among MapPoints ever dynamic; tie=smallest ID,365,1382,3,person,0,0.030937000,0,0
Temporal,fr3_walking_rpy,run_01,most distinct observed frames among MapPoints ever dynamic; tie=smallest ID,366,1382,3,person,0,0.027920700,0,0
Temporal,fr3_walking_rpy,run_01,most distinct observed frames among MapPoints ever dynamic; tie=smallest ID,367,1382,3,person,0,0.025198400,0,0
Temporal,fr3_walking_rpy,run_01,most distinct observed frames among MapPoints ever dynamic; tie=smallest ID,368,1382,3,person,0,0.022741500,0,0
Temporal,fr3_walking_rpy,run_01,most distinct observed frames among MapPoints ever dynamic; tie=smallest ID,369,1382,3,person,0,0.020524200,0,0
Temporal,fr3_walking_rpy,run_01,most distinct observed frames among MapPoints ever dynamic; tie=smallest ID,370,1382,3,person,0,0.018523100,0,0
Temporal,fr3_walking_rpy,run_01,most distinct observed frames among MapPoints ever dynamic; tie=smallest ID,371,1382,3,person,0,0.016717100,0,0
Temporal,fr3_walking_rpy,run_01,most distinct observed frames among MapPoints ever dynamic; tie=smallest ID,372,1382,3,person,0,0.015087200,0,0
Temporal,fr3_walking_rpy,run_01,most distinct observed frames among MapPoints ever dynamic; tie=smallest ID,373,1382,3,person,0,0.013616200,0,0
Temporal,fr3_walking_rpy,run_01,most distinct observed frames among MapPoints ever dynamic; tie=smallest ID,374,1382,3,person,0,0.012288600,0,0
Temporal,fr3_walking_rpy,run_01,most distinct observed frames among MapPoints ever dynamic; tie=smallest ID,375,1382,3,person,0,0.010536000,0,0
Temporal,fr3_walking_rpy,run_01,most distinct observed frames among MapPoints ever dynamic; tie=smallest ID,376,1382,3,person,0,0.009033260,0,0
Temporal,fr3_walking_rpy,run_01,most distinct observed frames among MapPoints ever dynamic; tie=smallest ID,377,1382,3,person,0,0.007744890,0,0
Temporal,fr3_walking_rpy,run_01,most distinct observed frames among MapPoints ever dynamic; tie=smallest ID,378,1382,3,person,0,0.006640280,0,0
Temporal,fr3_walking_rpy,run_01,most distinct observed frames among MapPoints ever dynamic; tie=smallest ID,379,1382,3,person,0,0.005992850,0,0
Temporal,fr3_walking_rpy,run_01,most distinct observed frames among MapPoints ever dynamic; tie=smallest ID,380,1382,3,person,0,0.005408550,0,0
Temporal,fr3_walking_rpy,run_01,most distinct observed frames among MapPoints ever dynamic; tie=smallest ID,381,1382,3,person,0,0.004881210,0,0
Temporal,fr3_walking_rpy,run_01,most distinct observed frames among MapPoints ever dynamic; tie=smallest ID,382,1382,3,person,0,0.004405300,0,0
Temporal,fr3_walking_rpy,run_01,most distinct observed frames among MapPoints ever dynamic; tie=smallest ID,383,1382,3,person,0,0.003975780,0,0
Temporal,fr3_walking_rpy,run_01,most distinct observed frames among MapPoints ever dynamic; tie=smallest ID,384,1382,3,person,0,0.003588140,0,0
Temporal,fr3_walking_rpy,run_01,most distinct observed frames among MapPoints ever dynamic; tie=smallest ID,385,1382,3,person,0,0.003238300,0,0
Temporal,fr3_walking_rpy,run_01,most distinct observed frames among MapPoints ever dynamic; tie=smallest ID,386,1382,3,person,0,0.002922560,0,0
Temporal,fr3_walking_rpy,run_01,most distinct observed frames among MapPoints ever dynamic; tie=smallest ID,387,1382,3,person,0,0.002505730,0,0
Temporal,fr3_walking_rpy,run_01,most distinct observed frames among MapPoints ever dynamic; tie=smallest ID,388,1382,3,person,0,0.002148350,0,0
Temporal,fr3_walking_rpy,run_01,most distinct observed frames among MapPoints ever dynamic; tie=smallest ID,389,1382,3,person,0,0.001938890,0,0
Temporal,fr3_walking_rpy,run_01,most distinct observed frames among MapPoints ever dynamic; tie=smallest ID,390,1382,3,person,0,0.001749850,0,0
Temporal,fr3_walking_rpy,run_01,most distinct observed frames among MapPoints ever dynamic; tie=smallest ID,391,1382,3,person,0,0.001425260,0,0
Temporal,fr3_walking_rpy,run_01,most distinct observed frames among MapPoints ever dynamic; tie=smallest ID,392,1382,3,person,0,0.001160880,0,0
Temporal,fr3_walking_rpy,run_01,most distinct observed frames among MapPoints ever dynamic; tie=smallest ID,393,1382,3,person,0,0.000945547,0,0
Temporal,fr3_walking_rpy,run_01,most distinct observed frames among MapPoints ever dynamic; tie=smallest ID,394,1382,3,person,0,0.000770154,0,0
Temporal,fr3_walking_rpy,run_01,most distinct observed frames among MapPoints ever dynamic; tie=smallest ID,395,1382,3,person,0,0.000660310,0,0
Temporal,fr3_walking_rpy,run_01,most distinct observed frames among MapPoints ever dynamic; tie=smallest ID,396,1382,3,person,0,0.000566134,0,0
Temporal,fr3_walking_rpy,run_01,most distinct observed frames among MapPoints ever dynamic; tie=smallest ID,397,1382,3,person,0,0.000485389,0,0
Temporal,fr3_walking_rpy,run_01,most distinct observed frames among MapPoints ever dynamic; tie=smallest ID,398,1382,3,person,0,0.000416160,0,0
Temporal,fr3_walking_rpy,run_01,most distinct observed frames among MapPoints ever dynamic; tie=smallest ID,399,1382,3,person,0,0.000338965,0,0
Temporal,fr3_walking_rpy,run_01,most distinct observed frames among MapPoints ever dynamic; tie=smallest ID,400,1382,3,person,0,0.000305916,0,0
Temporal,fr3_walking_rpy,run_01,most distinct observed frames among MapPoints ever dynamic; tie=smallest ID,401,1382,3,person,0,0.000262285,0,0
Temporal,fr3_walking_rpy,run_01,most distinct observed frames among MapPoints ever dynamic; tie=smallest ID,402,1382,3,person,0,0.000236712,0,0
Temporal,fr3_walking_rpy,run_01,most distinct observed frames among MapPoints ever dynamic; tie=smallest ID,403,1382,3,person,0,0.000213633,0,0
Temporal,fr3_walking_rpy,run_01,most distinct observed frames among MapPoints ever dynamic; tie=smallest ID,404,1382,3,person,0,0.000192803,0,0
Temporal,fr3_walking_rpy,run_01,most distinct observed frames among MapPoints ever dynamic; tie=smallest ID,405,1382,3,person,0,0.000174005,0,0
Temporal,fr3_walking_rpy,run_01,most distinct observed frames among MapPoints ever dynamic; tie=smallest ID,406,1382,3,person,0,0.000157040,0,0
Temporal,fr3_walking_rpy,run_01,most distinct observed frames among MapPoints ever dynamic; tie=smallest ID,407,1382,3,person,0,0.000141728,0,0
Temporal,fr3_walking_rpy,run_01,most distinct observed frames among MapPoints ever dynamic; tie=smallest ID,408,1382,3,person,0,0.000127910,0,0
Temporal,fr3_walking_rpy,run_01,most distinct observed frames among MapPoints ever dynamic; tie=smallest ID,409,1382,3,person,0,0.000115438,0,0
Temporal,fr3_walking_rpy,run_01,most distinct observed frames among MapPoints ever dynamic; tie=smallest ID,410,1382,3,person,1,3.000100000,1,1
Temporal,fr3_walking_rpy,run_01,most distinct observed frames among MapPoints ever dynamic; tie=smallest ID,411,1382,3,person,0,2.707590000,0,0
Temporal,fr3_walking_rpy,run_01,most distinct observed frames among MapPoints ever dynamic; tie=smallest ID,454,1382,3,person,0,0.283414000,0,0
Temporal,fr3_walking_rpy,run_01,most distinct observed frames among MapPoints ever dynamic; tie=smallest ID,455,1382,3,person,0,0.255781000,0,0
Temporal,fr3_walking_rpy,run_01,most distinct observed frames among MapPoints ever dynamic; tie=smallest ID,456,1382,3,person,0,0.230842000,0,0
Temporal,fr3_walking_rpy,run_01,most distinct observed frames among MapPoints ever dynamic; tie=smallest ID,457,1382,3,person,0,0.208335000,0,0
Temporal,fr3_walking_rpy,run_01,most distinct observed frames among MapPoints ever dynamic; tie=smallest ID,458,1382,3,person,0,0.188023000,0,0
Temporal,fr3_walking_rpy,run_01,most distinct observed frames among MapPoints ever dynamic; tie=smallest ID,459,1382,3,person,0,0.169690000,0,0
Temporal,fr3_walking_rpy,run_01,most distinct observed frames among MapPoints ever dynamic; tie=smallest ID,460,1382,3,person,0,0.153146000,0,0
Temporal,fr3_walking_rpy,run_01,most distinct observed frames among MapPoints ever dynamic; tie=smallest ID,461,1382,3,person,0,0.138214000,0,0
Temporal,fr3_walking_rpy,run_01,most distinct observed frames among MapPoints ever dynamic; tie=smallest ID,462,1382,3,person,0,0.124738000,0,0
Temporal,fr3_walking_rpy,run_01,most distinct observed frames among MapPoints ever dynamic; tie=smallest ID,463,1382,3,person,0,0.112576000,0,0
Temporal,fr3_walking_rpy,run_01,most distinct observed frames among MapPoints ever dynamic; tie=smallest ID,464,1382,3,person,0,0.101600000,0,0
Temporal,fr3_walking_rpy,run_01,most distinct observed frames among MapPoints ever dynamic; tie=smallest ID,465,1382,3,person,0,0.091693900,0,0
Temporal,fr3_walking_rpy,run_01,most distinct observed frames among MapPoints ever dynamic; tie=smallest ID,466,1382,3,person,0,0.082753700,0,0
Temporal,fr3_walking_rpy,run_01,most distinct observed frames among MapPoints ever dynamic; tie=smallest ID,467,1382,3,person,0,0.074685200,0,0
Temporal,fr3_walking_rpy,run_01,most distinct observed frames among MapPoints ever dynamic; tie=smallest ID,468,1382,3,person,0,0.067403400,0,0
Temporal,fr3_walking_rpy,run_01,most distinct observed frames among MapPoints ever dynamic; tie=smallest ID,469,1382,3,person,0,0.060831600,0,0
Temporal,fr3_walking_rpy,run_01,most distinct observed frames among MapPoints ever dynamic; tie=smallest ID,470,1382,3,person,0,0.052155500,0,0
Temporal,fr3_walking_rpy,run_01,most distinct observed frames among MapPoints ever dynamic; tie=smallest ID,471,1382,3,person,0,0.047070300,0,0
Temporal,fr3_walking_rpy,run_01,most distinct observed frames among MapPoints ever dynamic; tie=smallest ID,472,1382,3,person,0,0.042481000,0,0
Temporal,fr3_walking_rpy,run_01,most distinct observed frames among MapPoints ever dynamic; tie=smallest ID,473,1382,3,person,0,0.038339100,0,0
Temporal,fr3_walking_rpy,run_01,most distinct observed frames among MapPoints ever dynamic; tie=smallest ID,474,1382,3,person,0,0.034601000,0,0
Temporal,fr3_walking_rpy,run_01,most distinct observed frames among MapPoints ever dynamic; tie=smallest ID,475,1382,3,person,0,0.031227400,0,0
Temporal,fr3_walking_rpy,run_01,most distinct observed frames among MapPoints ever dynamic; tie=smallest ID,476,1382,3,person,0,0.028182700,0,0
Temporal,fr3_walking_rpy,run_01,most distinct observed frames among MapPoints ever dynamic; tie=smallest ID,477,1382,3,person,0,0.025434900,0,0
Temporal,fr3_walking_rpy,run_01,most distinct observed frames among MapPoints ever dynamic; tie=smallest ID,478,1382,3,person,0,0.022955000,0,0
Temporal,fr3_walking_rpy,run_01,most distinct observed frames among MapPoints ever dynamic; tie=smallest ID,479,1382,3,person,0,0.020716900,0,0
Temporal,fr3_walking_rpy,run_01,most distinct observed frames among MapPoints ever dynamic; tie=smallest ID,480,1382,3,person,0,0.018697000,0,0
Temporal,fr3_walking_rpy,run_01,most distinct observed frames among MapPoints ever dynamic; tie=smallest ID,481,1382,3,person,0,0.016874000,0,0
Temporal,fr3_walking_rpy,run_01,most distinct observed frames among MapPoints ever dynamic; tie=smallest ID,482,1382,3,person,0,0.015228800,0,0
Temporal,fr3_walking_rpy,run_01,most distinct observed frames among MapPoints ever dynamic; tie=smallest ID,483,1382,3,person,0,0.013744000,0,0
Temporal,fr3_walking_rpy,run_01,most distinct observed frames among MapPoints ever dynamic; tie=smallest ID,484,1382,3,person,0,0.012404000,0,0
Temporal,fr3_walking_rpy,run_01,most distinct observed frames among MapPoints ever dynamic; tie=smallest ID,485,1382,3,person,0,0.010634900,0,0
Temporal,fr3_walking_rpy,run_01,most distinct observed frames among MapPoints ever dynamic; tie=smallest ID,486,1382,3,person,0,0.009118060,0,0
Temporal,fr3_walking_rpy,run_01,most distinct observed frames among MapPoints ever dynamic; tie=smallest ID,487,1382,3,person,0,0.008229050,0,0
Temporal,fr3_walking_rpy,run_01,most distinct observed frames among MapPoints ever dynamic; tie=smallest ID,488,1382,3,person,0,0.007426720,0,0
Temporal,fr3_walking_rpy,run_01,most distinct observed frames among MapPoints ever dynamic; tie=smallest ID,489,1382,3,person,0,0.006702610,0,0
Temporal,fr3_walking_rpy,run_01,most distinct observed frames among MapPoints ever dynamic; tie=smallest ID,490,1382,3,person,0,0.006049110,0,0
Temporal,fr3_walking_rpy,run_01,most distinct observed frames among MapPoints ever dynamic; tie=smallest ID,491,1382,3,person,0,0.005459320,0,0
Temporal,fr3_walking_rpy,run_01,most distinct observed frames among MapPoints ever dynamic; tie=smallest ID,492,1382,3,person,0,0.004927030,0,0
Temporal,fr3_walking_rpy,run_01,most distinct observed frames among MapPoints ever dynamic; tie=smallest ID,493,1382,3,person,0,0.004446650,0,0
Temporal,fr3_walking_rpy,run_01,most distinct observed frames among MapPoints ever dynamic; tie=smallest ID,494,1382,3,person,0,0.004013100,0,0
Temporal,fr3_walking_rpy,run_01,most distinct observed frames among MapPoints ever dynamic; tie=smallest ID,495,1382,3,person,0,0.003440730,0,0
Temporal,fr3_walking_rpy,run_01,most distinct observed frames among MapPoints ever dynamic; tie=smallest ID,496,1382,3,person,0,0.003105260,0,0
Temporal,fr3_walking_rpy,run_01,most distinct observed frames among MapPoints ever dynamic; tie=smallest ID,497,1382,3,person,0,0.002662370,0,0
Temporal,fr3_walking_rpy,run_01,most distinct observed frames among MapPoints ever dynamic; tie=smallest ID,498,1382,3,person,0,0.002402790,0,0
Temporal,fr3_walking_rpy,run_01,most distinct observed frames among MapPoints ever dynamic; tie=smallest ID,499,1382,3,person,0,0.002168520,0,0
Temporal,fr3_walking_rpy,run_01,most distinct observed frames among MapPoints ever dynamic; tie=smallest ID,500,1382,3,person,0,0.001957090,0,0
Temporal,fr3_walking_rpy,run_01,most distinct observed frames among MapPoints ever dynamic; tie=smallest ID,501,1382,3,person,0,0.001766270,0,0
Temporal,fr3_walking_rpy,run_01,most distinct observed frames among MapPoints ever dynamic; tie=smallest ID,502,1382,3,person,0,0.001594060,0,0
Temporal,fr3_walking_rpy,run_01,most distinct observed frames among MapPoints ever dynamic; tie=smallest ID,503,1382,3,person,0,0.001366710,0,0
Temporal,fr3_walking_rpy,run_01,most distinct observed frames among MapPoints ever dynamic; tie=smallest ID,504,1382,3,person,0,0.001233450,0,0
Temporal,fr3_walking_rpy,run_01,most distinct observed frames among MapPoints ever dynamic; tie=smallest ID,505,1382,3,person,0,0.001113190,0,0
Temporal,fr3_walking_rpy,run_01,most distinct observed frames among MapPoints ever dynamic; tie=smallest ID,506,1382,3,person,0,0.001004660,0,0
Temporal,fr3_walking_rpy,run_01,most distinct observed frames among MapPoints ever dynamic; tie=smallest ID,507,1382,3,person,0,0.000906701,0,0
Temporal,fr3_walking_rpy,run_01,most distinct observed frames among MapPoints ever dynamic; tie=smallest ID,508,1382,3,person,0,0.000818298,0,0
Temporal,fr3_walking_rpy,run_01,most distinct observed frames among MapPoints ever dynamic; tie=smallest ID,509,1382,3,person,0,0.000738514,0,0
Temporal,fr3_walking_rpy,run_01,most distinct observed frames among MapPoints ever dynamic; tie=smallest ID,510,1382,3,person,0,0.000666509,0,0
Temporal,fr3_walking_rpy,run_01,most distinct observed frames among MapPoints ever dynamic; tie=smallest ID,511,1382,3,person,0,0.000601524,0,0
Temporal,fr3_walking_rpy,run_01,most distinct observed frames among MapPoints ever dynamic; tie=smallest ID,512,1382,3,person,0,0.000542875,0,0
Temporal,fr3_walking_rpy,run_01,most distinct observed frames among MapPoints ever dynamic; tie=smallest ID,513,1382,3,person,0,0.000489945,0,0
Temporal,fr3_walking_rpy,run_01,most distinct observed frames among MapPoints ever dynamic; tie=smallest ID,514,1382,3,person,0,0.000442175,0,0
Temporal,fr3_walking_rpy,run_01,most distinct observed frames among MapPoints ever dynamic; tie=smallest ID,515,1382,3,person,0,0.000399063,0,0
Temporal,fr3_walking_rpy,run_01,most distinct observed frames among MapPoints ever dynamic; tie=smallest ID,516,1382,3,person,0,0.000360155,0,0
Temporal,fr3_walking_rpy,run_01,most distinct observed frames among MapPoints ever dynamic; tie=smallest ID,517,1382,3,person,0,0.000325040,0,0
Temporal,fr3_walking_rpy,run_01,most distinct observed frames among MapPoints ever dynamic; tie=smallest ID,518,1382,3,person,0,0.000293348,0,0
Temporal,fr3_walking_rpy,run_01,most distinct observed frames among MapPoints ever dynamic; tie=smallest ID,519,1382,3,person,0,0.000264747,0,0
Temporal,fr3_walking_rpy,run_01,most distinct observed frames among MapPoints ever dynamic; tie=smallest ID,520,1382,3,person,0,0.000238934,0,0
Temporal,fr3_walking_rpy,run_01,most distinct observed frames among MapPoints ever dynamic; tie=smallest ID,521,1382,3,person,0,0.000215638,0,0
Temporal,fr3_walking_rpy,run_01,most distinct observed frames among MapPoints ever dynamic; tie=smallest ID,522,1382,3,person,0,0.000194613,0,0
Temporal,fr3_walking_rpy,run_01,most distinct observed frames among MapPoints ever dynamic; tie=smallest ID,523,1382,3,person,0,0.000175638,0,0
Temporal,fr3_walking_rpy,run_01,most distinct observed frames among MapPoints ever dynamic; tie=smallest ID,524,1382,3,person,0,0.000158514,0,0
Temporal,fr3_walking_rpy,run_01,most distinct observed frames among MapPoints ever dynamic; tie=smallest ID,525,1382,3,person,0,0.000143059,0,0
Temporal,fr3_walking_rpy,run_01,most distinct observed frames among MapPoints ever dynamic; tie=smallest ID,566,1382,3,person,0,0.000016592,0,0
Temporal,fr3_walking_rpy,run_01,most distinct observed frames among MapPoints ever dynamic; tie=smallest ID,567,1382,3,person,0,0.000014975,0,0
Temporal,fr3_walking_rpy,run_01,most distinct observed frames among MapPoints ever dynamic; tie=smallest ID,568,1382,3,person,0,0.000013515,0,0
Temporal,fr3_walking_rpy,run_01,most distinct observed frames among MapPoints ever dynamic; tie=smallest ID,569,1382,3,person,0,0.000012197,0,0
Temporal,fr3_walking_rpy,run_01,most distinct observed frames among MapPoints ever dynamic; tie=smallest ID,570,1382,3,person,0,0.000011008,0,0
Temporal,fr3_walking_rpy,run_01,most distinct observed frames among MapPoints ever dynamic; tie=smallest ID,571,1382,3,person,0,0.000009934,0,0
Temporal,fr3_walking_rpy,run_01,most distinct observed frames among MapPoints ever dynamic; tie=smallest ID,572,1382,3,person,0,0.000008966,0,0
Temporal,fr3_walking_rpy,run_01,most distinct observed frames among MapPoints ever dynamic; tie=smallest ID,573,1382,3,person,0,0.000008092,0,0
Temporal,fr3_walking_rpy,run_01,most distinct observed frames among MapPoints ever dynamic; tie=smallest ID,574,1382,3,person,0,0.000007303,0,0
Temporal,fr3_walking_rpy,run_01,most distinct observed frames among MapPoints ever dynamic; tie=smallest ID,575,1382,3,person,0,0.000006261,0,0
Temporal,fr3_walking_rpy,run_01,most distinct observed frames among MapPoints ever dynamic; tie=smallest ID,576,1382,3,person,0,0.000005651,0,0
Temporal,fr3_walking_rpy,run_01,most distinct observed frames among MapPoints ever dynamic; tie=smallest ID,577,1382,3,person,0,0.000005100,0,0
Temporal,fr3_walking_rpy,run_01,most distinct observed frames among MapPoints ever dynamic; tie=smallest ID,578,1382,3,person,0,0.000004603,0,0
Temporal,fr3_walking_rpy,run_01,most distinct observed frames among MapPoints ever dynamic; tie=smallest ID,579,1382,3,person,0,0.000004154,0,0
Temporal,fr3_walking_rpy,run_01,most distinct observed frames among MapPoints ever dynamic; tie=smallest ID,580,1382,3,person,0,0.000003749,0,0
Temporal,fr3_walking_rpy,run_01,most distinct observed frames among MapPoints ever dynamic; tie=smallest ID,581,1382,3,person,0,0.000003383,0,0
Temporal,fr3_walking_rpy,run_01,most distinct observed frames among MapPoints ever dynamic; tie=smallest ID,582,1382,3,person,0,0.000003053,0,0
Temporal,fr3_walking_rpy,run_01,most distinct observed frames among MapPoints ever dynamic; tie=smallest ID,583,1382,3,person,0,0.000002756,0,0
Temporal,fr3_walking_rpy,run_01,most distinct observed frames among MapPoints ever dynamic; tie=smallest ID,584,1382,3,person,0,0.000002487,0,0
Temporal,fr3_walking_rpy,run_01,most distinct observed frames among MapPoints ever dynamic; tie=smallest ID,585,1382,3,person,0,0.000002245,0,0
Temporal,fr3_walking_rpy,run_01,most distinct observed frames among MapPoints ever dynamic; tie=smallest ID,586,1382,3,person,0,0.000002026,0,0
Temporal,fr3_walking_rpy,run_01,most distinct observed frames among MapPoints ever dynamic; tie=smallest ID,587,1382,3,person,0,0.000001828,0,0
Temporal,fr3_walking_rpy,run_01,most distinct observed frames among MapPoints ever dynamic; tie=smallest ID,590,1382,3,person,0,0.000001489,0,0
Temporal,fr3_walking_rpy,run_01,most distinct observed frames among MapPoints ever dynamic; tie=smallest ID,591,1382,3,person,0,0.000001344,0,0
Temporal,fr3_walking_rpy,run_01,most distinct observed frames among MapPoints ever dynamic; tie=smallest ID,594,1382,3,person,0,0.000001095,0,0
Temporal,fr3_walking_rpy,run_01,most distinct observed frames among MapPoints ever dynamic; tie=smallest ID,595,1382,3,person,0,0.000000988,0,0
Temporal,fr3_walking_rpy,run_01,most distinct observed frames among MapPoints ever dynamic; tie=smallest ID,596,1382,3,person,1,3.000000000,1,1
Temporal,fr3_walking_rpy,run_01,most distinct observed frames among MapPoints ever dynamic; tie=smallest ID,597,1382,3,person,1,5.550000000,1,1
Temporal,fr3_walking_rpy,run_01,most distinct observed frames among MapPoints ever dynamic; tie=smallest ID,598,1382,3,person,1,7.717500000,1,1
Temporal,fr3_walking_rpy,run_01,most distinct observed frames among MapPoints ever dynamic; tie=smallest ID,599,1382,3,person,1,9.559880000,1,1
Temporal,fr3_walking_rpy,run_01,most distinct observed frames among MapPoints ever dynamic; tie=smallest ID,600,1382,3,person,1,11.125900000,1,1
Temporal,fr3_walking_rpy,run_01,most distinct observed frames among MapPoints ever dynamic; tie=smallest ID,620,1382,3,person,0,3.789050000,1,1
Temporal,fr3_walking_rpy,run_01,most distinct observed frames among MapPoints ever dynamic; tie=smallest ID,621,1382,3,person,0,3.419620000,1,1
Temporal,fr3_walking_rpy,run_01,most distinct observed frames among MapPoints ever dynamic; tie=smallest ID,622,1382,3,person,0,3.086210000,1,1
Temporal,fr3_walking_rpy,run_01,most distinct observed frames among MapPoints ever dynamic; tie=smallest ID,623,1382,3,person,0,2.785300000,0,0
Temporal,fr3_walking_rpy,run_01,most distinct observed frames among MapPoints ever dynamic; tie=smallest ID,624,1382,3,person,0,2.513730000,0,0
Temporal,fr3_walking_rpy,run_01,most distinct observed frames among MapPoints ever dynamic; tie=smallest ID,626,1382,3,person,0,2.155210000,0,0
Temporal,fr3_walking_rpy,run_01,most distinct observed frames among MapPoints ever dynamic; tie=smallest ID,627,1382,3,person,0,1.945080000,0,0
Temporal,fr3_walking_rpy,run_01,most distinct observed frames among MapPoints ever dynamic; tie=smallest ID,628,1382,3,person,0,1.755430000,0,0
Temporal,fr3_walking_rpy,run_01,most distinct observed frames among MapPoints ever dynamic; tie=smallest ID,629,1382,3,person,0,1.584280000,0,0
Temporal,fr3_walking_rpy,run_01,most distinct observed frames among MapPoints ever dynamic; tie=smallest ID,630,1382,3,person,0,1.429810000,0,0
Temporal,fr3_walking_rpy,run_01,most distinct observed frames among MapPoints ever dynamic; tie=smallest ID,631,1382,3,person,0,1.290410000,0,0
Temporal,fr3_walking_rpy,run_01,most distinct observed frames among MapPoints ever dynamic; tie=smallest ID,632,1382,3,person,0,1.164590000,0,0
Temporal,fr3_walking_rpy,run_01,most distinct observed frames among MapPoints ever dynamic; tie=smallest ID,633,1382,3,person,0,1.051040000,0,0
Temporal,fr3_walking_rpy,run_01,most distinct observed frames among MapPoints ever dynamic; tie=smallest ID,634,1382,3,person,0,0.948566000,0,0
Temporal,fr3_walking_rpy,run_01,most distinct observed frames among MapPoints ever dynamic; tie=smallest ID,635,1382,3,person,0,0.856081000,0,0
Temporal,fr3_walking_rpy,run_01,most distinct observed frames among MapPoints ever dynamic; tie=smallest ID,636,1382,3,person,0,0.772613000,0,0
Temporal,fr3_walking_rpy,run_01,most distinct observed frames among MapPoints ever dynamic; tie=smallest ID,637,1382,3,person,0,0.697284000,0,0
Temporal,fr3_walking_rpy,run_01,most distinct observed frames among MapPoints ever dynamic; tie=smallest ID,638,1382,3,person,0,0.629298000,0,0
Temporal,fr3_walking_rpy,run_01,most distinct observed frames among MapPoints ever dynamic; tie=smallest ID,639,1382,3,person,0,0.567942000,0,0
Temporal,fr3_walking_rpy,run_01,most distinct observed frames among MapPoints ever dynamic; tie=smallest ID,640,1382,3,person,0,0.512567000,0,0
Temporal,fr3_walking_rpy,run_01,most distinct observed frames among MapPoints ever dynamic; tie=smallest ID,641,1382,3,person,0,0.462592000,0,0
Temporal,fr3_walking_rpy,run_01,most distinct observed frames among MapPoints ever dynamic; tie=smallest ID,642,1382,3,person,0,0.417489000,0,0
Temporal,fr3_walking_rpy,run_01,most distinct observed frames among MapPoints ever dynamic; tie=smallest ID,643,1382,3,person,0,0.376784000,0,0
Temporal,fr3_walking_rpy,run_01,most distinct observed frames among MapPoints ever dynamic; tie=smallest ID,644,1382,3,person,0,0.340048000,0,0
Temporal,fr3_walking_rpy,run_01,most distinct observed frames among MapPoints ever dynamic; tie=smallest ID,645,1382,3,person,0,0.306893000,0,0
Temporal,fr3_walking_rpy,run_01,most distinct observed frames among MapPoints ever dynamic; tie=smallest ID,646,1382,3,person,0,0.276971000,0,0
Temporal,fr3_walking_rpy,run_01,most distinct observed frames among MapPoints ever dynamic; tie=smallest ID,647,1382,3,person,0,0.249966000,0,0
Temporal,fr3_walking_rpy,run_01,most distinct observed frames among MapPoints ever dynamic; tie=smallest ID,648,1382,3,person,0,0.225595000,0,0
Temporal,fr3_walking_rpy,run_01,most distinct observed frames among MapPoints ever dynamic; tie=smallest ID,649,1382,3,person,0,0.203599000,0,0
Temporal,fr3_walking_rpy,run_01,most distinct observed frames among MapPoints ever dynamic; tie=smallest ID,650,1382,3,person,0,0.183748000,0,0
Temporal,fr3_walking_rpy,run_01,most distinct observed frames among MapPoints ever dynamic; tie=smallest ID,651,1382,3,person,0,0.165833000,0,0
Temporal,fr3_walking_rpy,run_01,most distinct observed frames among MapPoints ever dynamic; tie=smallest ID,652,1382,3,person,0,0.149664000,0,0
Temporal,fr3_walking_rpy,run_01,most distinct observed frames among MapPoints ever dynamic; tie=smallest ID,653,1382,3,person,0,0.135072000,0,0
Temporal,fr3_walking_rpy,run_01,most distinct observed frames among MapPoints ever dynamic; tie=smallest ID,654,1382,3,person,0,0.121902000,0,0
Temporal,fr3_walking_rpy,run_01,most distinct observed frames among MapPoints ever dynamic; tie=smallest ID,655,1382,3,person,0,0.110017000,0,0
Temporal,fr3_walking_rpy,run_01,most distinct observed frames among MapPoints ever dynamic; tie=smallest ID,656,1382,3,person,0,0.099290200,0,0
Temporal,fr3_walking_rpy,run_01,most distinct observed frames among MapPoints ever dynamic; tie=smallest ID,657,1382,3,person,0,0.089609400,0,0
Temporal,fr3_walking_rpy,run_01,most distinct observed frames among MapPoints ever dynamic; tie=smallest ID,658,1382,3,person,0,0.080872500,0,0
Temporal,fr3_walking_rpy,run_01,most distinct observed frames among MapPoints ever dynamic; tie=smallest ID,659,1382,3,person,0,0.072987400,0,0
Temporal,fr3_walking_rpy,run_01,most distinct observed frames among MapPoints ever dynamic; tie=smallest ID,660,1382,3,person,0,0.065871100,0,0
Temporal,fr3_walking_rpy,run_01,most distinct observed frames among MapPoints ever dynamic; tie=smallest ID,665,1382,3,person,0,0.048421300,0,0
Temporal,fr3_walking_rpy,run_01,most distinct observed frames among MapPoints ever dynamic; tie=smallest ID,666,1382,3,person,0,0.043700200,0,0
Temporal,fr3_walking_rpy,run_01,most distinct observed frames among MapPoints ever dynamic; tie=smallest ID,667,1382,3,person,0,0.039439500,0,0
Temporal,fr3_walking_rpy,run_01,most distinct observed frames among MapPoints ever dynamic; tie=smallest ID,668,1382,3,person,0,0.035594100,0,0
Temporal,fr3_walking_rpy,run_01,most distinct observed frames among MapPoints ever dynamic; tie=smallest ID,669,1382,3,person,0,0.032123700,0,0
Temporal,fr3_walking_rpy,run_01,most distinct observed frames among MapPoints ever dynamic; tie=smallest ID,670,1382,3,person,0,0.028991600,0,0
Temporal,fr3_walking_rpy,run_01,most distinct observed frames among MapPoints ever dynamic; tie=smallest ID,671,1382,3,person,0,0.026164900,0,0
Temporal,fr3_walking_rpy,run_01,most distinct observed frames among MapPoints ever dynamic; tie=smallest ID,672,1382,3,person,0,0.023613900,0,0
Temporal,fr3_walking_rpy,run_01,most distinct observed frames among MapPoints ever dynamic; tie=smallest ID,715,1382,3,person,0,0.002471760,0,0
Temporal,fr3_walking_rpy,run_01,most distinct observed frames among MapPoints ever dynamic; tie=smallest ID,716,1382,3,person,0,0.002230760,0,0
Temporal,fr3_walking_rpy,run_01,most distinct observed frames among MapPoints ever dynamic; tie=smallest ID,717,1382,3,person,0,0.002013260,0,0
Temporal,fr3_walking_rpy,run_01,most distinct observed frames among MapPoints ever dynamic; tie=smallest ID,718,1382,3,person,0,0.001816970,0,0
Temporal,fr3_walking_rpy,run_01,most distinct observed frames among MapPoints ever dynamic; tie=smallest ID,719,1382,3,person,1,3.001540000,1,1
Temporal,fr3_walking_rpy,run_01,most distinct observed frames among MapPoints ever dynamic; tie=smallest ID,721,1382,3,person,0,2.573450000,0,0
Temporal,fr3_walking_rpy,run_01,most distinct observed frames among MapPoints ever dynamic; tie=smallest ID,722,1382,3,person,1,5.187430000,1,1
Temporal,fr3_walking_rpy,run_01,most distinct observed frames among MapPoints ever dynamic; tie=smallest ID,723,1382,3,person,0,4.681660000,1,1
Temporal,fr3_walking_rpy,run_01,most distinct observed frames among MapPoints ever dynamic; tie=smallest ID,724,1382,3,person,0,4.225200000,1,1
Temporal,fr3_walking_rpy,run_01,most distinct observed frames among MapPoints ever dynamic; tie=smallest ID,725,1382,3,person,1,6.591420000,1,1
Temporal,fr3_walking_rpy,run_01,most distinct observed frames among MapPoints ever dynamic; tie=smallest ID,726,1382,3,person,1,8.602700000,1,1
Temporal,fr3_walking_rpy,run_01,most distinct observed frames among MapPoints ever dynamic; tie=smallest ID,727,1382,3,person,1,10.312300000,1,1
Temporal,fr3_walking_rpy,run_01,most distinct observed frames among MapPoints ever dynamic; tie=smallest ID,728,1382,3,person,0,9.306850000,1,1
Temporal,fr3_walking_rpy,run_01,most distinct observed frames among MapPoints ever dynamic; tie=smallest ID,729,1382,3,person,0,8.399430000,1,1
Temporal,fr3_walking_rpy,run_01,most distinct observed frames among MapPoints ever dynamic; tie=smallest ID,730,1382,3,person,0,7.580490000,1,1
Temporal,fr3_walking_rpy,run_01,most distinct observed frames among MapPoints ever dynamic; tie=smallest ID,731,1382,3,person,1,9.443410000,1,1
Temporal,fr3_walking_rpy,run_01,most distinct observed frames among MapPoints ever dynamic; tie=smallest ID,732,1382,3,person,1,11.026900000,1,1
Temporal,fr3_walking_rpy,run_01,most distinct observed frames among MapPoints ever dynamic; tie=smallest ID,733,1382,3,person,0,9.951780000,1,1
Temporal,fr3_walking_rpy,run_01,most distinct observed frames among MapPoints ever dynamic; tie=smallest ID,734,1382,3,person,0,8.981480000,1,1
Temporal,fr3_walking_rpy,run_01,most distinct observed frames among MapPoints ever dynamic; tie=smallest ID,735,1382,3,person,1,10.634300000,1,1
Temporal,fr3_walking_rpy,run_01,most distinct observed frames among MapPoints ever dynamic; tie=smallest ID,736,1382,3,person,0,9.597420000,1,1
Temporal,fr3_walking_rpy,run_01,most distinct observed frames among MapPoints ever dynamic; tie=smallest ID,737,1382,3,person,0,8.661670000,1,1
Temporal,fr3_walking_rpy,run_01,most distinct observed frames among MapPoints ever dynamic; tie=smallest ID,863,1382,3,person,0,0.012196100,0,0
Temporal,fr3_walking_rpy,run_01,most distinct observed frames among MapPoints ever dynamic; tie=smallest ID,864,1382,3,person,0,0.011007000,0,0
Temporal,fr3_walking_rpy,run_01,most distinct observed frames among MapPoints ever dynamic; tie=smallest ID,865,1382,3,person,0,0.009933830,0,0
Temporal,fr3_walking_halfsphere,run_01,most distinct observed frames among MapPoints ever dynamic; tie=smallest ID,1,134,3,person,0,0.000000000,0,0
Temporal,fr3_walking_halfsphere,run_01,most distinct observed frames among MapPoints ever dynamic; tie=smallest ID,2,134,3,person,0,0.000000000,0,0
Temporal,fr3_walking_halfsphere,run_01,most distinct observed frames among MapPoints ever dynamic; tie=smallest ID,3,134,3,person,0,0.000000000,0,0
Temporal,fr3_walking_halfsphere,run_01,most distinct observed frames among MapPoints ever dynamic; tie=smallest ID,4,134,3,person,0,0.000000000,0,0
Temporal,fr3_walking_halfsphere,run_01,most distinct observed frames among MapPoints ever dynamic; tie=smallest ID,5,134,3,person,1,6.000000000,1,1
Temporal,fr3_walking_halfsphere,run_01,most distinct observed frames among MapPoints ever dynamic; tie=smallest ID,6,134,3,person,1,8.100000000,1,1
Temporal,fr3_walking_halfsphere,run_01,most distinct observed frames among MapPoints ever dynamic; tie=smallest ID,7,134,3,person,1,9.885000000,1,1
Temporal,fr3_walking_halfsphere,run_01,most distinct observed frames among MapPoints ever dynamic; tie=smallest ID,8,134,3,person,1,11.402300000,1,1
Temporal,fr3_walking_halfsphere,run_01,most distinct observed frames among MapPoints ever dynamic; tie=smallest ID,9,134,3,person,1,12.691900000,1,1
Temporal,fr3_walking_halfsphere,run_01,most distinct observed frames among MapPoints ever dynamic; tie=smallest ID,10,134,3,person,1,13.788100000,1,1
Temporal,fr3_walking_halfsphere,run_01,most distinct observed frames among MapPoints ever dynamic; tie=smallest ID,11,134,3,person,1,14.719900000,1,1
Temporal,fr3_walking_halfsphere,run_01,most distinct observed frames among MapPoints ever dynamic; tie=smallest ID,12,134,3,person,1,15.511900000,1,1
Temporal,fr3_walking_halfsphere,run_01,most distinct observed frames among MapPoints ever dynamic; tie=smallest ID,13,134,3,person,1,16.185100000,1,1
Temporal,fr3_walking_halfsphere,run_01,most distinct observed frames among MapPoints ever dynamic; tie=smallest ID,14,134,3,person,1,16.757400000,1,1
Temporal,fr3_walking_halfsphere,run_01,most distinct observed frames among MapPoints ever dynamic; tie=smallest ID,15,134,3,person,1,17.243800000,1,1
Temporal,fr3_walking_halfsphere,run_01,most distinct observed frames among MapPoints ever dynamic; tie=smallest ID,16,134,3,person,1,17.657200000,1,1
Temporal,fr3_walking_halfsphere,run_01,most distinct observed frames among MapPoints ever dynamic; tie=smallest ID,17,134,3,person,1,18.008600000,1,1
Temporal,fr3_walking_halfsphere,run_01,most distinct observed frames among MapPoints ever dynamic; tie=smallest ID,18,134,3,person,1,18.307300000,1,1
Temporal,fr3_walking_halfsphere,run_01,most distinct observed frames among MapPoints ever dynamic; tie=smallest ID,19,134,3,person,1,18.561200000,1,1
Temporal,fr3_walking_halfsphere,run_01,most distinct observed frames among MapPoints ever dynamic; tie=smallest ID,20,134,3,person,1,18.777000000,1,1
Temporal,fr3_walking_halfsphere,run_01,most distinct observed frames among MapPoints ever dynamic; tie=smallest ID,21,134,3,person,1,18.960500000,1,1
Temporal,fr3_walking_halfsphere,run_01,most distinct observed frames among MapPoints ever dynamic; tie=smallest ID,22,134,3,person,1,19.116400000,1,1
Temporal,fr3_walking_halfsphere,run_01,most distinct observed frames among MapPoints ever dynamic; tie=smallest ID,23,134,3,person,1,19.249000000,1,1
Temporal,fr3_walking_halfsphere,run_01,most distinct observed frames among MapPoints ever dynamic; tie=smallest ID,24,134,3,person,1,19.361600000,1,1
Temporal,fr3_walking_halfsphere,run_01,most distinct observed frames among MapPoints ever dynamic; tie=smallest ID,25,134,3,person,1,19.457400000,1,1
Temporal,fr3_walking_halfsphere,run_01,most distinct observed frames among MapPoints ever dynamic; tie=smallest ID,26,134,3,person,1,19.538800000,1,1
Temporal,fr3_walking_halfsphere,run_01,most distinct observed frames among MapPoints ever dynamic; tie=smallest ID,27,134,3,person,1,19.608000000,1,1
Temporal,fr3_walking_halfsphere,run_01,most distinct observed frames among MapPoints ever dynamic; tie=smallest ID,28,134,3,person,1,19.666800000,1,1
Temporal,fr3_walking_halfsphere,run_01,most distinct observed frames among MapPoints ever dynamic; tie=smallest ID,29,134,3,person,1,19.716700000,1,1
Temporal,fr3_walking_halfsphere,run_01,most distinct observed frames among MapPoints ever dynamic; tie=smallest ID,30,134,3,person,1,19.759200000,1,1
Temporal,fr3_walking_halfsphere,run_01,most distinct observed frames among MapPoints ever dynamic; tie=smallest ID,31,134,3,person,1,19.795300000,1,1
Temporal,fr3_walking_halfsphere,run_01,most distinct observed frames among MapPoints ever dynamic; tie=smallest ID,32,134,3,person,1,19.826000000,1,1
Temporal,fr3_walking_halfsphere,run_01,most distinct observed frames among MapPoints ever dynamic; tie=smallest ID,33,134,3,person,1,19.852100000,1,1
Temporal,fr3_walking_halfsphere,run_01,most distinct observed frames among MapPoints ever dynamic; tie=smallest ID,34,134,3,person,1,19.874300000,1,1
Temporal,fr3_walking_halfsphere,run_01,most distinct observed frames among MapPoints ever dynamic; tie=smallest ID,35,134,3,person,1,19.893200000,1,1
Temporal,fr3_walking_halfsphere,run_01,most distinct observed frames among MapPoints ever dynamic; tie=smallest ID,36,134,3,person,1,19.909200000,1,1
Temporal,fr3_walking_halfsphere,run_01,most distinct observed frames among MapPoints ever dynamic; tie=smallest ID,37,134,3,person,1,19.922800000,1,1
Temporal,fr3_walking_halfsphere,run_01,most distinct observed frames among MapPoints ever dynamic; tie=smallest ID,38,134,3,person,1,19.934400000,1,1
Temporal,fr3_walking_halfsphere,run_01,most distinct observed frames among MapPoints ever dynamic; tie=smallest ID,39,134,3,person,1,19.944200000,1,1
Temporal,fr3_walking_halfsphere,run_01,most distinct observed frames among MapPoints ever dynamic; tie=smallest ID,40,134,3,person,1,19.952600000,1,1
Temporal,fr3_walking_halfsphere,run_01,most distinct observed frames among MapPoints ever dynamic; tie=smallest ID,41,134,3,person,1,19.959700000,1,1
Temporal,fr3_walking_halfsphere,run_01,most distinct observed frames among MapPoints ever dynamic; tie=smallest ID,42,134,3,person,1,19.965800000,1,1
Temporal,fr3_walking_halfsphere,run_01,most distinct observed frames among MapPoints ever dynamic; tie=smallest ID,43,134,3,person,1,19.970900000,1,1
Temporal,fr3_walking_halfsphere,run_01,most distinct observed frames among MapPoints ever dynamic; tie=smallest ID,44,134,3,person,1,19.975300000,1,1
Temporal,fr3_walking_halfsphere,run_01,most distinct observed frames among MapPoints ever dynamic; tie=smallest ID,45,134,3,person,0,18.027700000,1,1
Temporal,fr3_walking_halfsphere,run_01,most distinct observed frames among MapPoints ever dynamic; tie=smallest ID,46,134,3,person,0,16.270000000,1,1
Temporal,fr3_walking_halfsphere,run_01,most distinct observed frames among MapPoints ever dynamic; tie=smallest ID,47,134,3,person,0,14.683600000,1,1
Temporal,fr3_walking_halfsphere,run_01,most distinct observed frames among MapPoints ever dynamic; tie=smallest ID,48,134,3,person,0,13.252000000,1,1
Temporal,fr3_walking_halfsphere,run_01,most distinct observed frames among MapPoints ever dynamic; tie=smallest ID,49,134,3,person,0,11.959900000,1,1
Temporal,fr3_walking_halfsphere,run_01,most distinct observed frames among MapPoints ever dynamic; tie=smallest ID,50,134,3,person,0,10.793800000,1,1
Temporal,fr3_walking_halfsphere,run_01,most distinct observed frames among MapPoints ever dynamic; tie=smallest ID,51,134,3,person,0,9.741430000,1,1
Temporal,fr3_walking_halfsphere,run_01,most distinct observed frames among MapPoints ever dynamic; tie=smallest ID,52,134,3,person,0,8.791640000,1,1
Temporal,fr3_walking_halfsphere,run_01,most distinct observed frames among MapPoints ever dynamic; tie=smallest ID,53,134,3,person,0,7.934460000,1,1
Temporal,fr3_walking_halfsphere,run_01,most distinct observed frames among MapPoints ever dynamic; tie=smallest ID,54,134,3,person,0,7.160850000,1,1
Temporal,fr3_walking_halfsphere,run_01,most distinct observed frames among MapPoints ever dynamic; tie=smallest ID,55,134,3,person,0,6.462670000,1,1
Temporal,fr3_walking_halfsphere,run_01,most distinct observed frames among MapPoints ever dynamic; tie=smallest ID,56,134,3,person,0,5.832550000,1,1
Temporal,fr3_walking_halfsphere,run_01,most distinct observed frames among MapPoints ever dynamic; tie=smallest ID,57,134,3,person,0,5.263880000,1,1
Temporal,fr3_walking_halfsphere,run_01,most distinct observed frames among MapPoints ever dynamic; tie=smallest ID,58,134,3,person,0,4.750650000,1,1
Temporal,fr3_walking_halfsphere,run_01,most distinct observed frames among MapPoints ever dynamic; tie=smallest ID,59,134,3,person,0,4.287460000,1,1
Temporal,fr3_walking_halfsphere,run_01,most distinct observed frames among MapPoints ever dynamic; tie=smallest ID,60,134,3,person,0,3.869440000,1,1
Temporal,fr3_walking_halfsphere,run_01,most distinct observed frames among MapPoints ever dynamic; tie=smallest ID,61,134,3,person,0,3.492170000,1,1
Temporal,fr3_walking_halfsphere,run_01,most distinct observed frames among MapPoints ever dynamic; tie=smallest ID,62,134,3,person,0,3.151680000,1,1
Temporal,fr3_walking_halfsphere,run_01,most distinct observed frames among MapPoints ever dynamic; tie=smallest ID,63,134,3,person,0,2.844390000,0,0
Temporal,fr3_walking_halfsphere,run_01,most distinct observed frames among MapPoints ever dynamic; tie=smallest ID,64,134,3,person,0,2.567060000,0,0
Temporal,fr3_walking_halfsphere,run_01,most distinct observed frames among MapPoints ever dynamic; tie=smallest ID,65,134,3,person,0,2.316770000,0,0
Temporal,fr3_walking_halfsphere,run_01,most distinct observed frames among MapPoints ever dynamic; tie=smallest ID,66,134,3,person,0,2.090890000,0,0
Temporal,fr3_walking_halfsphere,run_01,most distinct observed frames among MapPoints ever dynamic; tie=smallest ID,67,134,3,person,0,1.887030000,0,0
Temporal,fr3_walking_halfsphere,run_01,most distinct observed frames among MapPoints ever dynamic; tie=smallest ID,68,134,3,person,0,1.703040000,0,0
Temporal,fr3_walking_halfsphere,run_01,most distinct observed frames among MapPoints ever dynamic; tie=smallest ID,69,134,3,person,0,1.536990000,0,0
Temporal,fr3_walking_halfsphere,run_01,most distinct observed frames among MapPoints ever dynamic; tie=smallest ID,70,134,3,person,1,4.306450000,1,1
Temporal,fr3_walking_halfsphere,run_01,most distinct observed frames among MapPoints ever dynamic; tie=smallest ID,71,134,3,person,1,6.660480000,1,1
Temporal,fr3_walking_halfsphere,run_01,most distinct observed frames among MapPoints ever dynamic; tie=smallest ID,72,134,3,person,1,8.661410000,1,1
Temporal,fr3_walking_halfsphere,run_01,most distinct observed frames among MapPoints ever dynamic; tie=smallest ID,73,134,3,person,1,10.362200000,1,1
Temporal,fr3_walking_halfsphere,run_01,most distinct observed frames among MapPoints ever dynamic; tie=smallest ID,74,134,3,person,1,11.807900000,1,1
Temporal,fr3_walking_halfsphere,run_01,most distinct observed frames among MapPoints ever dynamic; tie=smallest ID,75,134,3,person,1,13.036700000,1,1
Temporal,fr3_walking_halfsphere,run_01,most distinct observed frames among MapPoints ever dynamic; tie=smallest ID,76,134,3,person,1,14.081200000,1,1
Temporal,fr3_walking_halfsphere,run_01,most distinct observed frames among MapPoints ever dynamic; tie=smallest ID,77,134,3,person,1,14.969000000,1,1
Temporal,fr3_walking_halfsphere,run_01,most distinct observed frames among MapPoints ever dynamic; tie=smallest ID,78,134,3,person,0,13.509500000,1,1
Temporal,fr3_walking_halfsphere,run_01,most distinct observed frames among MapPoints ever dynamic; tie=smallest ID,79,134,3,person,1,14.483100000,1,1
Temporal,fr3_walking_halfsphere,run_01,most distinct observed frames among MapPoints ever dynamic; tie=smallest ID,80,134,3,person,0,13.071000000,1,1
Temporal,fr3_walking_halfsphere,run_01,most distinct observed frames among MapPoints ever dynamic; tie=smallest ID,81,134,3,person,0,11.796600000,1,1
Temporal,fr3_walking_halfsphere,run_01,most distinct observed frames among MapPoints ever dynamic; tie=smallest ID,82,134,3,person,0,10.646400000,1,1
Temporal,fr3_walking_halfsphere,run_01,most distinct observed frames among MapPoints ever dynamic; tie=smallest ID,83,134,3,person,0,9.608380000,1,1
Temporal,fr3_walking_halfsphere,run_01,most distinct observed frames among MapPoints ever dynamic; tie=smallest ID,84,134,3,person,1,11.167100000,1,1
Temporal,fr3_walking_halfsphere,run_01,most distinct observed frames among MapPoints ever dynamic; tie=smallest ID,85,134,3,person,1,12.492100000,1,1
Temporal,fr3_walking_halfsphere,run_01,most distinct observed frames among MapPoints ever dynamic; tie=smallest ID,86,134,3,person,1,13.618200000,1,1
Temporal,fr3_walking_halfsphere,run_01,most distinct observed frames among MapPoints ever dynamic; tie=smallest ID,87,134,3,person,1,14.575500000,1,1
Temporal,fr3_walking_halfsphere,run_01,most distinct observed frames among MapPoints ever dynamic; tie=smallest ID,88,134,3,person,1,15.389200000,1,1
Temporal,fr3_walking_halfsphere,run_01,most distinct observed frames among MapPoints ever dynamic; tie=smallest ID,89,134,3,person,1,16.080800000,1,1
Temporal,fr3_walking_halfsphere,run_01,most distinct observed frames among MapPoints ever dynamic; tie=smallest ID,90,134,3,person,1,16.668700000,1,1
Temporal,fr3_walking_halfsphere,run_01,most distinct observed frames among MapPoints ever dynamic; tie=smallest ID,91,134,3,person,1,17.168400000,1,1
Temporal,fr3_walking_halfsphere,run_01,most distinct observed frames among MapPoints ever dynamic; tie=smallest ID,92,134,3,person,1,17.593100000,1,1
Temporal,fr3_walking_halfsphere,run_01,most distinct observed frames among MapPoints ever dynamic; tie=smallest ID,93,134,3,person,1,17.954200000,1,1
Temporal,fr3_walking_halfsphere,run_01,most distinct observed frames among MapPoints ever dynamic; tie=smallest ID,94,134,3,person,1,18.261000000,1,1
Temporal,fr3_walking_halfsphere,run_01,most distinct observed frames among MapPoints ever dynamic; tie=smallest ID,95,134,3,person,1,18.521900000,1,1
Temporal,fr3_walking_halfsphere,run_01,most distinct observed frames among MapPoints ever dynamic; tie=smallest ID,96,134,3,person,1,18.743600000,1,1
Temporal,fr3_walking_halfsphere,run_01,most distinct observed frames among MapPoints ever dynamic; tie=smallest ID,97,134,3,person,1,18.932100000,1,1
Temporal,fr3_walking_halfsphere,run_01,most distinct observed frames among MapPoints ever dynamic; tie=smallest ID,98,134,3,person,1,19.092300000,1,1
Temporal,fr3_walking_halfsphere,run_01,most distinct observed frames among MapPoints ever dynamic; tie=smallest ID,99,134,3,person,1,19.228400000,1,1
Temporal,fr3_walking_halfsphere,run_01,most distinct observed frames among MapPoints ever dynamic; tie=smallest ID,100,134,3,person,0,17.353600000,1,1
Temporal,fr3_walking_halfsphere,run_01,most distinct observed frames among MapPoints ever dynamic; tie=smallest ID,101,134,3,person,0,15.661700000,1,1
Temporal,fr3_walking_halfsphere,run_01,most distinct observed frames among MapPoints ever dynamic; tie=smallest ID,102,134,3,person,0,14.134700000,1,1
Temporal,fr3_walking_halfsphere,run_01,most distinct observed frames among MapPoints ever dynamic; tie=smallest ID,103,134,3,person,0,12.756500000,1,1
Temporal,fr3_walking_halfsphere,run_01,most distinct observed frames among MapPoints ever dynamic; tie=smallest ID,104,134,3,person,0,11.512800000,1,1
Temporal,fr3_walking_halfsphere,run_01,most distinct observed frames among MapPoints ever dynamic; tie=smallest ID,105,134,3,person,0,10.390300000,1,1
Temporal,fr3_walking_halfsphere,run_01,most distinct observed frames among MapPoints ever dynamic; tie=smallest ID,106,134,3,person,0,9.377220000,1,1
Temporal,fr3_walking_halfsphere,run_01,most distinct observed frames among MapPoints ever dynamic; tie=smallest ID,107,134,3,person,0,8.462940000,1,1
Temporal,fr3_walking_halfsphere,run_01,most distinct observed frames among MapPoints ever dynamic; tie=smallest ID,108,134,3,person,0,7.637800000,1,1
Temporal,fr3_walking_halfsphere,run_01,most distinct observed frames among MapPoints ever dynamic; tie=smallest ID,109,134,3,person,0,6.893120000,1,1
Temporal,fr3_walking_halfsphere,run_01,most distinct observed frames among MapPoints ever dynamic; tie=smallest ID,110,134,3,person,0,6.221040000,1,1
Temporal,fr3_walking_halfsphere,run_01,most distinct observed frames among MapPoints ever dynamic; tie=smallest ID,111,134,3,person,0,5.614490000,1,1
Temporal,fr3_walking_halfsphere,run_01,most distinct observed frames among MapPoints ever dynamic; tie=smallest ID,112,134,3,person,0,5.067070000,1,1
Temporal,fr3_walking_halfsphere,run_01,most distinct observed frames among MapPoints ever dynamic; tie=smallest ID,113,134,3,person,0,4.573030000,1,1
Temporal,fr3_walking_halfsphere,run_01,most distinct observed frames among MapPoints ever dynamic; tie=smallest ID,114,134,3,person,0,4.127160000,1,1
Temporal,fr3_walking_halfsphere,run_01,most distinct observed frames among MapPoints ever dynamic; tie=smallest ID,115,134,3,person,0,3.724760000,1,1
Temporal,fr3_walking_halfsphere,run_01,most distinct observed frames among MapPoints ever dynamic; tie=smallest ID,116,134,3,person,0,3.361600000,1,1
Temporal,fr3_walking_halfsphere,run_01,most distinct observed frames among MapPoints ever dynamic; tie=smallest ID,117,134,3,person,0,3.033840000,1,1
Temporal,fr3_walking_halfsphere,run_01,most distinct observed frames among MapPoints ever dynamic; tie=smallest ID,118,134,3,person,0,2.738040000,0,0
Temporal,fr3_walking_halfsphere,run_01,most distinct observed frames among MapPoints ever dynamic; tie=smallest ID,119,134,3,person,0,2.471080000,0,0
Temporal,fr3_walking_halfsphere,run_01,most distinct observed frames among MapPoints ever dynamic; tie=smallest ID,120,134,3,person,0,2.230150000,0,0
Temporal,fr3_walking_halfsphere,run_01,most distinct observed frames among MapPoints ever dynamic; tie=smallest ID,121,134,3,person,0,2.012710000,0,0
Temporal,fr3_walking_halfsphere,run_01,most distinct observed frames among MapPoints ever dynamic; tie=smallest ID,122,134,3,person,0,1.816470000,0,0
Temporal,fr3_walking_halfsphere,run_01,most distinct observed frames among MapPoints ever dynamic; tie=smallest ID,123,134,3,person,0,1.639370000,0,0
Temporal,fr3_walking_halfsphere,run_01,most distinct observed frames among MapPoints ever dynamic; tie=smallest ID,124,134,3,person,0,1.479530000,0,0
Temporal,fr3_walking_halfsphere,run_01,most distinct observed frames among MapPoints ever dynamic; tie=smallest ID,125,134,3,person,0,1.335280000,0,0
Temporal,fr3_walking_halfsphere,run_01,most distinct observed frames among MapPoints ever dynamic; tie=smallest ID,126,134,3,person,0,1.205090000,0,0
Temporal,fr3_walking_halfsphere,run_01,most distinct observed frames among MapPoints ever dynamic; tie=smallest ID,127,134,3,person,0,1.087590000,0,0
Temporal,fr3_walking_halfsphere,run_01,most distinct observed frames among MapPoints ever dynamic; tie=smallest ID,128,134,3,person,0,0.981550000,0,0
Temporal,fr3_walking_halfsphere,run_01,most distinct observed frames among MapPoints ever dynamic; tie=smallest ID,129,134,3,person,0,0.885849000,0,0
Temporal,fr3_walking_halfsphere,run_01,most distinct observed frames among MapPoints ever dynamic; tie=smallest ID,130,134,3,person,0,0.799478000,0,0
Temporal,fr3_walking_halfsphere,run_01,most distinct observed frames among MapPoints ever dynamic; tie=smallest ID,131,134,3,person,0,0.721529000,0,0
Temporal,fr3_walking_halfsphere,run_01,most distinct observed frames among MapPoints ever dynamic; tie=smallest ID,132,134,3,person,0,0.651180000,0,0
Temporal,fr3_walking_halfsphere,run_01,most distinct observed frames among MapPoints ever dynamic; tie=smallest ID,133,134,3,person,0,0.558306000,0,0
Temporal,fr3_walking_halfsphere,run_01,most distinct observed frames among MapPoints ever dynamic; tie=smallest ID,134,134,3,person,0,0.503871000,0,0
Temporal,fr3_walking_halfsphere,run_01,most distinct observed frames among MapPoints ever dynamic; tie=smallest ID,135,134,3,person,0,0.454743000,0,0
Temporal,fr3_walking_halfsphere,run_01,most distinct observed frames among MapPoints ever dynamic; tie=smallest ID,136,134,3,person,0,0.410406000,0,0
Temporal,fr3_walking_halfsphere,run_01,most distinct observed frames among MapPoints ever dynamic; tie=smallest ID,137,134,3,person,0,0.370391000,0,0
Temporal,fr3_walking_halfsphere,run_01,most distinct observed frames among MapPoints ever dynamic; tie=smallest ID,138,134,3,person,0,0.334278000,0,0
Temporal,fr3_walking_halfsphere,run_01,most distinct observed frames among MapPoints ever dynamic; tie=smallest ID,139,134,3,person,0,0.301686000,0,0
Temporal,fr3_walking_halfsphere,run_01,most distinct observed frames among MapPoints ever dynamic; tie=smallest ID,140,134,3,person,0,0.272272000,0,0
Temporal,fr3_walking_halfsphere,run_01,most distinct observed frames among MapPoints ever dynamic; tie=smallest ID,141,134,3,person,0,0.245725000,0,0
Temporal,fr3_walking_halfsphere,run_01,most distinct observed frames among MapPoints ever dynamic; tie=smallest ID,142,134,3,person,0,0.221767000,0,0
Temporal,fr3_walking_halfsphere,run_01,most distinct observed frames among MapPoints ever dynamic; tie=smallest ID,143,134,3,person,0,0.200145000,0,0
Temporal,fr3_walking_halfsphere,run_01,most distinct observed frames among MapPoints ever dynamic; tie=smallest ID,144,134,3,person,0,0.180631000,0,0
Temporal,fr3_walking_halfsphere,run_01,most distinct observed frames among MapPoints ever dynamic; tie=smallest ID,145,134,3,person,0,0.163019000,0,0
Temporal,fr3_walking_halfsphere,run_01,most distinct observed frames among MapPoints ever dynamic; tie=smallest ID,146,134,3,person,0,0.147125000,0,0
Temporal,fr3_walking_halfsphere,run_01,most distinct observed frames among MapPoints ever dynamic; tie=smallest ID,147,134,3,person,0,0.132780000,0,0
Temporal,fr3_walking_halfsphere,run_01,most distinct observed frames among MapPoints ever dynamic; tie=smallest ID,148,134,3,person,0,0.119834000,0,0
Temporal,fr3_walking_halfsphere,run_01,most distinct observed frames among MapPoints ever dynamic; tie=smallest ID,149,134,3,person,0,0.108150000,0,0
Temporal,fr3_walking_halfsphere,run_01,most distinct observed frames among MapPoints ever dynamic; tie=smallest ID,150,134,3,person,0,0.097605500,0,0
Temporal,fr3_walking_halfsphere,run_01,most distinct observed frames among MapPoints ever dynamic; tie=smallest ID,151,134,3,person,0,0.088089000,0,0
Temporal,fr3_walking_halfsphere,run_01,most distinct observed frames among MapPoints ever dynamic; tie=smallest ID,152,134,3,person,0,0.079500300,0,0
Temporal,fr3_walking_halfsphere,run_01,most distinct observed frames among MapPoints ever dynamic; tie=smallest ID,153,134,3,person,0,0.071749000,0,0
Temporal,fr3_walking_halfsphere,run_01,most distinct observed frames among MapPoints ever dynamic; tie=smallest ID,154,134,3,person,0,0.064753500,0,0
Temporal,fr3_walking_halfsphere,run_01,most distinct observed frames among MapPoints ever dynamic; tie=smallest ID,155,134,3,person,0,0.058440000,0,0
Temporal,fr3_walking_halfsphere,run_01,most distinct observed frames among MapPoints ever dynamic; tie=smallest ID,156,134,3,person,0,0.052742100,0,0
Temporal,fr3_walking_halfsphere,run_01,most distinct observed frames among MapPoints ever dynamic; tie=smallest ID,157,134,3,person,0,0.047599700,0,0
Temporal,fr3_walking_halfsphere,run_01,most distinct observed frames among MapPoints ever dynamic; tie=smallest ID,158,134,3,person,0,0.042958800,0,0
Temporal,fr3_walking_halfsphere,run_01,most distinct observed frames among MapPoints ever dynamic; tie=smallest ID,159,134,3,person,0,0.038770300,0,0
Temporal,fr3_walking_halfsphere,run_01,most distinct observed frames among MapPoints ever dynamic; tie=smallest ID,160,134,3,person,0,0.034990200,0,0
Temporal,fr3_walking_halfsphere,run_01,most distinct observed frames among MapPoints ever dynamic; tie=smallest ID,161,134,3,person,0,0.031578600,0,0
Temporal,fr3_walking_halfsphere,run_01,most distinct observed frames among MapPoints ever dynamic; tie=smallest ID,162,134,3,person,0,0.028499700,0,0
Temporal,fr3_walking_halfsphere,run_01,most distinct observed frames among MapPoints ever dynamic; tie=smallest ID,163,134,3,person,0,0.025721000,0,0
Temporal,fr3_walking_halfsphere,run_01,most distinct observed frames among MapPoints ever dynamic; tie=smallest ID,164,134,3,person,0,0.023213200,0,0
Temporal,fr3_walking_halfsphere,run_01,most distinct observed frames among MapPoints ever dynamic; tie=smallest ID,165,134,3,person,0,0.020949900,0,0
Temporal,fr3_walking_halfsphere,run_01,most distinct observed frames among MapPoints ever dynamic; tie=smallest ID,166,134,3,person,0,0.018907300,0,0
Temporal,fr3_walking_halfsphere,run_01,most distinct observed frames among MapPoints ever dynamic; tie=smallest ID,167,134,3,person,0,0.017063800,0,0
Temporal,fr3_walking_halfsphere,run_01,most distinct observed frames among MapPoints ever dynamic; tie=smallest ID,168,134,3,person,0,0.015400100,0,0
Temporal,fr3_walking_halfsphere,run_01,most distinct observed frames among MapPoints ever dynamic; tie=smallest ID,169,134,3,person,0,0.013898600,0,0
Temporal,fr3_walking_halfsphere,run_01,most distinct observed frames among MapPoints ever dynamic; tie=smallest ID,170,134,3,person,0,0.012543500,0,0
Temporal,fr3_walking_halfsphere,run_01,most distinct observed frames among MapPoints ever dynamic; tie=smallest ID,171,134,3,person,0,0.011320500,0,0
Temporal,fr3_walking_halfsphere,run_01,most distinct observed frames among MapPoints ever dynamic; tie=smallest ID,172,134,3,person,0,0.010216700,0,0
Temporal,fr3_walking_halfsphere,run_01,most distinct observed frames among MapPoints ever dynamic; tie=smallest ID,173,134,3,person,0,0.009220610,0,0
Temporal,fr3_walking_halfsphere,run_01,most distinct observed frames among MapPoints ever dynamic; tie=smallest ID,174,134,3,person,0,0.008321600,0,0
Temporal,fr3_walking_halfsphere,run_01,most distinct observed frames among MapPoints ever dynamic; tie=smallest ID,175,134,3,person,0,0.007510250,0,0
Temporal,fr3_walking_halfsphere,run_01,most distinct observed frames among MapPoints ever dynamic; tie=smallest ID,176,134,3,person,0,0.006778000,0,0
Temporal,fr3_walking_halfsphere,run_01,most distinct observed frames among MapPoints ever dynamic; tie=smallest ID,177,134,3,person,0,0.006117140,0,0
Temporal,fr3_walking_halfsphere,run_01,most distinct observed frames among MapPoints ever dynamic; tie=smallest ID,178,134,3,person,0,0.005520720,0,0
Temporal,fr3_walking_halfsphere,run_01,most distinct observed frames among MapPoints ever dynamic; tie=smallest ID,179,134,3,person,0,0.004982450,0,0
Temporal,fr3_walking_halfsphere,run_01,most distinct observed frames among MapPoints ever dynamic; tie=smallest ID,180,134,3,person,0,0.004496660,0,0
Temporal,fr3_walking_halfsphere,run_01,most distinct observed frames among MapPoints ever dynamic; tie=smallest ID,181,134,3,person,0,0.004058240,0,0
Temporal,fr3_walking_halfsphere,run_01,most distinct observed frames among MapPoints ever dynamic; tie=smallest ID,182,134,3,person,0,0.003662560,0,0
Temporal,fr3_walking_halfsphere,run_01,most distinct observed frames among MapPoints ever dynamic; tie=smallest ID,183,134,3,person,0,0.003305460,0,0
Temporal,fr3_walking_halfsphere,run_01,most distinct observed frames among MapPoints ever dynamic; tie=smallest ID,184,134,3,person,0,0.002983180,0,0
Temporal,fr3_walking_halfsphere,run_01,most distinct observed frames among MapPoints ever dynamic; tie=smallest ID,185,134,3,person,0,0.002692320,0,0
Temporal,fr3_walking_halfsphere,run_01,most distinct observed frames among MapPoints ever dynamic; tie=smallest ID,186,134,3,person,0,0.002429820,0,0
Temporal,fr3_walking_halfsphere,run_01,most distinct observed frames among MapPoints ever dynamic; tie=smallest ID,187,134,3,person,0,0.002192910,0,0
Temporal,fr3_walking_halfsphere,run_01,most distinct observed frames among MapPoints ever dynamic; tie=smallest ID,188,134,3,person,0,0.001979100,0,0
Temporal,fr3_walking_halfsphere,run_01,most distinct observed frames among MapPoints ever dynamic; tie=smallest ID,189,134,3,person,0,0.001786140,0,0
Temporal,fr3_walking_halfsphere,run_01,most distinct observed frames among MapPoints ever dynamic; tie=smallest ID,190,134,3,person,0,0.001611990,0,0
Temporal,fr3_walking_halfsphere,run_01,most distinct observed frames among MapPoints ever dynamic; tie=smallest ID,191,134,3,person,0,0.001454820,0,0
Temporal,fr3_walking_halfsphere,run_01,most distinct observed frames among MapPoints ever dynamic; tie=smallest ID,192,134,3,person,0,0.001312980,0,0
Temporal,fr3_walking_halfsphere,run_01,most distinct observed frames among MapPoints ever dynamic; tie=smallest ID,193,134,3,person,0,0.001184960,0,0
Temporal,fr3_walking_halfsphere,run_01,most distinct observed frames among MapPoints ever dynamic; tie=smallest ID,194,134,3,person,0,0.001069430,0,0
Temporal,fr3_walking_halfsphere,run_01,most distinct observed frames among MapPoints ever dynamic; tie=smallest ID,195,134,3,person,0,0.000965157,0,0
Temporal,fr3_walking_halfsphere,run_01,most distinct observed frames among MapPoints ever dynamic; tie=smallest ID,196,134,3,person,0,0.000871055,0,0
Temporal,fr3_walking_halfsphere,run_01,most distinct observed frames among MapPoints ever dynamic; tie=smallest ID,197,134,3,person,0,0.000786127,0,0
Temporal,fr3_walking_halfsphere,run_01,most distinct observed frames among MapPoints ever dynamic; tie=smallest ID,198,134,3,person,0,0.000709479,0,0
Temporal,fr3_walking_halfsphere,run_01,most distinct observed frames among MapPoints ever dynamic; tie=smallest ID,199,134,3,person,0,0.000640305,0,0
Temporal,fr3_walking_halfsphere,run_01,most distinct observed frames among MapPoints ever dynamic; tie=smallest ID,200,134,3,person,0,0.000577875,0,0
Temporal,fr3_walking_halfsphere,run_01,most distinct observed frames among MapPoints ever dynamic; tie=smallest ID,201,134,3,person,0,0.000521533,0,0
Temporal,fr3_walking_halfsphere,run_01,most distinct observed frames among MapPoints ever dynamic; tie=smallest ID,202,134,3,person,0,0.000470683,0,0
Temporal,fr3_walking_halfsphere,run_01,most distinct observed frames among MapPoints ever dynamic; tie=smallest ID,203,134,3,person,0,0.000424792,0,0
Temporal,fr3_walking_halfsphere,run_01,most distinct observed frames among MapPoints ever dynamic; tie=smallest ID,204,134,3,person,0,0.000383374,0,0
Temporal,fr3_walking_halfsphere,run_01,most distinct observed frames among MapPoints ever dynamic; tie=smallest ID,205,134,3,person,0,0.000345995,0,0
Temporal,fr3_walking_halfsphere,run_01,most distinct observed frames among MapPoints ever dynamic; tie=smallest ID,206,134,3,person,0,0.000312261,0,0
Temporal,fr3_walking_halfsphere,run_01,most distinct observed frames among MapPoints ever dynamic; tie=smallest ID,207,134,3,person,0,0.000281815,0,0
Temporal,fr3_walking_halfsphere,run_01,most distinct observed frames among MapPoints ever dynamic; tie=smallest ID,208,134,3,person,0,0.000254338,0,0
Temporal,fr3_walking_halfsphere,run_01,most distinct observed frames among MapPoints ever dynamic; tie=smallest ID,209,134,3,person,0,0.000229540,0,0
Temporal,fr3_walking_halfsphere,run_01,most distinct observed frames among MapPoints ever dynamic; tie=smallest ID,210,134,3,person,0,0.000207160,0,0
Temporal,fr3_walking_halfsphere,run_01,most distinct observed frames among MapPoints ever dynamic; tie=smallest ID,211,134,3,person,0,0.000186962,0,0
Temporal,fr3_walking_halfsphere,run_01,most distinct observed frames among MapPoints ever dynamic; tie=smallest ID,212,134,3,person,0,0.000168733,0,0
Temporal,fr3_walking_halfsphere,run_01,most distinct observed frames among MapPoints ever dynamic; tie=smallest ID,213,134,3,person,0,0.000144668,0,0
Temporal,fr3_walking_halfsphere,run_01,most distinct observed frames among MapPoints ever dynamic; tie=smallest ID,214,134,3,person,0,0.000130563,0,0
Temporal,fr3_walking_halfsphere,run_01,most distinct observed frames among MapPoints ever dynamic; tie=smallest ID,215,134,3,person,0,0.000117833,0,0
Temporal,fr3_walking_halfsphere,run_01,most distinct observed frames among MapPoints ever dynamic; tie=smallest ID,216,134,3,person,0,0.000106344,0,0
Temporal,fr3_walking_halfsphere,run_01,most distinct observed frames among MapPoints ever dynamic; tie=smallest ID,217,134,3,person,0,0.000095975,0,0
Temporal,fr3_walking_halfsphere,run_01,most distinct observed frames among MapPoints ever dynamic; tie=smallest ID,218,134,3,person,0,0.000086618,0,0
Temporal,fr3_walking_halfsphere,run_01,most distinct observed frames among MapPoints ever dynamic; tie=smallest ID,219,134,3,person,0,0.000078173,0,0
Temporal,fr3_walking_halfsphere,run_01,most distinct observed frames among MapPoints ever dynamic; tie=smallest ID,303,134,3,person,0,0.000000999,0,0
Temporal,fr3_walking_halfsphere,run_01,most distinct observed frames among MapPoints ever dynamic; tie=smallest ID,304,134,3,person,0,0.000000902,0,0
Temporal,fr3_walking_halfsphere,run_01,most distinct observed frames among MapPoints ever dynamic; tie=smallest ID,305,134,3,person,0,0.000000773,0,0
Temporal,fr3_walking_halfsphere,run_01,most distinct observed frames among MapPoints ever dynamic; tie=smallest ID,306,134,3,person,0,0.000000698,0,0
Temporal,fr3_walking_halfsphere,run_01,most distinct observed frames among MapPoints ever dynamic; tie=smallest ID,307,134,3,person,0,0.000000630,0,0
Temporal,fr3_walking_halfsphere,run_01,most distinct observed frames among MapPoints ever dynamic; tie=smallest ID,308,134,3,person,0,0.000000568,0,0
Temporal,fr3_walking_halfsphere,run_01,most distinct observed frames among MapPoints ever dynamic; tie=smallest ID,309,134,3,person,0,0.000000513,0,0
Temporal,fr3_walking_halfsphere,run_01,most distinct observed frames among MapPoints ever dynamic; tie=smallest ID,310,134,3,person,0,0.000000463,0,0
Temporal,fr3_walking_halfsphere,run_01,most distinct observed frames among MapPoints ever dynamic; tie=smallest ID,311,134,3,person,0,0.000000418,0,0
Temporal,fr3_walking_halfsphere,run_01,most distinct observed frames among MapPoints ever dynamic; tie=smallest ID,312,134,3,person,0,0.000000377,0,0
Temporal,fr3_walking_halfsphere,run_01,most distinct observed frames among MapPoints ever dynamic; tie=smallest ID,313,134,3,person,0,0.000000340,0,0
Temporal,fr3_walking_halfsphere,run_01,most distinct observed frames among MapPoints ever dynamic; tie=smallest ID,314,134,3,person,0,0.000000307,0,0
Temporal,fr3_walking_halfsphere,run_01,most distinct observed frames among MapPoints ever dynamic; tie=smallest ID,315,134,3,person,0,0.000000277,0,0
Temporal,fr3_walking_halfsphere,run_01,most distinct observed frames among MapPoints ever dynamic; tie=smallest ID,316,134,3,person,0,0.000000250,0,0
Temporal,fr3_walking_halfsphere,run_01,most distinct observed frames among MapPoints ever dynamic; tie=smallest ID,317,134,3,person,0,0.000000226,0,0
Temporal,fr3_walking_halfsphere,run_01,most distinct observed frames among MapPoints ever dynamic; tie=smallest ID,318,134,3,person,0,0.000000204,0,0
Temporal,fr3_walking_halfsphere,run_01,most distinct observed frames among MapPoints ever dynamic; tie=smallest ID,319,134,3,person,0,0.000000184,0,0
Temporal,fr3_walking_halfsphere,run_01,most distinct observed frames among MapPoints ever dynamic; tie=smallest ID,320,134,3,person,0,0.000000166,0,0
Temporal,fr3_walking_halfsphere,run_01,most distinct observed frames among MapPoints ever dynamic; tie=smallest ID,321,134,3,person,0,0.000000150,0,0
Temporal,fr3_walking_halfsphere,run_01,most distinct observed frames among MapPoints ever dynamic; tie=smallest ID,322,134,3,person,0,0.000000135,0,0
Temporal,fr3_walking_halfsphere,run_01,most distinct observed frames among MapPoints ever dynamic; tie=smallest ID,323,134,3,person,0,0.000000122,0,0
Temporal,fr3_walking_halfsphere,run_01,most distinct observed frames among MapPoints ever dynamic; tie=smallest ID,324,134,3,person,0,0.000000110,0,0
Temporal,fr3_walking_halfsphere,run_01,most distinct observed frames among MapPoints ever dynamic; tie=smallest ID,325,134,3,person,0,0.000000099,0,0
Temporal,fr3_walking_halfsphere,run_01,most distinct observed frames among MapPoints ever dynamic; tie=smallest ID,326,134,3,person,0,0.000000090,0,0
Temporal,fr3_walking_halfsphere,run_01,most distinct observed frames among MapPoints ever dynamic; tie=smallest ID,327,134,3,person,0,0.000000081,0,0
Temporal,fr3_walking_halfsphere,run_01,most distinct observed frames among MapPoints ever dynamic; tie=smallest ID,328,134,3,person,0,0.000000073,0,0
Temporal,fr3_walking_halfsphere,run_01,most distinct observed frames among MapPoints ever dynamic; tie=smallest ID,329,134,3,person,0,0.000000066,0,0
Temporal,fr3_walking_halfsphere,run_01,most distinct observed frames among MapPoints ever dynamic; tie=smallest ID,330,134,3,person,0,0.000000059,0,0
Temporal,fr3_walking_halfsphere,run_01,most distinct observed frames among MapPoints ever dynamic; tie=smallest ID,331,134,3,person,0,0.000000054,0,0
Temporal,fr3_walking_halfsphere,run_01,most distinct observed frames among MapPoints ever dynamic; tie=smallest ID,332,134,3,person,0,0.000000048,0,0
Temporal,fr3_walking_halfsphere,run_01,most distinct observed frames among MapPoints ever dynamic; tie=smallest ID,333,134,3,person,0,0.000000044,0,0
Temporal,fr3_walking_halfsphere,run_01,most distinct observed frames among MapPoints ever dynamic; tie=smallest ID,334,134,3,person,0,0.000000039,0,0
Temporal,fr3_walking_halfsphere,run_01,most distinct observed frames among MapPoints ever dynamic; tie=smallest ID,335,134,3,person,0,0.000000036,0,0
Temporal,fr3_walking_halfsphere,run_01,most distinct observed frames among MapPoints ever dynamic; tie=smallest ID,336,134,3,person,0,0.000000032,0,0
Temporal,fr3_walking_halfsphere,run_01,most distinct observed frames among MapPoints ever dynamic; tie=smallest ID,337,134,3,person,0,0.000000029,0,0
Temporal,fr3_walking_halfsphere,run_01,most distinct observed frames among MapPoints ever dynamic; tie=smallest ID,338,134,3,person,0,0.000000026,0,0
Temporal,fr3_walking_halfsphere,run_01,most distinct observed frames among MapPoints ever dynamic; tie=smallest ID,339,134,3,person,0,0.000000024,0,0
Temporal,fr3_walking_halfsphere,run_01,most distinct observed frames among MapPoints ever dynamic; tie=smallest ID,340,134,3,person,0,0.000000021,0,0
Temporal,fr3_walking_halfsphere,run_01,most distinct observed frames among MapPoints ever dynamic; tie=smallest ID,341,134,3,person,0,0.000000019,0,0
Temporal,fr3_walking_halfsphere,run_01,most distinct observed frames among MapPoints ever dynamic; tie=smallest ID,342,134,3,person,0,0.000000017,0,0
Temporal,fr3_walking_halfsphere,run_01,most distinct observed frames among MapPoints ever dynamic; tie=smallest ID,343,134,3,person,0,0.000000015,0,0
Temporal,fr3_walking_halfsphere,run_01,most distinct observed frames among MapPoints ever dynamic; tie=smallest ID,344,134,3,person,0,0.000000013,0,0
Temporal,fr3_walking_halfsphere,run_01,most distinct observed frames among MapPoints ever dynamic; tie=smallest ID,345,134,3,person,0,0.000000012,0,0
Temporal,fr3_walking_halfsphere,run_01,most distinct observed frames among MapPoints ever dynamic; tie=smallest ID,346,134,3,person,0,0.000000011,0,0
Temporal,fr3_walking_halfsphere,run_01,most distinct observed frames among MapPoints ever dynamic; tie=smallest ID,347,134,3,person,0,0.000000010,0,0
Temporal,fr3_walking_halfsphere,run_01,most distinct observed frames among MapPoints ever dynamic; tie=smallest ID,348,134,3,person,0,0.000000009,0,0
Temporal,fr3_walking_halfsphere,run_01,most distinct observed frames among MapPoints ever dynamic; tie=smallest ID,349,134,3,person,0,0.000000008,0,0
Temporal,fr3_walking_halfsphere,run_01,most distinct observed frames among MapPoints ever dynamic; tie=smallest ID,350,134,3,person,0,0.000000007,0,0
Temporal,fr3_walking_halfsphere,run_01,most distinct observed frames among MapPoints ever dynamic; tie=smallest ID,351,134,3,person,0,0.000000006,0,0
Temporal,fr3_walking_halfsphere,run_01,most distinct observed frames among MapPoints ever dynamic; tie=smallest ID,352,134,3,person,0,0.000000006,0,0
Temporal,fr3_walking_halfsphere,run_01,most distinct observed frames among MapPoints ever dynamic; tie=smallest ID,353,134,3,person,0,0.000000005,0,0
Temporal,fr3_walking_halfsphere,run_01,most distinct observed frames among MapPoints ever dynamic; tie=smallest ID,354,134,3,person,0,0.000000005,0,0
Temporal,fr3_walking_halfsphere,run_01,most distinct observed frames among MapPoints ever dynamic; tie=smallest ID,355,134,3,person,0,0.000000004,0,0
Temporal,fr3_walking_halfsphere,run_01,most distinct observed frames among MapPoints ever dynamic; tie=smallest ID,356,134,3,person,0,0.000000004,0,0
Temporal,fr3_walking_halfsphere,run_01,most distinct observed frames among MapPoints ever dynamic; tie=smallest ID,357,134,3,person,0,0.000000003,0,0
Temporal,fr3_walking_halfsphere,run_01,most distinct observed frames among MapPoints ever dynamic; tie=smallest ID,358,134,3,person,0,0.000000003,0,0
Temporal,fr3_walking_halfsphere,run_01,most distinct observed frames among MapPoints ever dynamic; tie=smallest ID,359,134,3,person,0,0.000000003,0,0
Temporal,fr3_walking_halfsphere,run_01,most distinct observed frames among MapPoints ever dynamic; tie=smallest ID,360,134,3,person,0,0.000000002,0,0
Temporal,fr3_walking_halfsphere,run_01,most distinct observed frames among MapPoints ever dynamic; tie=smallest ID,361,134,3,person,0,0.000000002,0,0
Temporal,fr3_walking_halfsphere,run_01,most distinct observed frames among MapPoints ever dynamic; tie=smallest ID,362,134,3,person,0,0.000000002,0,0
Temporal,fr3_walking_halfsphere,run_01,most distinct observed frames among MapPoints ever dynamic; tie=smallest ID,363,134,3,person,0,0.000000002,0,0
Temporal,fr3_walking_halfsphere,run_01,most distinct observed frames among MapPoints ever dynamic; tie=smallest ID,364,134,3,person,0,0.000000002,0,0
Temporal,fr3_walking_halfsphere,run_01,most distinct observed frames among MapPoints ever dynamic; tie=smallest ID,365,134,3,person,0,0.000000001,0,0
Temporal,fr3_walking_halfsphere,run_01,most distinct observed frames among MapPoints ever dynamic; tie=smallest ID,366,134,3,person,0,0.000000001,0,0
Temporal,fr3_walking_halfsphere,run_01,most distinct observed frames among MapPoints ever dynamic; tie=smallest ID,367,134,3,person,0,0.000000001,0,0
Temporal,fr3_walking_halfsphere,run_01,most distinct observed frames among MapPoints ever dynamic; tie=smallest ID,368,134,3,person,0,0.000000001,0,0
Temporal,fr3_walking_halfsphere,run_01,most distinct observed frames among MapPoints ever dynamic; tie=smallest ID,369,134,3,person,0,0.000000001,0,0
Temporal,fr3_walking_halfsphere,run_01,most distinct observed frames among MapPoints ever dynamic; tie=smallest ID,370,134,3,person,0,0.000000001,0,0
Temporal,fr3_walking_halfsphere,run_01,most distinct observed frames among MapPoints ever dynamic; tie=smallest ID,371,134,3,person,0,0.000000001,0,0
Temporal,fr3_walking_halfsphere,run_01,most distinct observed frames among MapPoints ever dynamic; tie=smallest ID,372,134,3,person,0,0.000000001,0,0
Temporal,fr3_walking_halfsphere,run_01,most distinct observed frames among MapPoints ever dynamic; tie=smallest ID,373,134,3,person,0,0.000000001,0,0
Temporal,fr3_walking_halfsphere,run_01,most distinct observed frames among MapPoints ever dynamic; tie=smallest ID,374,134,3,person,0,0.000000001,0,0
Temporal,fr3_walking_halfsphere,run_01,most distinct observed frames among MapPoints ever dynamic; tie=smallest ID,375,134,3,person,0,0.000000001,0,0
Temporal,fr3_walking_halfsphere,run_01,most distinct observed frames among MapPoints ever dynamic; tie=smallest ID,376,134,3,person,0,0.000000000,0,0
Temporal,fr3_walking_halfsphere,run_01,most distinct observed frames among MapPoints ever dynamic; tie=smallest ID,377,134,3,person,0,0.000000000,0,0
Temporal,fr3_walking_halfsphere,run_01,most distinct observed frames among MapPoints ever dynamic; tie=smallest ID,378,134,3,person,0,0.000000000,0,0
Temporal,fr3_walking_halfsphere,run_01,most distinct observed frames among MapPoints ever dynamic; tie=smallest ID,379,134,3,person,0,0.000000000,0,0
Temporal,fr3_walking_halfsphere,run_01,most distinct observed frames among MapPoints ever dynamic; tie=smallest ID,380,134,3,person,0,0.000000000,0,0
Temporal,fr3_walking_halfsphere,run_01,most distinct observed frames among MapPoints ever dynamic; tie=smallest ID,381,134,3,person,0,0.000000000,0,0
Temporal,fr3_walking_halfsphere,run_01,most distinct observed frames among MapPoints ever dynamic; tie=smallest ID,382,134,3,person,0,0.000000000,0,0
Temporal,fr3_walking_halfsphere,run_01,most distinct observed frames among MapPoints ever dynamic; tie=smallest ID,383,134,3,person,0,0.000000000,0,0
Temporal,fr3_walking_halfsphere,run_01,most distinct observed frames among MapPoints ever dynamic; tie=smallest ID,384,134,3,person,0,0.000000000,0,0
Temporal,fr3_walking_halfsphere,run_01,most distinct observed frames among MapPoints ever dynamic; tie=smallest ID,385,134,3,person,0,0.000000000,0,0
Temporal,fr3_walking_halfsphere,run_01,most distinct observed frames among MapPoints ever dynamic; tie=smallest ID,386,134,3,person,0,0.000000000,0,0
Temporal,fr3_walking_halfsphere,run_01,most distinct observed frames among MapPoints ever dynamic; tie=smallest ID,387,134,3,person,0,0.000000000,0,0
Temporal,fr3_walking_halfsphere,run_01,most distinct observed frames among MapPoints ever dynamic; tie=smallest ID,388,134,3,person,0,0.000000000,0,0
Temporal,fr3_walking_halfsphere,run_01,most distinct observed frames among MapPoints ever dynamic; tie=smallest ID,389,134,3,person,0,0.000000000,0,0
Temporal,fr3_walking_halfsphere,run_01,most distinct observed frames among MapPoints ever dynamic; tie=smallest ID,390,134,3,person,0,0.000000000,0,0
Temporal,fr3_walking_halfsphere,run_01,most distinct observed frames among MapPoints ever dynamic; tie=smallest ID,391,134,3,person,0,0.000000000,0,0
Temporal,fr3_walking_halfsphere,run_01,most distinct observed frames among MapPoints ever dynamic; tie=smallest ID,392,134,3,person,0,0.000000000,0,0
Temporal,fr3_walking_halfsphere,run_01,most distinct observed frames among MapPoints ever dynamic; tie=smallest ID,393,134,3,person,0,0.000000000,0,0
Temporal,fr3_walking_halfsphere,run_01,most distinct observed frames among MapPoints ever dynamic; tie=smallest ID,394,134,3,person,0,0.000000000,0,0
Temporal,fr3_walking_halfsphere,run_01,most distinct observed frames among MapPoints ever dynamic; tie=smallest ID,395,134,3,person,0,0.000000000,0,0
Temporal,fr3_walking_halfsphere,run_01,most distinct observed frames among MapPoints ever dynamic; tie=smallest ID,396,134,3,person,0,0.000000000,0,0
Temporal,fr3_walking_halfsphere,run_01,most distinct observed frames among MapPoints ever dynamic; tie=smallest ID,397,134,3,person,0,0.000000000,0,0
Temporal,fr3_walking_halfsphere,run_01,most distinct observed frames among MapPoints ever dynamic; tie=smallest ID,398,134,3,person,0,0.000000000,0,0
Temporal,fr3_walking_halfsphere,run_01,most distinct observed frames among MapPoints ever dynamic; tie=smallest ID,399,134,3,person,0,0.000000000,0,0
Temporal,fr3_walking_halfsphere,run_01,most distinct observed frames among MapPoints ever dynamic; tie=smallest ID,400,134,3,person,0,0.000000000,0,0
Temporal,fr3_walking_halfsphere,run_01,most distinct observed frames among MapPoints ever dynamic; tie=smallest ID,401,134,3,person,0,0.000000000,0,0
Temporal,fr3_walking_halfsphere,run_01,most distinct observed frames among MapPoints ever dynamic; tie=smallest ID,402,134,3,person,0,0.000000000,0,0
Temporal,fr3_walking_halfsphere,run_01,most distinct observed frames among MapPoints ever dynamic; tie=smallest ID,403,134,3,person,0,0.000000000,0,0
Temporal,fr3_walking_halfsphere,run_01,most distinct observed frames among MapPoints ever dynamic; tie=smallest ID,404,134,3,person,0,0.000000000,0,0
Temporal,fr3_walking_halfsphere,run_01,most distinct observed frames among MapPoints ever dynamic; tie=smallest ID,405,134,3,person,0,0.000000000,0,0
Temporal,fr3_walking_halfsphere,run_01,most distinct observed frames among MapPoints ever dynamic; tie=smallest ID,406,134,3,person,0,0.000000000,0,0
Temporal,fr3_walking_halfsphere,run_01,most distinct observed frames among MapPoints ever dynamic; tie=smallest ID,407,134,3,person,0,0.000000000,0,0
Temporal,fr3_walking_halfsphere,run_01,most distinct observed frames among MapPoints ever dynamic; tie=smallest ID,408,134,3,person,0,0.000000000,0,0
Temporal,fr3_walking_halfsphere,run_01,most distinct observed frames among MapPoints ever dynamic; tie=smallest ID,409,134,3,person,0,0.000000000,0,0
Temporal,fr3_walking_halfsphere,run_01,most distinct observed frames among MapPoints ever dynamic; tie=smallest ID,410,134,3,person,0,0.000000000,0,0
Temporal,fr3_walking_halfsphere,run_01,most distinct observed frames among MapPoints ever dynamic; tie=smallest ID,411,134,3,person,0,0.000000000,0,0
Temporal,fr3_walking_halfsphere,run_01,most distinct observed frames among MapPoints ever dynamic; tie=smallest ID,412,134,3,person,0,0.000000000,0,0
Temporal,fr3_walking_halfsphere,run_01,most distinct observed frames among MapPoints ever dynamic; tie=smallest ID,413,134,3,person,0,0.000000000,0,0
Temporal,fr3_walking_halfsphere,run_01,most distinct observed frames among MapPoints ever dynamic; tie=smallest ID,414,134,3,person,0,0.000000000,0,0
Temporal,fr3_walking_halfsphere,run_01,most distinct observed frames among MapPoints ever dynamic; tie=smallest ID,415,134,3,person,0,0.000000000,0,0
Temporal,fr3_walking_halfsphere,run_01,most distinct observed frames among MapPoints ever dynamic; tie=smallest ID,416,134,3,person,0,0.000000000,0,0
Temporal,fr3_walking_halfsphere,run_01,most distinct observed frames among MapPoints ever dynamic; tie=smallest ID,417,134,3,person,0,0.000000000,0,0
Temporal,fr3_walking_halfsphere,run_01,most distinct observed frames among MapPoints ever dynamic; tie=smallest ID,418,134,3,person,0,0.000000000,0,0
Temporal,fr3_walking_halfsphere,run_01,most distinct observed frames among MapPoints ever dynamic; tie=smallest ID,419,134,3,person,0,0.000000000,0,0
Temporal,fr3_walking_halfsphere,run_01,most distinct observed frames among MapPoints ever dynamic; tie=smallest ID,420,134,3,person,0,0.000000000,0,0
Temporal,fr3_walking_halfsphere,run_01,most distinct observed frames among MapPoints ever dynamic; tie=smallest ID,421,134,3,person,0,0.000000000,0,0
Temporal,fr3_walking_halfsphere,run_01,most distinct observed frames among MapPoints ever dynamic; tie=smallest ID,422,134,3,person,0,0.000000000,0,0
Temporal,fr3_walking_halfsphere,run_01,most distinct observed frames among MapPoints ever dynamic; tie=smallest ID,423,134,3,person,0,0.000000000,0,0
Temporal,fr3_walking_halfsphere,run_01,most distinct observed frames among MapPoints ever dynamic; tie=smallest ID,424,134,3,person,0,0.000000000,0,0
Temporal,fr3_walking_halfsphere,run_01,most distinct observed frames among MapPoints ever dynamic; tie=smallest ID,425,134,3,person,0,0.000000000,0,0
Temporal,fr3_walking_halfsphere,run_01,most distinct observed frames among MapPoints ever dynamic; tie=smallest ID,426,134,3,person,0,0.000000000,0,0
Temporal,fr3_walking_halfsphere,run_01,most distinct observed frames among MapPoints ever dynamic; tie=smallest ID,427,134,3,person,0,0.000000000,0,0
Temporal,fr3_walking_halfsphere,run_01,most distinct observed frames among MapPoints ever dynamic; tie=smallest ID,428,134,3,person,0,0.000000000,0,0
Temporal,fr3_walking_halfsphere,run_01,most distinct observed frames among MapPoints ever dynamic; tie=smallest ID,429,134,3,person,0,0.000000000,0,0
Temporal,fr3_walking_halfsphere,run_01,most distinct observed frames among MapPoints ever dynamic; tie=smallest ID,430,134,3,person,0,0.000000000,0,0
Temporal,fr3_walking_halfsphere,run_01,most distinct observed frames among MapPoints ever dynamic; tie=smallest ID,431,134,3,person,0,0.000000000,0,0
Temporal,fr3_walking_halfsphere,run_01,most distinct observed frames among MapPoints ever dynamic; tie=smallest ID,432,134,3,person,0,0.000000000,0,0
Temporal,fr3_walking_halfsphere,run_01,most distinct observed frames among MapPoints ever dynamic; tie=smallest ID,433,134,3,person,1,3.000000000,1,1
Temporal,fr3_walking_halfsphere,run_01,most distinct observed frames among MapPoints ever dynamic; tie=smallest ID,434,134,3,person,1,5.550000000,1,1
Temporal,fr3_walking_halfsphere,run_01,most distinct observed frames among MapPoints ever dynamic; tie=smallest ID,435,134,3,person,1,7.717500000,1,1
Temporal,fr3_walking_halfsphere,run_01,most distinct observed frames among MapPoints ever dynamic; tie=smallest ID,436,134,3,person,1,9.559880000,1,1
Temporal,fr3_walking_halfsphere,run_01,most distinct observed frames among MapPoints ever dynamic; tie=smallest ID,437,134,3,person,1,11.125900000,1,1
Temporal,fr3_walking_halfsphere,run_01,most distinct observed frames among MapPoints ever dynamic; tie=smallest ID,438,134,3,person,1,12.457000000,1,1
Temporal,fr3_walking_halfsphere,run_01,most distinct observed frames among MapPoints ever dynamic; tie=smallest ID,439,134,3,person,1,13.588500000,1,1
Temporal,fr3_walking_halfsphere,run_01,most distinct observed frames among MapPoints ever dynamic; tie=smallest ID,440,134,3,person,1,14.550200000,1,1
Temporal,fr3_walking_halfsphere,run_01,most distinct observed frames among MapPoints ever dynamic; tie=smallest ID,441,134,3,person,1,15.367700000,1,1
Temporal,fr3_walking_halfsphere,run_01,most distinct observed frames among MapPoints ever dynamic; tie=smallest ID,442,134,3,person,1,16.062500000,1,1
Temporal,fr3_walking_halfsphere,run_01,most distinct observed frames among MapPoints ever dynamic; tie=smallest ID,443,134,3,person,1,16.653100000,1,1
Temporal,fr3_walking_halfsphere,run_01,most distinct observed frames among MapPoints ever dynamic; tie=smallest ID,444,134,3,person,1,17.155200000,1,1
Temporal,fr3_walking_halfsphere,run_01,most distinct observed frames among MapPoints ever dynamic; tie=smallest ID,445,134,3,person,1,17.581900000,1,1
Temporal,fr3_walking_halfsphere,run_01,most distinct observed frames among MapPoints ever dynamic; tie=smallest ID,446,134,3,person,1,17.944600000,1,1
Temporal,fr3_walking_halfsphere,run_01,most distinct observed frames among MapPoints ever dynamic; tie=smallest ID,447,134,3,person,1,18.252900000,1,1
Temporal,fr3_walking_halfsphere,run_01,most distinct observed frames among MapPoints ever dynamic; tie=smallest ID,448,134,3,person,1,18.515000000,1,1
Temporal,fr3_walking_halfsphere,run_01,most distinct observed frames among MapPoints ever dynamic; tie=smallest ID,449,134,3,person,1,18.737700000,1,1
Temporal,fr3_walking_halfsphere,run_01,most distinct observed frames among MapPoints ever dynamic; tie=smallest ID,450,134,3,person,1,18.927100000,1,1
Temporal,fr3_walking_halfsphere,run_01,most distinct observed frames among MapPoints ever dynamic; tie=smallest ID,451,134,3,person,1,19.088000000,1,1
Temporal,fr3_walking_halfsphere,run_01,most distinct observed frames among MapPoints ever dynamic; tie=smallest ID,452,134,3,person,1,19.224800000,1,1
Temporal,fr3_walking_halfsphere,run_01,most distinct observed frames among MapPoints ever dynamic; tie=smallest ID,453,134,3,person,1,19.341100000,1,1
Temporal,fr3_walking_halfsphere,run_01,most distinct observed frames among MapPoints ever dynamic; tie=smallest ID,454,134,3,person,1,19.439900000,1,1
Temporal,fr3_walking_halfsphere,run_01,most distinct observed frames among MapPoints ever dynamic; tie=smallest ID,455,134,3,person,1,19.523900000,1,1
Temporal,fr3_walking_halfsphere,run_01,most distinct observed frames among MapPoints ever dynamic; tie=smallest ID,456,134,3,person,1,19.595300000,1,1
Temporal,fr3_walking_halfsphere,run_01,most distinct observed frames among MapPoints ever dynamic; tie=smallest ID,457,134,3,person,1,19.656000000,1,1
Temporal,fr3_walking_halfsphere,run_01,most distinct observed frames among MapPoints ever dynamic; tie=smallest ID,458,134,3,person,1,19.707600000,1,1
Temporal,fr3_walking_halfsphere,run_01,most distinct observed frames among MapPoints ever dynamic; tie=smallest ID,459,134,3,person,1,19.751500000,1,1
Temporal,fr3_walking_halfsphere,run_01,most distinct observed frames among MapPoints ever dynamic; tie=smallest ID,461,134,3,person,1,17.270500000,1,1
Temporal,fr3_walking_halfsphere,run_01,most distinct observed frames among MapPoints ever dynamic; tie=smallest ID,462,134,3,person,1,17.679900000,1,1
Temporal,fr3_walking_halfsphere,run_01,most distinct observed frames among MapPoints ever dynamic; tie=smallest ID,463,134,3,person,1,18.027900000,1,1
Temporal,fr3_walking_halfsphere,run_01,most distinct observed frames among MapPoints ever dynamic; tie=smallest ID,464,134,3,person,1,18.323700000,1,1
Temporal,fr3_walking_halfsphere,run_01,most distinct observed frames among MapPoints ever dynamic; tie=smallest ID,467,134,3,person,1,14.253100000,1,1
Temporal,fr3_walking_halfsphere,run_01,most distinct observed frames among MapPoints ever dynamic; tie=smallest ID,472,134,3,person,1,9.324160000,1,1
Temporal,fr3_walking_halfsphere,run_01,most distinct observed frames among MapPoints ever dynamic; tie=smallest ID,473,134,3,person,1,10.925500000,1,1
Temporal,fr3_walking_halfsphere,run_01,most distinct observed frames among MapPoints ever dynamic; tie=smallest ID,474,134,3,person,1,12.286700000,1,1
Temporal,fr3_walking_halfsphere,run_01,most distinct observed frames among MapPoints ever dynamic; tie=smallest ID,475,134,3,person,1,13.443700000,1,1
Temporal,fr3_walking_halfsphere,run_01,most distinct observed frames among MapPoints ever dynamic; tie=smallest ID,476,134,3,person,1,14.427100000,1,1
Temporal,fr3_walking_halfsphere,run_01,most distinct observed frames among MapPoints ever dynamic; tie=smallest ID,481,134,3,person,0,10.605300000,1,1
Temporal,fr3_walking_halfsphere,run_01,most distinct observed frames among MapPoints ever dynamic; tie=smallest ID,482,134,3,person,0,9.571260000,1,1
Temporal,fr3_walking_halfsphere,run_01,most distinct observed frames among MapPoints ever dynamic; tie=smallest ID,483,134,3,person,0,8.638060000,1,1
Temporal,fr3_walking_halfsphere,run_01,most distinct observed frames among MapPoints ever dynamic; tie=smallest ID,525,134,3,person,0,0.951768000,0,0
Temporal,fr3_walking_halfsphere,run_01,most distinct observed frames among MapPoints ever dynamic; tie=smallest ID,526,134,3,person,0,0.858971000,0,0
Temporal,fr3_walking_halfsphere,run_01,most distinct observed frames among MapPoints ever dynamic; tie=smallest ID,527,134,3,person,0,0.775221000,0,0
Temporal,fr3_walking_halfsphere,run_01,most distinct observed frames among MapPoints ever dynamic; tie=smallest ID,528,134,3,person,0,0.699637000,0,0
Temporal,fr3_walking_halfsphere,run_01,most distinct observed frames among MapPoints ever dynamic; tie=smallest ID,529,134,3,person,0,0.631422000,0,0
Temporal,fr3_walking_halfsphere,run_01,most distinct observed frames among MapPoints ever dynamic; tie=smallest ID,531,134,3,person,1,3.456200000,1,1
Temporal,fr3_walking_halfsphere,run_01,most distinct observed frames among MapPoints ever dynamic; tie=smallest ID,532,134,3,person,1,5.937770000,1,1
Temporal,fr3_walking_halfsphere,run_01,most distinct observed frames among MapPoints ever dynamic; tie=smallest ID,533,134,3,person,1,8.047110000,1,1
Temporal,fr3_walking_halfsphere,run_01,most distinct observed frames among MapPoints ever dynamic; tie=smallest ID,534,134,3,person,1,9.840040000,1,1
Temporal,fr3_walking_halfsphere,run_01,most distinct observed frames among MapPoints ever dynamic; tie=smallest ID,535,134,3,person,1,11.364000000,1,1
Temporal,fr3_walking_halfsphere,run_01,most distinct observed frames among MapPoints ever dynamic; tie=smallest ID,536,134,3,person,1,12.659400000,1,1
Temporal,fr3_walking_halfsphere,run_01,most distinct observed frames among MapPoints ever dynamic; tie=smallest ID,537,134,3,person,1,13.760500000,1,1
Temporal,fr3_walking_halfsphere,run_01,most distinct observed frames among MapPoints ever dynamic; tie=smallest ID,538,134,3,person,1,14.696400000,1,1
