method,sequence,run_id,frame_id,dynamic_map_points,suppressed_map_points,observed_unique_map_points,effective_dynamic_map_points,evidence_suppressed_map_points
Semantic,fr3_walking_xyz,run_03,1,0,0,251,14,0
Semantic,fr3_walking_xyz,run_03,2,0,0,447,7,0
Semantic,fr3_walking_xyz,run_03,3,0,0,472,11,0
Semantic,fr3_walking_xyz,run_03,4,0,0,445,9,0
Semantic,fr3_walking_xyz,run_03,5,0,0,458,17,0
Semantic,fr3_walking_xyz,run_03,6,0,0,456,8,0
Semantic,fr3_walking_xyz,run_03,7,0,0,461,11,0
Semantic,fr3_walking_xyz,run_03,8,0,0,398,3,0
Semantic,fr3_walking_xyz,run_03,9,0,0,383,7,0
Semantic,fr3_walking_xyz,run_03,10,0,0,477,18,0
Semantic,fr3_walking_xyz,run_03,11,0,0,442,16,0
Semantic,fr3_walking_xyz,run_03,12,0,0,582,36,0
Semantic,fr3_walking_xyz,run_03,13,0,0,457,8,0
Semantic,fr3_walking_xyz,run_03,14,0,0,573,12,0
Semantic,fr3_walking_xyz,run_03,15,0,0,575,24,0
Semantic,fr3_walking_xyz,run_03,16,0,0,541,182,0
Semantic,fr3_walking_xyz,run_03,17,0,0,376,100,0
Semantic,fr3_walking_xyz,run_03,18,0,0,465,102,0
Semantic,fr3_walking_xyz,run_03,19,0,0,393,78,0
Semantic,fr3_walking_xyz,run_03,20,0,0,444,81,0
Semantic,fr3_walking_xyz,run_03,21,0,0,449,74,0
Semantic,fr3_walking_xyz,run_03,22,0,0,440,74,0
Semantic,fr3_walking_xyz,run_03,23,0,0,458,75,0
Semantic,fr3_walking_xyz,run_03,24,0,0,404,73,0
Semantic,fr3_walking_xyz,run_03,25,0,0,463,67,0
Semantic,fr3_walking_xyz,run_03,26,0,0,484,82,0
Semantic,fr3_walking_xyz,run_03,27,0,0,543,84,0
Semantic,fr3_walking_xyz,run_03,28,0,0,534,68,0
Semantic,fr3_walking_xyz,run_03,29,0,0,547,64,0
Semantic,fr3_walking_xyz,run_03,30,0,0,537,65,0
Semantic,fr3_walking_xyz,run_03,31,0,0,415,55,0
Semantic,fr3_walking_xyz,run_03,32,0,0,473,67,0
Semantic,fr3_walking_xyz,run_03,33,0,0,554,95,0
Semantic,fr3_walking_xyz,run_03,34,0,0,499,89,0
Semantic,fr3_walking_xyz,run_03,35,0,0,549,81,0
Semantic,fr3_walking_xyz,run_03,36,0,0,483,106,0
Semantic,fr3_walking_xyz,run_03,37,0,0,473,84,0
Semantic,fr3_walking_xyz,run_03,38,0,0,521,79,0
Semantic,fr3_walking_xyz,run_03,39,0,0,460,63,0
Semantic,fr3_walking_xyz,run_03,40,0,0,465,69,0
Semantic,fr3_walking_xyz,run_03,41,0,0,450,77,0
Semantic,fr3_walking_xyz,run_03,42,0,0,474,98,0
Semantic,fr3_walking_xyz,run_03,43,0,0,521,95,0
Semantic,fr3_walking_xyz,run_03,44,0,0,529,99,0
Semantic,fr3_walking_xyz,run_03,45,0,0,547,100,0
Semantic,fr3_walking_xyz,run_03,46,0,0,446,71,0
Semantic,fr3_walking_xyz,run_03,47,0,0,465,61,0
Semantic,fr3_walking_xyz,run_03,48,0,0,510,66,0
Semantic,fr3_walking_xyz,run_03,49,0,0,499,65,0
Semantic,fr3_walking_xyz,run_03,50,0,0,575,114,0
Semantic,fr3_walking_xyz,run_03,51,0,0,500,98,0
Semantic,fr3_walking_xyz,run_03,52,0,0,491,102,0
Semantic,fr3_walking_xyz,run_03,53,0,0,467,86,0
Semantic,fr3_walking_xyz,run_03,54,0,0,525,80,0
Semantic,fr3_walking_xyz,run_03,55,0,0,520,79,0
Semantic,fr3_walking_xyz,run_03,56,0,0,560,106,0
Semantic,fr3_walking_xyz,run_03,57,0,0,526,73,0
Semantic,fr3_walking_xyz,run_03,58,0,0,474,67,0
Semantic,fr3_walking_xyz,run_03,59,0,0,517,48,0
Semantic,fr3_walking_xyz,run_03,60,0,0,512,52,0
Semantic,fr3_walking_xyz,run_03,61,0,0,460,56,0
Semantic,fr3_walking_xyz,run_03,62,0,0,510,64,0
Semantic,fr3_walking_xyz,run_03,63,0,0,522,54,0
Semantic,fr3_walking_xyz,run_03,64,0,0,467,53,0
Semantic,fr3_walking_xyz,run_03,65,0,0,515,59,0
Semantic,fr3_walking_xyz,run_03,66,0,0,516,60,0
Semantic,fr3_walking_xyz,run_03,67,0,0,552,61,0
Semantic,fr3_walking_xyz,run_03,68,0,0,519,61,0
Semantic,fr3_walking_xyz,run_03,69,0,0,450,63,0
Semantic,fr3_walking_xyz,run_03,70,0,0,519,68,0
Semantic,fr3_walking_xyz,run_03,71,0,0,488,59,0
Semantic,fr3_walking_xyz,run_03,72,0,0,555,64,0
Semantic,fr3_walking_xyz,run_03,73,0,0,560,79,0
Semantic,fr3_walking_xyz,run_03,74,0,0,512,100,0
Semantic,fr3_walking_xyz,run_03,75,0,0,588,120,0
Semantic,fr3_walking_xyz,run_03,76,0,0,530,100,0
Semantic,fr3_walking_xyz,run_03,77,0,0,552,93,0
Semantic,fr3_walking_xyz,run_03,78,0,0,582,91,0
Semantic,fr3_walking_xyz,run_03,79,0,0,545,108,0
Semantic,fr3_walking_xyz,run_03,80,0,0,613,116,0
Semantic,fr3_walking_xyz,run_03,81,0,0,572,116,0
Semantic,fr3_walking_xyz,run_03,82,0,0,574,92,0
Semantic,fr3_walking_xyz,run_03,83,0,0,607,89,0
Semantic,fr3_walking_xyz,run_03,84,0,0,594,84,0
Semantic,fr3_walking_xyz,run_03,85,0,0,590,100,0
Semantic,fr3_walking_xyz,run_03,86,0,0,553,87,0
Semantic,fr3_walking_xyz,run_03,87,0,0,567,91,0
Semantic,fr3_walking_xyz,run_03,88,0,0,586,109,0
Semantic,fr3_walking_xyz,run_03,89,0,0,566,115,0
Semantic,fr3_walking_xyz,run_03,90,0,0,590,96,0
Semantic,fr3_walking_xyz,run_03,91,0,0,589,94,0
Semantic,fr3_walking_xyz,run_03,92,0,0,528,77,0
Semantic,fr3_walking_xyz,run_03,93,0,0,548,83,0
Semantic,fr3_walking_xyz,run_03,94,0,0,558,91,0
Semantic,fr3_walking_xyz,run_03,95,0,0,561,68,0
Semantic,fr3_walking_xyz,run_03,96,0,0,618,62,0
Semantic,fr3_walking_xyz,run_03,97,0,0,637,61,0
Semantic,fr3_walking_xyz,run_03,98,0,0,665,72,0
Semantic,fr3_walking_xyz,run_03,99,0,0,668,75,0
Semantic,fr3_walking_xyz,run_03,100,0,0,649,68,0
Semantic,fr3_walking_xyz,run_03,101,0,0,657,65,0
Semantic,fr3_walking_xyz,run_03,102,0,0,663,58,0
Semantic,fr3_walking_xyz,run_03,103,0,0,727,81,0
Semantic,fr3_walking_xyz,run_03,104,0,0,755,71,0
Semantic,fr3_walking_xyz,run_03,105,0,0,704,62,0
Semantic,fr3_walking_xyz,run_03,106,0,0,743,76,0
Semantic,fr3_walking_xyz,run_03,107,0,0,689,81,0
Semantic,fr3_walking_xyz,run_03,108,0,0,749,114,0
Semantic,fr3_walking_xyz,run_03,109,0,0,694,116,0
Semantic,fr3_walking_xyz,run_03,110,0,0,705,123,0
Semantic,fr3_walking_xyz,run_03,111,0,0,686,98,0
Semantic,fr3_walking_xyz,run_03,112,0,0,713,117,0
Semantic,fr3_walking_xyz,run_03,113,0,0,674,107,0
Semantic,fr3_walking_xyz,run_03,114,0,0,689,118,0
Semantic,fr3_walking_xyz,run_03,115,0,0,701,131,0
Semantic,fr3_walking_xyz,run_03,116,0,0,722,118,0
Semantic,fr3_walking_xyz,run_03,117,0,0,702,109,0
Semantic,fr3_walking_xyz,run_03,118,0,0,714,104,0
Semantic,fr3_walking_xyz,run_03,119,0,0,696,106,0
Semantic,fr3_walking_xyz,run_03,120,0,0,700,94,0
Semantic,fr3_walking_xyz,run_03,121,0,0,710,88,0
Semantic,fr3_walking_xyz,run_03,122,0,0,713,96,0
Semantic,fr3_walking_xyz,run_03,123,0,0,698,143,0
Semantic,fr3_walking_xyz,run_03,124,0,0,704,143,0
Semantic,fr3_walking_xyz,run_03,125,0,0,700,142,0
Semantic,fr3_walking_xyz,run_03,126,0,0,708,144,0
Semantic,fr3_walking_xyz,run_03,127,0,0,701,163,0
Semantic,fr3_walking_xyz,run_03,128,0,0,728,148,0
Semantic,fr3_walking_xyz,run_03,129,0,0,728,148,0
Semantic,fr3_walking_xyz,run_03,130,0,0,741,139,0
Semantic,fr3_walking_xyz,run_03,131,0,0,716,116,0
Semantic,fr3_walking_xyz,run_03,132,0,0,718,117,0
Semantic,fr3_walking_xyz,run_03,133,0,0,636,100,0
Semantic,fr3_walking_xyz,run_03,134,0,0,639,84,0
Semantic,fr3_walking_xyz,run_03,135,0,0,664,135,0
Semantic,fr3_walking_xyz,run_03,136,0,0,644,123,0
Semantic,fr3_walking_xyz,run_03,137,0,0,624,108,0
Semantic,fr3_walking_xyz,run_03,138,0,0,661,162,0
Semantic,fr3_walking_xyz,run_03,139,0,0,668,142,0
Semantic,fr3_walking_xyz,run_03,140,0,0,664,107,0
Semantic,fr3_walking_xyz,run_03,141,0,0,747,39,0
Semantic,fr3_walking_xyz,run_03,142,0,0,697,58,0
Semantic,fr3_walking_xyz,run_03,143,0,0,703,109,0
Semantic,fr3_walking_xyz,run_03,144,0,0,701,98,0
Semantic,fr3_walking_xyz,run_03,145,0,0,657,81,0
Semantic,fr3_walking_xyz,run_03,146,0,0,701,55,0
Semantic,fr3_walking_xyz,run_03,147,0,0,711,49,0
Semantic,fr3_walking_xyz,run_03,148,0,0,760,77,0
Semantic,fr3_walking_xyz,run_03,149,0,0,692,52,0
Semantic,fr3_walking_xyz,run_03,150,0,0,694,90,0
Semantic,fr3_walking_xyz,run_03,151,0,0,701,77,0
Semantic,fr3_walking_xyz,run_03,152,0,0,707,68,0
Semantic,fr3_walking_xyz,run_03,153,0,0,738,65,0
Semantic,fr3_walking_xyz,run_03,154,0,0,678,41,0
Semantic,fr3_walking_xyz,run_03,155,0,0,695,56,0
Semantic,fr3_walking_xyz,run_03,156,0,0,780,56,0
Semantic,fr3_walking_xyz,run_03,157,0,0,821,60,0
Semantic,fr3_walking_xyz,run_03,158,0,0,779,88,0
Semantic,fr3_walking_xyz,run_03,159,0,0,852,165,0
Semantic,fr3_walking_xyz,run_03,160,0,0,849,186,0
Semantic,fr3_walking_xyz,run_03,161,0,0,817,211,0
Semantic,fr3_walking_xyz,run_03,162,0,0,870,319,0
Semantic,fr3_walking_xyz,run_03,163,0,0,903,317,0
Semantic,fr3_walking_xyz,run_03,164,0,0,950,372,0
Semantic,fr3_walking_xyz,run_03,165,0,0,895,386,0
Semantic,fr3_walking_xyz,run_03,166,0,0,964,392,0
Semantic,fr3_walking_xyz,run_03,167,0,0,948,436,0
Semantic,fr3_walking_xyz,run_03,168,0,0,946,414,0
Semantic,fr3_walking_xyz,run_03,169,0,0,949,480,0
Semantic,fr3_walking_xyz,run_03,170,0,0,985,519,0
Semantic,fr3_walking_xyz,run_03,171,0,0,1001,477,0
Semantic,fr3_walking_xyz,run_03,172,0,0,1004,583,0
Semantic,fr3_walking_xyz,run_03,173,0,0,1004,579,0
Semantic,fr3_walking_xyz,run_03,174,0,0,916,614,0
Semantic,fr3_walking_xyz,run_03,175,0,0,901,620,0
Semantic,fr3_walking_xyz,run_03,176,0,0,884,570,0
Semantic,fr3_walking_xyz,run_03,177,0,0,843,509,0
Semantic,fr3_walking_xyz,run_03,178,0,0,847,486,0
Semantic,fr3_walking_xyz,run_03,179,0,0,867,429,0
Semantic,fr3_walking_xyz,run_03,180,0,0,872,305,0
Semantic,fr3_walking_xyz,run_03,181,0,0,896,260,0
Semantic,fr3_walking_xyz,run_03,182,0,0,875,192,0
Semantic,fr3_walking_xyz,run_03,183,0,0,893,0,0
Semantic,fr3_walking_xyz,run_03,184,0,0,918,0,0
Semantic,fr3_walking_xyz,run_03,185,0,0,914,0,0
Semantic,fr3_walking_xyz,run_03,186,0,0,903,0,0
Semantic,fr3_walking_xyz,run_03,187,0,0,914,0,0
Semantic,fr3_walking_xyz,run_03,188,0,0,908,0,0
Semantic,fr3_walking_xyz,run_03,189,0,0,910,0,0
Semantic,fr3_walking_xyz,run_03,190,0,0,912,0,0
Semantic,fr3_walking_xyz,run_03,191,0,0,933,0,0
Semantic,fr3_walking_xyz,run_03,192,0,0,948,0,0
Semantic,fr3_walking_xyz,run_03,193,0,0,1001,0,0
Semantic,fr3_walking_xyz,run_03,194,0,0,995,0,0
Semantic,fr3_walking_xyz,run_03,195,0,0,1050,0,0
Semantic,fr3_walking_xyz,run_03,196,0,0,1100,0,0
Semantic,fr3_walking_xyz,run_03,197,0,0,1231,0,0
Semantic,fr3_walking_xyz,run_03,198,0,0,1268,76,0
Semantic,fr3_walking_xyz,run_03,199,0,0,1325,206,0
Semantic,fr3_walking_xyz,run_03,200,0,0,1264,176,0
Semantic,fr3_walking_xyz,run_03,201,0,0,1309,141,0
Semantic,fr3_walking_xyz,run_03,202,0,0,1257,137,0
Semantic,fr3_walking_xyz,run_03,203,0,0,1234,163,0
Semantic,fr3_walking_xyz,run_03,204,0,0,1343,198,0
Semantic,fr3_walking_xyz,run_03,205,0,0,1356,334,0
Semantic,fr3_walking_xyz,run_03,206,0,0,1310,484,0
Semantic,fr3_walking_xyz,run_03,207,0,0,1443,371,0
Semantic,fr3_walking_xyz,run_03,208,0,0,1398,339,0
Semantic,fr3_walking_xyz,run_03,209,0,0,1370,372,0
Semantic,fr3_walking_xyz,run_03,210,0,0,1596,451,0
Semantic,fr3_walking_xyz,run_03,211,0,0,1648,424,0
Semantic,fr3_walking_xyz,run_03,212,0,0,1599,443,0
Semantic,fr3_walking_xyz,run_03,213,0,0,1565,401,0
Semantic,fr3_walking_xyz,run_03,214,0,0,1652,390,0
Semantic,fr3_walking_xyz,run_03,215,0,0,1675,400,0
Semantic,fr3_walking_xyz,run_03,216,0,0,1619,479,0
Semantic,fr3_walking_xyz,run_03,217,0,0,1693,478,0
Semantic,fr3_walking_xyz,run_03,218,0,0,1712,461,0
Semantic,fr3_walking_xyz,run_03,219,0,0,1698,400,0
Semantic,fr3_walking_xyz,run_03,220,0,0,1694,460,0
Semantic,fr3_walking_xyz,run_03,221,0,0,1746,593,0
Semantic,fr3_walking_xyz,run_03,222,0,0,1752,534,0
Semantic,fr3_walking_xyz,run_03,223,0,0,1754,515,0
Semantic,fr3_walking_xyz,run_03,224,0,0,1707,467,0
Semantic,fr3_walking_xyz,run_03,225,0,0,1750,429,0
Semantic,fr3_walking_xyz,run_03,226,0,0,1779,395,0
Semantic,fr3_walking_xyz,run_03,227,0,0,1802,394,0
Semantic,fr3_walking_xyz,run_03,228,0,0,1790,420,0
Semantic,fr3_walking_xyz,run_03,229,0,0,1791,389,0
Semantic,fr3_walking_xyz,run_03,230,0,0,1796,430,0
Semantic,fr3_walking_xyz,run_03,231,0,0,1750,486,0
Semantic,fr3_walking_xyz,run_03,232,0,0,1759,526,0
Semantic,fr3_walking_xyz,run_03,233,0,0,1760,583,0
Semantic,fr3_walking_xyz,run_03,234,0,0,1720,611,0
Semantic,fr3_walking_xyz,run_03,235,0,0,1716,600,0
Semantic,fr3_walking_xyz,run_03,236,0,0,1712,575,0
Semantic,fr3_walking_xyz,run_03,237,0,0,1707,554,0
Semantic,fr3_walking_xyz,run_03,238,0,0,1715,520,0
Semantic,fr3_walking_xyz,run_03,239,0,0,1697,490,0
Semantic,fr3_walking_xyz,run_03,240,0,0,1729,476,0
Semantic,fr3_walking_xyz,run_03,241,0,0,1755,453,0
Semantic,fr3_walking_xyz,run_03,242,0,0,1736,378,0
Semantic,fr3_walking_xyz,run_03,243,0,0,1742,364,0
Semantic,fr3_walking_xyz,run_03,244,0,0,1771,346,0
Semantic,fr3_walking_xyz,run_03,245,0,0,1712,350,0
Semantic,fr3_walking_xyz,run_03,246,0,0,1697,294,0
Semantic,fr3_walking_xyz,run_03,247,0,0,1796,286,0
Semantic,fr3_walking_xyz,run_03,248,0,0,1834,204,0
Semantic,fr3_walking_xyz,run_03,249,0,0,1824,170,0
Semantic,fr3_walking_xyz,run_03,250,0,0,1825,0,0
Semantic,fr3_walking_xyz,run_03,251,0,0,1824,0,0
Semantic,fr3_walking_xyz,run_03,252,0,0,1791,0,0
Semantic,fr3_walking_xyz,run_03,253,0,0,1801,0,0
Semantic,fr3_walking_xyz,run_03,254,0,0,1829,0,0
Semantic,fr3_walking_xyz,run_03,255,0,0,1832,0,0
Semantic,fr3_walking_xyz,run_03,256,0,0,1784,0,0
Semantic,fr3_walking_xyz,run_03,257,0,0,1740,0,0
Semantic,fr3_walking_xyz,run_03,258,0,0,1755,0,0
Semantic,fr3_walking_xyz,run_03,259,0,0,1697,0,0
Semantic,fr3_walking_xyz,run_03,260,0,0,1625,0,0
Semantic,fr3_walking_xyz,run_03,261,0,0,1631,0,0
Semantic,fr3_walking_xyz,run_03,262,0,0,1610,0,0
Semantic,fr3_walking_xyz,run_03,263,0,0,1564,0,0
Semantic,fr3_walking_xyz,run_03,264,0,0,1476,0,0
Semantic,fr3_walking_xyz,run_03,265,0,0,1522,0,0
Semantic,fr3_walking_xyz,run_03,266,0,0,1501,0,0
Semantic,fr3_walking_xyz,run_03,267,0,0,1466,0,0
Semantic,fr3_walking_xyz,run_03,268,0,0,1490,0,0
Semantic,fr3_walking_xyz,run_03,269,0,0,1500,0,0
Semantic,fr3_walking_xyz,run_03,270,0,0,1441,0,0
Semantic,fr3_walking_xyz,run_03,271,0,0,1476,0,0
Semantic,fr3_walking_xyz,run_03,272,0,0,1478,0,0
Semantic,fr3_walking_xyz,run_03,273,0,0,1422,0,0
Semantic,fr3_walking_xyz,run_03,274,0,0,1463,0,0
Semantic,fr3_walking_xyz,run_03,275,0,0,1475,0,0
Semantic,fr3_walking_xyz,run_03,276,0,0,1507,0,0
Semantic,fr3_walking_xyz,run_03,277,0,0,1562,0,0
Semantic,fr3_walking_xyz,run_03,278,0,0,1607,0,0
Semantic,fr3_walking_xyz,run_03,279,0,0,1600,0,0
Semantic,fr3_walking_xyz,run_03,280,0,0,1542,0,0
Semantic,fr3_walking_xyz,run_03,281,0,0,1538,0,0
Semantic,fr3_walking_xyz,run_03,282,0,0,1513,0,0
Semantic,fr3_walking_xyz,run_03,283,0,0,1496,0,0
Semantic,fr3_walking_xyz,run_03,284,0,0,1524,0,0
Semantic,fr3_walking_xyz,run_03,285,0,0,1532,0,0
Semantic,fr3_walking_xyz,run_03,286,0,0,1498,0,0
Semantic,fr3_walking_xyz,run_03,287,0,0,1482,0,0
Semantic,fr3_walking_xyz,run_03,288,0,0,1468,0,0
Semantic,fr3_walking_xyz,run_03,289,0,0,1477,0,0
Semantic,fr3_walking_xyz,run_03,290,0,0,1423,0,0
Semantic,fr3_walking_xyz,run_03,291,0,0,1367,0,0
Semantic,fr3_walking_xyz,run_03,292,0,0,1356,0,0
Semantic,fr3_walking_xyz,run_03,293,0,0,1368,0,0
Semantic,fr3_walking_xyz,run_03,294,0,0,1338,0,0
Semantic,fr3_walking_xyz,run_03,295,0,0,1306,0,0
Semantic,fr3_walking_xyz,run_03,296,0,0,1290,0,0
Semantic,fr3_walking_xyz,run_03,297,0,0,1255,0,0
Semantic,fr3_walking_xyz,run_03,298,0,0,1239,0,0
Semantic,fr3_walking_xyz,run_03,299,0,0,1190,0,0
Semantic,fr3_walking_xyz,run_03,300,0,0,1192,0,0
Semantic,fr3_walking_xyz,run_03,301,0,0,1212,0,0
Semantic,fr3_walking_xyz,run_03,302,0,0,1197,0,0
Semantic,fr3_walking_xyz,run_03,303,0,0,1213,0,0
Semantic,fr3_walking_xyz,run_03,304,0,0,1237,0,0
Semantic,fr3_walking_xyz,run_03,305,0,0,1287,0,0
Semantic,fr3_walking_xyz,run_03,306,0,0,964,0,0
Semantic,fr3_walking_xyz,run_03,307,0,0,1008,0,0
Semantic,fr3_walking_xyz,run_03,308,0,0,1041,0,0
Semantic,fr3_walking_xyz,run_03,309,0,0,1038,0,0
Semantic,fr3_walking_xyz,run_03,310,0,0,1110,0,0
Semantic,fr3_walking_xyz,run_03,311,0,0,1129,0,0
Semantic,fr3_walking_xyz,run_03,312,0,0,1172,0,0
Semantic,fr3_walking_xyz,run_03,313,0,0,1194,0,0
Semantic,fr3_walking_xyz,run_03,314,0,0,1241,0,0
Semantic,fr3_walking_xyz,run_03,315,0,0,1241,0,0
Semantic,fr3_walking_xyz,run_03,316,0,0,1331,0,0
Semantic,fr3_walking_xyz,run_03,317,0,0,1381,0,0
Semantic,fr3_walking_xyz,run_03,318,0,0,1405,0,0
Semantic,fr3_walking_xyz,run_03,319,0,0,1403,0,0
Semantic,fr3_walking_xyz,run_03,320,0,0,1435,0,0
Semantic,fr3_walking_xyz,run_03,321,0,0,1495,0,0
Semantic,fr3_walking_xyz,run_03,322,0,0,1519,0,0
Semantic,fr3_walking_xyz,run_03,323,0,0,1545,0,0
Semantic,fr3_walking_xyz,run_03,324,0,0,1532,0,0
Semantic,fr3_walking_xyz,run_03,325,0,0,1546,0,0
Semantic,fr3_walking_xyz,run_03,326,0,0,1503,0,0
Semantic,fr3_walking_xyz,run_03,327,0,0,1561,0,0
Semantic,fr3_walking_xyz,run_03,328,0,0,1564,0,0
Semantic,fr3_walking_xyz,run_03,329,0,0,1602,0,0
Semantic,fr3_walking_xyz,run_03,330,0,0,1605,0,0
Semantic,fr3_walking_xyz,run_03,331,0,0,1599,0,0
Semantic,fr3_walking_xyz,run_03,332,0,0,1587,0,0
Semantic,fr3_walking_xyz,run_03,333,0,0,1563,0,0
Semantic,fr3_walking_xyz,run_03,334,0,0,1565,0,0
Semantic,fr3_walking_xyz,run_03,335,0,0,1573,0,0
Semantic,fr3_walking_xyz,run_03,336,0,0,1577,0,0
Semantic,fr3_walking_xyz,run_03,337,0,0,1575,0,0
Semantic,fr3_walking_xyz,run_03,338,0,0,1598,0,0
Semantic,fr3_walking_xyz,run_03,339,0,0,1600,0,0
Semantic,fr3_walking_xyz,run_03,340,0,0,1618,0,0
Semantic,fr3_walking_xyz,run_03,341,0,0,1662,0,0
Semantic,fr3_walking_xyz,run_03,342,0,0,1681,0,0
Semantic,fr3_walking_xyz,run_03,343,0,0,1630,0,0
Semantic,fr3_walking_xyz,run_03,344,0,0,1622,0,0
Semantic,fr3_walking_xyz,run_03,345,0,0,1636,0,0
Semantic,fr3_walking_xyz,run_03,346,0,0,1598,0,0
Semantic,fr3_walking_xyz,run_03,347,0,0,1604,0,0
Semantic,fr3_walking_xyz,run_03,348,0,0,1633,0,0
Semantic,fr3_walking_xyz,run_03,349,0,0,1613,0,0
Semantic,fr3_walking_xyz,run_03,350,0,0,1588,0,0
Semantic,fr3_walking_xyz,run_03,351,0,0,1600,0,0
Semantic,fr3_walking_xyz,run_03,352,0,0,1594,0,0
Semantic,fr3_walking_xyz,run_03,353,0,0,1577,0,0
Semantic,fr3_walking_xyz,run_03,354,0,0,1588,0,0
Semantic,fr3_walking_xyz,run_03,355,0,0,1599,48,0
Semantic,fr3_walking_xyz,run_03,356,0,0,1613,0,0
Semantic,fr3_walking_xyz,run_03,357,0,0,1444,42,0
Semantic,fr3_walking_xyz,run_03,358,0,0,1429,20,0
Semantic,fr3_walking_xyz,run_03,359,0,0,1462,16,0
Semantic,fr3_walking_xyz,run_03,360,0,0,1430,23,0
Semantic,fr3_walking_xyz,run_03,361,0,0,1412,0,0
Semantic,fr3_walking_xyz,run_03,362,0,0,1445,0,0
Semantic,fr3_walking_xyz,run_03,363,0,0,1452,0,0
Semantic,fr3_walking_xyz,run_03,364,0,0,1451,0,0
Semantic,fr3_walking_xyz,run_03,365,0,0,1459,0,0
Semantic,fr3_walking_xyz,run_03,366,0,0,1495,0,0
Semantic,fr3_walking_xyz,run_03,367,0,0,1535,0,0
Semantic,fr3_walking_xyz,run_03,368,0,0,1478,0,0
Semantic,fr3_walking_xyz,run_03,369,0,0,1519,0,0
Semantic,fr3_walking_xyz,run_03,370,0,0,1546,16,0
Semantic,fr3_walking_xyz,run_03,371,0,0,1519,0,0
Semantic,fr3_walking_xyz,run_03,372,0,0,1581,0,0
Semantic,fr3_walking_xyz,run_03,373,0,0,1616,0,0
Semantic,fr3_walking_xyz,run_03,374,0,0,1586,0,0
Semantic,fr3_walking_xyz,run_03,375,0,0,1631,0,0
Semantic,fr3_walking_xyz,run_03,376,0,0,1593,0,0
Semantic,fr3_walking_xyz,run_03,377,0,0,1648,0,0
Semantic,fr3_walking_xyz,run_03,378,0,0,1676,0,0
Semantic,fr3_walking_xyz,run_03,379,0,0,1599,0,0
Semantic,fr3_walking_xyz,run_03,380,0,0,1708,0,0
Semantic,fr3_walking_xyz,run_03,381,0,0,1763,0,0
Semantic,fr3_walking_xyz,run_03,382,0,0,1868,0,0
Semantic,fr3_walking_xyz,run_03,383,0,0,1895,0,0
Semantic,fr3_walking_xyz,run_03,384,0,0,1902,0,0
Semantic,fr3_walking_xyz,run_03,385,0,0,2034,0,0
Semantic,fr3_walking_xyz,run_03,386,0,0,1993,0,0
Semantic,fr3_walking_xyz,run_03,387,0,0,1992,0,0
Semantic,fr3_walking_xyz,run_03,388,0,0,1909,0,0
Semantic,fr3_walking_xyz,run_03,389,0,0,2085,246,0
Semantic,fr3_walking_xyz,run_03,390,0,0,2067,229,0
Semantic,fr3_walking_xyz,run_03,391,0,0,2101,375,0
Semantic,fr3_walking_xyz,run_03,392,0,0,2209,263,0
Semantic,fr3_walking_xyz,run_03,393,0,0,1995,0,0
Semantic,fr3_walking_xyz,run_03,394,0,0,1956,427,0
Semantic,fr3_walking_xyz,run_03,395,0,0,2158,483,0
Semantic,fr3_walking_xyz,run_03,396,0,0,2092,720,0
Semantic,fr3_walking_xyz,run_03,397,0,0,1874,487,0
Semantic,fr3_walking_xyz,run_03,398,0,0,1762,403,0
Semantic,fr3_walking_xyz,run_03,399,0,0,1784,437,0
Semantic,fr3_walking_xyz,run_03,400,0,0,1851,398,0
Semantic,fr3_walking_xyz,run_03,401,0,0,1839,430,0
Semantic,fr3_walking_xyz,run_03,402,0,0,1846,373,0
Semantic,fr3_walking_xyz,run_03,403,0,0,1910,356,0
Semantic,fr3_walking_xyz,run_03,404,0,0,1857,337,0
Semantic,fr3_walking_xyz,run_03,405,0,0,2067,363,0
Semantic,fr3_walking_xyz,run_03,406,0,0,2082,322,0
Semantic,fr3_walking_xyz,run_03,407,0,0,1888,256,0
Semantic,fr3_walking_xyz,run_03,408,0,0,2135,280,0
Semantic,fr3_walking_xyz,run_03,409,0,0,2328,252,0
Semantic,fr3_walking_xyz,run_03,410,0,0,2275,214,0
Semantic,fr3_walking_xyz,run_03,411,0,0,2131,263,0
Semantic,fr3_walking_xyz,run_03,412,0,0,2058,284,0
Semantic,fr3_walking_xyz,run_03,413,0,0,2027,418,0
Semantic,fr3_walking_xyz,run_03,414,0,0,1966,444,0
Semantic,fr3_walking_xyz,run_03,415,0,0,2041,596,0
Semantic,fr3_walking_xyz,run_03,416,0,0,2220,746,0
Semantic,fr3_walking_xyz,run_03,417,0,0,2012,634,0
Semantic,fr3_walking_xyz,run_03,418,0,0,2253,722,0
Semantic,fr3_walking_xyz,run_03,419,0,0,1987,603,0
Semantic,fr3_walking_xyz,run_03,420,0,0,2010,523,0
Semantic,fr3_walking_xyz,run_03,421,0,0,2244,484,0
Semantic,fr3_walking_xyz,run_03,422,0,0,2170,573,0
Semantic,fr3_walking_xyz,run_03,423,0,0,2295,552,0
Semantic,fr3_walking_xyz,run_03,424,0,0,2375,600,0
Semantic,fr3_walking_xyz,run_03,425,0,0,2387,638,0
Semantic,fr3_walking_xyz,run_03,426,0,0,1695,233,0
Semantic,fr3_walking_xyz,run_03,427,0,0,1905,235,0
Semantic,fr3_walking_xyz,run_03,428,0,0,2090,237,0
Semantic,fr3_walking_xyz,run_03,429,0,0,1794,150,0
Semantic,fr3_walking_xyz,run_03,430,0,0,2481,528,0
Semantic,fr3_walking_xyz,run_03,431,0,0,2050,193,0
Semantic,fr3_walking_xyz,run_03,432,0,0,1853,194,0
Semantic,fr3_walking_xyz,run_03,433,0,0,2057,276,0
Semantic,fr3_walking_xyz,run_03,434,0,0,2763,868,0
Semantic,fr3_walking_xyz,run_03,435,0,0,2008,558,0
Semantic,fr3_walking_xyz,run_03,436,0,0,2239,797,0
Semantic,fr3_walking_xyz,run_03,437,0,0,2183,940,0
Semantic,fr3_walking_xyz,run_03,438,0,0,1549,683,0
Semantic,fr3_walking_xyz,run_03,439,0,0,1404,569,0
Semantic,fr3_walking_xyz,run_03,440,0,0,1428,569,0
Semantic,fr3_walking_xyz,run_03,441,0,0,1584,675,0
Semantic,fr3_walking_xyz,run_03,442,0,0,1502,624,0
Semantic,fr3_walking_xyz,run_03,443,0,0,1390,498,0
Semantic,fr3_walking_xyz,run_03,444,0,0,1522,391,0
Semantic,fr3_walking_xyz,run_03,445,0,0,1615,320,0
Semantic,fr3_walking_xyz,run_03,446,0,0,2673,526,0
Semantic,fr3_walking_xyz,run_03,447,0,0,1588,343,0
Semantic,fr3_walking_xyz,run_03,448,0,0,1602,344,0
Semantic,fr3_walking_xyz,run_03,449,0,0,1446,390,0
Semantic,fr3_walking_xyz,run_03,450,0,0,1487,420,0
Semantic,fr3_walking_xyz,run_03,451,0,0,1580,350,0
Semantic,fr3_walking_xyz,run_03,452,0,0,1531,322,0
Semantic,fr3_walking_xyz,run_03,453,0,0,2557,380,0
Semantic,fr3_walking_xyz,run_03,454,0,0,1014,136,0
Semantic,fr3_walking_xyz,run_03,455,0,0,1456,166,0
Semantic,fr3_walking_xyz,run_03,456,0,0,1353,132,0
Semantic,fr3_walking_xyz,run_03,457,0,0,1331,121,0
Semantic,fr3_walking_xyz,run_03,458,0,0,1197,98,0
Semantic,fr3_walking_xyz,run_03,459,0,0,1247,96,0
Semantic,fr3_walking_xyz,run_03,460,0,0,1245,111,0
Semantic,fr3_walking_xyz,run_03,461,0,0,1568,145,0
Semantic,fr3_walking_xyz,run_03,462,0,0,1761,14,0
Semantic,fr3_walking_xyz,run_03,463,0,0,1307,11,0
Semantic,fr3_walking_xyz,run_03,464,0,0,1224,67,0
Semantic,fr3_walking_xyz,run_03,465,0,0,1719,15,0
Semantic,fr3_walking_xyz,run_03,466,0,0,1856,16,0
Semantic,fr3_walking_xyz,run_03,467,0,0,1895,40,0
Semantic,fr3_walking_xyz,run_03,468,0,0,1876,41,0
Semantic,fr3_walking_xyz,run_03,469,0,0,1707,50,0
Semantic,fr3_walking_xyz,run_03,470,0,0,1656,38,0
Semantic,fr3_walking_xyz,run_03,471,0,0,1496,36,0
Semantic,fr3_walking_xyz,run_03,472,0,0,1642,34,0
Semantic,fr3_walking_xyz,run_03,473,0,0,2081,19,0
Semantic,fr3_walking_xyz,run_03,474,0,0,2099,14,0
Semantic,fr3_walking_xyz,run_03,475,0,0,2059,42,0
Semantic,fr3_walking_xyz,run_03,476,0,0,1800,28,0
Semantic,fr3_walking_xyz,run_03,477,0,0,1753,25,0
Semantic,fr3_walking_xyz,run_03,478,0,0,1852,28,0
Semantic,fr3_walking_xyz,run_03,479,0,0,1840,25,0
Semantic,fr3_walking_xyz,run_03,480,0,0,2162,24,0
Semantic,fr3_walking_xyz,run_03,481,0,0,1842,25,0
Semantic,fr3_walking_xyz,run_03,482,0,0,1689,24,0
Semantic,fr3_walking_xyz,run_03,483,0,0,2039,17,0
Semantic,fr3_walking_xyz,run_03,484,0,0,2040,17,0
Semantic,fr3_walking_xyz,run_03,485,0,0,2005,7,0
Semantic,fr3_walking_xyz,run_03,486,0,0,1863,6,0
Semantic,fr3_walking_xyz,run_03,487,0,0,1916,6,0
Semantic,fr3_walking_xyz,run_03,488,0,0,1907,6,0
Semantic,fr3_walking_xyz,run_03,489,0,0,1776,1,0
Semantic,fr3_walking_xyz,run_03,490,0,0,1845,1,0
Semantic,fr3_walking_xyz,run_03,491,0,0,1969,3,0
Semantic,fr3_walking_xyz,run_03,492,0,0,2016,3,0
Semantic,fr3_walking_xyz,run_03,493,0,0,2012,3,0
Semantic,fr3_walking_xyz,run_03,494,0,0,1878,1,0
Semantic,fr3_walking_xyz,run_03,495,0,0,1949,1,0
Semantic,fr3_walking_xyz,run_03,496,0,0,1928,2,0
Semantic,fr3_walking_xyz,run_03,497,0,0,1921,3,0
Semantic,fr3_walking_xyz,run_03,498,0,0,1896,3,0
Semantic,fr3_walking_xyz,run_03,499,0,0,1956,6,0
Semantic,fr3_walking_xyz,run_03,500,0,0,1886,6,0
Semantic,fr3_walking_xyz,run_03,501,0,0,1832,0,0
Semantic,fr3_walking_xyz,run_03,502,0,0,1933,0,0
Semantic,fr3_walking_xyz,run_03,503,0,0,1796,0,0
Semantic,fr3_walking_xyz,run_03,504,0,0,1939,27,0
Semantic,fr3_walking_xyz,run_03,505,0,0,2132,27,0
Semantic,fr3_walking_xyz,run_03,506,0,0,1690,19,0
Semantic,fr3_walking_xyz,run_03,507,0,0,2026,35,0
Semantic,fr3_walking_xyz,run_03,508,0,0,2004,55,0
Semantic,fr3_walking_xyz,run_03,509,0,0,2187,67,0
Semantic,fr3_walking_xyz,run_03,510,0,0,2142,59,0
Semantic,fr3_walking_xyz,run_03,511,0,0,2256,106,0
Semantic,fr3_walking_xyz,run_03,512,0,0,2186,125,0
Semantic,fr3_walking_xyz,run_03,513,0,0,2063,91,0
Semantic,fr3_walking_xyz,run_03,514,0,0,2026,118,0
Semantic,fr3_walking_xyz,run_03,515,0,0,2072,129,0
Semantic,fr3_walking_xyz,run_03,516,0,0,1806,122,0
Semantic,fr3_walking_xyz,run_03,517,0,0,1783,158,0
Semantic,fr3_walking_xyz,run_03,518,0,0,1748,173,0
Semantic,fr3_walking_xyz,run_03,519,0,0,2073,163,0
Semantic,fr3_walking_xyz,run_03,520,0,0,2063,212,0
Semantic,fr3_walking_xyz,run_03,521,0,0,2053,303,0
Semantic,fr3_walking_xyz,run_03,522,0,0,1998,393,0
Semantic,fr3_walking_xyz,run_03,523,0,0,1965,443,0
Semantic,fr3_walking_xyz,run_03,524,0,0,1754,413,0
Semantic,fr3_walking_xyz,run_03,525,0,0,1797,406,0
Semantic,fr3_walking_xyz,run_03,526,0,0,1843,417,0
Semantic,fr3_walking_xyz,run_03,527,0,0,1887,388,0
Semantic,fr3_walking_xyz,run_03,528,0,0,1838,358,0
Semantic,fr3_walking_xyz,run_03,529,0,0,1777,344,0
Semantic,fr3_walking_xyz,run_03,530,0,0,1712,322,0
Semantic,fr3_walking_xyz,run_03,531,0,0,1730,307,0
Semantic,fr3_walking_xyz,run_03,532,0,0,1863,314,0
Semantic,fr3_walking_xyz,run_03,533,0,0,1843,304,0
Semantic,fr3_walking_xyz,run_03,534,0,0,1800,299,0
Semantic,fr3_walking_xyz,run_03,535,0,0,1799,282,0
Semantic,fr3_walking_xyz,run_03,536,0,0,1814,194,0
Semantic,fr3_walking_xyz,run_03,537,0,0,1890,175,0
Semantic,fr3_walking_xyz,run_03,538,0,0,1933,220,0
Semantic,fr3_walking_xyz,run_03,539,0,0,1840,194,0
Semantic,fr3_walking_xyz,run_03,540,0,0,1658,169,0
Semantic,fr3_walking_xyz,run_03,541,0,0,1819,205,0
Semantic,fr3_walking_xyz,run_03,542,0,0,1795,214,0
Semantic,fr3_walking_xyz,run_03,543,0,0,1752,200,0
Semantic,fr3_walking_xyz,run_03,544,0,0,1750,214,0
Semantic,fr3_walking_xyz,run_03,545,0,0,1910,212,0
Semantic,fr3_walking_xyz,run_03,546,0,0,1781,179,0
Semantic,fr3_walking_xyz,run_03,547,0,0,1767,128,0
Semantic,fr3_walking_xyz,run_03,548,0,0,1812,138,0
Semantic,fr3_walking_xyz,run_03,549,0,0,1762,170,0
Semantic,fr3_walking_xyz,run_03,550,0,0,2040,104,0
Semantic,fr3_walking_xyz,run_03,551,0,0,2036,187,0
Semantic,fr3_walking_xyz,run_03,552,0,0,1882,212,0
Semantic,fr3_walking_xyz,run_03,553,0,0,1922,204,0
Semantic,fr3_walking_xyz,run_03,554,0,0,1808,234,0
Semantic,fr3_walking_xyz,run_03,555,0,0,1968,380,0
Semantic,fr3_walking_xyz,run_03,556,0,0,2037,312,0
Semantic,fr3_walking_xyz,run_03,557,0,0,2003,341,0
Semantic,fr3_walking_xyz,run_03,558,0,0,2016,342,0
Semantic,fr3_walking_xyz,run_03,559,0,0,2022,293,0
Semantic,fr3_walking_xyz,run_03,560,0,0,2042,316,0
Semantic,fr3_walking_xyz,run_03,561,0,0,1783,247,0
Semantic,fr3_walking_xyz,run_03,562,0,0,1836,293,0
Semantic,fr3_walking_xyz,run_03,563,0,0,1868,302,0
Semantic,fr3_walking_xyz,run_03,564,0,0,1984,335,0
Semantic,fr3_walking_xyz,run_03,565,0,0,1976,305,0
Semantic,fr3_walking_xyz,run_03,566,0,0,1967,297,0
Semantic,fr3_walking_xyz,run_03,567,0,0,1812,270,0
Semantic,fr3_walking_xyz,run_03,568,0,0,1771,290,0
Semantic,fr3_walking_xyz,run_03,569,0,0,1877,302,0
Semantic,fr3_walking_xyz,run_03,570,0,0,1835,303,0
Semantic,fr3_walking_xyz,run_03,571,0,0,1760,327,0
Semantic,fr3_walking_xyz,run_03,572,0,0,1659,293,0
Semantic,fr3_walking_xyz,run_03,573,0,0,1711,277,0
Semantic,fr3_walking_xyz,run_03,574,0,0,2212,299,0
Semantic,fr3_walking_xyz,run_03,575,0,0,1942,321,0
Semantic,fr3_walking_xyz,run_03,576,0,0,2077,244,0
Semantic,fr3_walking_xyz,run_03,577,0,0,2240,275,0
Semantic,fr3_walking_xyz,run_03,578,0,0,1694,233,0
Semantic,fr3_walking_xyz,run_03,579,0,0,1985,262,0
Semantic,fr3_walking_xyz,run_03,580,0,0,2001,274,0
Semantic,fr3_walking_xyz,run_03,581,0,0,1916,311,0
Semantic,fr3_walking_xyz,run_03,582,0,0,1910,308,0
Semantic,fr3_walking_xyz,run_03,583,0,0,1945,322,0
Semantic,fr3_walking_xyz,run_03,584,0,0,2057,319,0
Semantic,fr3_walking_xyz,run_03,585,0,0,1925,371,0
Semantic,fr3_walking_xyz,run_03,586,0,0,1959,379,0
Semantic,fr3_walking_xyz,run_03,587,0,0,2108,394,0
Semantic,fr3_walking_xyz,run_03,588,0,0,2180,479,0
Semantic,fr3_walking_xyz,run_03,589,0,0,1556,180,0
Semantic,fr3_walking_xyz,run_03,590,0,0,1988,685,0
Semantic,fr3_walking_xyz,run_03,591,0,0,2083,671,0
Semantic,fr3_walking_xyz,run_03,592,0,0,1925,688,0
Semantic,fr3_walking_xyz,run_03,593,0,0,1654,497,0
Semantic,fr3_walking_xyz,run_03,594,0,0,1736,469,0
Semantic,fr3_walking_xyz,run_03,595,0,0,1462,374,0
Semantic,fr3_walking_xyz,run_03,596,0,0,1769,705,0
Semantic,fr3_walking_xyz,run_03,597,0,0,2002,747,0
Semantic,fr3_walking_xyz,run_03,598,0,0,2021,772,0
Semantic,fr3_walking_xyz,run_03,599,0,0,2113,790,0
Semantic,fr3_walking_xyz,run_03,600,0,0,1891,725,0
Semantic,fr3_walking_xyz,run_03,601,0,0,1950,863,0
Semantic,fr3_walking_xyz,run_03,602,0,0,2050,888,0
Semantic,fr3_walking_xyz,run_03,603,0,0,2099,913,0
Semantic,fr3_walking_xyz,run_03,604,0,0,1585,646,0
Semantic,fr3_walking_xyz,run_03,605,0,0,1543,628,0
Semantic,fr3_walking_xyz,run_03,606,0,0,1934,1101,0
Semantic,fr3_walking_xyz,run_03,607,0,0,1934,961,0
Semantic,fr3_walking_xyz,run_03,608,0,0,1840,775,0
Semantic,fr3_walking_xyz,run_03,609,0,0,1164,368,0
Semantic,fr3_walking_xyz,run_03,610,0,0,1711,659,0
Semantic,fr3_walking_xyz,run_03,611,0,0,1551,618,0
Semantic,fr3_walking_xyz,run_03,612,0,0,1259,340,0
Semantic,fr3_walking_xyz,run_03,613,0,0,1277,346,0
Semantic,fr3_walking_xyz,run_03,614,0,0,1518,620,0
Semantic,fr3_walking_xyz,run_03,615,0,0,1778,715,0
Semantic,fr3_walking_xyz,run_03,616,0,0,1548,639,0
Semantic,fr3_walking_xyz,run_03,617,0,0,1623,575,0
Semantic,fr3_walking_xyz,run_03,618,0,0,1266,340,0
Semantic,fr3_walking_xyz,run_03,619,0,0,1741,673,0
Semantic,fr3_walking_xyz,run_03,620,0,0,1718,667,0
Semantic,fr3_walking_xyz,run_03,621,0,0,1571,705,0
Semantic,fr3_walking_xyz,run_03,622,0,0,1405,646,0
Semantic,fr3_walking_xyz,run_03,623,0,0,1690,730,0
Semantic,fr3_walking_xyz,run_03,624,0,0,1449,662,0
Semantic,fr3_walking_xyz,run_03,625,0,0,1108,361,0
Semantic,fr3_walking_xyz,run_03,626,0,0,1318,415,0
Semantic,fr3_walking_xyz,run_03,627,0,0,1117,487,0
Semantic,fr3_walking_xyz,run_03,628,0,0,1347,668,0
Semantic,fr3_walking_xyz,run_03,629,0,0,1549,672,0
Semantic,fr3_walking_xyz,run_03,630,0,0,1379,547,0
Semantic,fr3_walking_xyz,run_03,631,0,0,1256,510,0
Semantic,fr3_walking_xyz,run_03,632,0,0,1365,582,0
Semantic,fr3_walking_xyz,run_03,633,0,0,1376,676,0
Semantic,fr3_walking_xyz,run_03,634,0,0,1328,574,0
Semantic,fr3_walking_xyz,run_03,635,0,0,1424,610,0
Semantic,fr3_walking_xyz,run_03,636,0,0,1359,590,0
Semantic,fr3_walking_xyz,run_03,637,0,0,1431,569,0
Semantic,fr3_walking_xyz,run_03,638,0,0,1548,614,0
Semantic,fr3_walking_xyz,run_03,639,0,0,1358,535,0
Semantic,fr3_walking_xyz,run_03,640,0,0,1394,588,0
Semantic,fr3_walking_xyz,run_03,641,0,0,1502,577,0
Semantic,fr3_walking_xyz,run_03,642,0,0,1425,441,0
Semantic,fr3_walking_xyz,run_03,643,0,0,1489,520,0
Semantic,fr3_walking_xyz,run_03,644,0,0,1411,328,0
Semantic,fr3_walking_xyz,run_03,645,0,0,1518,410,0
Semantic,fr3_walking_xyz,run_03,646,0,0,1519,401,0
Semantic,fr3_walking_xyz,run_03,647,0,0,1574,468,0
Semantic,fr3_walking_xyz,run_03,648,0,0,1576,378,0
Semantic,fr3_walking_xyz,run_03,649,0,0,1616,425,0
Semantic,fr3_walking_xyz,run_03,650,0,0,1502,338,0
Semantic,fr3_walking_xyz,run_03,651,0,0,1359,287,0
Semantic,fr3_walking_xyz,run_03,652,0,0,1423,255,0
Semantic,fr3_walking_xyz,run_03,653,0,0,1288,208,0
Semantic,fr3_walking_xyz,run_03,654,0,0,1636,345,0
Semantic,fr3_walking_xyz,run_03,655,0,0,1664,349,0
Semantic,fr3_walking_xyz,run_03,656,0,0,1611,381,0
Semantic,fr3_walking_xyz,run_03,657,0,0,1640,324,0
Semantic,fr3_walking_xyz,run_03,658,0,0,1828,370,0
Semantic,fr3_walking_xyz,run_03,659,0,0,1551,312,0
Semantic,fr3_walking_xyz,run_03,660,0,0,1702,308,0
Semantic,fr3_walking_xyz,run_03,661,0,0,1684,298,0
Semantic,fr3_walking_xyz,run_03,662,0,0,1716,387,0
Semantic,fr3_walking_xyz,run_03,663,0,0,1887,326,0
Semantic,fr3_walking_xyz,run_03,664,0,0,1777,273,0
Semantic,fr3_walking_xyz,run_03,665,0,0,1666,254,0
Semantic,fr3_walking_xyz,run_03,666,0,0,1924,566,0
Semantic,fr3_walking_xyz,run_03,667,0,0,1938,565,0
Semantic,fr3_walking_xyz,run_03,668,0,0,1689,431,0
Semantic,fr3_walking_xyz,run_03,669,0,0,1765,475,0
Semantic,fr3_walking_xyz,run_03,670,0,0,1818,517,0
Semantic,fr3_walking_xyz,run_03,671,0,0,1862,487,0
Semantic,fr3_walking_xyz,run_03,672,0,0,1872,454,0
Semantic,fr3_walking_xyz,run_03,673,0,0,1888,427,0
Semantic,fr3_walking_xyz,run_03,674,0,0,1960,438,0
Semantic,fr3_walking_xyz,run_03,675,0,0,1986,387,0
Semantic,fr3_walking_xyz,run_03,676,0,0,2011,393,0
Semantic,fr3_walking_xyz,run_03,677,0,0,2125,392,0
Semantic,fr3_walking_xyz,run_03,678,0,0,2157,293,0
Semantic,fr3_walking_xyz,run_03,679,0,0,2097,278,0
Semantic,fr3_walking_xyz,run_03,680,0,0,2180,263,0
Semantic,fr3_walking_xyz,run_03,681,0,0,2245,440,0
Semantic,fr3_walking_xyz,run_03,682,0,0,2198,401,0
Semantic,fr3_walking_xyz,run_03,683,0,0,2305,535,0
Semantic,fr3_walking_xyz,run_03,684,0,0,2384,728,0
Semantic,fr3_walking_xyz,run_03,685,0,0,2347,923,0
Semantic,fr3_walking_xyz,run_03,686,0,0,2240,735,0
Semantic,fr3_walking_xyz,run_03,687,0,0,2207,941,0
Semantic,fr3_walking_xyz,run_03,688,0,0,2239,970,0
Semantic,fr3_walking_xyz,run_03,689,0,0,2018,824,0
Semantic,fr3_walking_xyz,run_03,690,0,0,2005,858,0
Semantic,fr3_walking_xyz,run_03,691,0,0,2080,819,0
Semantic,fr3_walking_xyz,run_03,692,0,0,1963,733,0
Semantic,fr3_walking_xyz,run_03,693,0,0,2313,974,0
Semantic,fr3_walking_xyz,run_03,694,0,0,2322,857,0
Semantic,fr3_walking_xyz,run_03,695,0,0,2642,1173,0
Semantic,fr3_walking_xyz,run_03,696,0,0,2412,1157,0
Semantic,fr3_walking_xyz,run_03,697,0,0,2420,1254,0
Semantic,fr3_walking_xyz,run_03,698,0,0,2377,1221,0
Semantic,fr3_walking_xyz,run_03,699,0,0,2403,1219,0
Semantic,fr3_walking_xyz,run_03,700,0,0,2370,1196,0
Semantic,fr3_walking_xyz,run_03,701,0,0,2414,1221,0
Semantic,fr3_walking_xyz,run_03,702,0,0,2437,1227,0
Semantic,fr3_walking_xyz,run_03,703,0,0,2430,1235,0
Semantic,fr3_walking_xyz,run_03,704,0,0,2453,1172,0
Semantic,fr3_walking_xyz,run_03,705,0,0,2458,1176,0
Semantic,fr3_walking_xyz,run_03,706,0,0,2509,1107,0
Semantic,fr3_walking_xyz,run_03,707,0,0,2257,1042,0
Semantic,fr3_walking_xyz,run_03,708,0,0,2280,1042,0
Semantic,fr3_walking_xyz,run_03,709,0,0,2295,951,0
Semantic,fr3_walking_xyz,run_03,710,0,0,2297,972,0
Semantic,fr3_walking_xyz,run_03,711,0,0,2388,951,0
Semantic,fr3_walking_xyz,run_03,712,0,0,2426,905,0
Semantic,fr3_walking_xyz,run_03,713,0,0,2153,798,0
Semantic,fr3_walking_xyz,run_03,714,0,0,2225,894,0
Semantic,fr3_walking_xyz,run_03,715,0,0,2220,743,0
Semantic,fr3_walking_xyz,run_03,716,0,0,2216,918,0
Semantic,fr3_walking_xyz,run_03,717,0,0,2296,987,0
Semantic,fr3_walking_xyz,run_03,718,0,0,2253,975,0
Semantic,fr3_walking_xyz,run_03,719,0,0,2263,913,0
Semantic,fr3_walking_xyz,run_03,720,0,0,2501,1112,0
Semantic,fr3_walking_xyz,run_03,721,0,0,2515,1176,0
Semantic,fr3_walking_xyz,run_03,722,0,0,2529,1200,0
Semantic,fr3_walking_xyz,run_03,723,0,0,2560,1228,0
Semantic,fr3_walking_xyz,run_03,724,0,0,2510,1258,0
Semantic,fr3_walking_xyz,run_03,725,0,0,2500,1261,0
Semantic,fr3_walking_xyz,run_03,726,0,0,2525,1252,0
Semantic,fr3_walking_xyz,run_03,727,0,0,2523,1319,0
Semantic,fr3_walking_xyz,run_03,728,0,0,2504,1353,0
Semantic,fr3_walking_xyz,run_03,729,0,0,2586,1366,0
Semantic,fr3_walking_xyz,run_03,730,0,0,2571,1361,0
Semantic,fr3_walking_xyz,run_03,731,0,0,2664,1376,0
Semantic,fr3_walking_xyz,run_03,732,0,0,2594,1331,0
Semantic,fr3_walking_xyz,run_03,733,0,0,2638,1313,0
Semantic,fr3_walking_xyz,run_03,734,0,0,2619,1260,0
Semantic,fr3_walking_xyz,run_03,735,0,0,2328,1066,0
Semantic,fr3_walking_xyz,run_03,736,0,0,2274,1071,0
Semantic,fr3_walking_xyz,run_03,737,0,0,2377,1038,0
Semantic,fr3_walking_xyz,run_03,738,0,0,2321,1026,0
Semantic,fr3_walking_xyz,run_03,739,0,0,2329,1007,0
Semantic,fr3_walking_xyz,run_03,740,0,0,2687,1134,0
Semantic,fr3_walking_xyz,run_03,741,0,0,2525,1023,0
Semantic,fr3_walking_xyz,run_03,742,0,0,2285,837,0
Semantic,fr3_walking_xyz,run_03,743,0,0,2299,845,0
Semantic,fr3_walking_xyz,run_03,744,0,0,2356,800,0
Semantic,fr3_walking_xyz,run_03,745,0,0,2566,938,0
Semantic,fr3_walking_xyz,run_03,746,0,0,2280,744,0
Semantic,fr3_walking_xyz,run_03,747,0,0,2339,822,0
Semantic,fr3_walking_xyz,run_03,748,0,0,2264,780,0
Semantic,fr3_walking_xyz,run_03,749,0,0,2253,777,0
Semantic,fr3_walking_xyz,run_03,750,0,0,2244,762,0
Semantic,fr3_walking_xyz,run_03,751,0,0,2241,833,0
Semantic,fr3_walking_xyz,run_03,752,0,0,2511,1055,0
Semantic,fr3_walking_xyz,run_03,753,0,0,2198,847,0
Semantic,fr3_walking_xyz,run_03,754,0,0,2250,833,0
Semantic,fr3_walking_xyz,run_03,755,0,0,2260,892,0
Semantic,fr3_walking_xyz,run_03,756,0,0,2266,937,0
Semantic,fr3_walking_xyz,run_03,757,0,0,2227,931,0
Semantic,fr3_walking_xyz,run_03,758,0,0,2259,849,0
Semantic,fr3_walking_xyz,run_03,759,0,0,2125,762,0
Semantic,fr3_walking_xyz,run_03,760,0,0,2092,714,0
Semantic,fr3_walking_xyz,run_03,761,0,0,2087,617,0
Semantic,fr3_walking_xyz,run_03,762,0,0,2082,616,0
Semantic,fr3_walking_xyz,run_03,763,0,0,2201,575,0
Semantic,fr3_walking_xyz,run_03,764,0,0,2111,568,0
Semantic,fr3_walking_xyz,run_03,765,0,0,2115,555,0
Semantic,fr3_walking_xyz,run_03,766,0,0,2684,789,0
Semantic,fr3_walking_xyz,run_03,767,0,0,2144,469,0
Semantic,fr3_walking_xyz,run_03,768,0,0,2507,680,0
Semantic,fr3_walking_xyz,run_03,769,0,0,2715,824,0
Semantic,fr3_walking_xyz,run_03,770,0,0,2253,843,0
Semantic,fr3_walking_xyz,run_03,771,0,0,2086,606,0
Semantic,fr3_walking_xyz,run_03,772,0,0,2361,732,0
Semantic,fr3_walking_xyz,run_03,773,0,0,2410,822,0
Semantic,fr3_walking_xyz,run_03,774,0,0,2349,827,0
Semantic,fr3_walking_xyz,run_03,775,0,0,2294,777,0
Semantic,fr3_walking_xyz,run_03,776,0,0,2318,722,0
Semantic,fr3_walking_xyz,run_03,777,0,0,2278,714,0
Semantic,fr3_walking_xyz,run_03,778,0,0,2285,715,0
Semantic,fr3_walking_xyz,run_03,779,0,0,2585,799,0
Semantic,fr3_walking_xyz,run_03,780,0,0,2681,733,0
Semantic,fr3_walking_xyz,run_03,781,0,0,2706,746,0
Semantic,fr3_walking_xyz,run_03,782,0,0,2751,768,0
Semantic,fr3_walking_xyz,run_03,783,0,0,2460,554,0
Semantic,fr3_walking_xyz,run_03,784,0,0,2835,665,0
Semantic,fr3_walking_xyz,run_03,785,0,0,2617,590,0
Semantic,fr3_walking_xyz,run_03,786,0,0,2721,742,0
Semantic,fr3_walking_xyz,run_03,787,0,0,2411,605,0
Semantic,fr3_walking_xyz,run_03,788,0,0,2227,528,0
Semantic,fr3_walking_xyz,run_03,789,0,0,2704,653,0
Semantic,fr3_walking_xyz,run_03,790,0,0,2860,1401,0
Semantic,fr3_walking_xyz,run_03,791,0,0,2490,483,0
Semantic,fr3_walking_xyz,run_03,792,0,0,2198,574,0
Semantic,fr3_walking_xyz,run_03,793,0,0,2422,808,0
Semantic,fr3_walking_xyz,run_03,794,0,0,2195,1213,0
Semantic,fr3_walking_xyz,run_03,795,0,0,2150,1106,0
Semantic,fr3_walking_xyz,run_03,796,0,0,2176,1125,0
Semantic,fr3_walking_xyz,run_03,797,0,0,2259,1095,0
Semantic,fr3_walking_xyz,run_03,798,0,0,2549,1285,0
Semantic,fr3_walking_xyz,run_03,799,0,0,2593,1313,0
Semantic,fr3_walking_xyz,run_03,800,0,0,2864,1437,0
Semantic,fr3_walking_xyz,run_03,801,0,0,2826,1383,0
Semantic,fr3_walking_xyz,run_03,802,0,0,2779,1350,0
Semantic,fr3_walking_xyz,run_03,803,0,0,2810,1296,0
Semantic,fr3_walking_xyz,run_03,804,0,0,2445,1130,0
Semantic,fr3_walking_xyz,run_03,805,0,0,2637,1176,0
Semantic,fr3_walking_xyz,run_03,806,0,0,2984,1315,0
Semantic,fr3_walking_xyz,run_03,807,0,0,3011,1339,0
Semantic,fr3_walking_xyz,run_03,808,0,0,2937,1254,0
Semantic,fr3_walking_xyz,run_03,809,0,0,3044,1240,0
Semantic,fr3_walking_xyz,run_03,810,0,0,3060,1229,0
Semantic,fr3_walking_xyz,run_03,811,0,0,3042,1235,0
Semantic,fr3_walking_xyz,run_03,812,0,0,2992,1192,0
Semantic,fr3_walking_xyz,run_03,813,0,0,3018,1169,0
Semantic,fr3_walking_xyz,run_03,814,0,0,3156,1292,0
Semantic,fr3_walking_xyz,run_03,815,0,0,2947,1337,0
Semantic,fr3_walking_xyz,run_03,816,0,0,2978,1380,0
Semantic,fr3_walking_xyz,run_03,817,0,0,2997,1535,0
Semantic,fr3_walking_xyz,run_03,818,0,0,3018,1618,0
Semantic,fr3_walking_xyz,run_03,819,0,0,3144,1711,0
Semantic,fr3_walking_xyz,run_03,820,0,0,2978,1613,0
Semantic,fr3_walking_xyz,run_03,821,0,0,3132,1720,0
Semantic,fr3_walking_xyz,run_03,822,0,0,3074,1660,0
Semantic,fr3_walking_xyz,run_03,823,0,0,3067,1741,0
Semantic,fr3_walking_xyz,run_03,824,0,0,2997,1681,0
Semantic,fr3_walking_xyz,run_03,825,0,0,3157,1658,0
Semantic,fr3_walking_xyz,run_03,826,0,0,3222,1768,0
Semantic,fr3_walking_xyz,run_04,1,0,0,251,14,0
Semantic,fr3_walking_xyz,run_04,2,0,0,447,7,0
Semantic,fr3_walking_xyz,run_04,3,0,0,472,11,0
Semantic,fr3_walking_xyz,run_04,4,0,0,445,9,0
Semantic,fr3_walking_xyz,run_04,5,0,0,458,17,0
Semantic,fr3_walking_xyz,run_04,6,0,0,456,8,0
Semantic,fr3_walking_xyz,run_04,7,0,0,461,11,0
Semantic,fr3_walking_xyz,run_04,8,0,0,398,3,0
Semantic,fr3_walking_xyz,run_04,9,0,0,383,7,0
Semantic,fr3_walking_xyz,run_04,10,0,0,477,19,0
Semantic,fr3_walking_xyz,run_04,11,0,0,451,16,0
Semantic,fr3_walking_xyz,run_04,12,0,0,588,32,0
Semantic,fr3_walking_xyz,run_04,13,0,0,475,8,0
Semantic,fr3_walking_xyz,run_04,14,0,0,579,12,0
Semantic,fr3_walking_xyz,run_04,15,0,0,485,23,0
Semantic,fr3_walking_xyz,run_04,16,0,0,547,190,0
Semantic,fr3_walking_xyz,run_04,17,0,0,433,133,0
Semantic,fr3_walking_xyz,run_04,18,0,0,507,135,0
Semantic,fr3_walking_xyz,run_04,19,0,0,506,132,0
Semantic,fr3_walking_xyz,run_04,20,0,0,491,122,0
Semantic,fr3_walking_xyz,run_04,21,0,0,514,119,0
Semantic,fr3_walking_xyz,run_04,22,0,0,380,86,0
Semantic,fr3_walking_xyz,run_04,23,0,0,444,87,0
Semantic,fr3_walking_xyz,run_04,24,0,0,460,86,0
Semantic,fr3_walking_xyz,run_04,25,0,0,411,76,0
Semantic,fr3_walking_xyz,run_04,26,0,0,521,95,0
Semantic,fr3_walking_xyz,run_04,27,0,0,505,86,0
Semantic,fr3_walking_xyz,run_04,28,0,0,464,72,0
Semantic,fr3_walking_xyz,run_04,29,0,0,533,66,0
Semantic,fr3_walking_xyz,run_04,30,0,0,460,65,0
Semantic,fr3_walking_xyz,run_04,31,0,0,496,71,0
Semantic,fr3_walking_xyz,run_04,32,0,0,530,85,0
Semantic,fr3_walking_xyz,run_04,33,0,0,465,90,0
Semantic,fr3_walking_xyz,run_04,34,0,0,478,93,0
Semantic,fr3_walking_xyz,run_04,35,0,0,531,85,0
Semantic,fr3_walking_xyz,run_04,36,0,0,483,109,0
Semantic,fr3_walking_xyz,run_04,37,0,0,480,90,0
Semantic,fr3_walking_xyz,run_04,38,0,0,540,86,0
Semantic,fr3_walking_xyz,run_04,39,0,0,526,89,0
Semantic,fr3_walking_xyz,run_04,40,0,0,446,73,0
Semantic,fr3_walking_xyz,run_04,41,0,0,453,73,0
Semantic,fr3_walking_xyz,run_04,42,0,0,515,98,0
Semantic,fr3_walking_xyz,run_04,43,0,0,467,60,0
Semantic,fr3_walking_xyz,run_04,44,0,0,487,69,0
Semantic,fr3_walking_xyz,run_04,45,0,0,506,69,0
Semantic,fr3_walking_xyz,run_04,46,0,0,456,62,0
Semantic,fr3_walking_xyz,run_04,47,0,0,504,56,0
Semantic,fr3_walking_xyz,run_04,48,0,0,535,61,0
Semantic,fr3_walking_xyz,run_04,49,0,0,535,59,0
Semantic,fr3_walking_xyz,run_04,50,0,0,579,115,0
Semantic,fr3_walking_xyz,run_04,51,0,0,540,93,0
Semantic,fr3_walking_xyz,run_04,52,0,0,508,98,0
Semantic,fr3_walking_xyz,run_04,53,0,0,539,80,0
Semantic,fr3_walking_xyz,run_04,54,0,0,481,73,0
Semantic,fr3_walking_xyz,run_04,55,0,0,456,63,0
Semantic,fr3_walking_xyz,run_04,56,0,0,526,91,0
Semantic,fr3_walking_xyz,run_04,57,0,0,509,60,0
Semantic,fr3_walking_xyz,run_04,58,0,0,497,53,0
Semantic,fr3_walking_xyz,run_04,59,0,0,456,38,0
Semantic,fr3_walking_xyz,run_04,60,0,0,464,42,0
Semantic,fr3_walking_xyz,run_04,61,0,0,430,43,0
Semantic,fr3_walking_xyz,run_04,62,0,0,475,49,0
Semantic,fr3_walking_xyz,run_04,63,0,0,508,43,0
Semantic,fr3_walking_xyz,run_04,64,0,0,502,44,0
Semantic,fr3_walking_xyz,run_04,65,0,0,512,50,0
Semantic,fr3_walking_xyz,run_04,66,0,0,510,50,0
Semantic,fr3_walking_xyz,run_04,67,0,0,538,49,0
Semantic,fr3_walking_xyz,run_04,68,0,0,513,49,0
Semantic,fr3_walking_xyz,run_04,69,0,0,443,51,0
Semantic,fr3_walking_xyz,run_04,70,0,0,512,54,0
Semantic,fr3_walking_xyz,run_04,71,0,0,481,47,0
Semantic,fr3_walking_xyz,run_04,72,0,0,540,53,0
Semantic,fr3_walking_xyz,run_04,73,0,0,559,65,0
Semantic,fr3_walking_xyz,run_04,74,0,0,516,91,0
Semantic,fr3_walking_xyz,run_04,75,0,0,574,104,0
Semantic,fr3_walking_xyz,run_04,76,0,0,520,87,0
Semantic,fr3_walking_xyz,run_04,77,0,0,551,82,0
Semantic,fr3_walking_xyz,run_04,78,0,0,596,76,0
Semantic,fr3_walking_xyz,run_04,79,0,0,576,91,0
Semantic,fr3_walking_xyz,run_04,80,0,0,603,98,0
Semantic,fr3_walking_xyz,run_04,81,0,0,557,97,0
Semantic,fr3_walking_xyz,run_04,82,0,0,560,76,0
Semantic,fr3_walking_xyz,run_04,83,0,0,605,75,0
Semantic,fr3_walking_xyz,run_04,84,0,0,608,74,0
Semantic,fr3_walking_xyz,run_04,85,0,0,581,90,0
Semantic,fr3_walking_xyz,run_04,86,0,0,581,77,0
Semantic,fr3_walking_xyz,run_04,87,0,0,584,80,0
Semantic,fr3_walking_xyz,run_04,88,0,0,586,106,0
Semantic,fr3_walking_xyz,run_04,89,0,0,580,110,0
Semantic,fr3_walking_xyz,run_04,90,0,0,585,88,0
Semantic,fr3_walking_xyz,run_04,91,0,0,614,85,0
Semantic,fr3_walking_xyz,run_04,92,0,0,607,79,0
Semantic,fr3_walking_xyz,run_04,93,0,0,600,82,0
Semantic,fr3_walking_xyz,run_04,94,0,0,575,81,0
Semantic,fr3_walking_xyz,run_04,95,0,0,582,64,0
Semantic,fr3_walking_xyz,run_04,96,0,0,650,64,0
Semantic,fr3_walking_xyz,run_04,97,0,0,634,64,0
Semantic,fr3_walking_xyz,run_04,98,0,0,644,71,0
Semantic,fr3_walking_xyz,run_04,99,0,0,649,71,0
Semantic,fr3_walking_xyz,run_04,100,0,0,657,62,0
Semantic,fr3_walking_xyz,run_04,101,0,0,596,62,0
Semantic,fr3_walking_xyz,run_04,102,0,0,682,54,0
Semantic,fr3_walking_xyz,run_04,103,0,0,705,67,0
Semantic,fr3_walking_xyz,run_04,104,0,0,725,56,0
Semantic,fr3_walking_xyz,run_04,105,0,0,734,53,0
Semantic,fr3_walking_xyz,run_04,106,0,0,703,59,0
Semantic,fr3_walking_xyz,run_04,107,0,0,785,71,0
Semantic,fr3_walking_xyz,run_04,108,0,0,711,78,0
Semantic,fr3_walking_xyz,run_04,109,0,0,746,95,0
Semantic,fr3_walking_xyz,run_04,110,0,0,738,96,0
Semantic,fr3_walking_xyz,run_04,111,0,0,712,105,0
Semantic,fr3_walking_xyz,run_04,112,0,0,743,123,0
Semantic,fr3_walking_xyz,run_04,113,0,0,695,103,0
Semantic,fr3_walking_xyz,run_04,114,0,0,690,117,0
Semantic,fr3_walking_xyz,run_04,115,0,0,712,123,0
Semantic,fr3_walking_xyz,run_04,116,0,0,711,107,0
Semantic,fr3_walking_xyz,run_04,117,0,0,699,105,0
Semantic,fr3_walking_xyz,run_04,118,0,0,719,97,0
Semantic,fr3_walking_xyz,run_04,119,0,0,707,98,0
Semantic,fr3_walking_xyz,run_04,120,0,0,681,87,0
Semantic,fr3_walking_xyz,run_04,121,0,0,686,82,0
Semantic,fr3_walking_xyz,run_04,122,0,0,691,90,0
Semantic,fr3_walking_xyz,run_04,123,0,0,706,136,0
Semantic,fr3_walking_xyz,run_04,124,0,0,699,134,0
Semantic,fr3_walking_xyz,run_04,125,0,0,714,134,0
Semantic,fr3_walking_xyz,run_04,126,0,0,610,114,0
Semantic,fr3_walking_xyz,run_04,127,0,0,613,128,0
Semantic,fr3_walking_xyz,run_04,128,0,0,601,117,0
Semantic,fr3_walking_xyz,run_04,129,0,0,644,114,0
Semantic,fr3_walking_xyz,run_04,130,0,0,649,111,0
Semantic,fr3_walking_xyz,run_04,131,0,0,676,117,0
Semantic,fr3_walking_xyz,run_04,132,0,0,671,90,0
Semantic,fr3_walking_xyz,run_04,133,0,0,677,104,0
Semantic,fr3_walking_xyz,run_04,134,0,0,652,99,0
Semantic,fr3_walking_xyz,run_04,135,0,0,690,147,0
Semantic,fr3_walking_xyz,run_04,136,0,0,636,142,0
Semantic,fr3_walking_xyz,run_04,137,0,0,615,109,0
Semantic,fr3_walking_xyz,run_04,138,0,0,688,164,0
Semantic,fr3_walking_xyz,run_04,139,0,0,695,139,0
Semantic,fr3_walking_xyz,run_04,140,0,0,693,135,0
Semantic,fr3_walking_xyz,run_04,141,0,0,747,68,0
Semantic,fr3_walking_xyz,run_04,142,0,0,667,49,0
Semantic,fr3_walking_xyz,run_04,143,0,0,701,94,0
Semantic,fr3_walking_xyz,run_04,144,0,0,611,54,0
Semantic,fr3_walking_xyz,run_04,145,0,0,642,56,0
Semantic,fr3_walking_xyz,run_04,146,0,0,611,31,0
Semantic,fr3_walking_xyz,run_04,147,0,0,666,43,0
Semantic,fr3_walking_xyz,run_04,148,0,0,691,64,0
Semantic,fr3_walking_xyz,run_04,149,0,0,664,46,0
Semantic,fr3_walking_xyz,run_04,150,0,0,653,70,0
Semantic,fr3_walking_xyz,run_04,151,0,0,656,58,0
Semantic,fr3_walking_xyz,run_04,152,0,0,689,58,0
Semantic,fr3_walking_xyz,run_04,153,0,0,744,44,0
Semantic,fr3_walking_xyz,run_04,154,0,0,655,33,0
Semantic,fr3_walking_xyz,run_04,155,0,0,677,38,0
Semantic,fr3_walking_xyz,run_04,156,0,0,754,43,0
Semantic,fr3_walking_xyz,run_04,157,0,0,796,49,0
Semantic,fr3_walking_xyz,run_04,158,0,0,783,71,0
Semantic,fr3_walking_xyz,run_04,159,0,0,862,145,0
Semantic,fr3_walking_xyz,run_04,160,0,0,811,170,0
Semantic,fr3_walking_xyz,run_04,161,0,0,806,179,0
Semantic,fr3_walking_xyz,run_04,162,0,0,886,250,0
Semantic,fr3_walking_xyz,run_04,163,0,0,925,293,0
Semantic,fr3_walking_xyz,run_04,164,0,0,946,338,0
Semantic,fr3_walking_xyz,run_04,165,0,0,1030,372,0
Semantic,fr3_walking_xyz,run_04,166,0,0,1078,380,0
Semantic,fr3_walking_xyz,run_04,167,0,0,1001,411,0
Semantic,fr3_walking_xyz,run_04,168,0,0,961,394,0
Semantic,fr3_walking_xyz,run_04,169,0,0,1024,464,0
Semantic,fr3_walking_xyz,run_04,170,0,0,1061,560,0
Semantic,fr3_walking_xyz,run_04,171,0,0,1064,482,0
Semantic,fr3_walking_xyz,run_04,172,0,0,1061,569,0
Semantic,fr3_walking_xyz,run_04,173,0,0,970,503,0
Semantic,fr3_walking_xyz,run_04,174,0,0,959,612,0
Semantic,fr3_walking_xyz,run_04,175,0,0,961,615,0
Semantic,fr3_walking_xyz,run_04,176,0,0,938,574,0
Semantic,fr3_walking_xyz,run_04,177,0,0,955,575,0
Semantic,fr3_walking_xyz,run_04,178,0,0,956,564,0
Semantic,fr3_walking_xyz,run_04,179,0,0,964,505,0
Semantic,fr3_walking_xyz,run_04,180,0,0,881,313,0
Semantic,fr3_walking_xyz,run_04,181,0,0,897,262,0
Semantic,fr3_walking_xyz,run_04,182,0,0,927,186,0
Semantic,fr3_walking_xyz,run_04,183,0,0,936,0,0
Semantic,fr3_walking_xyz,run_04,184,0,0,950,0,0
Semantic,fr3_walking_xyz,run_04,185,0,0,968,0,0
Semantic,fr3_walking_xyz,run_04,186,0,0,917,0,0
Semantic,fr3_walking_xyz,run_04,187,0,0,919,0,0
Semantic,fr3_walking_xyz,run_04,188,0,0,918,0,0
Semantic,fr3_walking_xyz,run_04,189,0,0,967,0,0
Semantic,fr3_walking_xyz,run_04,190,0,0,944,0,0
Semantic,fr3_walking_xyz,run_04,191,0,0,966,0,0
Semantic,fr3_walking_xyz,run_04,192,0,0,995,0,0
Semantic,fr3_walking_xyz,run_04,193,0,0,1039,0,0
Semantic,fr3_walking_xyz,run_04,194,0,0,1055,0,0
Semantic,fr3_walking_xyz,run_04,195,0,0,1145,0,0
Semantic,fr3_walking_xyz,run_04,196,0,0,1209,0,0
Semantic,fr3_walking_xyz,run_04,197,0,0,1303,0,0
Semantic,fr3_walking_xyz,run_04,198,0,0,1348,77,0
Semantic,fr3_walking_xyz,run_04,199,0,0,1267,201,0
Semantic,fr3_walking_xyz,run_04,200,0,0,1366,159,0
Semantic,fr3_walking_xyz,run_04,201,0,0,1408,137,0
Semantic,fr3_walking_xyz,run_04,202,0,0,1345,149,0
Semantic,fr3_walking_xyz,run_04,203,0,0,1388,164,0
Semantic,fr3_walking_xyz,run_04,204,0,0,1399,216,0
Semantic,fr3_walking_xyz,run_04,205,0,0,1505,341,0
Semantic,fr3_walking_xyz,run_04,206,0,0,1486,519,0
Semantic,fr3_walking_xyz,run_04,207,0,0,1501,372,0
Semantic,fr3_walking_xyz,run_04,208,0,0,1474,348,0
Semantic,fr3_walking_xyz,run_04,209,0,0,1553,403,0
Semantic,fr3_walking_xyz,run_04,210,0,0,1616,482,0
Semantic,fr3_walking_xyz,run_04,211,0,0,1642,450,0
Semantic,fr3_walking_xyz,run_04,212,0,0,1509,436,0
Semantic,fr3_walking_xyz,run_04,213,0,0,1634,406,0
Semantic,fr3_walking_xyz,run_04,214,0,0,1674,388,0
Semantic,fr3_walking_xyz,run_04,215,0,0,1735,411,0
Semantic,fr3_walking_xyz,run_04,216,0,0,1802,524,0
Semantic,fr3_walking_xyz,run_04,217,0,0,1753,529,0
Semantic,fr3_walking_xyz,run_04,218,0,0,1701,440,0
Semantic,fr3_walking_xyz,run_04,219,0,0,1675,407,0
Semantic,fr3_walking_xyz,run_04,220,0,0,1744,452,0
Semantic,fr3_walking_xyz,run_04,221,0,0,1761,571,0
Semantic,fr3_walking_xyz,run_04,222,0,0,1748,522,0
Semantic,fr3_walking_xyz,run_04,223,0,0,1760,507,0
Semantic,fr3_walking_xyz,run_04,224,0,0,1752,457,0
Semantic,fr3_walking_xyz,run_04,225,0,0,1736,420,0
Semantic,fr3_walking_xyz,run_04,226,0,0,1799,403,0
Semantic,fr3_walking_xyz,run_04,227,0,0,1867,383,0
Semantic,fr3_walking_xyz,run_04,228,0,0,1919,394,0
Semantic,fr3_walking_xyz,run_04,229,0,0,1907,384,0
Semantic,fr3_walking_xyz,run_04,230,0,0,1879,421,0
Semantic,fr3_walking_xyz,run_04,231,0,0,1862,514,0
Semantic,fr3_walking_xyz,run_04,232,0,0,1758,474,0
Semantic,fr3_walking_xyz,run_04,233,0,0,1728,545,0
Semantic,fr3_walking_xyz,run_04,234,0,0,1704,607,0
Semantic,fr3_walking_xyz,run_04,235,0,0,1679,603,0
Semantic,fr3_walking_xyz,run_04,236,0,0,1708,577,0
Semantic,fr3_walking_xyz,run_04,237,0,0,1691,551,0
Semantic,fr3_walking_xyz,run_04,238,0,0,1663,514,0
Semantic,fr3_walking_xyz,run_04,239,0,0,1696,480,0
Semantic,fr3_walking_xyz,run_04,240,0,0,1722,458,0
Semantic,fr3_walking_xyz,run_04,241,0,0,1733,428,0
Semantic,fr3_walking_xyz,run_04,242,0,0,1717,369,0
Semantic,fr3_walking_xyz,run_04,243,0,0,1658,332,0
Semantic,fr3_walking_xyz,run_04,244,0,0,1690,319,0
Semantic,fr3_walking_xyz,run_04,245,0,0,1698,326,0
Semantic,fr3_walking_xyz,run_04,246,0,0,1763,292,0
Semantic,fr3_walking_xyz,run_04,247,0,0,1727,276,0
Semantic,fr3_walking_xyz,run_04,248,0,0,1761,235,0
Semantic,fr3_walking_xyz,run_04,249,0,0,1740,201,0
Semantic,fr3_walking_xyz,run_04,250,0,0,1782,0,0
Semantic,fr3_walking_xyz,run_04,251,0,0,1825,0,0
Semantic,fr3_walking_xyz,run_04,252,0,0,1844,0,0
Semantic,fr3_walking_xyz,run_04,253,0,0,1846,0,0
Semantic,fr3_walking_xyz,run_04,254,0,0,1873,0,0
Semantic,fr3_walking_xyz,run_04,255,0,0,1862,0,0
Semantic,fr3_walking_xyz,run_04,256,0,0,1852,0,0
Semantic,fr3_walking_xyz,run_04,257,0,0,1846,0,0
Semantic,fr3_walking_xyz,run_04,258,0,0,1814,0,0
Semantic,fr3_walking_xyz,run_04,259,0,0,1777,0,0
Semantic,fr3_walking_xyz,run_04,260,0,0,1728,0,0
Semantic,fr3_walking_xyz,run_04,261,0,0,1691,0,0
Semantic,fr3_walking_xyz,run_04,262,0,0,1693,0,0
Semantic,fr3_walking_xyz,run_04,263,0,0,1661,0,0
Semantic,fr3_walking_xyz,run_04,264,0,0,1597,0,0
Semantic,fr3_walking_xyz,run_04,265,0,0,1614,0,0
Semantic,fr3_walking_xyz,run_04,266,0,0,1584,0,0
Semantic,fr3_walking_xyz,run_04,267,0,0,1528,0,0
Semantic,fr3_walking_xyz,run_04,268,0,0,1552,0,0
Semantic,fr3_walking_xyz,run_04,269,0,0,1601,0,0
Semantic,fr3_walking_xyz,run_04,270,0,0,1587,0,0
Semantic,fr3_walking_xyz,run_04,271,0,0,1599,0,0
Semantic,fr3_walking_xyz,run_04,272,0,0,1576,0,0
Semantic,fr3_walking_xyz,run_04,273,0,0,1571,0,0
Semantic,fr3_walking_xyz,run_04,274,0,0,1592,0,0
Semantic,fr3_walking_xyz,run_04,275,0,0,1604,0,0
Semantic,fr3_walking_xyz,run_04,276,0,0,1624,0,0
Semantic,fr3_walking_xyz,run_04,277,0,0,1675,0,0
Semantic,fr3_walking_xyz,run_04,278,0,0,1740,0,0
Semantic,fr3_walking_xyz,run_04,279,0,0,1728,0,0
Semantic,fr3_walking_xyz,run_04,280,0,0,1718,0,0
Semantic,fr3_walking_xyz,run_04,281,0,0,1728,0,0
Semantic,fr3_walking_xyz,run_04,282,0,0,1715,0,0
Semantic,fr3_walking_xyz,run_04,283,0,0,1658,0,0
Semantic,fr3_walking_xyz,run_04,284,0,0,1657,0,0
Semantic,fr3_walking_xyz,run_04,285,0,0,1663,0,0
Semantic,fr3_walking_xyz,run_04,286,0,0,1612,0,0
Semantic,fr3_walking_xyz,run_04,287,0,0,1581,0,0
Semantic,fr3_walking_xyz,run_04,288,0,0,1615,0,0
Semantic,fr3_walking_xyz,run_04,289,0,0,1624,0,0
Semantic,fr3_walking_xyz,run_04,290,0,0,1582,0,0
Semantic,fr3_walking_xyz,run_04,291,0,0,1490,0,0
Semantic,fr3_walking_xyz,run_04,292,0,0,1460,0,0
Semantic,fr3_walking_xyz,run_04,293,0,0,1463,0,0
Semantic,fr3_walking_xyz,run_04,294,0,0,1420,0,0
Semantic,fr3_walking_xyz,run_04,295,0,0,1416,0,0
Semantic,fr3_walking_xyz,run_04,296,0,0,1354,0,0
Semantic,fr3_walking_xyz,run_04,297,0,0,1335,0,0
Semantic,fr3_walking_xyz,run_04,298,0,0,1292,0,0
Semantic,fr3_walking_xyz,run_04,299,0,0,1263,0,0
Semantic,fr3_walking_xyz,run_04,300,0,0,1202,0,0
Semantic,fr3_walking_xyz,run_04,301,0,0,1205,0,0
Semantic,fr3_walking_xyz,run_04,302,0,0,1219,0,0
Semantic,fr3_walking_xyz,run_04,303,0,0,1241,0,0
Semantic,fr3_walking_xyz,run_04,304,0,0,1285,0,0
Semantic,fr3_walking_xyz,run_04,305,0,0,1319,0,0
Semantic,fr3_walking_xyz,run_04,306,0,0,1139,0,0
Semantic,fr3_walking_xyz,run_04,307,0,0,1172,0,0
Semantic,fr3_walking_xyz,run_04,308,0,0,1228,0,0
Semantic,fr3_walking_xyz,run_04,309,0,0,1286,0,0
Semantic,fr3_walking_xyz,run_04,310,0,0,1330,0,0
Semantic,fr3_walking_xyz,run_04,311,0,0,1402,0,0
Semantic,fr3_walking_xyz,run_04,312,0,0,1354,0,0
Semantic,fr3_walking_xyz,run_04,313,0,0,1401,0,0
Semantic,fr3_walking_xyz,run_04,314,0,0,1437,0,0
Semantic,fr3_walking_xyz,run_04,315,0,0,1483,0,0
Semantic,fr3_walking_xyz,run_04,316,0,0,1544,0,0
Semantic,fr3_walking_xyz,run_04,317,0,0,1587,0,0
Semantic,fr3_walking_xyz,run_04,318,0,0,1510,0,0
Semantic,fr3_walking_xyz,run_04,319,0,0,1542,0,0
Semantic,fr3_walking_xyz,run_04,320,0,0,1569,0,0
Semantic,fr3_walking_xyz,run_04,321,0,0,1676,0,0
Semantic,fr3_walking_xyz,run_04,322,0,0,1702,0,0
Semantic,fr3_walking_xyz,run_04,323,0,0,1697,0,0
Semantic,fr3_walking_xyz,run_04,324,0,0,1695,0,0
Semantic,fr3_walking_xyz,run_04,325,0,0,1702,0,0
Semantic,fr3_walking_xyz,run_04,326,0,0,1707,0,0
Semantic,fr3_walking_xyz,run_04,327,0,0,1743,0,0
Semantic,fr3_walking_xyz,run_04,328,0,0,1743,0,0
Semantic,fr3_walking_xyz,run_04,329,0,0,1746,0,0
Semantic,fr3_walking_xyz,run_04,330,0,0,1740,0,0
Semantic,fr3_walking_xyz,run_04,331,0,0,1777,0,0
Semantic,fr3_walking_xyz,run_04,332,0,0,1788,0,0
Semantic,fr3_walking_xyz,run_04,333,0,0,1751,0,0
Semantic,fr3_walking_xyz,run_04,334,0,0,1746,0,0
Semantic,fr3_walking_xyz,run_04,335,0,0,1727,0,0
Semantic,fr3_walking_xyz,run_04,336,0,0,1736,0,0
Semantic,fr3_walking_xyz,run_04,337,0,0,1740,0,0
Semantic,fr3_walking_xyz,run_04,338,0,0,1733,0,0
Semantic,fr3_walking_xyz,run_04,339,0,0,1738,0,0
Semantic,fr3_walking_xyz,run_04,340,0,0,1737,0,0
Semantic,fr3_walking_xyz,run_04,341,0,0,1724,0,0
Semantic,fr3_walking_xyz,run_04,342,0,0,1775,0,0
Semantic,fr3_walking_xyz,run_04,343,0,0,1727,0,0
Semantic,fr3_walking_xyz,run_04,344,0,0,1682,0,0
Semantic,fr3_walking_xyz,run_04,345,0,0,1668,0,0
Semantic,fr3_walking_xyz,run_04,346,0,0,1645,0,0
Semantic,fr3_walking_xyz,run_04,347,0,0,1659,0,0
Semantic,fr3_walking_xyz,run_04,348,0,0,1663,0,0
Semantic,fr3_walking_xyz,run_04,349,0,0,1641,0,0
Semantic,fr3_walking_xyz,run_04,350,0,0,1602,0,0
Semantic,fr3_walking_xyz,run_04,351,0,0,1639,0,0
Semantic,fr3_walking_xyz,run_04,352,0,0,1613,0,0
Semantic,fr3_walking_xyz,run_04,353,0,0,1614,0,0
Semantic,fr3_walking_xyz,run_04,354,0,0,1626,0,0
Semantic,fr3_walking_xyz,run_04,355,0,0,1657,50,0
Semantic,fr3_walking_xyz,run_04,356,0,0,1596,0,0
Semantic,fr3_walking_xyz,run_04,357,0,0,1566,48,0
Semantic,fr3_walking_xyz,run_04,358,0,0,1562,24,0
Semantic,fr3_walking_xyz,run_04,359,0,0,1574,16,0
Semantic,fr3_walking_xyz,run_04,360,0,0,1558,25,0
Semantic,fr3_walking_xyz,run_04,361,0,0,1558,0,0
Semantic,fr3_walking_xyz,run_04,362,0,0,1557,0,0
Semantic,fr3_walking_xyz,run_04,363,0,0,1571,0,0
Semantic,fr3_walking_xyz,run_04,364,0,0,1579,0,0
Semantic,fr3_walking_xyz,run_04,365,0,0,1637,0,0
Semantic,fr3_walking_xyz,run_04,366,0,0,1644,0,0
Semantic,fr3_walking_xyz,run_04,367,0,0,1615,0,0
Semantic,fr3_walking_xyz,run_04,368,0,0,1650,0,0
Semantic,fr3_walking_xyz,run_04,369,0,0,1638,0,0
Semantic,fr3_walking_xyz,run_04,370,0,0,1653,20,0
Semantic,fr3_walking_xyz,run_04,371,0,0,1668,0,0
Semantic,fr3_walking_xyz,run_04,372,0,0,1734,0,0
Semantic,fr3_walking_xyz,run_04,373,0,0,1753,0,0
Semantic,fr3_walking_xyz,run_04,374,0,0,1732,0,0
Semantic,fr3_walking_xyz,run_04,375,0,0,1667,0,0
Semantic,fr3_walking_xyz,run_04,376,0,0,1683,0,0
Semantic,fr3_walking_xyz,run_04,377,0,0,1766,0,0
Semantic,fr3_walking_xyz,run_04,378,0,0,1674,0,0
Semantic,fr3_walking_xyz,run_04,379,0,0,1700,0,0
Semantic,fr3_walking_xyz,run_04,380,0,0,1792,0,0
Semantic,fr3_walking_xyz,run_04,381,0,0,1879,0,0
Semantic,fr3_walking_xyz,run_04,382,0,0,1917,0,0
Semantic,fr3_walking_xyz,run_04,383,0,0,1929,0,0
Semantic,fr3_walking_xyz,run_04,384,0,0,1929,0,0
Semantic,fr3_walking_xyz,run_04,385,0,0,1858,0,0
Semantic,fr3_walking_xyz,run_04,386,0,0,2074,0,0
Semantic,fr3_walking_xyz,run_04,387,0,0,2073,0,0
Semantic,fr3_walking_xyz,run_04,388,0,0,2085,0,0
Semantic,fr3_walking_xyz,run_04,389,0,0,2246,280,0
Semantic,fr3_walking_xyz,run_04,390,0,0,1959,209,0
Semantic,fr3_walking_xyz,run_04,391,0,0,2096,365,0
Semantic,fr3_walking_xyz,run_04,392,0,0,1725,148,0
Semantic,fr3_walking_xyz,run_04,393,0,0,1723,0,0
Semantic,fr3_walking_xyz,run_04,394,0,0,1826,369,0
Semantic,fr3_walking_xyz,run_04,395,0,0,2154,420,0
Semantic,fr3_walking_xyz,run_04,396,0,0,2102,627,0
Semantic,fr3_walking_xyz,run_04,397,0,0,1832,407,0
Semantic,fr3_walking_xyz,run_04,398,0,0,1646,304,0
Semantic,fr3_walking_xyz,run_04,399,0,0,1728,359,0
Semantic,fr3_walking_xyz,run_04,400,0,0,1619,275,0
Semantic,fr3_walking_xyz,run_04,401,0,0,1730,299,0
Semantic,fr3_walking_xyz,run_04,402,0,0,1817,282,0
Semantic,fr3_walking_xyz,run_04,403,0,0,1745,249,0
Semantic,fr3_walking_xyz,run_04,404,0,0,1839,238,0
Semantic,fr3_walking_xyz,run_04,405,0,0,2011,232,0
Semantic,fr3_walking_xyz,run_04,406,0,0,2106,254,0
Semantic,fr3_walking_xyz,run_04,407,0,0,1857,177,0
Semantic,fr3_walking_xyz,run_04,408,0,0,2133,222,0
Semantic,fr3_walking_xyz,run_04,409,0,0,2121,166,0
Semantic,fr3_walking_xyz,run_04,410,0,0,2076,132,0
Semantic,fr3_walking_xyz,run_04,411,0,0,2064,212,0
Semantic,fr3_walking_xyz,run_04,412,0,0,2071,244,0
Semantic,fr3_walking_xyz,run_04,413,0,0,1828,264,0
Semantic,fr3_walking_xyz,run_04,414,0,0,1967,352,0
Semantic,fr3_walking_xyz,run_04,415,0,0,1908,447,0
Semantic,fr3_walking_xyz,run_04,416,0,0,1777,489,0
Semantic,fr3_walking_xyz,run_04,417,0,0,2099,622,0
Semantic,fr3_walking_xyz,run_04,418,0,0,2076,613,0
Semantic,fr3_walking_xyz,run_04,419,0,0,2266,637,0
Semantic,fr3_walking_xyz,run_04,420,0,0,2326,641,0
Semantic,fr3_walking_xyz,run_04,421,0,0,2086,501,0
Semantic,fr3_walking_xyz,run_04,422,0,0,2296,486,0
Semantic,fr3_walking_xyz,run_04,423,0,0,2572,543,0
Semantic,fr3_walking_xyz,run_04,424,0,0,1534,98,0
Semantic,fr3_walking_xyz,run_04,425,0,0,1845,266,0
Semantic,fr3_walking_xyz,run_04,426,0,0,1941,182,0
Semantic,fr3_walking_xyz,run_04,427,0,0,1864,177,0
Semantic,fr3_walking_xyz,run_04,428,0,0,1596,143,0
Semantic,fr3_walking_xyz,run_04,429,0,0,1824,135,0
Semantic,fr3_walking_xyz,run_04,430,0,0,1790,156,0
Semantic,fr3_walking_xyz,run_04,431,0,0,1976,144,0
Semantic,fr3_walking_xyz,run_04,432,0,0,1714,105,0
Semantic,fr3_walking_xyz,run_04,433,0,0,1956,193,0
Semantic,fr3_walking_xyz,run_04,434,0,0,2014,405,0
Semantic,fr3_walking_xyz,run_04,435,0,0,2335,734,0
Semantic,fr3_walking_xyz,run_04,436,0,0,2202,843,0
Semantic,fr3_walking_xyz,run_04,437,0,0,1682,676,0
Semantic,fr3_walking_xyz,run_04,438,0,0,1635,671,0
Semantic,fr3_walking_xyz,run_04,439,0,0,1439,578,0
Semantic,fr3_walking_xyz,run_04,440,0,0,1510,595,0
Semantic,fr3_walking_xyz,run_04,441,0,0,1481,607,0
Semantic,fr3_walking_xyz,run_04,442,0,0,1574,748,0
Semantic,fr3_walking_xyz,run_04,443,0,0,1365,516,0
Semantic,fr3_walking_xyz,run_04,444,0,0,1460,348,0
Semantic,fr3_walking_xyz,run_04,445,0,0,1480,308,0
Semantic,fr3_walking_xyz,run_04,446,0,0,2546,568,0
Semantic,fr3_walking_xyz,run_04,447,0,0,2385,499,0
Semantic,fr3_walking_xyz,run_04,448,0,0,2139,416,0
Semantic,fr3_walking_xyz,run_04,449,0,0,1765,406,0
Semantic,fr3_walking_xyz,run_04,450,0,0,1808,430,0
Semantic,fr3_walking_xyz,run_04,451,0,0,2477,469,0
Semantic,fr3_walking_xyz,run_04,452,0,0,2204,397,0
Semantic,fr3_walking_xyz,run_04,453,0,0,1317,233,0
Semantic,fr3_walking_xyz,run_04,454,0,0,1325,217,0
Semantic,fr3_walking_xyz,run_04,455,0,0,1389,206,0
Semantic,fr3_walking_xyz,run_04,456,0,0,1282,197,0
Semantic,fr3_walking_xyz,run_04,457,0,0,1246,181,0
Semantic,fr3_walking_xyz,run_04,458,0,0,2087,251,0
Semantic,fr3_walking_xyz,run_04,459,0,0,1905,231,0
Semantic,fr3_walking_xyz,run_04,460,0,0,1687,206,0
Semantic,fr3_walking_xyz,run_04,461,0,0,1407,159,0
Semantic,fr3_walking_xyz,run_04,462,0,0,1390,2,0
Semantic,fr3_walking_xyz,run_04,463,0,0,1419,1,0
Semantic,fr3_walking_xyz,run_04,464,0,0,1903,127,0
Semantic,fr3_walking_xyz,run_04,465,0,0,1893,24,0
Semantic,fr3_walking_xyz,run_04,466,0,0,1899,29,0
Semantic,fr3_walking_xyz,run_04,467,0,0,1853,47,0
Semantic,fr3_walking_xyz,run_04,468,0,0,1938,47,0
Semantic,fr3_walking_xyz,run_04,469,0,0,1931,46,0
Semantic,fr3_walking_xyz,run_04,470,0,0,2221,44,0
Semantic,fr3_walking_xyz,run_04,471,0,0,2050,45,0
Semantic,fr3_walking_xyz,run_04,472,0,0,2052,53,0
Semantic,fr3_walking_xyz,run_04,473,0,0,2001,22,0
Semantic,fr3_walking_xyz,run_04,474,0,0,1902,5,0
Semantic,fr3_walking_xyz,run_04,475,0,0,1872,32,0
Semantic,fr3_walking_xyz,run_04,476,0,0,2182,46,0
Semantic,fr3_walking_xyz,run_04,477,0,0,2027,37,0
Semantic,fr3_walking_xyz,run_04,478,0,0,2378,39,0
Semantic,fr3_walking_xyz,run_04,479,0,0,2346,49,0
Semantic,fr3_walking_xyz,run_04,480,0,0,2263,39,0
Semantic,fr3_walking_xyz,run_04,481,0,0,2278,38,0
Semantic,fr3_walking_xyz,run_04,482,0,0,2257,35,0
Semantic,fr3_walking_xyz,run_04,483,0,0,2275,29,0
Semantic,fr3_walking_xyz,run_04,484,0,0,2269,28,0
Semantic,fr3_walking_xyz,run_04,485,0,0,2180,22,0
Semantic,fr3_walking_xyz,run_04,486,0,0,1936,20,0
Semantic,fr3_walking_xyz,run_04,487,0,0,2198,21,0
Semantic,fr3_walking_xyz,run_04,488,0,0,2291,20,0
Semantic,fr3_walking_xyz,run_04,489,0,0,2404,16,0
Semantic,fr3_walking_xyz,run_04,490,0,0,2472,17,0
Semantic,fr3_walking_xyz,run_04,491,0,0,2160,8,0
Semantic,fr3_walking_xyz,run_04,492,0,0,2085,8,0
Semantic,fr3_walking_xyz,run_04,493,0,0,2081,6,0
Semantic,fr3_walking_xyz,run_04,494,0,0,2262,7,0
Semantic,fr3_walking_xyz,run_04,495,0,0,2178,5,0
Semantic,fr3_walking_xyz,run_04,496,0,0,2017,7,0
Semantic,fr3_walking_xyz,run_04,497,0,0,2214,3,0
Semantic,fr3_walking_xyz,run_04,498,0,0,2377,7,0
Semantic,fr3_walking_xyz,run_04,499,0,0,2387,6,0
Semantic,fr3_walking_xyz,run_04,500,0,0,2415,4,0
Semantic,fr3_walking_xyz,run_04,501,0,0,2489,0,0
Semantic,fr3_walking_xyz,run_04,502,0,0,2550,0,0
Semantic,fr3_walking_xyz,run_04,503,0,0,2542,0,0
Semantic,fr3_walking_xyz,run_04,504,0,0,2656,29,0
Semantic,fr3_walking_xyz,run_04,505,0,0,2601,25,0
Semantic,fr3_walking_xyz,run_04,506,0,0,2583,26,0
Semantic,fr3_walking_xyz,run_04,507,0,0,2450,46,0
Semantic,fr3_walking_xyz,run_04,508,0,0,2703,45,0
Semantic,fr3_walking_xyz,run_04,509,0,0,2717,62,0
Semantic,fr3_walking_xyz,run_04,510,0,0,2606,66,0
Semantic,fr3_walking_xyz,run_04,511,0,0,2341,102,0
Semantic,fr3_walking_xyz,run_04,512,0,0,2686,136,0
Semantic,fr3_walking_xyz,run_04,513,0,0,2699,162,0
Semantic,fr3_walking_xyz,run_04,514,0,0,2641,173,0
Semantic,fr3_walking_xyz,run_04,515,0,0,2556,202,0
Semantic,fr3_walking_xyz,run_04,516,0,0,2588,206,0
Semantic,fr3_walking_xyz,run_04,517,0,0,2711,233,0
Semantic,fr3_walking_xyz,run_04,518,0,0,2466,267,0
Semantic,fr3_walking_xyz,run_04,519,0,0,2412,289,0
Semantic,fr3_walking_xyz,run_04,520,0,0,2443,349,0
Semantic,fr3_walking_xyz,run_04,521,0,0,2536,440,0
Semantic,fr3_walking_xyz,run_04,522,0,0,2374,558,0
Semantic,fr3_walking_xyz,run_04,523,0,0,2532,701,0
Semantic,fr3_walking_xyz,run_04,524,0,0,2441,674,0
Semantic,fr3_walking_xyz,run_04,525,0,0,2480,670,0
Semantic,fr3_walking_xyz,run_04,526,0,0,2434,663,0
Semantic,fr3_walking_xyz,run_04,527,0,0,2599,622,0
Semantic,fr3_walking_xyz,run_04,528,0,0,2367,569,0
Semantic,fr3_walking_xyz,run_04,529,0,0,2311,585,0
Semantic,fr3_walking_xyz,run_04,530,0,0,2505,534,0
Semantic,fr3_walking_xyz,run_04,531,0,0,2660,514,0
Semantic,fr3_walking_xyz,run_04,532,0,0,2547,478,0
Semantic,fr3_walking_xyz,run_04,533,0,0,2574,460,0
Semantic,fr3_walking_xyz,run_04,534,0,0,2569,436,0
Semantic,fr3_walking_xyz,run_04,535,0,0,2577,431,0
Semantic,fr3_walking_xyz,run_04,536,0,0,2616,283,0
Semantic,fr3_walking_xyz,run_04,537,0,0,2685,240,0
Semantic,fr3_walking_xyz,run_04,538,0,0,2726,275,0
Semantic,fr3_walking_xyz,run_04,539,0,0,2604,280,0
Semantic,fr3_walking_xyz,run_04,540,0,0,2752,278,0
Semantic,fr3_walking_xyz,run_04,541,0,0,2693,319,0
Semantic,fr3_walking_xyz,run_04,542,0,0,2777,322,0
Semantic,fr3_walking_xyz,run_04,543,0,0,2687,293,0
Semantic,fr3_walking_xyz,run_04,544,0,0,2704,287,0
Semantic,fr3_walking_xyz,run_04,545,0,0,2721,286,0
Semantic,fr3_walking_xyz,run_04,546,0,0,2641,262,0
Semantic,fr3_walking_xyz,run_04,547,0,0,2876,218,0
Semantic,fr3_walking_xyz,run_04,548,0,0,2780,244,0
Semantic,fr3_walking_xyz,run_04,549,0,0,2696,284,0
Semantic,fr3_walking_xyz,run_04,550,0,0,2839,213,0
Semantic,fr3_walking_xyz,run_04,551,0,0,2942,334,0
Semantic,fr3_walking_xyz,run_04,552,0,0,2984,358,0
Semantic,fr3_walking_xyz,run_04,553,0,0,2860,354,0
Semantic,fr3_walking_xyz,run_04,554,0,0,2963,396,0
Semantic,fr3_walking_xyz,run_04,555,0,0,2851,554,0
Semantic,fr3_walking_xyz,run_04,556,0,0,2835,486,0
Semantic,fr3_walking_xyz,run_04,557,0,0,2865,524,0
Semantic,fr3_walking_xyz,run_04,558,0,0,2846,554,0
Semantic,fr3_walking_xyz,run_04,559,0,0,2915,558,0
Semantic,fr3_walking_xyz,run_04,560,0,0,2920,568,0
Semantic,fr3_walking_xyz,run_04,561,0,0,3172,575,0
Semantic,fr3_walking_xyz,run_04,562,0,0,3175,663,0
Semantic,fr3_walking_xyz,run_04,563,0,0,3207,716,0
Semantic,fr3_walking_xyz,run_04,564,0,0,3223,735,0
Semantic,fr3_walking_xyz,run_04,565,0,0,2995,697,0
Semantic,fr3_walking_xyz,run_04,566,0,0,2902,672,0
Semantic,fr3_walking_xyz,run_04,567,0,0,3248,696,0
Semantic,fr3_walking_xyz,run_04,568,0,0,2994,726,0
Semantic,fr3_walking_xyz,run_04,569,0,0,2549,573,0
Semantic,fr3_walking_xyz,run_04,570,0,0,2128,323,0
Semantic,fr3_walking_xyz,run_04,571,0,0,2150,412,0
Semantic,fr3_walking_xyz,run_04,572,0,0,2164,382,0
Semantic,fr3_walking_xyz,run_04,573,0,0,2201,388,0
Semantic,fr3_walking_xyz,run_04,574,0,0,2195,234,0
Semantic,fr3_walking_xyz,run_04,575,0,0,2907,473,0
Semantic,fr3_walking_xyz,run_04,576,0,0,2189,232,0
Semantic,fr3_walking_xyz,run_04,577,0,0,2980,601,0
Semantic,fr3_walking_xyz,run_04,578,0,0,2367,264,0
Semantic,fr3_walking_xyz,run_04,579,0,0,2498,271,0
Semantic,fr3_walking_xyz,run_04,580,0,0,2453,322,0
Semantic,fr3_walking_xyz,run_04,581,0,0,2305,323,0
Semantic,fr3_walking_xyz,run_04,582,0,0,2086,222,0
Semantic,fr3_walking_xyz,run_04,583,0,0,2039,251,0
Semantic,fr3_walking_xyz,run_04,584,0,0,2119,254,0
Semantic,fr3_walking_xyz,run_04,585,0,0,2133,297,0
Semantic,fr3_walking_xyz,run_04,586,0,0,1902,175,0
Semantic,fr3_walking_xyz,run_04,587,0,0,1640,142,0
Semantic,fr3_walking_xyz,run_04,588,0,0,1389,172,0
Semantic,fr3_walking_xyz,run_04,589,0,0,1572,233,0
Semantic,fr3_walking_xyz,run_04,590,0,0,1752,540,0
Semantic,fr3_walking_xyz,run_04,591,0,0,3492,1369,0
Semantic,fr3_walking_xyz,run_04,592,0,0,2692,1085,0
Semantic,fr3_walking_xyz,run_04,593,0,0,3444,1420,0
Semantic,fr3_walking_xyz,run_04,594,0,0,3360,1371,0
Semantic,fr3_walking_xyz,run_04,595,0,0,2845,1086,0
Semantic,fr3_walking_xyz,run_04,596,0,0,3168,1479,0
Semantic,fr3_walking_xyz,run_04,597,0,0,3237,1453,0
Semantic,fr3_walking_xyz,run_04,598,0,0,3032,1260,0
Semantic,fr3_walking_xyz,run_04,599,0,0,3061,1268,0
Semantic,fr3_walking_xyz,run_04,600,0,0,1766,549,0
Semantic,fr3_walking_xyz,run_04,601,0,0,2809,1491,0
Semantic,fr3_walking_xyz,run_04,602,0,0,2786,1508,0
Semantic,fr3_walking_xyz,run_04,603,0,0,2753,1470,0
Semantic,fr3_walking_xyz,run_04,604,0,0,2747,1609,0
Semantic,fr3_walking_xyz,run_04,605,0,0,2736,1602,0
Semantic,fr3_walking_xyz,run_04,606,0,0,2658,1670,0
Semantic,fr3_walking_xyz,run_04,607,0,0,2646,1510,0
Semantic,fr3_walking_xyz,run_04,608,0,0,2781,1540,0
Semantic,fr3_walking_xyz,run_04,609,0,0,2780,1527,0
Semantic,fr3_walking_xyz,run_04,610,0,0,2644,1533,0
Semantic,fr3_walking_xyz,run_04,611,0,0,2624,1581,0
Semantic,fr3_walking_xyz,run_04,612,0,0,2583,1516,0
Semantic,fr3_walking_xyz,run_04,613,0,0,1684,763,0
Semantic,fr3_walking_xyz,run_04,614,0,0,2442,1451,0
Semantic,fr3_walking_xyz,run_04,615,0,0,2493,1480,0
Semantic,fr3_walking_xyz,run_04,616,0,0,2510,1468,0
Semantic,fr3_walking_xyz,run_04,617,0,0,2996,1641,0
Semantic,fr3_walking_xyz,run_04,618,0,0,2387,1409,0
Semantic,fr3_walking_xyz,run_04,619,0,0,2564,1573,0
Semantic,fr3_walking_xyz,run_04,620,0,0,2382,1524,0
Semantic,fr3_walking_xyz,run_04,621,0,0,2757,1712,0
Semantic,fr3_walking_xyz,run_04,622,0,0,2717,1621,0
Semantic,fr3_walking_xyz,run_04,623,0,0,2818,1611,0
Semantic,fr3_walking_xyz,run_04,624,0,0,2456,1169,0
Semantic,fr3_walking_xyz,run_04,625,0,0,2836,1518,0
Semantic,fr3_walking_xyz,run_04,626,0,0,2844,1521,0
Semantic,fr3_walking_xyz,run_04,627,0,0,2390,1190,0
Semantic,fr3_walking_xyz,run_04,628,0,0,2172,1258,0
Semantic,fr3_walking_xyz,run_04,629,0,0,1834,892,0
Semantic,fr3_walking_xyz,run_04,630,0,0,2657,1498,0
Semantic,fr3_walking_xyz,run_04,631,0,0,2694,1506,0
Semantic,fr3_walking_xyz,run_04,632,0,0,2168,1108,0
Semantic,fr3_walking_xyz,run_04,633,0,0,2785,1690,0
Semantic,fr3_walking_xyz,run_04,634,0,0,2950,1624,0
Semantic,fr3_walking_xyz,run_04,635,0,0,3056,1708,0
Semantic,fr3_walking_xyz,run_04,636,0,0,3086,1723,0
Semantic,fr3_walking_xyz,run_04,637,0,0,2881,1524,0
Semantic,fr3_walking_xyz,run_04,638,0,0,3202,1637,0
Semantic,fr3_walking_xyz,run_04,639,0,0,3203,1713,0
Semantic,fr3_walking_xyz,run_04,640,0,0,3127,1641,0
Semantic,fr3_walking_xyz,run_04,641,0,0,2803,1332,0
Semantic,fr3_walking_xyz,run_04,642,0,0,2799,1121,0
Semantic,fr3_walking_xyz,run_04,643,0,0,2821,1187,0
Semantic,fr3_walking_xyz,run_04,644,0,0,2625,885,0
Semantic,fr3_walking_xyz,run_04,645,0,0,2636,982,0
Semantic,fr3_walking_xyz,run_04,646,0,0,2643,858,0
Semantic,fr3_walking_xyz,run_04,647,0,0,2769,1033,0
Semantic,fr3_walking_xyz,run_04,648,0,0,2694,916,0
Semantic,fr3_walking_xyz,run_04,649,0,0,2732,906,0
Semantic,fr3_walking_xyz,run_04,650,0,0,2881,943,0
Semantic,fr3_walking_xyz,run_04,651,0,0,2559,632,0
Semantic,fr3_walking_xyz,run_04,652,0,0,2914,774,0
Semantic,fr3_walking_xyz,run_04,653,0,0,2692,632,0
Semantic,fr3_walking_xyz,run_04,654,0,0,3356,905,0
Semantic,fr3_walking_xyz,run_04,655,0,0,3150,706,0
Semantic,fr3_walking_xyz,run_04,656,0,0,3280,851,0
Semantic,fr3_walking_xyz,run_04,657,0,0,2884,538,0
Semantic,fr3_walking_xyz,run_04,658,0,0,3253,731,0
Semantic,fr3_walking_xyz,run_04,659,0,0,3316,728,0
Semantic,fr3_walking_xyz,run_04,660,0,0,3374,771,0
Semantic,fr3_walking_xyz,run_04,661,0,0,3312,711,0
Semantic,fr3_walking_xyz,run_04,662,0,0,3087,693,0
Semantic,fr3_walking_xyz,run_04,663,0,0,3007,519,0
Semantic,fr3_walking_xyz,run_04,664,0,0,3049,497,0
Semantic,fr3_walking_xyz,run_04,665,0,0,2859,410,0
Semantic,fr3_walking_xyz,run_04,666,0,0,2868,908,0
Semantic,fr3_walking_xyz,run_04,667,0,0,2923,957,0
Semantic,fr3_walking_xyz,run_04,668,0,0,2702,833,0
Semantic,fr3_walking_xyz,run_04,669,0,0,2803,893,0
Semantic,fr3_walking_xyz,run_04,670,0,0,2684,841,0
Semantic,fr3_walking_xyz,run_04,671,0,0,2690,792,0
Semantic,fr3_walking_xyz,run_04,672,0,0,2738,787,0
Semantic,fr3_walking_xyz,run_04,673,0,0,2151,466,0
Semantic,fr3_walking_xyz,run_04,674,0,0,2206,480,0
Semantic,fr3_walking_xyz,run_04,675,0,0,2297,468,0
Semantic,fr3_walking_xyz,run_04,676,0,0,2319,459,0
Semantic,fr3_walking_xyz,run_04,677,0,0,2360,422,0
Semantic,fr3_walking_xyz,run_04,678,0,0,2333,344,0
Semantic,fr3_walking_xyz,run_04,679,0,0,2318,341,0
Semantic,fr3_walking_xyz,run_04,680,0,0,2383,287,0
Semantic,fr3_walking_xyz,run_04,681,0,0,2371,380,0
Semantic,fr3_walking_xyz,run_04,682,0,0,2533,446,0
Semantic,fr3_walking_xyz,run_04,683,0,0,2650,533,0
Semantic,fr3_walking_xyz,run_04,684,0,0,2511,654,0
Semantic,fr3_walking_xyz,run_04,685,0,0,2361,770,0
Semantic,fr3_walking_xyz,run_04,686,0,0,2479,679,0
Semantic,fr3_walking_xyz,run_04,687,0,0,2499,861,0
Semantic,fr3_walking_xyz,run_04,688,0,0,2490,927,0
Semantic,fr3_walking_xyz,run_04,689,0,0,2228,820,0
Semantic,fr3_walking_xyz,run_04,690,0,0,2874,1224,0
Semantic,fr3_walking_xyz,run_04,691,0,0,2715,1069,0
Semantic,fr3_walking_xyz,run_04,692,0,0,2331,830,0
Semantic,fr3_walking_xyz,run_04,693,0,0,2495,989,0
Semantic,fr3_walking_xyz,run_04,694,0,0,2507,833,0
Semantic,fr3_walking_xyz,run_04,695,0,0,2566,997,0
Semantic,fr3_walking_xyz,run_04,696,0,0,2547,1186,0
Semantic,fr3_walking_xyz,run_04,697,0,0,2553,1241,0
Semantic,fr3_walking_xyz,run_04,698,0,0,2545,1261,0
Semantic,fr3_walking_xyz,run_04,699,0,0,2792,1414,0
Semantic,fr3_walking_xyz,run_04,700,0,0,2704,1279,0
Semantic,fr3_walking_xyz,run_04,701,0,0,2554,1225,0
Semantic,fr3_walking_xyz,run_04,702,0,0,2405,1110,0
Semantic,fr3_walking_xyz,run_04,703,0,0,2424,1133,0
Semantic,fr3_walking_xyz,run_04,704,0,0,2478,1103,0
Semantic,fr3_walking_xyz,run_04,705,0,0,2496,1087,0
Semantic,fr3_walking_xyz,run_04,706,0,0,3282,1375,0
Semantic,fr3_walking_xyz,run_04,707,0,0,3214,1449,0
Semantic,fr3_walking_xyz,run_04,708,0,0,3571,1788,0
Semantic,fr3_walking_xyz,run_04,709,0,0,2596,1033,0
Semantic,fr3_walking_xyz,run_04,710,0,0,2376,926,0
Semantic,fr3_walking_xyz,run_04,711,0,0,3429,1420,0
Semantic,fr3_walking_xyz,run_04,712,0,0,2775,1056,0
Semantic,fr3_walking_xyz,run_04,713,0,0,2793,1160,0
Semantic,fr3_walking_xyz,run_04,714,0,0,3121,1390,0
Semantic,fr3_walking_xyz,run_04,715,0,0,3115,1190,0
Semantic,fr3_walking_xyz,run_04,716,0,0,2880,1281,0
Semantic,fr3_walking_xyz,run_04,717,0,0,2938,1329,0
Semantic,fr3_walking_xyz,run_04,718,0,0,2931,1350,0
Semantic,fr3_walking_xyz,run_04,719,0,0,2869,1270,0
Semantic,fr3_walking_xyz,run_04,720,0,0,2915,1319,0
Semantic,fr3_walking_xyz,run_04,721,0,0,3703,1748,0
Semantic,fr3_walking_xyz,run_04,722,0,0,3747,1612,0
Semantic,fr3_walking_xyz,run_04,723,0,0,4040,1904,0
Semantic,fr3_walking_xyz,run_04,724,0,0,4143,1972,0
Semantic,fr3_walking_xyz,run_04,725,0,0,3983,1855,0
Semantic,fr3_walking_xyz,run_04,726,0,0,4006,1866,0
Semantic,fr3_walking_xyz,run_04,727,0,0,4104,1936,0
Semantic,fr3_walking_xyz,run_04,728,0,0,4247,2029,0
Semantic,fr3_walking_xyz,run_04,729,0,0,4255,1999,0
Semantic,fr3_walking_xyz,run_04,730,0,0,3953,1846,0
Semantic,fr3_walking_xyz,run_04,731,0,0,3853,1721,0
Semantic,fr3_walking_xyz,run_04,732,0,0,4051,1774,0
Semantic,fr3_walking_xyz,run_04,733,0,0,4187,1776,0
Semantic,fr3_walking_xyz,run_04,734,0,0,4004,1643,0
Semantic,fr3_walking_xyz,run_04,735,0,0,3954,1536,0
Semantic,fr3_walking_xyz,run_04,736,0,0,3944,1644,0
Semantic,fr3_walking_xyz,run_04,737,0,0,4152,1685,0
Semantic,fr3_walking_xyz,run_04,738,0,0,3866,1577,0
Semantic,fr3_walking_xyz,run_04,739,0,0,3759,1455,0
Semantic,fr3_walking_xyz,run_04,740,0,0,3672,1331,0
Semantic,fr3_walking_xyz,run_04,741,0,0,3977,1404,0
Semantic,fr3_walking_xyz,run_04,742,0,0,3679,1182,0
Semantic,fr3_walking_xyz,run_04,743,0,0,2714,831,0
Semantic,fr3_walking_xyz,run_04,744,0,0,3377,1049,0
Semantic,fr3_walking_xyz,run_04,745,0,0,3404,1011,0
Semantic,fr3_walking_xyz,run_04,746,0,0,3425,1022,0
Semantic,fr3_walking_xyz,run_04,747,0,0,3786,1216,0
Semantic,fr3_walking_xyz,run_04,748,0,0,3436,1034,0
Semantic,fr3_walking_xyz,run_04,749,0,0,4520,1687,0
Semantic,fr3_walking_xyz,run_04,750,0,0,4041,1391,0
Semantic,fr3_walking_xyz,run_04,751,0,0,3717,1316,0
Semantic,fr3_walking_xyz,run_04,752,0,0,3376,1233,0
Semantic,fr3_walking_xyz,run_04,753,0,0,2893,947,0
Semantic,fr3_walking_xyz,run_04,754,0,0,3494,1251,0
Semantic,fr3_walking_xyz,run_04,755,0,0,3504,1317,0
Semantic,fr3_walking_xyz,run_04,756,0,0,3122,1217,0
Semantic,fr3_walking_xyz,run_04,757,0,0,2955,1171,0
Semantic,fr3_walking_xyz,run_04,758,0,0,2970,1107,0
Semantic,fr3_walking_xyz,run_04,759,0,0,3551,1294,0
Semantic,fr3_walking_xyz,run_04,760,0,0,2984,958,0
Semantic,fr3_walking_xyz,run_04,761,0,0,2982,884,0
Semantic,fr3_walking_xyz,run_04,762,0,0,2988,893,0
Semantic,fr3_walking_xyz,run_04,763,0,0,3943,1370,0
Semantic,fr3_walking_xyz,run_04,764,0,0,3949,1362,0
Semantic,fr3_walking_xyz,run_04,765,0,0,4063,1476,0
Semantic,fr3_walking_xyz,run_04,766,0,0,3375,1013,0
Semantic,fr3_walking_xyz,run_04,767,0,0,4305,1382,0
Semantic,fr3_walking_xyz,run_04,768,0,0,4186,1324,0
Semantic,fr3_walking_xyz,run_04,769,0,0,4623,1646,0
Semantic,fr3_walking_xyz,run_04,770,0,0,4612,2078,0
Semantic,fr3_walking_xyz,run_04,771,0,0,3708,1345,0
Semantic,fr3_walking_xyz,run_04,772,0,0,3423,1127,0
Semantic,fr3_walking_xyz,run_04,773,0,0,3458,1246,0
Semantic,fr3_walking_xyz,run_04,774,0,0,3206,1127,0
Semantic,fr3_walking_xyz,run_04,775,0,0,3402,1204,0
Semantic,fr3_walking_xyz,run_04,776,0,0,3681,1281,0
Semantic,fr3_walking_xyz,run_04,777,0,0,3366,1116,0
Semantic,fr3_walking_xyz,run_04,778,0,0,2181,514,0
Semantic,fr3_walking_xyz,run_04,779,0,0,2693,713,0
Semantic,fr3_walking_xyz,run_04,780,0,0,2667,643,0
Semantic,fr3_walking_xyz,run_04,781,0,0,2894,767,0
Semantic,fr3_walking_xyz,run_04,782,0,0,2706,650,0
Semantic,fr3_walking_xyz,run_04,783,0,0,2106,350,0
Semantic,fr3_walking_xyz,run_04,784,0,0,3272,807,0
Semantic,fr3_walking_xyz,run_04,785,0,0,3584,947,0
Semantic,fr3_walking_xyz,run_04,786,0,0,2683,645,0
Semantic,fr3_walking_xyz,run_04,787,0,0,2386,519,0
Semantic,fr3_walking_xyz,run_04,788,0,0,3746,1080,0
Semantic,fr3_walking_xyz,run_04,789,0,0,3131,738,0
Semantic,fr3_walking_xyz,run_04,790,0,0,3321,1591,0
Semantic,fr3_walking_xyz,run_04,791,0,0,4094,897,0
Semantic,fr3_walking_xyz,run_04,792,0,0,4119,1168,0
Semantic,fr3_walking_xyz,run_04,793,0,0,3688,1243,0
Semantic,fr3_walking_xyz,run_04,794,0,0,3818,2025,0
Semantic,fr3_walking_xyz,run_04,795,0,0,3520,1678,0
Semantic,fr3_walking_xyz,run_04,796,0,0,3440,1640,0
Semantic,fr3_walking_xyz,run_04,797,0,0,3864,1780,0
Semantic,fr3_walking_xyz,run_04,798,0,0,4109,2043,0
Semantic,fr3_walking_xyz,run_04,799,0,0,3283,1535,0
Semantic,fr3_walking_xyz,run_04,800,0,0,3954,1955,0
Semantic,fr3_walking_xyz,run_04,801,0,0,3175,1422,0
Semantic,fr3_walking_xyz,run_04,802,0,0,4054,1922,0
Semantic,fr3_walking_xyz,run_04,803,0,0,4132,1866,0
Semantic,fr3_walking_xyz,run_04,804,0,0,3696,1656,0
Semantic,fr3_walking_xyz,run_04,805,0,0,4822,2089,0
Semantic,fr3_walking_xyz,run_04,806,0,0,3688,1600,0
Semantic,fr3_walking_xyz,run_04,807,0,0,3179,1301,0
Semantic,fr3_walking_xyz,run_04,808,0,0,3686,1449,0
Semantic,fr3_walking_xyz,run_04,809,0,0,3603,1296,0
Semantic,fr3_walking_xyz,run_04,810,0,0,4649,1752,0
Semantic,fr3_walking_xyz,run_04,811,0,0,3458,1184,0
Semantic,fr3_walking_xyz,run_04,812,0,0,4264,1669,0
Semantic,fr3_walking_xyz,run_04,813,0,0,3952,1515,0
Semantic,fr3_walking_xyz,run_04,814,0,0,3479,1357,0
Semantic,fr3_walking_xyz,run_04,815,0,0,3967,1801,0
Semantic,fr3_walking_xyz,run_04,816,0,0,3862,1781,0
Semantic,fr3_walking_xyz,run_04,817,0,0,3492,1664,0
Semantic,fr3_walking_xyz,run_04,818,0,0,3499,1761,0
Semantic,fr3_walking_xyz,run_04,819,0,0,3494,1786,0
Semantic,fr3_walking_xyz,run_04,820,0,0,3505,1787,0
Semantic,fr3_walking_xyz,run_04,821,0,0,3676,1978,0
Semantic,fr3_walking_xyz,run_04,822,0,0,4286,2245,0
Semantic,fr3_walking_xyz,run_04,823,0,0,4533,2503,0
Semantic,fr3_walking_xyz,run_04,824,0,0,4827,2670,0
Semantic,fr3_walking_xyz,run_04,825,0,0,4415,2259,0
Semantic,fr3_walking_xyz,run_04,826,0,0,4310,2229,0
Semantic,fr3_walking_xyz,run_05,1,0,0,251,14,0
Semantic,fr3_walking_xyz,run_05,2,0,0,447,7,0
Semantic,fr3_walking_xyz,run_05,3,0,0,472,11,0
Semantic,fr3_walking_xyz,run_05,4,0,0,445,9,0
Semantic,fr3_walking_xyz,run_05,5,0,0,458,17,0
Semantic,fr3_walking_xyz,run_05,6,0,0,456,8,0
Semantic,fr3_walking_xyz,run_05,7,0,0,461,11,0
Semantic,fr3_walking_xyz,run_05,8,0,0,398,3,0
Semantic,fr3_walking_xyz,run_05,9,0,0,383,7,0
Semantic,fr3_walking_xyz,run_05,10,0,0,477,18,0
Semantic,fr3_walking_xyz,run_05,11,0,0,442,16,0
Semantic,fr3_walking_xyz,run_05,12,0,0,584,33,0
Semantic,fr3_walking_xyz,run_05,13,0,0,474,8,0
Semantic,fr3_walking_xyz,run_05,14,0,0,574,12,0
Semantic,fr3_walking_xyz,run_05,15,0,0,580,19,0
Semantic,fr3_walking_xyz,run_05,16,0,0,546,187,0
Semantic,fr3_walking_xyz,run_05,17,0,0,381,104,0
Semantic,fr3_walking_xyz,run_05,18,0,0,468,105,0
Semantic,fr3_walking_xyz,run_05,19,0,0,466,102,0
Semantic,fr3_walking_xyz,run_05,20,0,0,452,101,0
Semantic,fr3_walking_xyz,run_05,21,0,0,467,96,0
Semantic,fr3_walking_xyz,run_05,22,0,0,362,72,0
Semantic,fr3_walking_xyz,run_05,23,0,0,427,73,0
Semantic,fr3_walking_xyz,run_05,24,0,0,441,72,0
Semantic,fr3_walking_xyz,run_05,25,0,0,432,67,0
Semantic,fr3_walking_xyz,run_05,26,0,0,417,82,0
Semantic,fr3_walking_xyz,run_05,27,0,0,476,80,0
Semantic,fr3_walking_xyz,run_05,28,0,0,478,69,0
Semantic,fr3_walking_xyz,run_05,29,0,0,501,63,0
Semantic,fr3_walking_xyz,run_05,30,0,0,419,57,0
Semantic,fr3_walking_xyz,run_05,31,0,0,468,62,0
Semantic,fr3_walking_xyz,run_05,32,0,0,447,69,0
Semantic,fr3_walking_xyz,run_05,33,0,0,521,94,0
Semantic,fr3_walking_xyz,run_05,34,0,0,468,89,0
Semantic,fr3_walking_xyz,run_05,35,0,0,522,76,0
Semantic,fr3_walking_xyz,run_05,36,0,0,498,109,0
Semantic,fr3_walking_xyz,run_05,37,0,0,492,88,0
Semantic,fr3_walking_xyz,run_05,38,0,0,524,88,0
Semantic,fr3_walking_xyz,run_05,39,0,0,474,62,0
Semantic,fr3_walking_xyz,run_05,40,0,0,486,73,0
Semantic,fr3_walking_xyz,run_05,41,0,0,480,89,0
Semantic,fr3_walking_xyz,run_05,42,0,0,498,89,0
Semantic,fr3_walking_xyz,run_05,43,0,0,488,87,0
Semantic,fr3_walking_xyz,run_05,44,0,0,494,94,0
Semantic,fr3_walking_xyz,run_05,45,0,0,515,94,0
Semantic,fr3_walking_xyz,run_05,46,0,0,439,68,0
Semantic,fr3_walking_xyz,run_05,47,0,0,451,58,0
Semantic,fr3_walking_xyz,run_05,48,0,0,522,71,0
Semantic,fr3_walking_xyz,run_05,49,0,0,524,69,0
Semantic,fr3_walking_xyz,run_05,50,0,0,561,112,0
Semantic,fr3_walking_xyz,run_05,51,0,0,497,96,0
Semantic,fr3_walking_xyz,run_05,52,0,0,493,97,0
Semantic,fr3_walking_xyz,run_05,53,0,0,542,91,0
Semantic,fr3_walking_xyz,run_05,54,0,0,537,74,0
Semantic,fr3_walking_xyz,run_05,55,0,0,510,71,0
Semantic,fr3_walking_xyz,run_05,56,0,0,470,84,0
Semantic,fr3_walking_xyz,run_05,57,0,0,497,86,0
Semantic,fr3_walking_xyz,run_05,58,0,0,475,80,0
Semantic,fr3_walking_xyz,run_05,59,0,0,467,63,0
Semantic,fr3_walking_xyz,run_05,60,0,0,475,66,0
Semantic,fr3_walking_xyz,run_05,61,0,0,406,40,0
Semantic,fr3_walking_xyz,run_05,62,0,0,436,45,0
Semantic,fr3_walking_xyz,run_05,63,0,0,503,43,0
Semantic,fr3_walking_xyz,run_05,64,0,0,490,52,0
Semantic,fr3_walking_xyz,run_05,65,0,0,500,55,0
Semantic,fr3_walking_xyz,run_05,66,0,0,496,49,0
Semantic,fr3_walking_xyz,run_05,67,0,0,430,47,0
Semantic,fr3_walking_xyz,run_05,68,0,0,482,48,0
Semantic,fr3_walking_xyz,run_05,69,0,0,503,54,0
Semantic,fr3_walking_xyz,run_05,70,0,0,499,56,0
Semantic,fr3_walking_xyz,run_05,71,0,0,447,43,0
Semantic,fr3_walking_xyz,run_05,72,0,0,519,47,0
Semantic,fr3_walking_xyz,run_05,73,0,0,541,62,0
Semantic,fr3_walking_xyz,run_05,74,0,0,487,87,0
Semantic,fr3_walking_xyz,run_05,75,0,0,546,100,0
Semantic,fr3_walking_xyz,run_05,76,0,0,493,88,0
Semantic,fr3_walking_xyz,run_05,77,0,0,538,83,0
Semantic,fr3_walking_xyz,run_05,78,0,0,576,74,0
Semantic,fr3_walking_xyz,run_05,79,0,0,559,90,0
Semantic,fr3_walking_xyz,run_05,80,0,0,573,96,0
Semantic,fr3_walking_xyz,run_05,81,0,0,564,117,0
Semantic,fr3_walking_xyz,run_05,82,0,0,519,71,0
Semantic,fr3_walking_xyz,run_05,83,0,0,584,71,0
Semantic,fr3_walking_xyz,run_05,84,0,0,566,77,0
Semantic,fr3_walking_xyz,run_05,85,0,0,598,94,0
Semantic,fr3_walking_xyz,run_05,86,0,0,555,73,0
Semantic,fr3_walking_xyz,run_05,87,0,0,547,73,0
Semantic,fr3_walking_xyz,run_05,88,0,0,573,90,0
Semantic,fr3_walking_xyz,run_05,89,0,0,546,94,0
Semantic,fr3_walking_xyz,run_05,90,0,0,571,75,0
Semantic,fr3_walking_xyz,run_05,91,0,0,571,70,0
Semantic,fr3_walking_xyz,run_05,92,0,0,552,64,0
Semantic,fr3_walking_xyz,run_05,93,0,0,573,70,0
Semantic,fr3_walking_xyz,run_05,94,0,0,570,70,0
Semantic,fr3_walking_xyz,run_05,95,0,0,564,53,0
Semantic,fr3_walking_xyz,run_05,96,0,0,629,47,0
Semantic,fr3_walking_xyz,run_05,97,0,0,616,42,0
Semantic,fr3_walking_xyz,run_05,98,0,0,637,50,0
Semantic,fr3_walking_xyz,run_05,99,0,0,643,50,0
Semantic,fr3_walking_xyz,run_05,100,0,0,639,47,0
Semantic,fr3_walking_xyz,run_05,101,0,0,625,49,0
Semantic,fr3_walking_xyz,run_05,102,0,0,649,39,0
Semantic,fr3_walking_xyz,run_05,103,0,0,699,60,0
Semantic,fr3_walking_xyz,run_05,104,0,0,723,49,0
Semantic,fr3_walking_xyz,run_05,105,0,0,574,33,0
Semantic,fr3_walking_xyz,run_05,106,0,0,587,39,0
Semantic,fr3_walking_xyz,run_05,107,0,0,667,43,0
Semantic,fr3_walking_xyz,run_05,108,0,0,606,60,0
Semantic,fr3_walking_xyz,run_05,109,0,0,591,60,0
Semantic,fr3_walking_xyz,run_05,110,0,0,590,64,0
Semantic,fr3_walking_xyz,run_05,111,0,0,658,78,0
Semantic,fr3_walking_xyz,run_05,112,0,0,632,90,0
Semantic,fr3_walking_xyz,run_05,113,0,0,608,84,0
Semantic,fr3_walking_xyz,run_05,114,0,0,644,103,0
Semantic,fr3_walking_xyz,run_05,115,0,0,613,112,0
Semantic,fr3_walking_xyz,run_05,116,0,0,640,87,0
Semantic,fr3_walking_xyz,run_05,117,0,0,644,83,0
Semantic,fr3_walking_xyz,run_05,118,0,0,615,80,0
Semantic,fr3_walking_xyz,run_05,119,0,0,620,84,0
Semantic,fr3_walking_xyz,run_05,120,0,0,628,68,0
Semantic,fr3_walking_xyz,run_05,121,0,0,628,59,0
Semantic,fr3_walking_xyz,run_05,122,0,0,598,63,0
Semantic,fr3_walking_xyz,run_05,123,0,0,619,116,0
Semantic,fr3_walking_xyz,run_05,124,0,0,634,116,0
Semantic,fr3_walking_xyz,run_05,125,0,0,635,113,0
Semantic,fr3_walking_xyz,run_05,126,0,0,631,114,0
Semantic,fr3_walking_xyz,run_05,127,0,0,652,142,0
Semantic,fr3_walking_xyz,run_05,128,0,0,666,127,0
Semantic,fr3_walking_xyz,run_05,129,0,0,679,113,0
Semantic,fr3_walking_xyz,run_05,130,0,0,661,100,0
Semantic,fr3_walking_xyz,run_05,131,0,0,659,94,0
Semantic,fr3_walking_xyz,run_05,132,0,0,665,91,0
Semantic,fr3_walking_xyz,run_05,133,0,0,658,88,0
Semantic,fr3_walking_xyz,run_05,134,0,0,671,84,0
Semantic,fr3_walking_xyz,run_05,135,0,0,680,131,0
Semantic,fr3_walking_xyz,run_05,136,0,0,683,126,0
Semantic,fr3_walking_xyz,run_05,137,0,0,690,114,0
Semantic,fr3_walking_xyz,run_05,138,0,0,727,169,0
Semantic,fr3_walking_xyz,run_05,139,0,0,737,143,0
Semantic,fr3_walking_xyz,run_05,140,0,0,737,146,0
Semantic,fr3_walking_xyz,run_05,141,0,0,750,63,0
Semantic,fr3_walking_xyz,run_05,142,0,0,696,44,0
Semantic,fr3_walking_xyz,run_05,143,0,0,708,74,0
Semantic,fr3_walking_xyz,run_05,144,0,0,704,85,0
Semantic,fr3_walking_xyz,run_05,145,0,0,721,86,0
Semantic,fr3_walking_xyz,run_05,146,0,0,715,48,0
Semantic,fr3_walking_xyz,run_05,147,0,0,665,46,0
Semantic,fr3_walking_xyz,run_05,148,0,0,660,62,0
Semantic,fr3_walking_xyz,run_05,149,0,0,696,49,0
Semantic,fr3_walking_xyz,run_05,150,0,0,684,77,0
Semantic,fr3_walking_xyz,run_05,151,0,0,682,62,0
Semantic,fr3_walking_xyz,run_05,152,0,0,693,62,0
Semantic,fr3_walking_xyz,run_05,153,0,0,665,52,0
Semantic,fr3_walking_xyz,run_05,154,0,0,636,35,0
Semantic,fr3_walking_xyz,run_05,155,0,0,673,37,0
Semantic,fr3_walking_xyz,run_05,156,0,0,775,45,0
Semantic,fr3_walking_xyz,run_05,157,0,0,752,45,0
Semantic,fr3_walking_xyz,run_05,158,0,0,794,73,0
Semantic,fr3_walking_xyz,run_05,159,0,0,788,129,0
Semantic,fr3_walking_xyz,run_05,160,0,0,818,156,0
Semantic,fr3_walking_xyz,run_05,161,0,0,768,176,0
Semantic,fr3_walking_xyz,run_05,162,0,0,841,254,0
Semantic,fr3_walking_xyz,run_05,163,0,0,873,277,0
Semantic,fr3_walking_xyz,run_05,164,0,0,933,323,0
Semantic,fr3_walking_xyz,run_05,165,0,0,961,345,0
Semantic,fr3_walking_xyz,run_05,166,0,0,1035,349,0
Semantic,fr3_walking_xyz,run_05,167,0,0,1004,368,0
Semantic,fr3_walking_xyz,run_05,168,0,0,982,343,0
Semantic,fr3_walking_xyz,run_05,169,0,0,956,437,0
Semantic,fr3_walking_xyz,run_05,170,0,0,1009,540,0
Semantic,fr3_walking_xyz,run_05,171,0,0,1013,471,0
Semantic,fr3_walking_xyz,run_05,172,0,0,1010,550,0
Semantic,fr3_walking_xyz,run_05,173,0,0,904,486,0
Semantic,fr3_walking_xyz,run_05,174,0,0,910,590,0
Semantic,fr3_walking_xyz,run_05,175,0,0,824,526,0
Semantic,fr3_walking_xyz,run_05,176,0,0,824,472,0
Semantic,fr3_walking_xyz,run_05,177,0,0,852,506,0
Semantic,fr3_walking_xyz,run_05,178,0,0,855,480,0
Semantic,fr3_walking_xyz,run_05,179,0,0,844,395,0
Semantic,fr3_walking_xyz,run_05,180,0,0,858,316,0
Semantic,fr3_walking_xyz,run_05,181,0,0,872,261,0
Semantic,fr3_walking_xyz,run_05,182,0,0,880,203,0
Semantic,fr3_walking_xyz,run_05,183,0,0,876,0,0
Semantic,fr3_walking_xyz,run_05,184,0,0,950,0,0
Semantic,fr3_walking_xyz,run_05,185,0,0,911,0,0
Semantic,fr3_walking_xyz,run_05,186,0,0,895,0,0
Semantic,fr3_walking_xyz,run_05,187,0,0,929,0,0
Semantic,fr3_walking_xyz,run_05,188,0,0,930,0,0
Semantic,fr3_walking_xyz,run_05,189,0,0,904,0,0
Semantic,fr3_walking_xyz,run_05,190,0,0,902,0,0
Semantic,fr3_walking_xyz,run_05,191,0,0,960,0,0
Semantic,fr3_walking_xyz,run_05,192,0,0,1008,0,0
Semantic,fr3_walking_xyz,run_05,193,0,0,973,0,0
Semantic,fr3_walking_xyz,run_05,194,0,0,1004,0,0
Semantic,fr3_walking_xyz,run_05,195,0,0,1106,0,0
Semantic,fr3_walking_xyz,run_05,196,0,0,1176,0,0
Semantic,fr3_walking_xyz,run_05,197,0,0,1199,0,0
Semantic,fr3_walking_xyz,run_05,198,0,0,1309,77,0
Semantic,fr3_walking_xyz,run_05,199,0,0,1265,185,0
Semantic,fr3_walking_xyz,run_05,200,0,0,1338,168,0
Semantic,fr3_walking_xyz,run_05,201,0,0,1319,130,0
Semantic,fr3_walking_xyz,run_05,202,0,0,1246,137,0
Semantic,fr3_walking_xyz,run_05,203,0,0,1369,157,0
Semantic,fr3_walking_xyz,run_05,204,0,0,1390,200,0
Semantic,fr3_walking_xyz,run_05,205,0,0,1400,327,0
Semantic,fr3_walking_xyz,run_05,206,0,0,1463,496,0
Semantic,fr3_walking_xyz,run_05,207,0,0,1477,358,0
Semantic,fr3_walking_xyz,run_05,208,0,0,1407,335,0
Semantic,fr3_walking_xyz,run_05,209,0,0,1513,361,0
Semantic,fr3_walking_xyz,run_05,210,0,0,1589,439,0
Semantic,fr3_walking_xyz,run_05,211,0,0,1590,408,0
Semantic,fr3_walking_xyz,run_05,212,0,0,1666,427,0
Semantic,fr3_walking_xyz,run_05,213,0,0,1650,389,0
Semantic,fr3_walking_xyz,run_05,214,0,0,1651,399,0
Semantic,fr3_walking_xyz,run_05,215,0,0,1686,414,0
Semantic,fr3_walking_xyz,run_05,216,0,0,1732,559,0
Semantic,fr3_walking_xyz,run_05,217,0,0,1765,557,0
Semantic,fr3_walking_xyz,run_05,218,0,0,1691,462,0
Semantic,fr3_walking_xyz,run_05,219,0,0,1755,429,0
Semantic,fr3_walking_xyz,run_05,220,0,0,1800,479,0
Semantic,fr3_walking_xyz,run_05,221,0,0,1809,614,0
Semantic,fr3_walking_xyz,run_05,222,0,0,1778,551,0
Semantic,fr3_walking_xyz,run_05,223,0,0,1782,547,0
Semantic,fr3_walking_xyz,run_05,224,0,0,1740,488,0
Semantic,fr3_walking_xyz,run_05,225,0,0,1794,473,0
Semantic,fr3_walking_xyz,run_05,226,0,0,1823,433,0
Semantic,fr3_walking_xyz,run_05,227,0,0,1837,425,0
Semantic,fr3_walking_xyz,run_05,228,0,0,1805,453,0
Semantic,fr3_walking_xyz,run_05,229,0,0,1816,410,0
Semantic,fr3_walking_xyz,run_05,230,0,0,1835,458,0
Semantic,fr3_walking_xyz,run_05,231,0,0,1761,510,0
Semantic,fr3_walking_xyz,run_05,232,0,0,1760,532,0
Semantic,fr3_walking_xyz,run_05,233,0,0,1750,582,0
Semantic,fr3_walking_xyz,run_05,234,0,0,1694,615,0
Semantic,fr3_walking_xyz,run_05,235,0,0,1715,608,0
Semantic,fr3_walking_xyz,run_05,236,0,0,1681,568,0
Semantic,fr3_walking_xyz,run_05,237,0,0,1669,554,0
Semantic,fr3_walking_xyz,run_05,238,0,0,1690,512,0
Semantic,fr3_walking_xyz,run_05,239,0,0,1726,481,0
Semantic,fr3_walking_xyz,run_05,240,0,0,1746,465,0
Semantic,fr3_walking_xyz,run_05,241,0,0,1751,439,0
Semantic,fr3_walking_xyz,run_05,242,0,0,1760,357,0
Semantic,fr3_walking_xyz,run_05,243,0,0,1706,328,0
Semantic,fr3_walking_xyz,run_05,244,0,0,1733,318,0
Semantic,fr3_walking_xyz,run_05,245,0,0,1722,324,0
Semantic,fr3_walking_xyz,run_05,246,0,0,1737,277,0
Semantic,fr3_walking_xyz,run_05,247,0,0,1782,271,0
Semantic,fr3_walking_xyz,run_05,248,0,0,1767,216,0
Semantic,fr3_walking_xyz,run_05,249,0,0,1798,195,0
Semantic,fr3_walking_xyz,run_05,250,0,0,1804,0,0
Semantic,fr3_walking_xyz,run_05,251,0,0,1853,0,0
Semantic,fr3_walking_xyz,run_05,252,0,0,1815,0,0
Semantic,fr3_walking_xyz,run_05,253,0,0,1808,0,0
Semantic,fr3_walking_xyz,run_05,254,0,0,1871,0,0
Semantic,fr3_walking_xyz,run_05,255,0,0,1880,0,0
Semantic,fr3_walking_xyz,run_05,256,0,0,1855,0,0
Semantic,fr3_walking_xyz,run_05,257,0,0,1846,0,0
Semantic,fr3_walking_xyz,run_05,258,0,0,1817,0,0
Semantic,fr3_walking_xyz,run_05,259,0,0,1781,0,0
Semantic,fr3_walking_xyz,run_05,260,0,0,1714,0,0
Semantic,fr3_walking_xyz,run_05,261,0,0,1686,0,0
Semantic,fr3_walking_xyz,run_05,262,0,0,1681,0,0
Semantic,fr3_walking_xyz,run_05,263,0,0,1655,0,0
Semantic,fr3_walking_xyz,run_05,264,0,0,1625,0,0
Semantic,fr3_walking_xyz,run_05,265,0,0,1625,0,0
Semantic,fr3_walking_xyz,run_05,266,0,0,1609,0,0
Semantic,fr3_walking_xyz,run_05,267,0,0,1554,0,0
Semantic,fr3_walking_xyz,run_05,268,0,0,1567,0,0
Semantic,fr3_walking_xyz,run_05,269,0,0,1599,0,0
Semantic,fr3_walking_xyz,run_05,270,0,0,1588,0,0
Semantic,fr3_walking_xyz,run_05,271,0,0,1602,0,0
Semantic,fr3_walking_xyz,run_05,272,0,0,1605,0,0
Semantic,fr3_walking_xyz,run_05,273,0,0,1592,0,0
Semantic,fr3_walking_xyz,run_05,274,0,0,1597,0,0
Semantic,fr3_walking_xyz,run_05,275,0,0,1605,0,0
Semantic,fr3_walking_xyz,run_05,276,0,0,1616,0,0
Semantic,fr3_walking_xyz,run_05,277,0,0,1669,0,0
Semantic,fr3_walking_xyz,run_05,278,0,0,1739,0,0
Semantic,fr3_walking_xyz,run_05,279,0,0,1714,0,0
Semantic,fr3_walking_xyz,run_05,280,0,0,1688,0,0
Semantic,fr3_walking_xyz,run_05,281,0,0,1715,0,0
Semantic,fr3_walking_xyz,run_05,282,0,0,1704,0,0
Semantic,fr3_walking_xyz,run_05,283,0,0,1647,0,0
Semantic,fr3_walking_xyz,run_05,284,0,0,1651,0,0
Semantic,fr3_walking_xyz,run_05,285,0,0,1653,0,0
Semantic,fr3_walking_xyz,run_05,286,0,0,1624,0,0
Semantic,fr3_walking_xyz,run_05,287,0,0,1607,0,0
Semantic,fr3_walking_xyz,run_05,288,0,0,1603,0,0
Semantic,fr3_walking_xyz,run_05,289,0,0,1599,0,0
Semantic,fr3_walking_xyz,run_05,290,0,0,1535,0,0
Semantic,fr3_walking_xyz,run_05,291,0,0,1453,0,0
Semantic,fr3_walking_xyz,run_05,292,0,0,1461,0,0
Semantic,fr3_walking_xyz,run_05,293,0,0,1437,0,0
Semantic,fr3_walking_xyz,run_05,294,0,0,1426,0,0
Semantic,fr3_walking_xyz,run_05,295,0,0,1423,0,0
Semantic,fr3_walking_xyz,run_05,296,0,0,1355,0,0
Semantic,fr3_walking_xyz,run_05,297,0,0,1290,0,0
Semantic,fr3_walking_xyz,run_05,298,0,0,1306,0,0
Semantic,fr3_walking_xyz,run_05,299,0,0,1275,0,0
Semantic,fr3_walking_xyz,run_05,300,0,0,1255,0,0
Semantic,fr3_walking_xyz,run_05,301,0,0,1269,0,0
Semantic,fr3_walking_xyz,run_05,302,0,0,1286,0,0
Semantic,fr3_walking_xyz,run_05,303,0,0,1268,0,0
Semantic,fr3_walking_xyz,run_05,304,0,0,1280,0,0
Semantic,fr3_walking_xyz,run_05,305,0,0,1309,0,0
Semantic,fr3_walking_xyz,run_05,306,0,0,1053,0,0
Semantic,fr3_walking_xyz,run_05,307,0,0,1083,0,0
Semantic,fr3_walking_xyz,run_05,308,0,0,1121,0,0
Semantic,fr3_walking_xyz,run_05,309,0,0,1136,0,0
Semantic,fr3_walking_xyz,run_05,310,0,0,1216,0,0
Semantic,fr3_walking_xyz,run_05,311,0,0,1238,0,0
Semantic,fr3_walking_xyz,run_05,312,0,0,1265,0,0
Semantic,fr3_walking_xyz,run_05,313,0,0,1275,0,0
Semantic,fr3_walking_xyz,run_05,314,0,0,1332,0,0
Semantic,fr3_walking_xyz,run_05,315,0,0,1327,0,0
Semantic,fr3_walking_xyz,run_05,316,0,0,1394,0,0
Semantic,fr3_walking_xyz,run_05,317,0,0,1435,0,0
Semantic,fr3_walking_xyz,run_05,318,0,0,1404,0,0
Semantic,fr3_walking_xyz,run_05,319,0,0,1448,0,0
Semantic,fr3_walking_xyz,run_05,320,0,0,1512,0,0
Semantic,fr3_walking_xyz,run_05,321,0,0,1547,0,0
Semantic,fr3_walking_xyz,run_05,322,0,0,1576,0,0
Semantic,fr3_walking_xyz,run_05,323,0,0,1595,0,0
Semantic,fr3_walking_xyz,run_05,324,0,0,1589,0,0
Semantic,fr3_walking_xyz,run_05,325,0,0,1590,0,0
Semantic,fr3_walking_xyz,run_05,326,0,0,1580,0,0
Semantic,fr3_walking_xyz,run_05,327,0,0,1586,0,0
Semantic,fr3_walking_xyz,run_05,328,0,0,1556,0,0
Semantic,fr3_walking_xyz,run_05,329,0,0,1538,0,0
Semantic,fr3_walking_xyz,run_05,330,0,0,1527,0,0
Semantic,fr3_walking_xyz,run_05,331,0,0,1555,0,0
Semantic,fr3_walking_xyz,run_05,332,0,0,1557,0,0
Semantic,fr3_walking_xyz,run_05,333,0,0,1551,0,0
Semantic,fr3_walking_xyz,run_05,334,0,0,1554,0,0
Semantic,fr3_walking_xyz,run_05,335,0,0,1567,0,0
Semantic,fr3_walking_xyz,run_05,336,0,0,1566,0,0
Semantic,fr3_walking_xyz,run_05,337,0,0,1563,0,0
Semantic,fr3_walking_xyz,run_05,338,0,0,1652,0,0
Semantic,fr3_walking_xyz,run_05,339,0,0,1608,0,0
Semantic,fr3_walking_xyz,run_05,340,0,0,1597,0,0
Semantic,fr3_walking_xyz,run_05,341,0,0,1625,0,0
Semantic,fr3_walking_xyz,run_05,342,0,0,1639,0,0
Semantic,fr3_walking_xyz,run_05,343,0,0,1597,0,0
Semantic,fr3_walking_xyz,run_05,344,0,0,1607,0,0
Semantic,fr3_walking_xyz,run_05,345,0,0,1599,0,0
Semantic,fr3_walking_xyz,run_05,346,0,0,1575,0,0
Semantic,fr3_walking_xyz,run_05,347,0,0,1592,0,0
Semantic,fr3_walking_xyz,run_05,348,0,0,1608,0,0
Semantic,fr3_walking_xyz,run_05,349,0,0,1594,0,0
Semantic,fr3_walking_xyz,run_05,350,0,0,1567,0,0
Semantic,fr3_walking_xyz,run_05,351,0,0,1585,0,0
Semantic,fr3_walking_xyz,run_05,352,0,0,1586,0,0
Semantic,fr3_walking_xyz,run_05,353,0,0,1561,0,0
Semantic,fr3_walking_xyz,run_05,354,0,0,1550,0,0
Semantic,fr3_walking_xyz,run_05,355,0,0,1593,49,0
Semantic,fr3_walking_xyz,run_05,356,0,0,1508,0,0
Semantic,fr3_walking_xyz,run_05,357,0,0,1513,43,0
Semantic,fr3_walking_xyz,run_05,358,0,0,1507,18,0
Semantic,fr3_walking_xyz,run_05,359,0,0,1500,12,0
Semantic,fr3_walking_xyz,run_05,360,0,0,1484,20,0
Semantic,fr3_walking_xyz,run_05,361,0,0,1425,0,0
Semantic,fr3_walking_xyz,run_05,362,0,0,1460,0,0
Semantic,fr3_walking_xyz,run_05,363,0,0,1457,0,0
Semantic,fr3_walking_xyz,run_05,364,0,0,1473,0,0
Semantic,fr3_walking_xyz,run_05,365,0,0,1507,0,0
Semantic,fr3_walking_xyz,run_05,366,0,0,1500,0,0
Semantic,fr3_walking_xyz,run_05,367,0,0,1532,0,0
Semantic,fr3_walking_xyz,run_05,368,0,0,1495,0,0
Semantic,fr3_walking_xyz,run_05,369,0,0,1519,0,0
Semantic,fr3_walking_xyz,run_05,370,0,0,1514,20,0
Semantic,fr3_walking_xyz,run_05,371,0,0,1516,0,0
Semantic,fr3_walking_xyz,run_05,372,0,0,1535,0,0
Semantic,fr3_walking_xyz,run_05,373,0,0,1556,0,0
Semantic,fr3_walking_xyz,run_05,374,0,0,1583,0,0
Semantic,fr3_walking_xyz,run_05,375,0,0,1578,0,0
Semantic,fr3_walking_xyz,run_05,376,0,0,1672,0,0
Semantic,fr3_walking_xyz,run_05,377,0,0,1660,0,0
Semantic,fr3_walking_xyz,run_05,378,0,0,1634,0,0
Semantic,fr3_walking_xyz,run_05,379,0,0,1606,0,0
Semantic,fr3_walking_xyz,run_05,380,0,0,1721,0,0
Semantic,fr3_walking_xyz,run_05,381,0,0,1793,0,0
Semantic,fr3_walking_xyz,run_05,382,0,0,1950,0,0
Semantic,fr3_walking_xyz,run_05,383,0,0,1733,0,0
Semantic,fr3_walking_xyz,run_05,384,0,0,1790,0,0
Semantic,fr3_walking_xyz,run_05,385,0,0,1938,0,0
Semantic,fr3_walking_xyz,run_05,386,0,0,1960,0,0
Semantic,fr3_walking_xyz,run_05,387,0,0,2089,0,0
Semantic,fr3_walking_xyz,run_05,388,0,0,2162,0,0
Semantic,fr3_walking_xyz,run_05,389,0,0,2348,257,0
Semantic,fr3_walking_xyz,run_05,390,0,0,2218,238,0
Semantic,fr3_walking_xyz,run_05,391,0,0,2113,362,0
Semantic,fr3_walking_xyz,run_05,392,0,0,2080,236,0
Semantic,fr3_walking_xyz,run_05,393,0,0,2131,0,0
Semantic,fr3_walking_xyz,run_05,394,0,0,2410,501,0
Semantic,fr3_walking_xyz,run_05,395,0,0,1999,436,0
Semantic,fr3_walking_xyz,run_05,396,0,0,2115,673,0
Semantic,fr3_walking_xyz,run_05,397,0,0,1913,474,0
Semantic,fr3_walking_xyz,run_05,398,0,0,1830,413,0
Semantic,fr3_walking_xyz,run_05,399,0,0,1914,448,0
Semantic,fr3_walking_xyz,run_05,400,0,0,2013,401,0
Semantic,fr3_walking_xyz,run_05,401,0,0,1735,330,0
Semantic,fr3_walking_xyz,run_05,402,0,0,1663,294,0
Semantic,fr3_walking_xyz,run_05,403,0,0,1687,247,0
Semantic,fr3_walking_xyz,run_05,404,0,0,1872,278,0
Semantic,fr3_walking_xyz,run_05,405,0,0,1937,274,0
Semantic,fr3_walking_xyz,run_05,406,0,0,1721,212,0
Semantic,fr3_walking_xyz,run_05,407,0,0,2161,336,0
Semantic,fr3_walking_xyz,run_05,408,0,0,2034,238,0
Semantic,fr3_walking_xyz,run_05,409,0,0,2096,274,0
Semantic,fr3_walking_xyz,run_05,410,0,0,2083,201,0
Semantic,fr3_walking_xyz,run_05,411,0,0,2198,224,0
Semantic,fr3_walking_xyz,run_05,412,0,0,2262,354,0
Semantic,fr3_walking_xyz,run_05,413,0,0,2119,450,0
Semantic,fr3_walking_xyz,run_05,414,0,0,2083,490,0
Semantic,fr3_walking_xyz,run_05,415,0,0,2126,611,0
Semantic,fr3_walking_xyz,run_05,416,0,0,2030,632,0
Semantic,fr3_walking_xyz,run_05,417,0,0,2135,641,0
Semantic,fr3_walking_xyz,run_05,418,0,0,2239,668,0
Semantic,fr3_walking_xyz,run_05,419,0,0,2254,660,0
Semantic,fr3_walking_xyz,run_05,420,0,0,2387,675,0
Semantic,fr3_walking_xyz,run_05,421,0,0,2366,590,0
Semantic,fr3_walking_xyz,run_05,422,0,0,2302,576,0
Semantic,fr3_walking_xyz,run_05,423,0,0,2354,500,0
Semantic,fr3_walking_xyz,run_05,424,0,0,2544,549,0
Semantic,fr3_walking_xyz,run_05,425,0,0,2561,639,0
Semantic,fr3_walking_xyz,run_05,426,0,0,2037,273,0
Semantic,fr3_walking_xyz,run_05,427,0,0,2231,288,0
Semantic,fr3_walking_xyz,run_05,428,0,0,1840,144,0
Semantic,fr3_walking_xyz,run_05,429,0,0,2219,399,0
Semantic,fr3_walking_xyz,run_05,430,0,0,2621,431,0
Semantic,fr3_walking_xyz,run_05,431,0,0,2738,389,0
Semantic,fr3_walking_xyz,run_05,432,0,0,2774,508,0
Semantic,fr3_walking_xyz,run_05,433,0,0,2704,565,0
Semantic,fr3_walking_xyz,run_05,434,0,0,2754,747,0
Semantic,fr3_walking_xyz,run_05,435,0,0,2621,854,0
Semantic,fr3_walking_xyz,run_05,436,0,0,2619,1021,0
Semantic,fr3_walking_xyz,run_05,437,0,0,2448,1140,0
Semantic,fr3_walking_xyz,run_05,438,0,0,2399,1136,0
Semantic,fr3_walking_xyz,run_05,439,0,0,1672,656,0
Semantic,fr3_walking_xyz,run_05,440,0,0,1749,677,0
Semantic,fr3_walking_xyz,run_05,441,0,0,2327,1024,0
Semantic,fr3_walking_xyz,run_05,442,0,0,1624,607,0
Semantic,fr3_walking_xyz,run_05,443,0,0,1613,578,0
Semantic,fr3_walking_xyz,run_05,444,0,0,1698,424,0
Semantic,fr3_walking_xyz,run_05,445,0,0,2680,582,0
Semantic,fr3_walking_xyz,run_05,446,0,0,2713,594,0
Semantic,fr3_walking_xyz,run_05,447,0,0,2656,552,0
Semantic,fr3_walking_xyz,run_05,448,0,0,2722,540,0
Semantic,fr3_walking_xyz,run_05,449,0,0,2736,651,0
Semantic,fr3_walking_xyz,run_05,450,0,0,2720,677,0
Semantic,fr3_walking_xyz,run_05,451,0,0,2633,517,0
Semantic,fr3_walking_xyz,run_05,452,0,0,2501,461,0
Semantic,fr3_walking_xyz,run_05,453,0,0,2333,409,0
Semantic,fr3_walking_xyz,run_05,454,0,0,2090,347,0
Semantic,fr3_walking_xyz,run_05,455,0,0,1671,297,0
Semantic,fr3_walking_xyz,run_05,456,0,0,1678,282,0
Semantic,fr3_walking_xyz,run_05,457,0,0,1685,273,0
Semantic,fr3_walking_xyz,run_05,458,0,0,2239,280,0
Semantic,fr3_walking_xyz,run_05,459,0,0,2128,260,0
Semantic,fr3_walking_xyz,run_05,460,0,0,2396,273,0
Semantic,fr3_walking_xyz,run_05,461,0,0,2393,285,0
Semantic,fr3_walking_xyz,run_05,462,0,0,2437,14,0
Semantic,fr3_walking_xyz,run_05,463,0,0,2395,12,0
Semantic,fr3_walking_xyz,run_05,464,0,0,2309,173,0
Semantic,fr3_walking_xyz,run_05,465,0,0,2058,8,0
Semantic,fr3_walking_xyz,run_05,466,0,0,2466,19,0
Semantic,fr3_walking_xyz,run_05,467,0,0,2280,34,0
Semantic,fr3_walking_xyz,run_05,468,0,0,2314,38,0
Semantic,fr3_walking_xyz,run_05,469,0,0,2259,33,0
Semantic,fr3_walking_xyz,run_05,470,0,0,2277,25,0
Semantic,fr3_walking_xyz,run_05,471,0,0,2362,38,0
Semantic,fr3_walking_xyz,run_05,472,0,0,2397,35,0
Semantic,fr3_walking_xyz,run_05,473,0,0,2443,13,0
Semantic,fr3_walking_xyz,run_05,474,0,0,2461,17,0
Semantic,fr3_walking_xyz,run_05,475,0,0,2315,40,0
Semantic,fr3_walking_xyz,run_05,476,0,0,2420,28,0
Semantic,fr3_walking_xyz,run_05,477,0,0,2482,27,0
Semantic,fr3_walking_xyz,run_05,478,0,0,2565,52,0
Semantic,fr3_walking_xyz,run_05,479,0,0,2563,48,0
Semantic,fr3_walking_xyz,run_05,480,0,0,2468,40,0
Semantic,fr3_walking_xyz,run_05,481,0,0,2448,38,0
Semantic,fr3_walking_xyz,run_05,482,0,0,2538,39,0
Semantic,fr3_walking_xyz,run_05,483,0,0,2535,28,0
Semantic,fr3_walking_xyz,run_05,484,0,0,2444,27,0
Semantic,fr3_walking_xyz,run_05,485,0,0,2436,17,0
Semantic,fr3_walking_xyz,run_05,486,0,0,2502,14,0
Semantic,fr3_walking_xyz,run_05,487,0,0,2486,14,0
Semantic,fr3_walking_xyz,run_05,488,0,0,2659,17,0
Semantic,fr3_walking_xyz,run_05,489,0,0,2640,9,0
Semantic,fr3_walking_xyz,run_05,490,0,0,2592,8,0
Semantic,fr3_walking_xyz,run_05,491,0,0,2535,7,0
Semantic,fr3_walking_xyz,run_05,492,0,0,2498,7,0
Semantic,fr3_walking_xyz,run_05,493,0,0,2458,7,0
Semantic,fr3_walking_xyz,run_05,494,0,0,2566,6,0
Semantic,fr3_walking_xyz,run_05,495,0,0,2628,6,0
Semantic,fr3_walking_xyz,run_05,496,0,0,2560,10,0
Semantic,fr3_walking_xyz,run_05,497,0,0,2604,7,0
Semantic,fr3_walking_xyz,run_05,498,0,0,2491,6,0
Semantic,fr3_walking_xyz,run_05,499,0,0,2505,6,0
Semantic,fr3_walking_xyz,run_05,500,0,0,2545,1,0
Semantic,fr3_walking_xyz,run_05,501,0,0,2556,0,0
Semantic,fr3_walking_xyz,run_05,502,0,0,1768,0,0
Semantic,fr3_walking_xyz,run_05,503,0,0,2030,0,0
Semantic,fr3_walking_xyz,run_05,504,0,0,1962,8,0
Semantic,fr3_walking_xyz,run_05,505,0,0,1982,11,0
Semantic,fr3_walking_xyz,run_05,506,0,0,1997,12,0
Semantic,fr3_walking_xyz,run_05,507,0,0,2064,32,0
Semantic,fr3_walking_xyz,run_05,508,0,0,2077,42,0
Semantic,fr3_walking_xyz,run_05,509,0,0,2056,53,0
Semantic,fr3_walking_xyz,run_05,510,0,0,2121,89,0
Semantic,fr3_walking_xyz,run_05,511,0,0,1881,78,0
Semantic,fr3_walking_xyz,run_05,512,0,0,1953,110,0
Semantic,fr3_walking_xyz,run_05,513,0,0,2017,123,0
Semantic,fr3_walking_xyz,run_05,514,0,0,1975,141,0
Semantic,fr3_walking_xyz,run_05,515,0,0,1961,163,0
Semantic,fr3_walking_xyz,run_05,516,0,0,1922,154,0
Semantic,fr3_walking_xyz,run_05,517,0,0,2036,180,0
Semantic,fr3_walking_xyz,run_05,518,0,0,1784,187,0
Semantic,fr3_walking_xyz,run_05,519,0,0,1856,220,0
Semantic,fr3_walking_xyz,run_05,520,0,0,1772,226,0
Semantic,fr3_walking_xyz,run_05,521,0,0,1780,307,0
Semantic,fr3_walking_xyz,run_05,522,0,0,1779,394,0
Semantic,fr3_walking_xyz,run_05,523,0,0,1767,457,0
Semantic,fr3_walking_xyz,run_05,524,0,0,1709,451,0
Semantic,fr3_walking_xyz,run_05,525,0,0,1773,444,0
Semantic,fr3_walking_xyz,run_05,526,0,0,1794,440,0
Semantic,fr3_walking_xyz,run_05,527,0,0,1811,420,0
Semantic,fr3_walking_xyz,run_05,528,0,0,1780,391,0
Semantic,fr3_walking_xyz,run_05,529,0,0,1808,415,0
Semantic,fr3_walking_xyz,run_05,530,0,0,1714,347,0
Semantic,fr3_walking_xyz,run_05,531,0,0,1642,326,0
Semantic,fr3_walking_xyz,run_05,532,0,0,1619,321,0
Semantic,fr3_walking_xyz,run_05,533,0,0,1560,327,0
Semantic,fr3_walking_xyz,run_05,534,0,0,1593,313,0
Semantic,fr3_walking_xyz,run_05,535,0,0,1619,301,0
Semantic,fr3_walking_xyz,run_05,536,0,0,1633,222,0
Semantic,fr3_walking_xyz,run_05,537,0,0,1567,176,0
Semantic,fr3_walking_xyz,run_05,538,0,0,1605,228,0
Semantic,fr3_walking_xyz,run_05,539,0,0,1595,214,0
Semantic,fr3_walking_xyz,run_05,540,0,0,1579,203,0
Semantic,fr3_walking_xyz,run_05,541,0,0,1589,231,0
Semantic,fr3_walking_xyz,run_05,542,0,0,1619,224,0
Semantic,fr3_walking_xyz,run_05,543,0,0,1614,209,0
Semantic,fr3_walking_xyz,run_05,544,0,0,1708,219,0
Semantic,fr3_walking_xyz,run_05,545,0,0,1771,206,0
Semantic,fr3_walking_xyz,run_05,546,0,0,1593,194,0
Semantic,fr3_walking_xyz,run_05,547,0,0,1736,149,0
Semantic,fr3_walking_xyz,run_05,548,0,0,1478,131,0
Semantic,fr3_walking_xyz,run_05,549,0,0,1557,151,0
Semantic,fr3_walking_xyz,run_05,550,0,0,1527,111,0
Semantic,fr3_walking_xyz,run_05,551,0,0,1414,158,0
Semantic,fr3_walking_xyz,run_05,552,0,0,1675,221,0
Semantic,fr3_walking_xyz,run_05,553,0,0,1546,198,0
Semantic,fr3_walking_xyz,run_05,554,0,0,1616,263,0
Semantic,fr3_walking_xyz,run_05,555,0,0,1664,361,0
Semantic,fr3_walking_xyz,run_05,556,0,0,1787,320,0
Semantic,fr3_walking_xyz,run_05,557,0,0,1483,290,0
Semantic,fr3_walking_xyz,run_05,558,0,0,1619,313,0
Semantic,fr3_walking_xyz,run_05,559,0,0,1690,324,0
Semantic,fr3_walking_xyz,run_05,560,0,0,1666,331,0
Semantic,fr3_walking_xyz,run_05,561,0,0,1640,279,0
Semantic,fr3_walking_xyz,run_05,562,0,0,1600,292,0
Semantic,fr3_walking_xyz,run_05,563,0,0,1635,299,0
Semantic,fr3_walking_xyz,run_05,564,0,0,1637,293,0
Semantic,fr3_walking_xyz,run_05,565,0,0,1586,280,0
Semantic,fr3_walking_xyz,run_05,566,0,0,1599,300,0
Semantic,fr3_walking_xyz,run_05,567,0,0,1712,298,0
Semantic,fr3_walking_xyz,run_05,568,0,0,1681,324,0
Semantic,fr3_walking_xyz,run_05,569,0,0,1505,295,0
Semantic,fr3_walking_xyz,run_05,570,0,0,1508,253,0
Semantic,fr3_walking_xyz,run_05,571,0,0,1444,274,0
Semantic,fr3_walking_xyz,run_05,572,0,0,1610,252,0
Semantic,fr3_walking_xyz,run_05,573,0,0,1443,264,0
Semantic,fr3_walking_xyz,run_05,574,0,0,1684,231,0
Semantic,fr3_walking_xyz,run_05,575,0,0,1648,268,0
Semantic,fr3_walking_xyz,run_05,576,0,0,1784,231,0
Semantic,fr3_walking_xyz,run_05,577,0,0,1513,181,0
Semantic,fr3_walking_xyz,run_05,578,0,0,1707,196,0
Semantic,fr3_walking_xyz,run_05,579,0,0,1812,218,0
Semantic,fr3_walking_xyz,run_05,580,0,0,1609,202,0
Semantic,fr3_walking_xyz,run_05,581,0,0,1644,266,0
Semantic,fr3_walking_xyz,run_05,582,0,0,1772,260,0
Semantic,fr3_walking_xyz,run_05,583,0,0,1707,284,0
Semantic,fr3_walking_xyz,run_05,584,0,0,1629,241,0
Semantic,fr3_walking_xyz,run_05,585,0,0,1610,106,0
Semantic,fr3_walking_xyz,run_05,586,0,0,1873,270,0
Semantic,fr3_walking_xyz,run_05,587,0,0,1848,298,0
Semantic,fr3_walking_xyz,run_05,588,0,0,1922,355,0
Semantic,fr3_walking_xyz,run_05,589,0,0,1979,396,0
Semantic,fr3_walking_xyz,run_05,590,0,0,1833,567,0
Semantic,fr3_walking_xyz,run_05,591,0,0,1769,532,0
Semantic,fr3_walking_xyz,run_05,592,0,0,2030,654,0
Semantic,fr3_walking_xyz,run_05,593,0,0,1725,452,0
Semantic,fr3_walking_xyz,run_05,594,0,0,1715,473,0
Semantic,fr3_walking_xyz,run_05,595,0,0,1791,524,0
Semantic,fr3_walking_xyz,run_05,596,0,0,1510,570,0
Semantic,fr3_walking_xyz,run_05,597,0,0,1445,512,0
Semantic,fr3_walking_xyz,run_05,598,0,0,1542,531,0
Semantic,fr3_walking_xyz,run_05,599,0,0,1656,572,0
Semantic,fr3_walking_xyz,run_05,600,0,0,1738,590,0
Semantic,fr3_walking_xyz,run_05,601,0,0,1754,658,0
Semantic,fr3_walking_xyz,run_05,602,0,0,1802,670,0
Semantic,fr3_walking_xyz,run_05,603,0,0,1283,475,0
Semantic,fr3_walking_xyz,run_05,604,0,0,962,279,0
Semantic,fr3_walking_xyz,run_05,605,0,0,1490,622,0
Semantic,fr3_walking_xyz,run_05,606,0,0,1511,680,0
Semantic,fr3_walking_xyz,run_05,607,0,0,1459,612,0
Semantic,fr3_walking_xyz,run_05,608,0,0,1607,611,0
Semantic,fr3_walking_xyz,run_05,609,0,0,1339,427,0
Semantic,fr3_walking_xyz,run_05,610,0,0,1395,463,0
Semantic,fr3_walking_xyz,run_05,611,0,0,1406,546,0
Semantic,fr3_walking_xyz,run_05,612,0,0,1510,574,0
Semantic,fr3_walking_xyz,run_05,613,0,0,1493,590,0
Semantic,fr3_walking_xyz,run_05,614,0,0,1531,557,0
Semantic,fr3_walking_xyz,run_05,615,0,0,1602,662,0
Semantic,fr3_walking_xyz,run_05,616,0,0,1349,524,0
Semantic,fr3_walking_xyz,run_05,617,0,0,1210,366,0
Semantic,fr3_walking_xyz,run_05,618,0,0,1362,464,0
Semantic,fr3_walking_xyz,run_05,619,0,0,1393,544,0
Semantic,fr3_walking_xyz,run_05,620,0,0,1517,572,0
Semantic,fr3_walking_xyz,run_05,621,0,0,1377,652,0
Semantic,fr3_walking_xyz,run_05,622,0,0,1428,650,0
Semantic,fr3_walking_xyz,run_05,623,0,0,1474,684,0
Semantic,fr3_walking_xyz,run_05,624,0,0,1415,670,0
Semantic,fr3_walking_xyz,run_05,625,0,0,1411,621,0
Semantic,fr3_walking_xyz,run_05,626,0,0,1397,629,0
Semantic,fr3_walking_xyz,run_05,627,0,0,1223,510,0
Semantic,fr3_walking_xyz,run_05,628,0,0,1156,530,0
Semantic,fr3_walking_xyz,run_05,629,0,0,1165,471,0
Semantic,fr3_walking_xyz,run_05,630,0,0,1190,557,0
Semantic,fr3_walking_xyz,run_05,631,0,0,1204,552,0
Semantic,fr3_walking_xyz,run_05,632,0,0,1248,568,0
Semantic,fr3_walking_xyz,run_05,633,0,0,1079,480,0
Semantic,fr3_walking_xyz,run_05,634,0,0,1164,521,0
Semantic,fr3_walking_xyz,run_05,635,0,0,1110,456,0
Semantic,fr3_walking_xyz,run_05,636,0,0,971,426,0
Semantic,fr3_walking_xyz,run_05,637,0,0,1276,554,0
Semantic,fr3_walking_xyz,run_05,638,0,0,1322,524,0
Semantic,fr3_walking_xyz,run_05,639,0,0,1434,585,0
Semantic,fr3_walking_xyz,run_05,640,0,0,1432,625,0
Semantic,fr3_walking_xyz,run_05,641,0,0,1293,530,0
Semantic,fr3_walking_xyz,run_05,642,0,0,1220,380,0
Semantic,fr3_walking_xyz,run_05,643,0,0,1368,501,0
Semantic,fr3_walking_xyz,run_05,644,0,0,1418,427,0
Semantic,fr3_walking_xyz,run_05,645,0,0,1419,483,0
Semantic,fr3_walking_xyz,run_05,646,0,0,1517,413,0
Semantic,fr3_walking_xyz,run_05,647,0,0,1503,485,0
Semantic,fr3_walking_xyz,run_05,648,0,0,1554,482,0
Semantic,fr3_walking_xyz,run_05,649,0,0,1571,457,0
Semantic,fr3_walking_xyz,run_05,650,0,0,1551,400,0
Semantic,fr3_walking_xyz,run_05,651,0,0,1558,391,0
Semantic,fr3_walking_xyz,run_05,652,0,0,1398,299,0
Semantic,fr3_walking_xyz,run_05,653,0,0,1525,295,0
Semantic,fr3_walking_xyz,run_05,654,0,0,1584,303,0
Semantic,fr3_walking_xyz,run_05,655,0,0,1559,251,0
Semantic,fr3_walking_xyz,run_05,656,0,0,1668,325,0
Semantic,fr3_walking_xyz,run_05,657,0,0,1555,258,0
Semantic,fr3_walking_xyz,run_05,658,0,0,1910,331,0
Semantic,fr3_walking_xyz,run_05,659,0,0,1915,318,0
Semantic,fr3_walking_xyz,run_05,660,0,0,1931,359,0
Semantic,fr3_walking_xyz,run_05,661,0,0,1273,207,0
Semantic,fr3_walking_xyz,run_05,662,0,0,1225,178,0
Semantic,fr3_walking_xyz,run_05,663,0,0,1238,137,0
Semantic,fr3_walking_xyz,run_05,664,0,0,1289,116,0
Semantic,fr3_walking_xyz,run_05,665,0,0,1353,128,0
Semantic,fr3_walking_xyz,run_05,666,0,0,1304,274,0
Semantic,fr3_walking_xyz,run_05,667,0,0,1241,263,0
Semantic,fr3_walking_xyz,run_05,668,0,0,1277,246,0
Semantic,fr3_walking_xyz,run_05,669,0,0,1359,266,0
Semantic,fr3_walking_xyz,run_05,670,0,0,1253,225,0
Semantic,fr3_walking_xyz,run_05,671,0,0,1296,221,0
Semantic,fr3_walking_xyz,run_05,672,0,0,1391,225,0
Semantic,fr3_walking_xyz,run_05,673,0,0,1491,209,0
Semantic,fr3_walking_xyz,run_05,674,0,0,1496,218,0
Semantic,fr3_walking_xyz,run_05,675,0,0,1515,207,0
Semantic,fr3_walking_xyz,run_05,676,0,0,1613,215,0
Semantic,fr3_walking_xyz,run_05,677,0,0,1738,222,0
Semantic,fr3_walking_xyz,run_05,678,0,0,1662,165,0
Semantic,fr3_walking_xyz,run_05,679,0,0,1761,163,0
Semantic,fr3_walking_xyz,run_05,680,0,0,1753,124,0
Semantic,fr3_walking_xyz,run_05,681,0,0,1729,225,0
Semantic,fr3_walking_xyz,run_05,682,0,0,1982,287,0
Semantic,fr3_walking_xyz,run_05,683,0,0,1869,302,0
Semantic,fr3_walking_xyz,run_05,684,0,0,1925,429,0
Semantic,fr3_walking_xyz,run_05,685,0,0,1877,620,0
Semantic,fr3_walking_xyz,run_05,686,0,0,2052,583,0
Semantic,fr3_walking_xyz,run_05,687,0,0,1996,709,0
Semantic,fr3_walking_xyz,run_05,688,0,0,1876,686,0
Semantic,fr3_walking_xyz,run_05,689,0,0,1906,675,0
Semantic,fr3_walking_xyz,run_05,690,0,0,1904,694,0
Semantic,fr3_walking_xyz,run_05,691,0,0,1875,620,0
Semantic,fr3_walking_xyz,run_05,692,0,0,1867,625,0
Semantic,fr3_walking_xyz,run_05,693,0,0,1871,652,0
Semantic,fr3_walking_xyz,run_05,694,0,0,1891,533,0
Semantic,fr3_walking_xyz,run_05,695,0,0,1926,670,0
Semantic,fr3_walking_xyz,run_05,696,0,0,1912,768,0
Semantic,fr3_walking_xyz,run_05,697,0,0,2051,859,0
Semantic,fr3_walking_xyz,run_05,698,0,0,1933,813,0
Semantic,fr3_walking_xyz,run_05,699,0,0,1966,836,0
Semantic,fr3_walking_xyz,run_05,700,0,0,2110,868,0
Semantic,fr3_walking_xyz,run_05,701,0,0,2096,892,0
Semantic,fr3_walking_xyz,run_05,702,0,0,2077,914,0
Semantic,fr3_walking_xyz,run_05,703,0,0,2063,886,0
Semantic,fr3_walking_xyz,run_05,704,0,0,2009,764,0
Semantic,fr3_walking_xyz,run_05,705,0,0,2123,840,0
Semantic,fr3_walking_xyz,run_05,706,0,0,2266,848,0
Semantic,fr3_walking_xyz,run_05,707,0,0,2333,977,0
Semantic,fr3_walking_xyz,run_05,708,0,0,2322,997,0
Semantic,fr3_walking_xyz,run_05,709,0,0,2180,769,0
Semantic,fr3_walking_xyz,run_05,710,0,0,2240,792,0
Semantic,fr3_walking_xyz,run_05,711,0,0,2138,672,0
Semantic,fr3_walking_xyz,run_05,712,0,0,2172,662,0
Semantic,fr3_walking_xyz,run_05,713,0,0,2135,713,0
Semantic,fr3_walking_xyz,run_05,714,0,0,2135,758,0
Semantic,fr3_walking_xyz,run_05,715,0,0,2236,705,0
Semantic,fr3_walking_xyz,run_05,716,0,0,2167,803,0
Semantic,fr3_walking_xyz,run_05,717,0,0,2182,825,0
Semantic,fr3_walking_xyz,run_05,718,0,0,2229,867,0
Semantic,fr3_walking_xyz,run_05,719,0,0,2237,840,0
Semantic,fr3_walking_xyz,run_05,720,0,0,2180,857,0
Semantic,fr3_walking_xyz,run_05,721,0,0,2343,980,0
Semantic,fr3_walking_xyz,run_05,722,0,0,2242,947,0
Semantic,fr3_walking_xyz,run_05,723,0,0,2224,958,0
Semantic,fr3_walking_xyz,run_05,724,0,0,2256,1024,0
Semantic,fr3_walking_xyz,run_05,725,0,0,2272,1042,0
Semantic,fr3_walking_xyz,run_05,726,0,0,2265,1047,0
Semantic,fr3_walking_xyz,run_05,727,0,0,2105,980,0
Semantic,fr3_walking_xyz,run_05,728,0,0,2055,980,0
Semantic,fr3_walking_xyz,run_05,729,0,0,2059,951,0
Semantic,fr3_walking_xyz,run_05,730,0,0,2045,913,0
Semantic,fr3_walking_xyz,run_05,731,0,0,2122,950,0
Semantic,fr3_walking_xyz,run_05,732,0,0,1874,809,0
Semantic,fr3_walking_xyz,run_05,733,0,0,2198,974,0
Semantic,fr3_walking_xyz,run_05,734,0,0,2230,1014,0
Semantic,fr3_walking_xyz,run_05,735,0,0,2217,981,0
Semantic,fr3_walking_xyz,run_05,736,0,0,1977,806,0
Semantic,fr3_walking_xyz,run_05,737,0,0,2211,981,0
Semantic,fr3_walking_xyz,run_05,738,0,0,2267,1006,0
Semantic,fr3_walking_xyz,run_05,739,0,0,2280,979,0
Semantic,fr3_walking_xyz,run_05,740,0,0,2836,1112,0
Semantic,fr3_walking_xyz,run_05,741,0,0,2539,958,0
Semantic,fr3_walking_xyz,run_05,742,0,0,2628,909,0
Semantic,fr3_walking_xyz,run_05,743,0,0,2412,771,0
Semantic,fr3_walking_xyz,run_05,744,0,0,2390,712,0
Semantic,fr3_walking_xyz,run_05,745,0,0,2139,605,0
Semantic,fr3_walking_xyz,run_05,746,0,0,1704,305,0
Semantic,fr3_walking_xyz,run_05,747,0,0,1879,420,0
Semantic,fr3_walking_xyz,run_05,748,0,0,1832,433,0
Semantic,fr3_walking_xyz,run_05,749,0,0,2129,624,0
Semantic,fr3_walking_xyz,run_05,750,0,0,2040,573,0
Semantic,fr3_walking_xyz,run_05,751,0,0,2061,665,0
Semantic,fr3_walking_xyz,run_05,752,0,0,1907,617,0
Semantic,fr3_walking_xyz,run_05,753,0,0,2099,713,0
Semantic,fr3_walking_xyz,run_05,754,0,0,1990,622,0
Semantic,fr3_walking_xyz,run_05,755,0,0,2044,662,0
Semantic,fr3_walking_xyz,run_05,756,0,0,2016,693,0
Semantic,fr3_walking_xyz,run_05,757,0,0,1982,700,0
Semantic,fr3_walking_xyz,run_05,758,0,0,1965,651,0
Semantic,fr3_walking_xyz,run_05,759,0,0,1887,521,0
Semantic,fr3_walking_xyz,run_05,760,0,0,1947,568,0
Semantic,fr3_walking_xyz,run_05,761,0,0,1823,398,0
Semantic,fr3_walking_xyz,run_05,762,0,0,1710,304,0
Semantic,fr3_walking_xyz,run_05,763,0,0,2057,476,0
Semantic,fr3_walking_xyz,run_05,764,0,0,1949,404,0
Semantic,fr3_walking_xyz,run_05,765,0,0,1903,416,0
Semantic,fr3_walking_xyz,run_05,766,0,0,2187,482,0
Semantic,fr3_walking_xyz,run_05,767,0,0,2028,449,0
Semantic,fr3_walking_xyz,run_05,768,0,0,2051,408,0
Semantic,fr3_walking_xyz,run_05,769,0,0,1931,420,0
Semantic,fr3_walking_xyz,run_05,770,0,0,2252,797,0
Semantic,fr3_walking_xyz,run_05,771,0,0,1847,428,0
Semantic,fr3_walking_xyz,run_05,772,0,0,1790,409,0
Semantic,fr3_walking_xyz,run_05,773,0,0,1810,449,0
Semantic,fr3_walking_xyz,run_05,774,0,0,1651,432,0
Semantic,fr3_walking_xyz,run_05,775,0,0,1750,460,0
Semantic,fr3_walking_xyz,run_05,776,0,0,1804,450,0
Semantic,fr3_walking_xyz,run_05,777,0,0,1590,409,0
Semantic,fr3_walking_xyz,run_05,778,0,0,1547,387,0
Semantic,fr3_walking_xyz,run_05,779,0,0,1907,499,0
Semantic,fr3_walking_xyz,run_05,780,0,0,1607,335,0
Semantic,fr3_walking_xyz,run_05,781,0,0,1551,335,0
Semantic,fr3_walking_xyz,run_05,782,0,0,1981,512,0
Semantic,fr3_walking_xyz,run_05,783,0,0,1941,461,0
Semantic,fr3_walking_xyz,run_05,784,0,0,2025,451,0
Semantic,fr3_walking_xyz,run_05,785,0,0,2039,500,0
Semantic,fr3_walking_xyz,run_05,786,0,0,1890,438,0
Semantic,fr3_walking_xyz,run_05,787,0,0,2163,515,0
Semantic,fr3_walking_xyz,run_05,788,0,0,2187,568,0
Semantic,fr3_walking_xyz,run_05,789,0,0,2229,483,0
Semantic,fr3_walking_xyz,run_05,790,0,0,2016,1037,0
Semantic,fr3_walking_xyz,run_05,791,0,0,2198,437,0
Semantic,fr3_walking_xyz,run_05,792,0,0,2265,608,0
Semantic,fr3_walking_xyz,run_05,793,0,0,2218,732,0
Semantic,fr3_walking_xyz,run_05,794,0,0,2245,1242,0
Semantic,fr3_walking_xyz,run_05,795,0,0,2209,1136,0
Semantic,fr3_walking_xyz,run_05,796,0,0,2362,1206,0
Semantic,fr3_walking_xyz,run_05,797,0,0,2438,1204,0
Semantic,fr3_walking_xyz,run_05,798,0,0,2417,1253,0
Semantic,fr3_walking_xyz,run_05,799,0,0,1962,1061,0
Semantic,fr3_walking_xyz,run_05,800,0,0,2020,1062,0
Semantic,fr3_walking_xyz,run_05,801,0,0,2039,1041,0
Semantic,fr3_walking_xyz,run_05,802,0,0,2256,1168,0
Semantic,fr3_walking_xyz,run_05,803,0,0,2486,1235,0
Semantic,fr3_walking_xyz,run_05,804,0,0,2078,1043,0
Semantic,fr3_walking_xyz,run_05,805,0,0,2098,1055,0
Semantic,fr3_walking_xyz,run_05,806,0,0,2569,1207,0
Semantic,fr3_walking_xyz,run_05,807,0,0,2285,1091,0
Semantic,fr3_walking_xyz,run_05,808,0,0,2364,1094,0
Semantic,fr3_walking_xyz,run_05,809,0,0,2552,1146,0
Semantic,fr3_walking_xyz,run_05,810,0,0,2248,1018,0
Semantic,fr3_walking_xyz,run_05,811,0,0,2564,1146,0
Semantic,fr3_walking_xyz,run_05,812,0,0,2686,1203,0
Semantic,fr3_walking_xyz,run_05,813,0,0,2968,1361,0
Semantic,fr3_walking_xyz,run_05,814,0,0,2742,1332,0
Semantic,fr3_walking_xyz,run_05,815,0,0,2637,1346,0
Semantic,fr3_walking_xyz,run_05,816,0,0,2312,1255,0
Semantic,fr3_walking_xyz,run_05,817,0,0,2340,1296,0
Semantic,fr3_walking_xyz,run_05,818,0,0,2359,1369,0
Semantic,fr3_walking_xyz,run_05,819,0,0,2400,1392,0
Semantic,fr3_walking_xyz,run_05,820,0,0,2367,1377,0
Semantic,fr3_walking_xyz,run_05,821,0,0,2717,1500,0
Semantic,fr3_walking_xyz,run_05,822,0,0,2417,1350,0
Semantic,fr3_walking_xyz,run_05,823,0,0,2426,1430,0
Semantic,fr3_walking_xyz,run_05,824,0,0,2626,1508,0
Semantic,fr3_walking_xyz,run_05,825,0,0,2328,1261,0
Semantic,fr3_walking_xyz,run_05,826,0,0,2695,1528,0
Semantic,fr3_walking_rpy,run_01,1,0,0,236,8,0
Semantic,fr3_walking_rpy,run_01,2,0,0,448,8,0
Semantic,fr3_walking_rpy,run_01,3,0,0,531,252,0
Semantic,fr3_walking_rpy,run_01,4,0,0,400,168,0
Semantic,fr3_walking_rpy,run_01,5,0,0,233,44,0
Semantic,fr3_walking_rpy,run_01,6,0,0,268,44,0
Semantic,fr3_walking_rpy,run_01,7,0,0,277,46,0
Semantic,fr3_walking_rpy,run_01,8,0,0,234,27,0
Semantic,fr3_walking_rpy,run_01,9,0,0,248,28,0
Semantic,fr3_walking_rpy,run_01,10,0,0,273,26,0
Semantic,fr3_walking_rpy,run_01,11,0,0,326,40,0
Semantic,fr3_walking_rpy,run_01,12,0,0,287,42,0
Semantic,fr3_walking_rpy,run_01,13,0,0,285,23,0
Semantic,fr3_walking_rpy,run_01,14,0,0,366,41,0
Semantic,fr3_walking_rpy,run_01,15,0,0,325,42,0
Semantic,fr3_walking_rpy,run_01,16,0,0,337,40,0
Semantic,fr3_walking_rpy,run_01,17,0,0,352,34,0
Semantic,fr3_walking_rpy,run_01,18,0,0,408,33,0
Semantic,fr3_walking_rpy,run_01,19,0,0,452,98,0
Semantic,fr3_walking_rpy,run_01,20,0,0,520,108,0
Semantic,fr3_walking_rpy,run_01,21,0,0,494,97,0
Semantic,fr3_walking_rpy,run_01,22,0,0,415,75,0
Semantic,fr3_walking_rpy,run_01,23,0,0,597,139,0
Semantic,fr3_walking_rpy,run_01,24,0,0,493,189,0
Semantic,fr3_walking_rpy,run_01,25,0,0,498,178,0
Semantic,fr3_walking_rpy,run_01,26,0,0,434,121,0
Semantic,fr3_walking_rpy,run_01,27,0,0,494,113,0
Semantic,fr3_walking_rpy,run_01,28,0,0,426,77,0
Semantic,fr3_walking_rpy,run_01,29,0,0,493,117,0
Semantic,fr3_walking_rpy,run_01,30,0,0,400,97,0
Semantic,fr3_walking_rpy,run_01,31,0,0,383,80,0
Semantic,fr3_walking_rpy,run_01,32,0,0,370,271,0
Semantic,fr3_walking_rpy,run_01,33,0,0,406,157,0
Semantic,fr3_walking_rpy,run_01,34,0,0,353,251,0
Semantic,fr3_walking_rpy,run_01,35,0,0,68,20,0
Semantic,fr3_walking_rpy,run_01,38,0,0,81,29,0
Semantic,fr3_walking_rpy,run_01,39,0,0,82,17,0
Semantic,fr3_walking_rpy,run_01,40,0,0,82,21,0
Semantic,fr3_walking_rpy,run_01,41,0,0,82,23,0
Semantic,fr3_walking_rpy,run_01,43,0,0,152,17,0
Semantic,fr3_walking_rpy,run_01,46,0,0,177,27,0
Semantic,fr3_walking_rpy,run_01,48,0,0,121,20,0
Semantic,fr3_walking_rpy,run_01,49,0,0,81,10,0
Semantic,fr3_walking_rpy,run_01,52,0,0,82,10,0
Semantic,fr3_walking_rpy,run_01,55,0,0,283,53,0
Semantic,fr3_walking_rpy,run_01,56,0,0,301,60,0
Semantic,fr3_walking_rpy,run_01,57,0,0,384,62,0
Semantic,fr3_walking_rpy,run_01,58,0,0,392,73,0
Semantic,fr3_walking_rpy,run_01,59,0,0,421,75,0
Semantic,fr3_walking_rpy,run_01,60,0,0,447,65,0
Semantic,fr3_walking_rpy,run_01,61,0,0,448,44,0
Semantic,fr3_walking_rpy,run_01,62,0,0,491,89,0
Semantic,fr3_walking_rpy,run_01,63,0,0,502,92,0
Semantic,fr3_walking_rpy,run_01,64,0,0,530,108,0
Semantic,fr3_walking_rpy,run_01,65,0,0,501,99,0
Semantic,fr3_walking_rpy,run_01,66,0,0,472,66,0
Semantic,fr3_walking_rpy,run_01,67,0,0,485,84,0
Semantic,fr3_walking_rpy,run_01,68,0,0,487,100,0
Semantic,fr3_walking_rpy,run_01,69,0,0,488,108,0
Semantic,fr3_walking_rpy,run_01,70,0,0,496,85,0
Semantic,fr3_walking_rpy,run_01,71,0,0,551,115,0
Semantic,fr3_walking_rpy,run_01,72,0,0,612,107,0
Semantic,fr3_walking_rpy,run_01,73,0,0,656,101,0
Semantic,fr3_walking_rpy,run_01,74,0,0,653,111,0
Semantic,fr3_walking_rpy,run_01,75,0,0,606,84,0
Semantic,fr3_walking_rpy,run_01,76,0,0,674,87,0
Semantic,fr3_walking_rpy,run_01,77,0,0,675,96,0
Semantic,fr3_walking_rpy,run_01,78,0,0,657,101,0
Semantic,fr3_walking_rpy,run_01,79,0,0,654,79,0
Semantic,fr3_walking_rpy,run_01,80,0,0,691,149,0
Semantic,fr3_walking_rpy,run_01,81,0,0,660,110,0
Semantic,fr3_walking_rpy,run_01,82,0,0,694,139,0
Semantic,fr3_walking_rpy,run_01,83,0,0,659,58,0
Semantic,fr3_walking_rpy,run_01,84,0,0,735,196,0
Semantic,fr3_walking_rpy,run_01,85,0,0,660,130,0
Semantic,fr3_walking_rpy,run_01,86,0,0,562,113,0
Semantic,fr3_walking_rpy,run_01,87,0,0,603,144,0
Semantic,fr3_walking_rpy,run_01,88,0,0,615,125,0
Semantic,fr3_walking_rpy,run_01,89,0,0,608,131,0
Semantic,fr3_walking_rpy,run_01,90,0,0,638,359,0
Semantic,fr3_walking_rpy,run_01,91,0,0,659,159,0
Semantic,fr3_walking_rpy,run_01,92,0,0,649,147,0
Semantic,fr3_walking_rpy,run_01,93,0,0,649,379,0
Semantic,fr3_walking_rpy,run_01,94,0,0,658,141,0
Semantic,fr3_walking_rpy,run_01,95,0,0,692,146,0
Semantic,fr3_walking_rpy,run_01,96,0,0,790,158,0
Semantic,fr3_walking_rpy,run_01,97,0,0,796,328,0
Semantic,fr3_walking_rpy,run_01,98,0,0,706,258,0
Semantic,fr3_walking_rpy,run_01,99,0,0,665,432,0
Semantic,fr3_walking_rpy,run_01,100,0,0,694,390,0
Semantic,fr3_walking_rpy,run_01,101,0,0,667,295,0
Semantic,fr3_walking_rpy,run_01,102,0,0,682,255,0
Semantic,fr3_walking_rpy,run_01,103,0,0,717,466,0
Semantic,fr3_walking_rpy,run_01,104,0,0,759,441,0
Semantic,fr3_walking_rpy,run_01,105,0,0,776,474,0
Semantic,fr3_walking_rpy,run_01,106,0,0,760,487,0
Semantic,fr3_walking_rpy,run_01,107,0,0,693,454,0
Semantic,fr3_walking_rpy,run_01,108,0,0,730,455,0
Semantic,fr3_walking_rpy,run_01,109,0,0,779,484,0
Semantic,fr3_walking_rpy,run_01,110,0,0,767,507,0
Semantic,fr3_walking_rpy,run_01,111,0,0,751,506,0
Semantic,fr3_walking_rpy,run_01,112,0,0,788,498,0
Semantic,fr3_walking_rpy,run_01,113,0,0,787,507,0
Semantic,fr3_walking_rpy,run_01,114,0,0,767,508,0
Semantic,fr3_walking_rpy,run_01,115,0,0,726,516,0
Semantic,fr3_walking_rpy,run_01,116,0,0,745,499,0
Semantic,fr3_walking_rpy,run_01,117,0,0,775,488,0
Semantic,fr3_walking_rpy,run_01,118,0,0,768,490,0
Semantic,fr3_walking_rpy,run_01,119,0,0,760,485,0
Semantic,fr3_walking_rpy,run_01,120,0,0,721,478,0
Semantic,fr3_walking_rpy,run_01,121,0,0,769,442,0
Semantic,fr3_walking_rpy,run_01,122,0,0,756,430,0
Semantic,fr3_walking_rpy,run_01,123,0,0,740,408,0
Semantic,fr3_walking_rpy,run_01,124,0,0,748,397,0
Semantic,fr3_walking_rpy,run_01,125,0,0,770,387,0
Semantic,fr3_walking_rpy,run_01,126,0,0,741,349,0
Semantic,fr3_walking_rpy,run_01,127,0,0,805,366,0
Semantic,fr3_walking_rpy,run_01,128,0,0,776,373,0
Semantic,fr3_walking_rpy,run_01,129,0,0,822,339,0
Semantic,fr3_walking_rpy,run_01,130,0,0,867,319,0
Semantic,fr3_walking_rpy,run_01,131,0,0,829,285,0
Semantic,fr3_walking_rpy,run_01,132,0,0,793,281,0
Semantic,fr3_walking_rpy,run_01,133,0,0,799,288,0
Semantic,fr3_walking_rpy,run_01,134,0,0,827,261,0
Semantic,fr3_walking_rpy,run_01,135,0,0,777,222,0
Semantic,fr3_walking_rpy,run_01,136,0,0,780,179,0
Semantic,fr3_walking_rpy,run_01,137,0,0,828,188,0
Semantic,fr3_walking_rpy,run_01,138,0,0,728,219,0
Semantic,fr3_walking_rpy,run_01,139,0,0,807,210,0
Semantic,fr3_walking_rpy,run_01,140,0,0,725,195,0
Semantic,fr3_walking_rpy,run_01,141,0,0,861,223,0
Semantic,fr3_walking_rpy,run_01,142,0,0,924,243,0
Semantic,fr3_walking_rpy,run_01,143,0,0,1048,289,0
Semantic,fr3_walking_rpy,run_01,144,0,0,965,277,0
Semantic,fr3_walking_rpy,run_01,145,0,0,976,278,0
Semantic,fr3_walking_rpy,run_01,146,0,0,976,298,0
Semantic,fr3_walking_rpy,run_01,147,0,0,1040,256,0
Semantic,fr3_walking_rpy,run_01,148,0,0,997,145,0
Semantic,fr3_walking_rpy,run_01,149,0,0,893,47,0
Semantic,fr3_walking_rpy,run_01,150,0,0,1057,161,0
Semantic,fr3_walking_rpy,run_01,151,0,0,900,126,0
Semantic,fr3_walking_rpy,run_01,152,0,0,794,102,0
Semantic,fr3_walking_rpy,run_01,153,0,0,857,146,0
Semantic,fr3_walking_rpy,run_01,154,0,0,848,161,0
Semantic,fr3_walking_rpy,run_01,155,0,0,812,115,0
Semantic,fr3_walking_rpy,run_01,156,0,0,913,131,0
Semantic,fr3_walking_rpy,run_01,157,0,0,929,103,0
Semantic,fr3_walking_rpy,run_01,158,0,0,843,112,0
Semantic,fr3_walking_rpy,run_01,159,0,0,841,146,0
Semantic,fr3_walking_rpy,run_01,160,0,0,850,189,0
Semantic,fr3_walking_rpy,run_01,161,0,0,841,204,0
Semantic,fr3_walking_rpy,run_01,162,0,0,825,236,0
Semantic,fr3_walking_rpy,run_01,164,0,0,142,22,0
Semantic,fr3_walking_rpy,run_01,168,0,0,143,50,0
Semantic,fr3_walking_rpy,run_01,169,0,0,143,52,0
Semantic,fr3_walking_rpy,run_01,170,0,0,140,52,0
Semantic,fr3_walking_rpy,run_01,179,0,0,146,31,0
Semantic,fr3_walking_rpy,run_01,180,0,0,189,40,0
Semantic,fr3_walking_rpy,run_01,181,0,0,916,95,0
Semantic,fr3_walking_rpy,run_01,182,0,0,925,99,0
Semantic,fr3_walking_rpy,run_01,183,0,0,1079,117,0
Semantic,fr3_walking_rpy,run_01,184,0,0,1213,137,0
Semantic,fr3_walking_rpy,run_01,185,0,0,1246,159,0
Semantic,fr3_walking_rpy,run_01,186,0,0,1208,173,0
Semantic,fr3_walking_rpy,run_01,187,0,0,1287,175,0
Semantic,fr3_walking_rpy,run_01,188,0,0,1292,171,0
Semantic,fr3_walking_rpy,run_01,190,0,0,1132,207,0
Semantic,fr3_walking_rpy,run_01,194,0,0,151,43,0
Semantic,fr3_walking_rpy,run_01,197,0,0,150,45,0
Semantic,fr3_walking_rpy,run_01,199,0,0,966,188,0
Semantic,fr3_walking_rpy,run_01,202,0,0,1179,274,0
Semantic,fr3_walking_rpy,run_01,203,0,0,1151,216,0
Semantic,fr3_walking_rpy,run_01,204,0,0,1416,307,0
Semantic,fr3_walking_rpy,run_01,205,0,0,1410,324,0
Semantic,fr3_walking_rpy,run_01,206,0,0,1446,0,0
Semantic,fr3_walking_rpy,run_01,207,0,0,1344,0,0
Semantic,fr3_walking_rpy,run_01,208,0,0,1179,0,0
Semantic,fr3_walking_rpy,run_01,209,0,0,1305,0,0
Semantic,fr3_walking_rpy,run_01,210,0,0,1115,22,0
Semantic,fr3_walking_rpy,run_01,211,0,0,861,14,0
Semantic,fr3_walking_rpy,run_01,213,0,0,214,0,0
Semantic,fr3_walking_rpy,run_01,214,0,0,787,27,0
Semantic,fr3_walking_rpy,run_01,217,0,0,727,56,0
Semantic,fr3_walking_rpy,run_01,223,0,0,653,88,0
Semantic,fr3_walking_rpy,run_01,290,0,0,70,14,0
Semantic,fr3_walking_rpy,run_01,292,0,0,73,10,0
Semantic,fr3_walking_rpy,run_01,297,0,0,70,16,0
Semantic,fr3_walking_rpy,run_01,300,0,0,1023,187,0
Semantic,fr3_walking_rpy,run_01,301,0,0,996,138,0
Semantic,fr3_walking_rpy,run_01,302,0,0,1462,0,0
Semantic,fr3_walking_rpy,run_01,303,0,0,1537,0,0
Semantic,fr3_walking_rpy,run_01,304,0,0,1499,102,0
Semantic,fr3_walking_rpy,run_01,305,0,0,1549,40,0
Semantic,fr3_walking_rpy,run_01,306,0,0,1369,21,0
Semantic,fr3_walking_rpy,run_01,316,0,0,70,0,0
Semantic,fr3_walking_rpy,run_01,319,0,0,72,0,0
Semantic,fr3_walking_rpy,run_01,320,0,0,60,0,0
Semantic,fr3_walking_rpy,run_01,321,0,0,62,0,0
Semantic,fr3_walking_rpy,run_01,325,0,0,72,0,0
Semantic,fr3_walking_rpy,run_01,327,0,0,70,0,0
Semantic,fr3_walking_rpy,run_01,329,0,0,60,0,0
Semantic,fr3_walking_rpy,run_01,336,0,0,77,6,0
Semantic,fr3_walking_rpy,run_01,339,0,0,85,7,0
Semantic,fr3_walking_rpy,run_01,342,0,0,73,6,0
Semantic,fr3_walking_rpy,run_01,343,0,0,70,0,0
Semantic,fr3_walking_rpy,run_01,344,0,0,1049,0,0
Semantic,fr3_walking_rpy,run_01,346,0,0,73,0,0
Semantic,fr3_walking_rpy,run_01,347,0,0,106,0,0
Semantic,fr3_walking_rpy,run_01,350,0,0,66,0,0
Semantic,fr3_walking_rpy,run_01,351,0,0,844,0,0
Semantic,fr3_walking_rpy,run_01,352,0,0,846,0,0
Semantic,fr3_walking_rpy,run_01,353,0,0,1502,0,0
Semantic,fr3_walking_rpy,run_01,354,0,0,1497,0,0
Semantic,fr3_walking_rpy,run_01,355,0,0,1536,0,0
Semantic,fr3_walking_rpy,run_01,356,0,0,1561,0,0
Semantic,fr3_walking_rpy,run_01,357,0,0,1544,0,0
Semantic,fr3_walking_rpy,run_01,358,0,0,1491,0,0
Semantic,fr3_walking_rpy,run_01,359,0,0,1462,0,0
Semantic,fr3_walking_rpy,run_01,360,0,0,1439,0,0
Semantic,fr3_walking_rpy,run_01,361,0,0,1467,0,0
Semantic,fr3_walking_rpy,run_01,362,0,0,1470,0,0
Semantic,fr3_walking_rpy,run_01,363,0,0,1439,0,0
Semantic,fr3_walking_rpy,run_01,364,0,0,1414,0,0
Semantic,fr3_walking_rpy,run_01,365,0,0,1451,0,0
Semantic,fr3_walking_rpy,run_01,366,0,0,1461,0,0
Semantic,fr3_walking_rpy,run_01,367,0,0,1419,0,0
Semantic,fr3_walking_rpy,run_01,368,0,0,1474,0,0
Semantic,fr3_walking_rpy,run_01,369,0,0,1501,4,0
Semantic,fr3_walking_rpy,run_01,370,0,0,1450,0,0
Semantic,fr3_walking_rpy,run_01,371,0,0,1462,0,0
Semantic,fr3_walking_rpy,run_01,372,0,0,1463,0,0
Semantic,fr3_walking_rpy,run_01,373,0,0,1451,10,0
Semantic,fr3_walking_rpy,run_01,374,0,0,1473,8,0
Semantic,fr3_walking_rpy,run_01,375,0,0,1443,6,0
Semantic,fr3_walking_rpy,run_01,376,0,0,1409,3,0
Semantic,fr3_walking_rpy,run_01,377,0,0,1412,3,0
Semantic,fr3_walking_rpy,run_01,378,0,0,1309,3,0
Semantic,fr3_walking_rpy,run_01,379,0,0,1314,1,0
Semantic,fr3_walking_rpy,run_01,380,0,0,1312,2,0
Semantic,fr3_walking_rpy,run_01,381,0,0,1265,1,0
Semantic,fr3_walking_rpy,run_01,382,0,0,1243,0,0
Semantic,fr3_walking_rpy,run_01,383,0,0,1279,0,0
Semantic,fr3_walking_rpy,run_01,384,0,0,1257,0,0
Semantic,fr3_walking_rpy,run_01,385,0,0,1262,0,0
Semantic,fr3_walking_rpy,run_01,386,0,0,1267,0,0
Semantic,fr3_walking_rpy,run_01,387,0,0,1275,0,0
Semantic,fr3_walking_rpy,run_01,388,0,0,1264,0,0
Semantic,fr3_walking_rpy,run_01,389,0,0,1284,0,0
Semantic,fr3_walking_rpy,run_01,390,0,0,1481,0,0
Semantic,fr3_walking_rpy,run_01,391,0,0,1475,0,0
Semantic,fr3_walking_rpy,run_01,392,0,0,1494,3,0
Semantic,fr3_walking_rpy,run_01,393,0,0,1567,3,0
Semantic,fr3_walking_rpy,run_01,394,0,0,1525,3,0
Semantic,fr3_walking_rpy,run_01,395,0,0,1587,12,0
Semantic,fr3_walking_rpy,run_01,396,0,0,1576,12,0
Semantic,fr3_walking_rpy,run_01,397,0,0,1594,10,0
Semantic,fr3_walking_rpy,run_01,398,0,0,1600,8,0
Semantic,fr3_walking_rpy,run_01,399,0,0,1437,6,0
Semantic,fr3_walking_rpy,run_01,400,0,0,1638,7,0
Semantic,fr3_walking_rpy,run_01,401,0,0,1622,0,0
Semantic,fr3_walking_rpy,run_01,402,0,0,1685,100,0
Semantic,fr3_walking_rpy,run_01,403,0,0,1641,138,0
Semantic,fr3_walking_rpy,run_01,404,0,0,1354,185,0
Semantic,fr3_walking_rpy,run_01,405,0,0,1303,157,0
Semantic,fr3_walking_rpy,run_01,406,0,0,1281,153,0
Semantic,fr3_walking_rpy,run_01,407,0,0,1351,148,0
Semantic,fr3_walking_rpy,run_01,408,0,0,1249,153,0
Semantic,fr3_walking_rpy,run_01,409,0,0,1284,171,0
Semantic,fr3_walking_rpy,run_01,410,0,0,1209,221,0
Semantic,fr3_walking_rpy,run_01,411,0,0,967,163,0
Semantic,fr3_walking_rpy,run_01,412,0,0,1130,141,0
Semantic,fr3_walking_rpy,run_01,413,0,0,1047,142,0
Semantic,fr3_walking_rpy,run_01,414,0,0,945,143,0
Semantic,fr3_walking_rpy,run_01,415,0,0,958,147,0
Semantic,fr3_walking_rpy,run_01,416,0,0,963,136,0
Semantic,fr3_walking_rpy,run_01,417,0,0,992,116,0
Semantic,fr3_walking_rpy,run_01,418,0,0,971,108,0
Semantic,fr3_walking_rpy,run_01,419,0,0,906,97,0
Semantic,fr3_walking_rpy,run_01,420,0,0,938,96,0
Semantic,fr3_walking_rpy,run_01,421,0,0,916,106,0
Semantic,fr3_walking_rpy,run_01,422,0,0,910,106,0
Semantic,fr3_walking_rpy,run_01,423,0,0,853,158,0
Semantic,fr3_walking_rpy,run_01,424,0,0,887,152,0
Semantic,fr3_walking_rpy,run_01,425,0,0,944,161,0
Semantic,fr3_walking_rpy,run_01,426,0,0,944,161,0
Semantic,fr3_walking_rpy,run_01,427,0,0,939,161,0
Semantic,fr3_walking_rpy,run_01,428,0,0,933,189,0
Semantic,fr3_walking_rpy,run_01,429,0,0,954,186,0
Semantic,fr3_walking_rpy,run_01,430,0,0,744,144,0
Semantic,fr3_walking_rpy,run_01,431,0,0,755,148,0
Semantic,fr3_walking_rpy,run_01,432,0,0,623,123,0
Semantic,fr3_walking_rpy,run_01,433,0,0,680,141,0
Semantic,fr3_walking_rpy,run_01,434,0,0,675,157,0
Semantic,fr3_walking_rpy,run_01,435,0,0,670,205,0
Semantic,fr3_walking_rpy,run_01,436,0,0,672,221,0
Semantic,fr3_walking_rpy,run_01,437,0,0,723,296,0
Semantic,fr3_walking_rpy,run_01,438,0,0,728,221,0
Semantic,fr3_walking_rpy,run_01,439,0,0,739,283,0
Semantic,fr3_walking_rpy,run_01,440,0,0,710,263,0
Semantic,fr3_walking_rpy,run_01,441,0,0,764,300,0
Semantic,fr3_walking_rpy,run_01,442,0,0,809,281,0
Semantic,fr3_walking_rpy,run_01,443,0,0,811,301,0
Semantic,fr3_walking_rpy,run_01,444,0,0,812,285,0
Semantic,fr3_walking_rpy,run_01,445,0,0,892,276,0
Semantic,fr3_walking_rpy,run_01,446,0,0,966,289,0
Semantic,fr3_walking_rpy,run_01,447,0,0,971,237,0
Semantic,fr3_walking_rpy,run_01,448,0,0,964,225,0
Semantic,fr3_walking_rpy,run_01,449,0,0,994,209,0
Semantic,fr3_walking_rpy,run_01,450,0,0,997,174,0
Semantic,fr3_walking_rpy,run_01,451,0,0,1039,184,0
Semantic,fr3_walking_rpy,run_01,452,0,0,1017,0,0
Semantic,fr3_walking_rpy,run_01,453,0,0,1051,66,0
Semantic,fr3_walking_rpy,run_01,454,0,0,1108,45,0
Semantic,fr3_walking_rpy,run_01,455,0,0,1174,35,0
Semantic,fr3_walking_rpy,run_01,456,0,0,1301,34,0
Semantic,fr3_walking_rpy,run_01,457,0,0,1374,31,0
Semantic,fr3_walking_rpy,run_01,458,0,0,1369,37,0
Semantic,fr3_walking_rpy,run_01,459,0,0,1502,18,0
Semantic,fr3_walking_rpy,run_01,460,0,0,1431,13,0
Semantic,fr3_walking_rpy,run_01,461,0,0,1554,11,0
Semantic,fr3_walking_rpy,run_01,462,0,0,1459,0,0
Semantic,fr3_walking_rpy,run_01,463,0,0,1596,0,0
Semantic,fr3_walking_rpy,run_01,464,0,0,1720,0,0
Semantic,fr3_walking_rpy,run_01,465,0,0,1637,0,0
Semantic,fr3_walking_rpy,run_01,466,0,0,1679,0,0
Semantic,fr3_walking_rpy,run_01,467,0,0,1759,0,0
Semantic,fr3_walking_rpy,run_01,468,0,0,1772,0,0
Semantic,fr3_walking_rpy,run_01,469,0,0,1780,0,0
Semantic,fr3_walking_rpy,run_01,470,0,0,1781,0,0
Semantic,fr3_walking_rpy,run_01,471,0,0,1723,0,0
Semantic,fr3_walking_rpy,run_01,472,0,0,1836,0,0
Semantic,fr3_walking_rpy,run_01,473,0,0,1886,0,0
Semantic,fr3_walking_rpy,run_01,474,0,0,1742,0,0
Semantic,fr3_walking_rpy,run_01,475,0,0,1818,0,0
Semantic,fr3_walking_rpy,run_01,476,0,0,1701,0,0
Semantic,fr3_walking_rpy,run_01,477,0,0,1727,0,0
Semantic,fr3_walking_rpy,run_01,478,0,0,1750,0,0
Semantic,fr3_walking_rpy,run_01,479,0,0,1549,0,0
Semantic,fr3_walking_rpy,run_01,480,0,0,2000,0,0
Semantic,fr3_walking_rpy,run_01,481,0,0,1999,0,0
Semantic,fr3_walking_rpy,run_01,482,0,0,1995,0,0
Semantic,fr3_walking_rpy,run_01,483,0,0,2012,0,0
Semantic,fr3_walking_rpy,run_01,484,0,0,1995,0,0
Semantic,fr3_walking_rpy,run_01,485,0,0,2011,0,0
Semantic,fr3_walking_rpy,run_01,486,0,0,1993,0,0
Semantic,fr3_walking_rpy,run_01,487,0,0,1971,0,0
Semantic,fr3_walking_rpy,run_01,488,0,0,1883,0,0
Semantic,fr3_walking_rpy,run_01,489,0,0,1850,0,0
Semantic,fr3_walking_rpy,run_01,490,0,0,1912,0,0
Semantic,fr3_walking_rpy,run_01,491,0,0,1947,0,0
Semantic,fr3_walking_rpy,run_01,492,0,0,1828,0,0
Semantic,fr3_walking_rpy,run_01,493,0,0,1797,0,0
Semantic,fr3_walking_rpy,run_01,494,0,0,1815,0,0
Semantic,fr3_walking_rpy,run_01,495,0,0,1842,0,0
Semantic,fr3_walking_rpy,run_01,496,0,0,1748,0,0
Semantic,fr3_walking_rpy,run_01,497,0,0,1806,0,0
Semantic,fr3_walking_rpy,run_01,498,0,0,1848,0,0
Semantic,fr3_walking_rpy,run_01,499,0,0,1765,0,0
Semantic,fr3_walking_rpy,run_01,500,0,0,1768,0,0
Semantic,fr3_walking_rpy,run_01,501,0,0,1707,0,0
Semantic,fr3_walking_rpy,run_01,502,0,0,1773,0,0
Semantic,fr3_walking_rpy,run_01,503,0,0,1705,0,0
Semantic,fr3_walking_rpy,run_01,504,0,0,1667,0,0
Semantic,fr3_walking_rpy,run_01,505,0,0,1687,0,0
Semantic,fr3_walking_rpy,run_01,506,0,0,1708,0,0
Semantic,fr3_walking_rpy,run_01,507,0,0,1665,0,0
Semantic,fr3_walking_rpy,run_01,508,0,0,1602,0,0
Semantic,fr3_walking_rpy,run_01,509,0,0,1557,0,0
Semantic,fr3_walking_rpy,run_01,510,0,0,1597,0,0
Semantic,fr3_walking_rpy,run_01,511,0,0,1655,0,0
Semantic,fr3_walking_rpy,run_01,512,0,0,1606,0,0
Semantic,fr3_walking_rpy,run_01,513,0,0,1547,0,0
Semantic,fr3_walking_rpy,run_01,514,0,0,1519,0,0
Semantic,fr3_walking_rpy,run_01,515,0,0,1472,0,0
Semantic,fr3_walking_rpy,run_01,516,0,0,1449,0,0
Semantic,fr3_walking_rpy,run_01,517,0,0,1374,0,0
Semantic,fr3_walking_rpy,run_01,518,0,0,1221,0,0
Semantic,fr3_walking_rpy,run_01,519,0,0,1265,0,0
Semantic,fr3_walking_rpy,run_01,520,0,0,1478,0,0
Semantic,fr3_walking_rpy,run_01,521,0,0,1187,0,0
Semantic,fr3_walking_rpy,run_01,522,0,0,1505,0,0
Semantic,fr3_walking_rpy,run_01,523,0,0,1388,0,0
Semantic,fr3_walking_rpy,run_01,524,0,0,1631,0,0
Semantic,fr3_walking_rpy,run_01,525,0,0,1391,0,0
Semantic,fr3_walking_rpy,run_01,526,0,0,1410,0,0
Semantic,fr3_walking_rpy,run_01,527,0,0,1390,0,0
Semantic,fr3_walking_rpy,run_01,528,0,0,1310,0,0
Semantic,fr3_walking_rpy,run_01,529,0,0,1218,88,0
Semantic,fr3_walking_rpy,run_01,530,0,0,1513,0,0
Semantic,fr3_walking_rpy,run_01,531,0,0,1420,276,0
Semantic,fr3_walking_rpy,run_01,532,0,0,1333,0,0
Semantic,fr3_walking_rpy,run_01,533,0,0,1432,0,0
Semantic,fr3_walking_rpy,run_01,534,0,0,1379,0,0
Semantic,fr3_walking_rpy,run_01,535,0,0,1353,284,0
Semantic,fr3_walking_rpy,run_01,536,0,0,1287,190,0
Semantic,fr3_walking_rpy,run_01,537,0,0,1253,0,0
Semantic,fr3_walking_rpy,run_01,538,0,0,1322,0,0
Semantic,fr3_walking_rpy,run_01,539,0,0,927,0,0
Semantic,fr3_walking_rpy,run_01,540,0,0,1279,0,0
Semantic,fr3_walking_rpy,run_01,541,0,0,1276,379,0
Semantic,fr3_walking_rpy,run_01,542,0,0,1187,258,0
Semantic,fr3_walking_rpy,run_01,543,0,0,1187,273,0
Semantic,fr3_walking_rpy,run_01,544,0,0,1189,276,0
Semantic,fr3_walking_rpy,run_01,545,0,0,1170,241,0
Semantic,fr3_walking_rpy,run_01,546,0,0,1176,250,0
Semantic,fr3_walking_rpy,run_01,547,0,0,1094,243,0
Semantic,fr3_walking_rpy,run_01,548,0,0,1139,219,0
Semantic,fr3_walking_rpy,run_01,549,0,0,855,83,0
Semantic,fr3_walking_rpy,run_01,550,0,0,1083,103,0
Semantic,fr3_walking_rpy,run_01,551,0,0,1038,47,0
Semantic,fr3_walking_rpy,run_01,552,0,0,932,0,0
Semantic,fr3_walking_rpy,run_01,553,0,0,1405,145,0
Semantic,fr3_walking_rpy,run_01,554,0,0,1271,18,0
Semantic,fr3_walking_rpy,run_01,555,0,0,1057,8,0
Semantic,fr3_walking_rpy,run_01,556,0,0,1445,58,0
Semantic,fr3_walking_rpy,run_01,557,0,0,1417,135,0
Semantic,fr3_walking_rpy,run_01,558,0,0,1355,132,0
Semantic,fr3_walking_rpy,run_01,559,0,0,1270,133,0
Semantic,fr3_walking_rpy,run_01,560,0,0,1390,101,0
Semantic,fr3_walking_rpy,run_01,561,0,0,1373,83,0
Semantic,fr3_walking_rpy,run_01,562,0,0,1102,75,0
Semantic,fr3_walking_rpy,run_01,563,0,0,1538,90,0
Semantic,fr3_walking_rpy,run_01,564,0,0,1612,95,0
Semantic,fr3_walking_rpy,run_01,565,0,0,1536,86,0
Semantic,fr3_walking_rpy,run_01,566,0,0,1881,98,0
Semantic,fr3_walking_rpy,run_01,567,0,0,1569,95,0
Semantic,fr3_walking_rpy,run_01,568,0,0,1937,96,0
Semantic,fr3_walking_rpy,run_01,569,0,0,1610,87,0
Semantic,fr3_walking_rpy,run_01,570,0,0,1905,59,0
Semantic,fr3_walking_rpy,run_01,571,0,0,1695,154,0
Semantic,fr3_walking_rpy,run_01,572,0,0,2010,71,0
Semantic,fr3_walking_rpy,run_01,573,0,0,1769,0,0
Semantic,fr3_walking_rpy,run_01,574,0,0,2158,327,0
Semantic,fr3_walking_rpy,run_01,575,0,0,1732,176,0
Semantic,fr3_walking_rpy,run_01,576,0,0,1957,186,0
Semantic,fr3_walking_rpy,run_01,577,0,0,1813,147,0
Semantic,fr3_walking_rpy,run_01,578,0,0,1874,151,0
Semantic,fr3_walking_rpy,run_01,579,0,0,1676,144,0
Semantic,fr3_walking_rpy,run_01,580,0,0,1879,0,0
Semantic,fr3_walking_rpy,run_01,581,0,0,1966,329,0
Semantic,fr3_walking_rpy,run_01,582,0,0,2212,306,0
Semantic,fr3_walking_rpy,run_01,583,0,0,1911,141,0
Semantic,fr3_walking_rpy,run_01,584,0,0,2129,143,0
Semantic,fr3_walking_rpy,run_01,585,0,0,2106,136,0
Semantic,fr3_walking_rpy,run_01,586,0,0,2152,223,0
Semantic,fr3_walking_rpy,run_01,587,0,0,2267,231,0
Semantic,fr3_walking_rpy,run_01,588,0,0,1591,114,0
Semantic,fr3_walking_rpy,run_01,589,0,0,1952,142,0
Semantic,fr3_walking_rpy,run_01,590,0,0,2014,143,0
Semantic,fr3_walking_rpy,run_01,591,0,0,1760,100,0
Semantic,fr3_walking_rpy,run_01,592,0,0,1894,118,0
Semantic,fr3_walking_rpy,run_01,593,0,0,1906,140,0
Semantic,fr3_walking_rpy,run_01,594,0,0,2000,216,0
Semantic,fr3_walking_rpy,run_01,595,0,0,2240,420,0
Semantic,fr3_walking_rpy,run_01,596,0,0,1496,285,0
Semantic,fr3_walking_rpy,run_01,597,0,0,1495,325,0
Semantic,fr3_walking_rpy,run_01,598,0,0,1604,373,0
Semantic,fr3_walking_rpy,run_01,599,0,0,1463,379,0
Semantic,fr3_walking_rpy,run_01,600,0,0,1364,331,0
Semantic,fr3_walking_rpy,run_01,601,0,0,1339,363,0
Semantic,fr3_walking_rpy,run_01,602,0,0,1304,382,0
Semantic,fr3_walking_rpy,run_01,603,0,0,1301,360,0
Semantic,fr3_walking_rpy,run_01,604,0,0,1234,342,0
Semantic,fr3_walking_rpy,run_01,605,0,0,1032,282,0
Semantic,fr3_walking_rpy,run_01,606,0,0,1121,359,0
Semantic,fr3_walking_rpy,run_01,607,0,0,774,184,0
Semantic,fr3_walking_rpy,run_01,608,0,0,1007,333,0
Semantic,fr3_walking_rpy,run_01,609,0,0,1283,565,0
Semantic,fr3_walking_rpy,run_01,610,0,0,1464,599,0
Semantic,fr3_walking_rpy,run_01,611,0,0,1945,635,0
Semantic,fr3_walking_rpy,run_01,612,0,0,1507,421,0
Semantic,fr3_walking_rpy,run_01,613,0,0,2237,823,0
Semantic,fr3_walking_rpy,run_01,614,0,0,2216,781,0
Semantic,fr3_walking_rpy,run_01,615,0,0,2364,802,0
Semantic,fr3_walking_rpy,run_01,616,0,0,2454,841,0
Semantic,fr3_walking_rpy,run_01,617,0,0,2518,869,0
Semantic,fr3_walking_rpy,run_01,618,0,0,2537,795,0
Semantic,fr3_walking_rpy,run_01,619,0,0,2506,651,0
Semantic,fr3_walking_rpy,run_01,620,0,0,2558,638,0
Semantic,fr3_walking_rpy,run_01,621,0,0,2579,614,0
Semantic,fr3_walking_rpy,run_01,622,0,0,2661,595,0
Semantic,fr3_walking_rpy,run_01,623,0,0,2600,539,0
Semantic,fr3_walking_rpy,run_01,624,0,0,2602,511,0
Semantic,fr3_walking_rpy,run_01,625,0,0,2609,463,0
Semantic,fr3_walking_rpy,run_01,626,0,0,2630,484,0
Semantic,fr3_walking_rpy,run_01,627,0,0,2520,407,0
Semantic,fr3_walking_rpy,run_01,628,0,0,2517,418,0
Semantic,fr3_walking_rpy,run_01,629,0,0,2689,449,0
Semantic,fr3_walking_rpy,run_01,630,0,0,2672,383,0
Semantic,fr3_walking_rpy,run_01,631,0,0,2745,476,0
Semantic,fr3_walking_rpy,run_01,632,0,0,2606,389,0
Semantic,fr3_walking_rpy,run_01,633,0,0,2508,388,0
Semantic,fr3_walking_rpy,run_01,634,0,0,2742,450,0
Semantic,fr3_walking_rpy,run_01,635,0,0,2662,411,0
Semantic,fr3_walking_rpy,run_01,636,0,0,2603,469,0
Semantic,fr3_walking_rpy,run_01,637,0,0,2442,416,0
Semantic,fr3_walking_rpy,run_01,638,0,0,2737,420,0
Semantic,fr3_walking_rpy,run_01,639,0,0,2647,433,0
Semantic,fr3_walking_rpy,run_01,640,0,0,2627,384,0
Semantic,fr3_walking_rpy,run_01,641,0,0,2542,376,0
Semantic,fr3_walking_rpy,run_01,642,0,0,2549,429,0
Semantic,fr3_walking_rpy,run_01,643,0,0,2536,427,0
Semantic,fr3_walking_rpy,run_01,644,0,0,2584,357,0
Semantic,fr3_walking_rpy,run_01,645,0,0,2743,322,0
Semantic,fr3_walking_rpy,run_01,646,0,0,2547,324,0
Semantic,fr3_walking_rpy,run_01,647,0,0,2389,0,0
Semantic,fr3_walking_rpy,run_01,648,0,0,2560,0,0
Semantic,fr3_walking_rpy,run_01,649,0,0,2299,0,0
Semantic,fr3_walking_rpy,run_01,650,0,0,2663,0,0
Semantic,fr3_walking_rpy,run_01,651,0,0,2427,0,0
Semantic,fr3_walking_rpy,run_01,652,0,0,2255,0,0
Semantic,fr3_walking_rpy,run_01,653,0,0,2390,139,0
Semantic,fr3_walking_rpy,run_01,654,0,0,2189,61,0
Semantic,fr3_walking_rpy,run_01,655,0,0,2236,59,0
Semantic,fr3_walking_rpy,run_01,656,0,0,2354,31,0
Semantic,fr3_walking_rpy,run_01,657,0,0,2422,32,0
Semantic,fr3_walking_rpy,run_01,658,0,0,2269,48,0
Semantic,fr3_walking_rpy,run_01,659,0,0,2285,73,0
Semantic,fr3_walking_rpy,run_01,660,0,0,2019,40,0
Semantic,fr3_walking_rpy,run_01,661,0,0,2160,65,0
Semantic,fr3_walking_rpy,run_01,662,0,0,2308,51,0
Semantic,fr3_walking_rpy,run_01,663,0,0,2188,46,0
Semantic,fr3_walking_rpy,run_01,664,0,0,2209,0,0
Semantic,fr3_walking_rpy,run_01,665,0,0,2226,139,0
Semantic,fr3_walking_rpy,run_01,666,0,0,2034,0,0
Semantic,fr3_walking_rpy,run_01,667,0,0,2141,0,0
Semantic,fr3_walking_rpy,run_01,668,0,0,2072,0,0
Semantic,fr3_walking_rpy,run_01,669,0,0,1561,0,0
Semantic,fr3_walking_rpy,run_01,670,0,0,1986,0,0
Semantic,fr3_walking_rpy,run_01,671,0,0,2202,0,0
Semantic,fr3_walking_rpy,run_01,672,0,0,2060,0,0
Semantic,fr3_walking_rpy,run_01,673,0,0,222,196,0
Semantic,fr3_walking_rpy,run_01,691,0,0,130,0,0
Semantic,fr3_walking_rpy,run_01,697,0,0,120,0,0
Semantic,fr3_walking_rpy,run_01,706,0,0,116,0,0
Semantic,fr3_walking_rpy,run_01,710,0,0,98,22,0
Semantic,fr3_walking_rpy,run_01,712,0,0,1505,0,0
Semantic,fr3_walking_rpy,run_01,714,0,0,97,0,0
Semantic,fr3_walking_rpy,run_01,717,0,0,98,0,0
Semantic,fr3_walking_rpy,run_01,718,0,0,1360,0,0
Semantic,fr3_walking_rpy,run_01,722,0,0,1009,664,0
Semantic,fr3_walking_rpy,run_01,723,0,0,969,4,0
Semantic,fr3_walking_rpy,run_01,724,0,0,1257,0,0
Semantic,fr3_walking_rpy,run_01,725,0,0,1397,874,0
Semantic,fr3_walking_rpy,run_01,726,0,0,1149,658,0
Semantic,fr3_walking_rpy,run_01,727,0,0,1090,633,0
Semantic,fr3_walking_rpy,run_01,728,0,0,1086,13,0
Semantic,fr3_walking_rpy,run_01,729,0,0,1252,5,0
Semantic,fr3_walking_rpy,run_01,730,0,0,1230,10,0
Semantic,fr3_walking_rpy,run_01,731,0,0,1191,735,0
Semantic,fr3_walking_rpy,run_01,732,0,0,1041,557,0
Semantic,fr3_walking_rpy,run_01,733,0,0,1074,152,0
Semantic,fr3_walking_rpy,run_01,734,0,0,1095,5,0
Semantic,fr3_walking_rpy,run_01,735,0,0,1134,666,0
Semantic,fr3_walking_rpy,run_01,736,0,0,1041,0,0
Semantic,fr3_walking_rpy,run_01,737,0,0,1187,5,0
Semantic,fr3_walking_rpy,run_01,738,0,0,1186,7,0
Semantic,fr3_walking_rpy,run_01,745,0,0,88,1,0
Semantic,fr3_walking_rpy,run_01,750,0,0,1581,30,0
Semantic,fr3_walking_rpy,run_02,1,0,0,236,8,0
Semantic,fr3_walking_rpy,run_02,2,0,0,448,8,0
Semantic,fr3_walking_rpy,run_02,3,0,0,531,252,0
Semantic,fr3_walking_rpy,run_02,4,0,0,400,168,0
Semantic,fr3_walking_rpy,run_02,5,0,0,233,44,0
Semantic,fr3_walking_rpy,run_02,6,0,0,267,44,0
Semantic,fr3_walking_rpy,run_02,7,0,0,277,46,0
Semantic,fr3_walking_rpy,run_02,8,0,0,232,27,0
Semantic,fr3_walking_rpy,run_02,9,0,0,247,28,0
Semantic,fr3_walking_rpy,run_02,10,0,0,273,25,0
Semantic,fr3_walking_rpy,run_02,11,0,0,279,31,0
Semantic,fr3_walking_rpy,run_02,12,0,0,335,55,0
Semantic,fr3_walking_rpy,run_02,13,0,0,291,25,0
Semantic,fr3_walking_rpy,run_02,14,0,0,374,47,0
Semantic,fr3_walking_rpy,run_02,15,0,0,330,43,0
Semantic,fr3_walking_rpy,run_02,16,0,0,347,49,0
Semantic,fr3_walking_rpy,run_02,17,0,0,317,29,0
Semantic,fr3_walking_rpy,run_02,18,0,0,375,23,0
Semantic,fr3_walking_rpy,run_02,19,0,0,438,100,0
Semantic,fr3_walking_rpy,run_02,20,0,0,500,109,0
Semantic,fr3_walking_rpy,run_02,21,0,0,481,94,0
Semantic,fr3_walking_rpy,run_02,22,0,0,387,70,0
Semantic,fr3_walking_rpy,run_02,23,0,0,586,140,0
Semantic,fr3_walking_rpy,run_02,24,0,0,489,185,0
Semantic,fr3_walking_rpy,run_02,25,0,0,498,179,0
Semantic,fr3_walking_rpy,run_02,26,0,0,413,121,0
Semantic,fr3_walking_rpy,run_02,27,0,0,441,110,0
Semantic,fr3_walking_rpy,run_02,28,0,0,424,70,0
Semantic,fr3_walking_rpy,run_02,29,0,0,504,99,0
Semantic,fr3_walking_rpy,run_02,30,0,0,401,101,0
Semantic,fr3_walking_rpy,run_02,31,0,0,377,78,0
Semantic,fr3_walking_rpy,run_02,32,0,0,382,279,0
Semantic,fr3_walking_rpy,run_02,33,0,0,428,176,0
Semantic,fr3_walking_rpy,run_02,34,0,0,363,260,0
Semantic,fr3_walking_rpy,run_02,35,0,0,320,122,0
Semantic,fr3_walking_rpy,run_02,36,0,0,0,0,0
Semantic,fr3_walking_rpy,run_02,37,0,0,104,30,0
Semantic,fr3_walking_rpy,run_02,40,0,0,75,13,0
Semantic,fr3_walking_rpy,run_02,42,0,0,78,9,0
Semantic,fr3_walking_rpy,run_02,46,0,0,74,4,0
Semantic,fr3_walking_rpy,run_02,52,0,0,87,13,0
Semantic,fr3_walking_rpy,run_02,53,0,0,95,12,0
Semantic,fr3_walking_rpy,run_02,54,0,0,95,12,0
Semantic,fr3_walking_rpy,run_02,55,0,0,152,16,0
Semantic,fr3_walking_rpy,run_02,56,0,0,91,14,0
Semantic,fr3_walking_rpy,run_02,57,0,0,86,15,0
Semantic,fr3_walking_rpy,run_02,61,0,0,97,7,0
Semantic,fr3_walking_rpy,run_02,87,0,0,91,22,0
Semantic,fr3_walking_rpy,run_02,88,0,0,94,21,0
Semantic,fr3_walking_rpy,run_02,91,0,0,102,28,0
Semantic,fr3_walking_rpy,run_02,92,0,0,82,27,0
Semantic,fr3_walking_rpy,run_02,93,0,0,112,76,0
Semantic,fr3_walking_rpy,run_02,100,0,0,114,77,0
Semantic,fr3_walking_rpy,run_02,101,0,0,116,47,0
Semantic,fr3_walking_rpy,run_02,102,0,0,118,30,0
Semantic,fr3_walking_rpy,run_02,287,0,0,100,62,0
Semantic,fr3_walking_rpy,run_02,290,0,0,85,24,0
Semantic,fr3_walking_rpy,run_02,292,0,0,77,14,0
Semantic,fr3_walking_rpy,run_02,293,0,0,89,21,0
Semantic,fr3_walking_rpy,run_02,298,0,0,84,22,0
Semantic,fr3_walking_rpy,run_02,312,0,0,83,0,0
Semantic,fr3_walking_rpy,run_02,316,0,0,426,0,0
Semantic,fr3_walking_rpy,run_02,317,0,0,882,0,0
Semantic,fr3_walking_rpy,run_02,318,0,0,1421,0,0
Semantic,fr3_walking_rpy,run_02,319,0,0,1461,0,0
Semantic,fr3_walking_rpy,run_02,320,0,0,1503,0,0
Semantic,fr3_walking_rpy,run_02,321,0,0,1515,0,0
Semantic,fr3_walking_rpy,run_02,322,0,0,1501,0,0
Semantic,fr3_walking_rpy,run_02,323,0,0,1532,0,0
Semantic,fr3_walking_rpy,run_02,324,0,0,1532,0,0
Semantic,fr3_walking_rpy,run_02,325,0,0,1565,0,0
Semantic,fr3_walking_rpy,run_02,326,0,0,1564,0,0
Semantic,fr3_walking_rpy,run_02,327,0,0,1523,0,0
Semantic,fr3_walking_rpy,run_02,328,0,0,1552,0,0
Semantic,fr3_walking_rpy,run_02,329,0,0,1565,0,0
Semantic,fr3_walking_rpy,run_02,330,0,0,1537,0,0
Semantic,fr3_walking_rpy,run_02,331,0,0,1559,0,0
Semantic,fr3_walking_rpy,run_02,332,0,0,1552,0,0
Semantic,fr3_walking_rpy,run_02,333,0,0,1556,92,0
Semantic,fr3_walking_rpy,run_02,334,0,0,1541,86,0
Semantic,fr3_walking_rpy,run_02,335,0,0,1555,79,0
Semantic,fr3_walking_rpy,run_02,336,0,0,1542,87,0
Semantic,fr3_walking_rpy,run_02,337,0,0,1545,78,0
Semantic,fr3_walking_rpy,run_02,338,0,0,1531,70,0
Semantic,fr3_walking_rpy,run_02,339,0,0,1536,65,0
Semantic,fr3_walking_rpy,run_02,340,0,0,1501,47,0
Semantic,fr3_walking_rpy,run_02,341,0,0,1505,0,0
Semantic,fr3_walking_rpy,run_02,342,0,0,1494,52,0
Semantic,fr3_walking_rpy,run_02,343,0,0,1493,0,0
Semantic,fr3_walking_rpy,run_02,344,0,0,1494,0,0
Semantic,fr3_walking_rpy,run_02,345,0,0,1518,0,0
Semantic,fr3_walking_rpy,run_02,346,0,0,1540,0,0
Semantic,fr3_walking_rpy,run_02,347,0,0,1516,0,0
Semantic,fr3_walking_rpy,run_02,348,0,0,1516,0,0
Semantic,fr3_walking_rpy,run_02,349,0,0,1531,0,0
Semantic,fr3_walking_rpy,run_02,350,0,0,1580,0,0
Semantic,fr3_walking_rpy,run_02,351,0,0,1572,0,0
Semantic,fr3_walking_rpy,run_02,352,0,0,1523,0,0
Semantic,fr3_walking_rpy,run_02,353,0,0,1549,0,0
Semantic,fr3_walking_rpy,run_02,354,0,0,1508,0,0
Semantic,fr3_walking_rpy,run_02,355,0,0,1556,0,0
Semantic,fr3_walking_rpy,run_02,356,0,0,1563,0,0
Semantic,fr3_walking_rpy,run_02,357,0,0,1492,0,0
Semantic,fr3_walking_rpy,run_02,358,0,0,1463,0,0
Semantic,fr3_walking_rpy,run_02,359,0,0,1418,0,0
Semantic,fr3_walking_rpy,run_02,360,0,0,1387,0,0
Semantic,fr3_walking_rpy,run_02,361,0,0,1413,0,0
Semantic,fr3_walking_rpy,run_02,362,0,0,1412,0,0
Semantic,fr3_walking_rpy,run_02,363,0,0,1379,0,0
Semantic,fr3_walking_rpy,run_02,364,0,0,1367,0,0
Semantic,fr3_walking_rpy,run_02,365,0,0,1413,0,0
Semantic,fr3_walking_rpy,run_02,366,0,0,1390,0,0
Semantic,fr3_walking_rpy,run_02,367,0,0,1316,0,0
Semantic,fr3_walking_rpy,run_02,368,0,0,1378,0,0
Semantic,fr3_walking_rpy,run_02,369,0,0,1381,0,0
Semantic,fr3_walking_rpy,run_02,370,0,0,1313,0,0
Semantic,fr3_walking_rpy,run_02,371,0,0,1341,0,0
Semantic,fr3_walking_rpy,run_02,372,0,0,1322,0,0
Semantic,fr3_walking_rpy,run_02,373,0,0,1236,0,0
Semantic,fr3_walking_rpy,run_02,374,0,0,1241,0,0
Semantic,fr3_walking_rpy,run_02,375,0,0,933,0,0
Semantic,fr3_walking_rpy,run_02,376,0,0,1134,0,0
Semantic,fr3_walking_rpy,run_02,377,0,0,1118,0,0
Semantic,fr3_walking_rpy,run_02,378,0,0,1016,0,0
Semantic,fr3_walking_rpy,run_02,379,0,0,984,0,0
Semantic,fr3_walking_rpy,run_02,380,0,0,1010,0,0
Semantic,fr3_walking_rpy,run_02,381,0,0,978,0,0
Semantic,fr3_walking_rpy,run_02,382,0,0,945,0,0
Semantic,fr3_walking_rpy,run_02,383,0,0,970,0,0
Semantic,fr3_walking_rpy,run_02,384,0,0,958,0,0
Semantic,fr3_walking_rpy,run_02,385,0,0,959,0,0
Semantic,fr3_walking_rpy,run_02,386,0,0,976,0,0
Semantic,fr3_walking_rpy,run_02,387,0,0,990,0,0
Semantic,fr3_walking_rpy,run_02,388,0,0,992,0,0
Semantic,fr3_walking_rpy,run_02,389,0,0,1014,0,0
Semantic,fr3_walking_rpy,run_02,390,0,0,1067,0,0
Semantic,fr3_walking_rpy,run_02,391,0,0,1057,0,0
Semantic,fr3_walking_rpy,run_02,392,0,0,1074,0,0
Semantic,fr3_walking_rpy,run_02,393,0,0,807,3,0
Semantic,fr3_walking_rpy,run_02,394,0,0,1040,0,0
Semantic,fr3_walking_rpy,run_02,395,0,0,1095,1,0
Semantic,fr3_walking_rpy,run_02,396,0,0,1067,0,0
Semantic,fr3_walking_rpy,run_02,397,0,0,1228,1,0
Semantic,fr3_walking_rpy,run_02,398,0,0,1096,0,0
Semantic,fr3_walking_rpy,run_02,399,0,0,1361,1,0
Semantic,fr3_walking_rpy,run_02,400,0,0,1140,2,0
Semantic,fr3_walking_rpy,run_02,401,0,0,1320,0,0
Semantic,fr3_walking_rpy,run_02,402,0,0,1122,64,0
Semantic,fr3_walking_rpy,run_02,403,0,0,1317,122,0
Semantic,fr3_walking_rpy,run_02,404,0,0,1097,176,0
Semantic,fr3_walking_rpy,run_02,405,0,0,1009,114,0
Semantic,fr3_walking_rpy,run_02,406,0,0,999,94,0
Semantic,fr3_walking_rpy,run_02,407,0,0,1103,111,0
Semantic,fr3_walking_rpy,run_02,408,0,0,1170,105,0
Semantic,fr3_walking_rpy,run_02,409,0,0,987,101,0
Semantic,fr3_walking_rpy,run_02,410,0,0,977,146,0
Semantic,fr3_walking_rpy,run_02,411,0,0,948,139,0
Semantic,fr3_walking_rpy,run_02,412,0,0,876,107,0
Semantic,fr3_walking_rpy,run_02,413,0,0,944,116,0
Semantic,fr3_walking_rpy,run_02,414,0,0,887,120,0
Semantic,fr3_walking_rpy,run_02,415,0,0,993,161,0
Semantic,fr3_walking_rpy,run_02,416,0,0,968,159,0
Semantic,fr3_walking_rpy,run_02,417,0,0,924,116,0
Semantic,fr3_walking_rpy,run_02,418,0,0,905,97,0
Semantic,fr3_walking_rpy,run_02,419,0,0,906,101,0
Semantic,fr3_walking_rpy,run_02,420,0,0,903,114,0
Semantic,fr3_walking_rpy,run_02,421,0,0,869,122,0
Semantic,fr3_walking_rpy,run_02,422,0,0,927,117,0
Semantic,fr3_walking_rpy,run_02,423,0,0,931,161,0
Semantic,fr3_walking_rpy,run_02,424,0,0,714,126,0
Semantic,fr3_walking_rpy,run_02,425,0,0,806,133,0
Semantic,fr3_walking_rpy,run_02,426,0,0,819,135,0
Semantic,fr3_walking_rpy,run_02,427,0,0,804,142,0
Semantic,fr3_walking_rpy,run_02,428,0,0,789,166,0
Semantic,fr3_walking_rpy,run_02,429,0,0,679,154,0
Semantic,fr3_walking_rpy,run_02,430,0,0,742,167,0
Semantic,fr3_walking_rpy,run_02,431,0,0,750,170,0
Semantic,fr3_walking_rpy,run_02,432,0,0,751,165,0
Semantic,fr3_walking_rpy,run_02,433,0,0,737,180,0
Semantic,fr3_walking_rpy,run_02,434,0,0,740,195,0
Semantic,fr3_walking_rpy,run_02,435,0,0,742,224,0
Semantic,fr3_walking_rpy,run_02,436,0,0,701,230,0
Semantic,fr3_walking_rpy,run_02,437,0,0,750,280,0
Semantic,fr3_walking_rpy,run_02,438,0,0,753,223,0
Semantic,fr3_walking_rpy,run_02,439,0,0,786,286,0
Semantic,fr3_walking_rpy,run_02,440,0,0,785,291,0
Semantic,fr3_walking_rpy,run_02,441,0,0,782,341,0
Semantic,fr3_walking_rpy,run_02,442,0,0,859,319,0
Semantic,fr3_walking_rpy,run_02,443,0,0,858,330,0
Semantic,fr3_walking_rpy,run_02,444,0,0,869,319,0
Semantic,fr3_walking_rpy,run_02,445,0,0,886,298,0
Semantic,fr3_walking_rpy,run_02,446,0,0,914,309,0
Semantic,fr3_walking_rpy,run_02,447,0,0,913,238,0
Semantic,fr3_walking_rpy,run_02,448,0,0,940,222,0
Semantic,fr3_walking_rpy,run_02,449,0,0,942,195,0
Semantic,fr3_walking_rpy,run_02,450,0,0,945,159,0
Semantic,fr3_walking_rpy,run_02,451,0,0,971,165,0
Semantic,fr3_walking_rpy,run_02,452,0,0,979,0,0
Semantic,fr3_walking_rpy,run_02,453,0,0,1002,58,0
Semantic,fr3_walking_rpy,run_02,454,0,0,1077,46,0
Semantic,fr3_walking_rpy,run_02,455,0,0,1136,35,0
Semantic,fr3_walking_rpy,run_02,456,0,0,1215,20,0
Semantic,fr3_walking_rpy,run_02,457,0,0,1267,23,0
Semantic,fr3_walking_rpy,run_02,458,0,0,1248,20,0
Semantic,fr3_walking_rpy,run_02,459,0,0,1338,12,0
Semantic,fr3_walking_rpy,run_02,460,0,0,1412,13,0
Semantic,fr3_walking_rpy,run_02,461,0,0,1468,11,0
Semantic,fr3_walking_rpy,run_02,462,0,0,1329,0,0
Semantic,fr3_walking_rpy,run_02,463,0,0,1508,0,0
Semantic,fr3_walking_rpy,run_02,464,0,0,1476,0,0
Semantic,fr3_walking_rpy,run_02,465,0,0,1411,0,0
Semantic,fr3_walking_rpy,run_02,466,0,0,1572,0,0
Semantic,fr3_walking_rpy,run_02,467,0,0,1571,0,0
Semantic,fr3_walking_rpy,run_02,468,0,0,1584,0,0
Semantic,fr3_walking_rpy,run_02,469,0,0,1633,0,0
Semantic,fr3_walking_rpy,run_02,470,0,0,1634,0,0
Semantic,fr3_walking_rpy,run_02,471,0,0,1642,0,0
Semantic,fr3_walking_rpy,run_02,472,0,0,1642,0,0
Semantic,fr3_walking_rpy,run_02,473,0,0,1665,0,0
Semantic,fr3_walking_rpy,run_02,474,0,0,1665,0,0
Semantic,fr3_walking_rpy,run_02,475,0,0,1691,0,0
Semantic,fr3_walking_rpy,run_02,476,0,0,1674,0,0
Semantic,fr3_walking_rpy,run_02,477,0,0,1698,0,0
Semantic,fr3_walking_rpy,run_02,478,0,0,1738,0,0
Semantic,fr3_walking_rpy,run_02,479,0,0,1750,0,0
Semantic,fr3_walking_rpy,run_02,480,0,0,1780,0,0
Semantic,fr3_walking_rpy,run_02,481,0,0,1647,0,0
Semantic,fr3_walking_rpy,run_02,482,0,0,1950,0,0
Semantic,fr3_walking_rpy,run_02,483,0,0,1920,0,0
Semantic,fr3_walking_rpy,run_02,484,0,0,1939,0,0
Semantic,fr3_walking_rpy,run_02,485,0,0,1923,0,0
Semantic,fr3_walking_rpy,run_02,486,0,0,1883,0,0
Semantic,fr3_walking_rpy,run_02,487,0,0,1905,0,0
Semantic,fr3_walking_rpy,run_02,488,0,0,1885,0,0
Semantic,fr3_walking_rpy,run_02,489,0,0,1908,0,0
Semantic,fr3_walking_rpy,run_02,490,0,0,1964,0,0
Semantic,fr3_walking_rpy,run_02,491,0,0,1910,0,0
Semantic,fr3_walking_rpy,run_02,492,0,0,1913,0,0
Semantic,fr3_walking_rpy,run_02,493,0,0,1911,0,0
Semantic,fr3_walking_rpy,run_02,494,0,0,1880,0,0
Semantic,fr3_walking_rpy,run_02,495,0,0,1861,0,0
Semantic,fr3_walking_rpy,run_02,496,0,0,1837,0,0
Semantic,fr3_walking_rpy,run_02,497,0,0,1882,0,0
Semantic,fr3_walking_rpy,run_02,498,0,0,1837,0,0
Semantic,fr3_walking_rpy,run_02,499,0,0,1868,0,0
Semantic,fr3_walking_rpy,run_02,500,0,0,1807,0,0
Semantic,fr3_walking_rpy,run_02,501,0,0,1651,0,0
Semantic,fr3_walking_rpy,run_02,502,0,0,1722,0,0
Semantic,fr3_walking_rpy,run_02,503,0,0,1560,0,0
Semantic,fr3_walking_rpy,run_02,504,0,0,1577,0,0
Semantic,fr3_walking_rpy,run_02,505,0,0,1547,0,0
Semantic,fr3_walking_rpy,run_02,506,0,0,1507,0,0
Semantic,fr3_walking_rpy,run_02,507,0,0,1580,0,0
Semantic,fr3_walking_rpy,run_02,508,0,0,1535,0,0
Semantic,fr3_walking_rpy,run_02,509,0,0,1459,0,0
Semantic,fr3_walking_rpy,run_02,510,0,0,1538,0,0
Semantic,fr3_walking_rpy,run_02,511,0,0,1517,0,0
Semantic,fr3_walking_rpy,run_02,512,0,0,1493,0,0
Semantic,fr3_walking_rpy,run_02,513,0,0,1470,0,0
Semantic,fr3_walking_rpy,run_02,514,0,0,1450,0,0
Semantic,fr3_walking_rpy,run_02,515,0,0,1418,0,0
Semantic,fr3_walking_rpy,run_02,516,0,0,1454,0,0
Semantic,fr3_walking_rpy,run_02,517,0,0,1403,0,0
Semantic,fr3_walking_rpy,run_02,518,0,0,1390,0,0
Semantic,fr3_walking_rpy,run_02,519,0,0,1273,0,0
Semantic,fr3_walking_rpy,run_02,520,0,0,1306,0,0
Semantic,fr3_walking_rpy,run_02,521,0,0,1340,0,0
Semantic,fr3_walking_rpy,run_02,522,0,0,1351,0,0
Semantic,fr3_walking_rpy,run_02,523,0,0,1235,0,0
Semantic,fr3_walking_rpy,run_02,524,0,0,1233,0,0
Semantic,fr3_walking_rpy,run_02,525,0,0,1101,0,0
Semantic,fr3_walking_rpy,run_02,526,0,0,1416,0,0
Semantic,fr3_walking_rpy,run_02,527,0,0,1365,0,0
Semantic,fr3_walking_rpy,run_02,528,0,0,1369,0,0
Semantic,fr3_walking_rpy,run_02,529,0,0,1183,88,0
Semantic,fr3_walking_rpy,run_02,530,0,0,1500,0,0
Semantic,fr3_walking_rpy,run_02,531,0,0,1422,280,0
Semantic,fr3_walking_rpy,run_02,532,0,0,1329,0,0
Semantic,fr3_walking_rpy,run_02,533,0,0,1437,0,0
Semantic,fr3_walking_rpy,run_02,534,0,0,1384,0,0
Semantic,fr3_walking_rpy,run_02,535,0,0,1363,276,0
Semantic,fr3_walking_rpy,run_02,536,0,0,1284,185,0
Semantic,fr3_walking_rpy,run_02,537,0,0,867,0,0
Semantic,fr3_walking_rpy,run_02,538,0,0,1266,0,0
Semantic,fr3_walking_rpy,run_02,539,0,0,1247,0,0
Semantic,fr3_walking_rpy,run_02,540,0,0,1263,0,0
Semantic,fr3_walking_rpy,run_02,541,0,0,1252,301,0
Semantic,fr3_walking_rpy,run_02,542,0,0,1108,137,0
Semantic,fr3_walking_rpy,run_02,543,0,0,815,93,0
Semantic,fr3_walking_rpy,run_02,544,0,0,1077,123,0
Semantic,fr3_walking_rpy,run_02,545,0,0,1032,76,0
Semantic,fr3_walking_rpy,run_02,546,0,0,1066,87,0
Semantic,fr3_walking_rpy,run_02,547,0,0,1015,106,0
Semantic,fr3_walking_rpy,run_02,548,0,0,1090,73,0
Semantic,fr3_walking_rpy,run_02,549,0,0,1105,108,0
Semantic,fr3_walking_rpy,run_02,550,0,0,761,47,0
Semantic,fr3_walking_rpy,run_02,551,0,0,1027,24,0
Semantic,fr3_walking_rpy,run_02,552,0,0,930,0,0
Semantic,fr3_walking_rpy,run_02,553,0,0,1427,145,0
Semantic,fr3_walking_rpy,run_02,554,0,0,1278,22,0
Semantic,fr3_walking_rpy,run_02,555,0,0,1058,19,0
Semantic,fr3_walking_rpy,run_02,556,0,0,1437,55,0
Semantic,fr3_walking_rpy,run_02,557,0,0,1383,146,0
Semantic,fr3_walking_rpy,run_02,558,0,0,1116,148,0
Semantic,fr3_walking_rpy,run_02,559,0,0,1416,180,0
Semantic,fr3_walking_rpy,run_02,560,0,0,1512,138,0
Semantic,fr3_walking_rpy,run_02,561,0,0,1551,121,0
Semantic,fr3_walking_rpy,run_02,562,0,0,1273,104,0
Semantic,fr3_walking_rpy,run_02,563,0,0,1436,100,0
Semantic,fr3_walking_rpy,run_02,564,0,0,1564,100,0
Semantic,fr3_walking_rpy,run_02,565,0,0,1418,100,0
Semantic,fr3_walking_rpy,run_02,566,0,0,1747,110,0
Semantic,fr3_walking_rpy,run_02,567,0,0,1779,113,0
Semantic,fr3_walking_rpy,run_02,568,0,0,1992,112,0
Semantic,fr3_walking_rpy,run_02,569,0,0,1626,95,0
Semantic,fr3_walking_rpy,run_02,570,0,0,1919,71,0
Semantic,fr3_walking_rpy,run_02,571,0,0,1966,199,0
Semantic,fr3_walking_rpy,run_02,572,0,0,1925,84,0
Semantic,fr3_walking_rpy,run_02,573,0,0,2024,0,0
Semantic,fr3_walking_rpy,run_02,574,0,0,2088,323,0
Semantic,fr3_walking_rpy,run_02,575,0,0,1992,232,0
Semantic,fr3_walking_rpy,run_02,576,0,0,2223,246,0
Semantic,fr3_walking_rpy,run_02,577,0,0,1618,164,0
Semantic,fr3_walking_rpy,run_02,578,0,0,1828,135,0
Semantic,fr3_walking_rpy,run_02,579,0,0,2097,151,0
Semantic,fr3_walking_rpy,run_02,580,0,0,1960,0,0
Semantic,fr3_walking_rpy,run_02,581,0,0,2010,363,0
Semantic,fr3_walking_rpy,run_02,582,0,0,2202,342,0
Semantic,fr3_walking_rpy,run_02,583,0,0,2391,345,0
Semantic,fr3_walking_rpy,run_02,584,0,0,2353,331,0
Semantic,fr3_walking_rpy,run_02,585,0,0,2018,160,0
Semantic,fr3_walking_rpy,run_02,586,0,0,2007,185,0
Semantic,fr3_walking_rpy,run_02,587,0,0,2113,190,0
Semantic,fr3_walking_rpy,run_02,588,0,0,2023,203,0
Semantic,fr3_walking_rpy,run_02,589,0,0,1789,196,0
Semantic,fr3_walking_rpy,run_02,590,0,0,2024,188,0
Semantic,fr3_walking_rpy,run_02,591,0,0,1446,36,0
Semantic,fr3_walking_rpy,run_02,592,0,0,2129,173,0
Semantic,fr3_walking_rpy,run_02,593,0,0,2052,147,0
Semantic,fr3_walking_rpy,run_02,594,0,0,1940,205,0
Semantic,fr3_walking_rpy,run_02,595,0,0,1905,288,0
Semantic,fr3_walking_rpy,run_02,596,0,0,1667,286,0
Semantic,fr3_walking_rpy,run_02,597,0,0,1818,431,0
Semantic,fr3_walking_rpy,run_02,598,0,0,1835,459,0
Semantic,fr3_walking_rpy,run_02,599,0,0,1230,325,0
Semantic,fr3_walking_rpy,run_02,600,0,0,1187,297,0
Semantic,fr3_walking_rpy,run_02,601,0,0,1357,339,0
Semantic,fr3_walking_rpy,run_02,602,0,0,1399,400,0
Semantic,fr3_walking_rpy,run_02,603,0,0,1383,383,0
Semantic,fr3_walking_rpy,run_02,604,0,0,1629,485,0
Semantic,fr3_walking_rpy,run_02,605,0,0,1423,393,0
Semantic,fr3_walking_rpy,run_02,606,0,0,1414,483,0
Semantic,fr3_walking_rpy,run_02,607,0,0,1313,454,0
Semantic,fr3_walking_rpy,run_02,608,0,0,1227,454,0
Semantic,fr3_walking_rpy,run_02,609,0,0,1326,553,0
Semantic,fr3_walking_rpy,run_02,610,0,0,1603,726,0
Semantic,fr3_walking_rpy,run_02,611,0,0,1435,579,0
Semantic,fr3_walking_rpy,run_02,612,0,0,1688,728,0
Semantic,fr3_walking_rpy,run_02,613,0,0,2236,1020,0
Semantic,fr3_walking_rpy,run_02,614,0,0,2259,980,0
Semantic,fr3_walking_rpy,run_02,615,0,0,2213,945,0
Semantic,fr3_walking_rpy,run_02,616,0,0,2391,945,0
Semantic,fr3_walking_rpy,run_02,617,0,0,2292,880,0
Semantic,fr3_walking_rpy,run_02,618,0,0,2033,716,0
Semantic,fr3_walking_rpy,run_02,619,0,0,1483,387,0
Semantic,fr3_walking_rpy,run_02,620,0,0,2289,527,0
Semantic,fr3_walking_rpy,run_02,621,0,0,2228,493,0
Semantic,fr3_walking_rpy,run_02,622,0,0,2329,465,0
Semantic,fr3_walking_rpy,run_02,623,0,0,2281,422,0
Semantic,fr3_walking_rpy,run_02,624,0,0,2341,387,0
Semantic,fr3_walking_rpy,run_02,625,0,0,2301,387,0
Semantic,fr3_walking_rpy,run_02,626,0,0,2261,412,0
Semantic,fr3_walking_rpy,run_02,627,0,0,2517,408,0
Semantic,fr3_walking_rpy,run_02,628,0,0,2438,362,0
Semantic,fr3_walking_rpy,run_02,629,0,0,2446,373,0
Semantic,fr3_walking_rpy,run_02,630,0,0,2477,353,0
Semantic,fr3_walking_rpy,run_02,631,0,0,2682,430,0
Semantic,fr3_walking_rpy,run_02,632,0,0,2464,346,0
Semantic,fr3_walking_rpy,run_02,633,0,0,2408,379,0
Semantic,fr3_walking_rpy,run_02,634,0,0,2436,359,0
Semantic,fr3_walking_rpy,run_02,635,0,0,2433,364,0
Semantic,fr3_walking_rpy,run_02,636,0,0,2569,427,0
Semantic,fr3_walking_rpy,run_02,637,0,0,2550,406,0
Semantic,fr3_walking_rpy,run_02,638,0,0,2630,426,0
Semantic,fr3_walking_rpy,run_02,639,0,0,2668,454,0
Semantic,fr3_walking_rpy,run_02,640,0,0,2641,413,0
Semantic,fr3_walking_rpy,run_02,641,0,0,2649,413,0
Semantic,fr3_walking_rpy,run_02,642,0,0,2619,465,0
Semantic,fr3_walking_rpy,run_02,643,0,0,2611,462,0
Semantic,fr3_walking_rpy,run_02,644,0,0,2439,363,0
Semantic,fr3_walking_rpy,run_02,645,0,0,2395,300,0
Semantic,fr3_walking_rpy,run_02,646,0,0,2275,328,0
Semantic,fr3_walking_rpy,run_02,647,0,0,2189,0,0
Semantic,fr3_walking_rpy,run_02,648,0,0,2154,0,0
Semantic,fr3_walking_rpy,run_02,649,0,0,2167,0,0
Semantic,fr3_walking_rpy,run_02,650,0,0,2527,0,0
Semantic,fr3_walking_rpy,run_02,651,0,0,2342,0,0
Semantic,fr3_walking_rpy,run_02,652,0,0,2570,0,0
Semantic,fr3_walking_rpy,run_02,653,0,0,2345,124,0
Semantic,fr3_walking_rpy,run_02,654,0,0,2539,96,0
Semantic,fr3_walking_rpy,run_02,655,0,0,2214,50,0
Semantic,fr3_walking_rpy,run_02,656,0,0,1911,32,0
Semantic,fr3_walking_rpy,run_02,657,0,0,2138,37,0
Semantic,fr3_walking_rpy,run_02,658,0,0,1896,53,0
Semantic,fr3_walking_rpy,run_02,659,0,0,1820,62,0
Semantic,fr3_walking_rpy,run_02,660,0,0,1967,54,0
Semantic,fr3_walking_rpy,run_02,661,0,0,2117,65,0
Semantic,fr3_walking_rpy,run_02,662,0,0,1657,37,0
Semantic,fr3_walking_rpy,run_02,663,0,0,1906,37,0
Semantic,fr3_walking_rpy,run_02,664,0,0,1857,0,0
Semantic,fr3_walking_rpy,run_02,665,0,0,2045,126,0
Semantic,fr3_walking_rpy,run_02,666,0,0,2177,0,0
Semantic,fr3_walking_rpy,run_02,667,0,0,1880,0,0
Semantic,fr3_walking_rpy,run_02,668,0,0,1800,0,0
Semantic,fr3_walking_rpy,run_02,669,0,0,1467,0,0
Semantic,fr3_walking_rpy,run_02,670,0,0,1894,0,0
Semantic,fr3_walking_rpy,run_02,671,0,0,2060,0,0
Semantic,fr3_walking_rpy,run_02,672,0,0,1977,0,0
Semantic,fr3_walking_rpy,run_02,673,0,0,230,199,0
Semantic,fr3_walking_rpy,run_02,681,0,0,149,0,0
Semantic,fr3_walking_rpy,run_02,685,0,0,1334,0,0
Semantic,fr3_walking_rpy,run_02,691,0,0,138,0,0
Semantic,fr3_walking_rpy,run_02,702,0,0,114,37,0
Semantic,fr3_walking_rpy,run_02,707,0,0,119,0,0
Semantic,fr3_walking_rpy,run_02,709,0,0,117,30,0
Semantic,fr3_walking_rpy,run_02,713,0,0,121,0,0
Semantic,fr3_walking_rpy,run_02,714,0,0,1184,0,0
Semantic,fr3_walking_rpy,run_02,716,0,0,1130,38,0
Semantic,fr3_walking_rpy,run_02,717,0,0,989,0,0
Semantic,fr3_walking_rpy,run_02,718,0,0,1392,0,0
Semantic,fr3_walking_rpy,run_02,719,0,0,1301,849,0
Semantic,fr3_walking_rpy,run_02,720,0,0,1144,50,0
Semantic,fr3_walking_rpy,run_02,721,0,0,1443,13,0
Semantic,fr3_walking_rpy,run_02,722,0,0,1446,1024,0
Semantic,fr3_walking_rpy,run_02,723,0,0,1245,5,0
Semantic,fr3_walking_rpy,run_02,724,0,0,1324,0,0
Semantic,fr3_walking_rpy,run_02,725,0,0,1304,827,0
Semantic,fr3_walking_rpy,run_02,726,0,0,1121,641,0
Semantic,fr3_walking_rpy,run_02,727,0,0,1116,660,0
Semantic,fr3_walking_rpy,run_02,728,0,0,1218,10,0
Semantic,fr3_walking_rpy,run_02,729,0,0,1332,3,0
Semantic,fr3_walking_rpy,run_02,730,0,0,1336,6,0
Semantic,fr3_walking_rpy,run_02,731,0,0,1371,878,0
Semantic,fr3_walking_rpy,run_02,732,0,0,1051,588,0
Semantic,fr3_walking_rpy,run_02,733,0,0,1142,178,0
Semantic,fr3_walking_rpy,run_02,734,0,0,1152,4,0
Semantic,fr3_walking_rpy,run_02,735,0,0,1378,791,0
Semantic,fr3_walking_rpy,run_02,736,0,0,1149,0,0
Semantic,fr3_walking_rpy,run_02,737,0,0,1408,0,0
Semantic,fr3_walking_rpy,run_02,738,0,0,1509,0,0
Semantic,fr3_walking_rpy,run_02,847,0,0,188,38,0
Semantic,fr3_walking_rpy,run_02,859,0,0,166,17,0
Semantic,fr3_walking_rpy,run_02,863,0,0,206,0,0
Semantic,fr3_walking_rpy,run_02,865,0,0,157,0,0
Semantic,fr3_walking_rpy,run_03,1,0,0,236,8,0
Semantic,fr3_walking_rpy,run_03,2,0,0,448,8,0
Semantic,fr3_walking_rpy,run_03,3,0,0,531,252,0
Semantic,fr3_walking_rpy,run_03,4,0,0,400,168,0
Semantic,fr3_walking_rpy,run_03,5,0,0,233,44,0
Semantic,fr3_walking_rpy,run_03,6,0,0,268,44,0
Semantic,fr3_walking_rpy,run_03,7,0,0,277,46,0
Semantic,fr3_walking_rpy,run_03,8,0,0,234,27,0
Semantic,fr3_walking_rpy,run_03,9,0,0,249,28,0
Semantic,fr3_walking_rpy,run_03,10,0,0,273,26,0
Semantic,fr3_walking_rpy,run_03,11,0,0,328,40,0
Semantic,fr3_walking_rpy,run_03,12,0,0,287,42,0
Semantic,fr3_walking_rpy,run_03,13,0,0,284,23,0
Semantic,fr3_walking_rpy,run_03,14,0,0,371,40,0
Semantic,fr3_walking_rpy,run_03,15,0,0,327,42,0
Semantic,fr3_walking_rpy,run_03,16,0,0,337,42,0
Semantic,fr3_walking_rpy,run_03,17,0,0,357,31,0
Semantic,fr3_walking_rpy,run_03,18,0,0,404,27,0
Semantic,fr3_walking_rpy,run_03,19,0,0,446,93,0
Semantic,fr3_walking_rpy,run_03,20,0,0,517,115,0
Semantic,fr3_walking_rpy,run_03,21,0,0,498,98,0
Semantic,fr3_walking_rpy,run_03,22,0,0,424,83,0
Semantic,fr3_walking_rpy,run_03,23,0,0,605,142,0
Semantic,fr3_walking_rpy,run_03,24,0,0,516,200,0
Semantic,fr3_walking_rpy,run_03,25,0,0,509,181,0
Semantic,fr3_walking_rpy,run_03,26,0,0,419,127,0
Semantic,fr3_walking_rpy,run_03,27,0,0,498,122,0
Semantic,fr3_walking_rpy,run_03,28,0,0,424,81,0
Semantic,fr3_walking_rpy,run_03,29,0,0,491,118,0
Semantic,fr3_walking_rpy,run_03,30,0,0,411,101,0
Semantic,fr3_walking_rpy,run_03,31,0,0,381,84,0
Semantic,fr3_walking_rpy,run_03,32,0,0,367,267,0
Semantic,fr3_walking_rpy,run_03,33,0,0,406,151,0
Semantic,fr3_walking_rpy,run_03,34,0,0,354,247,0
Semantic,fr3_walking_rpy,run_03,35,0,0,65,20,0
Semantic,fr3_walking_rpy,run_03,37,0,0,300,94,0
Semantic,fr3_walking_rpy,run_03,38,0,0,291,83,0
Semantic,fr3_walking_rpy,run_03,39,0,0,341,71,0
Semantic,fr3_walking_rpy,run_03,40,0,0,371,87,0
Semantic,fr3_walking_rpy,run_03,41,0,0,380,117,0
Semantic,fr3_walking_rpy,run_03,42,0,0,375,90,0
Semantic,fr3_walking_rpy,run_03,43,0,0,368,82,0
Semantic,fr3_walking_rpy,run_03,44,0,0,389,78,0
Semantic,fr3_walking_rpy,run_03,45,0,0,452,98,0
Semantic,fr3_walking_rpy,run_03,46,0,0,421,79,0
Semantic,fr3_walking_rpy,run_03,47,0,0,380,62,0
Semantic,fr3_walking_rpy,run_03,48,0,0,461,65,0
Semantic,fr3_walking_rpy,run_03,49,0,0,464,92,0
Semantic,fr3_walking_rpy,run_03,50,0,0,416,64,0
Semantic,fr3_walking_rpy,run_03,51,0,0,468,100,0
Semantic,fr3_walking_rpy,run_03,52,0,0,467,77,0
Semantic,fr3_walking_rpy,run_03,53,0,0,413,66,0
Semantic,fr3_walking_rpy,run_03,54,0,0,458,88,0
Semantic,fr3_walking_rpy,run_03,55,0,0,446,76,0
Semantic,fr3_walking_rpy,run_03,56,0,0,493,84,0
Semantic,fr3_walking_rpy,run_03,57,0,0,532,90,0
Semantic,fr3_walking_rpy,run_03,58,0,0,548,113,0
Semantic,fr3_walking_rpy,run_03,59,0,0,550,120,0
Semantic,fr3_walking_rpy,run_03,60,0,0,558,99,0
Semantic,fr3_walking_rpy,run_03,61,0,0,539,66,0
Semantic,fr3_walking_rpy,run_03,62,0,0,576,100,0
Semantic,fr3_walking_rpy,run_03,63,0,0,552,87,0
Semantic,fr3_walking_rpy,run_03,64,0,0,560,87,0
Semantic,fr3_walking_rpy,run_03,65,0,0,552,83,0
Semantic,fr3_walking_rpy,run_03,66,0,0,561,69,0
Semantic,fr3_walking_rpy,run_03,67,0,0,561,91,0
Semantic,fr3_walking_rpy,run_03,68,0,0,482,86,0
Semantic,fr3_walking_rpy,run_03,69,0,0,531,98,0
Semantic,fr3_walking_rpy,run_03,70,0,0,578,72,0
Semantic,fr3_walking_rpy,run_03,71,0,0,593,103,0
Semantic,fr3_walking_rpy,run_03,72,0,0,569,93,0
Semantic,fr3_walking_rpy,run_03,73,0,0,616,94,0
Semantic,fr3_walking_rpy,run_03,74,0,0,622,103,0
Semantic,fr3_walking_rpy,run_03,75,0,0,582,71,0
Semantic,fr3_walking_rpy,run_03,76,0,0,620,68,0
Semantic,fr3_walking_rpy,run_03,77,0,0,625,87,0
Semantic,fr3_walking_rpy,run_03,78,0,0,652,83,0
Semantic,fr3_walking_rpy,run_03,79,0,0,643,69,0
Semantic,fr3_walking_rpy,run_03,80,0,0,623,138,0
Semantic,fr3_walking_rpy,run_03,81,0,0,661,101,0
Semantic,fr3_walking_rpy,run_03,82,0,0,619,123,0
Semantic,fr3_walking_rpy,run_03,83,0,0,631,60,0
Semantic,fr3_walking_rpy,run_03,84,0,0,678,184,0
Semantic,fr3_walking_rpy,run_03,85,0,0,683,173,0
Semantic,fr3_walking_rpy,run_03,86,0,0,638,110,0
Semantic,fr3_walking_rpy,run_03,87,0,0,637,147,0
Semantic,fr3_walking_rpy,run_03,88,0,0,671,135,0
Semantic,fr3_walking_rpy,run_03,89,0,0,670,136,0
Semantic,fr3_walking_rpy,run_03,90,0,0,677,371,0
Semantic,fr3_walking_rpy,run_03,91,0,0,693,142,0
Semantic,fr3_walking_rpy,run_03,92,0,0,681,148,0
Semantic,fr3_walking_rpy,run_03,93,0,0,646,374,0
Semantic,fr3_walking_rpy,run_03,94,0,0,683,146,0
Semantic,fr3_walking_rpy,run_03,95,0,0,714,136,0
Semantic,fr3_walking_rpy,run_03,96,0,0,778,153,0
Semantic,fr3_walking_rpy,run_03,97,0,0,810,337,0
Semantic,fr3_walking_rpy,run_03,98,0,0,704,259,0
Semantic,fr3_walking_rpy,run_03,99,0,0,660,439,0
Semantic,fr3_walking_rpy,run_03,100,0,0,696,402,0
Semantic,fr3_walking_rpy,run_03,101,0,0,643,310,0
Semantic,fr3_walking_rpy,run_03,102,0,0,653,256,0
Semantic,fr3_walking_rpy,run_03,103,0,0,732,451,0
Semantic,fr3_walking_rpy,run_03,104,0,0,726,428,0
Semantic,fr3_walking_rpy,run_03,105,0,0,754,465,0
Semantic,fr3_walking_rpy,run_03,106,0,0,750,478,0
Semantic,fr3_walking_rpy,run_03,107,0,0,686,437,0
Semantic,fr3_walking_rpy,run_03,108,0,0,743,456,0
Semantic,fr3_walking_rpy,run_03,109,0,0,737,460,0
Semantic,fr3_walking_rpy,run_03,110,0,0,763,495,0
Semantic,fr3_walking_rpy,run_03,111,0,0,755,498,0
Semantic,fr3_walking_rpy,run_03,112,0,0,776,500,0
Semantic,fr3_walking_rpy,run_03,113,0,0,784,499,0
Semantic,fr3_walking_rpy,run_03,114,0,0,725,490,0
Semantic,fr3_walking_rpy,run_03,115,0,0,724,506,0
Semantic,fr3_walking_rpy,run_03,116,0,0,763,488,0
Semantic,fr3_walking_rpy,run_03,117,0,0,774,472,0
Semantic,fr3_walking_rpy,run_03,118,0,0,759,465,0
Semantic,fr3_walking_rpy,run_03,119,0,0,750,466,0
Semantic,fr3_walking_rpy,run_03,120,0,0,714,456,0
Semantic,fr3_walking_rpy,run_03,121,0,0,739,386,0
Semantic,fr3_walking_rpy,run_03,122,0,0,738,376,0
Semantic,fr3_walking_rpy,run_03,123,0,0,791,404,0
Semantic,fr3_walking_rpy,run_03,124,0,0,794,402,0
Semantic,fr3_walking_rpy,run_03,125,0,0,826,397,0
Semantic,fr3_walking_rpy,run_03,126,0,0,851,365,0
Semantic,fr3_walking_rpy,run_03,127,0,0,840,371,0
Semantic,fr3_walking_rpy,run_03,128,0,0,827,374,0
Semantic,fr3_walking_rpy,run_03,129,0,0,846,341,0
Semantic,fr3_walking_rpy,run_03,130,0,0,810,313,0
Semantic,fr3_walking_rpy,run_03,131,0,0,858,297,0
Semantic,fr3_walking_rpy,run_03,132,0,0,811,294,0
Semantic,fr3_walking_rpy,run_03,133,0,0,810,297,0
Semantic,fr3_walking_rpy,run_03,134,0,0,805,272,0
Semantic,fr3_walking_rpy,run_03,135,0,0,820,251,0
Semantic,fr3_walking_rpy,run_03,136,0,0,786,203,0
Semantic,fr3_walking_rpy,run_03,137,0,0,858,221,0
Semantic,fr3_walking_rpy,run_03,138,0,0,752,231,0
Semantic,fr3_walking_rpy,run_03,196,0,0,92,0,0
Semantic,fr3_walking_rpy,run_03,198,0,0,685,30,0
Semantic,fr3_walking_rpy,run_03,199,0,0,657,12,0
Semantic,fr3_walking_rpy,run_03,200,0,0,802,1,0
Semantic,fr3_walking_rpy,run_03,201,0,0,879,11,0
Semantic,fr3_walking_rpy,run_03,202,0,0,913,5,0
Semantic,fr3_walking_rpy,run_03,203,0,0,962,0,0
Semantic,fr3_walking_rpy,run_03,204,0,0,1010,3,0
Semantic,fr3_walking_rpy,run_03,205,0,0,1042,16,0
Semantic,fr3_walking_rpy,run_03,206,0,0,1077,0,0
Semantic,fr3_walking_rpy,run_03,207,0,0,1105,0,0
Semantic,fr3_walking_rpy,run_03,208,0,0,1138,0,0
Semantic,fr3_walking_rpy,run_03,209,0,0,1171,0,0
Semantic,fr3_walking_rpy,run_03,210,0,0,1158,37,0
Semantic,fr3_walking_rpy,run_03,211,0,0,859,17,0
Semantic,fr3_walking_rpy,run_03,212,0,0,732,22,0
Semantic,fr3_walking_rpy,run_03,213,0,0,1094,46,0
Semantic,fr3_walking_rpy,run_03,214,0,0,1109,32,0
Semantic,fr3_walking_rpy,run_03,215,0,0,1099,58,0
Semantic,fr3_walking_rpy,run_03,216,0,0,1066,100,0
Semantic,fr3_walking_rpy,run_03,217,0,0,1032,72,0
Semantic,fr3_walking_rpy,run_03,218,0,0,1015,135,0
Semantic,fr3_walking_rpy,run_03,219,0,0,923,167,0
Semantic,fr3_walking_rpy,run_03,220,0,0,911,131,0
Semantic,fr3_walking_rpy,run_03,221,0,0,894,126,0
Semantic,fr3_walking_rpy,run_03,222,0,0,915,122,0
Semantic,fr3_walking_rpy,run_03,223,0,0,915,119,0
Semantic,fr3_walking_rpy,run_03,224,0,0,897,114,0
Semantic,fr3_walking_rpy,run_03,225,0,0,928,115,0
Semantic,fr3_walking_rpy,run_03,226,0,0,955,130,0
Semantic,fr3_walking_rpy,run_03,227,0,0,957,119,0
Semantic,fr3_walking_rpy,run_03,228,0,0,957,129,0
Semantic,fr3_walking_rpy,run_03,287,0,0,70,43,0
Semantic,fr3_walking_rpy,run_03,302,0,0,889,0,0
Semantic,fr3_walking_rpy,run_03,311,0,0,60,0,0
Semantic,fr3_walking_rpy,run_03,319,0,0,50,0,0
Semantic,fr3_walking_rpy,run_03,320,0,0,160,0,0
Semantic,fr3_walking_rpy,run_03,331,0,0,895,0,0
Semantic,fr3_walking_rpy,run_03,334,0,0,44,1,0
Semantic,fr3_walking_rpy,run_03,336,0,0,904,55,0
Semantic,fr3_walking_rpy,run_03,341,0,0,922,0,0
Semantic,fr3_walking_rpy,run_03,343,0,0,60,0,0
Semantic,fr3_walking_rpy,run_03,348,0,0,44,0,0
Semantic,fr3_walking_rpy,run_03,350,0,0,953,0,0
Semantic,fr3_walking_rpy,run_03,352,0,0,957,0,0
Semantic,fr3_walking_rpy,run_03,356,0,0,84,0,0
Semantic,fr3_walking_rpy,run_03,357,0,0,70,0,0
Semantic,fr3_walking_rpy,run_03,358,0,0,74,0,0
Semantic,fr3_walking_rpy,run_03,360,0,0,74,0,0
Semantic,fr3_walking_rpy,run_03,361,0,0,111,0,0
Semantic,fr3_walking_rpy,run_03,362,0,0,70,0,0
Semantic,fr3_walking_rpy,run_03,363,0,0,129,0,0
Semantic,fr3_walking_rpy,run_03,364,0,0,123,0,0
Semantic,fr3_walking_rpy,run_03,365,0,0,1000,0,0
Semantic,fr3_walking_rpy,run_03,366,0,0,859,0,0
Semantic,fr3_walking_rpy,run_03,367,0,0,1350,0,0
Semantic,fr3_walking_rpy,run_03,368,0,0,1398,0,0
Semantic,fr3_walking_rpy,run_03,369,0,0,1404,1,0
Semantic,fr3_walking_rpy,run_03,370,0,0,1337,0,0
Semantic,fr3_walking_rpy,run_03,371,0,0,1352,0,0
Semantic,fr3_walking_rpy,run_03,372,0,0,1330,0,0
Semantic,fr3_walking_rpy,run_03,373,0,0,1277,2,0
Semantic,fr3_walking_rpy,run_03,374,0,0,1288,0,0
Semantic,fr3_walking_rpy,run_03,375,0,0,1247,0,0
Semantic,fr3_walking_rpy,run_03,376,0,0,1187,0,0
Semantic,fr3_walking_rpy,run_03,377,0,0,1174,0,0
Semantic,fr3_walking_rpy,run_03,378,0,0,1106,0,0
Semantic,fr3_walking_rpy,run_03,379,0,0,1104,0,0
Semantic,fr3_walking_rpy,run_03,380,0,0,1073,0,0
Semantic,fr3_walking_rpy,run_03,381,0,0,1037,0,0
Semantic,fr3_walking_rpy,run_03,382,0,0,997,0,0
Semantic,fr3_walking_rpy,run_03,383,0,0,1039,0,0
Semantic,fr3_walking_rpy,run_03,384,0,0,1010,0,0
Semantic,fr3_walking_rpy,run_03,385,0,0,998,0,0
Semantic,fr3_walking_rpy,run_03,386,0,0,1021,0,0
Semantic,fr3_walking_rpy,run_03,387,0,0,1046,0,0
Semantic,fr3_walking_rpy,run_03,388,0,0,1038,0,0
Semantic,fr3_walking_rpy,run_03,389,0,0,1066,0,0
Semantic,fr3_walking_rpy,run_03,390,0,0,1115,0,0
Semantic,fr3_walking_rpy,run_03,391,0,0,1103,0,0
Semantic,fr3_walking_rpy,run_03,392,0,0,1118,1,0
Semantic,fr3_walking_rpy,run_03,393,0,0,1178,1,0
Semantic,fr3_walking_rpy,run_03,394,0,0,1152,6,0
Semantic,fr3_walking_rpy,run_03,395,0,0,1223,16,0
Semantic,fr3_walking_rpy,run_03,396,0,0,1040,10,0
Semantic,fr3_walking_rpy,run_03,397,0,0,1237,8,0
Semantic,fr3_walking_rpy,run_03,398,0,0,1292,6,0
Semantic,fr3_walking_rpy,run_03,399,0,0,1513,4,0
Semantic,fr3_walking_rpy,run_03,400,0,0,1439,3,0
Semantic,fr3_walking_rpy,run_03,401,0,0,1402,0,0
Semantic,fr3_walking_rpy,run_03,402,0,0,1311,68,0
Semantic,fr3_walking_rpy,run_03,403,0,0,1112,120,0
Semantic,fr3_walking_rpy,run_03,404,0,0,1088,212,0
Semantic,fr3_walking_rpy,run_03,405,0,0,1049,123,0
Semantic,fr3_walking_rpy,run_03,406,0,0,1068,121,0
Semantic,fr3_walking_rpy,run_03,407,0,0,1080,124,0
Semantic,fr3_walking_rpy,run_03,408,0,0,856,47,0
Semantic,fr3_walking_rpy,run_03,409,0,0,906,113,0
Semantic,fr3_walking_rpy,run_03,410,0,0,1015,145,0
Semantic,fr3_walking_rpy,run_03,411,0,0,875,131,0
Semantic,fr3_walking_rpy,run_03,412,0,0,830,64,0
Semantic,fr3_walking_rpy,run_03,413,0,0,847,64,0
Semantic,fr3_walking_rpy,run_03,414,0,0,850,78,0
Semantic,fr3_walking_rpy,run_03,415,0,0,792,79,0
Semantic,fr3_walking_rpy,run_03,416,0,0,782,78,0
Semantic,fr3_walking_rpy,run_03,417,0,0,794,75,0
Semantic,fr3_walking_rpy,run_03,418,0,0,839,64,0
Semantic,fr3_walking_rpy,run_03,419,0,0,790,65,0
Semantic,fr3_walking_rpy,run_03,420,0,0,828,69,0
Semantic,fr3_walking_rpy,run_03,421,0,0,786,77,0
Semantic,fr3_walking_rpy,run_03,422,0,0,824,82,0
Semantic,fr3_walking_rpy,run_03,423,0,0,827,117,0
Semantic,fr3_walking_rpy,run_03,424,0,0,758,111,0
Semantic,fr3_walking_rpy,run_03,425,0,0,828,116,0
Semantic,fr3_walking_rpy,run_03,426,0,0,827,114,0
Semantic,fr3_walking_rpy,run_03,427,0,0,813,124,0
Semantic,fr3_walking_rpy,run_03,428,0,0,829,172,0
Semantic,fr3_walking_rpy,run_03,429,0,0,726,150,0
Semantic,fr3_walking_rpy,run_03,430,0,0,635,153,0
Semantic,fr3_walking_rpy,run_03,431,0,0,708,158,0
Semantic,fr3_walking_rpy,run_03,432,0,0,699,158,0
Semantic,fr3_walking_rpy,run_03,433,0,0,672,171,0
Semantic,fr3_walking_rpy,run_03,434,0,0,700,199,0
Semantic,fr3_walking_rpy,run_03,435,0,0,617,207,0
Semantic,fr3_walking_rpy,run_03,436,0,0,679,221,0
Semantic,fr3_walking_rpy,run_03,437,0,0,691,265,0
Semantic,fr3_walking_rpy,run_03,438,0,0,705,229,0
Semantic,fr3_walking_rpy,run_03,439,0,0,780,273,0
Semantic,fr3_walking_rpy,run_03,440,0,0,778,272,0
Semantic,fr3_walking_rpy,run_03,441,0,0,709,297,0
Semantic,fr3_walking_rpy,run_03,442,0,0,800,272,0
Semantic,fr3_walking_rpy,run_03,443,0,0,852,289,0
Semantic,fr3_walking_rpy,run_03,444,0,0,850,271,0
Semantic,fr3_walking_rpy,run_03,445,0,0,858,247,0
Semantic,fr3_walking_rpy,run_03,446,0,0,885,241,0
Semantic,fr3_walking_rpy,run_03,447,0,0,820,173,0
Semantic,fr3_walking_rpy,run_03,448,0,0,843,151,0
Semantic,fr3_walking_rpy,run_03,449,0,0,924,141,0
Semantic,fr3_walking_rpy,run_03,450,0,0,914,119,0
Semantic,fr3_walking_rpy,run_03,451,0,0,922,121,0
Semantic,fr3_walking_rpy,run_03,452,0,0,866,0,0
Semantic,fr3_walking_rpy,run_03,453,0,0,881,55,0
Semantic,fr3_walking_rpy,run_03,454,0,0,1027,44,0
Semantic,fr3_walking_rpy,run_03,455,0,0,1098,33,0
Semantic,fr3_walking_rpy,run_03,456,0,0,1190,22,0
Semantic,fr3_walking_rpy,run_03,457,0,0,1107,17,0
Semantic,fr3_walking_rpy,run_03,458,0,0,1161,14,0
Semantic,fr3_walking_rpy,run_03,459,0,0,1209,4,0
Semantic,fr3_walking_rpy,run_03,460,0,0,1231,0,0
Semantic,fr3_walking_rpy,run_03,461,0,0,1409,0,0
Semantic,fr3_walking_rpy,run_03,462,0,0,1234,0,0
Semantic,fr3_walking_rpy,run_03,463,0,0,1500,0,0
Semantic,fr3_walking_rpy,run_03,464,0,0,1499,0,0
Semantic,fr3_walking_rpy,run_03,465,0,0,1374,0,0
Semantic,fr3_walking_rpy,run_03,466,0,0,1364,0,0
Semantic,fr3_walking_rpy,run_03,467,0,0,1545,0,0
Semantic,fr3_walking_rpy,run_03,468,0,0,1678,0,0
Semantic,fr3_walking_rpy,run_03,469,0,0,1624,0,0
Semantic,fr3_walking_rpy,run_03,470,0,0,1622,0,0
Semantic,fr3_walking_rpy,run_03,471,0,0,1661,0,0
Semantic,fr3_walking_rpy,run_03,472,0,0,1644,0,0
Semantic,fr3_walking_rpy,run_03,473,0,0,1658,0,0
Semantic,fr3_walking_rpy,run_03,474,0,0,1700,0,0
Semantic,fr3_walking_rpy,run_03,475,0,0,1692,0,0
Semantic,fr3_walking_rpy,run_03,476,0,0,1657,0,0
Semantic,fr3_walking_rpy,run_03,477,0,0,1701,0,0
Semantic,fr3_walking_rpy,run_03,478,0,0,1724,0,0
Semantic,fr3_walking_rpy,run_03,479,0,0,1686,0,0
Semantic,fr3_walking_rpy,run_03,480,0,0,1702,0,0
Semantic,fr3_walking_rpy,run_03,481,0,0,1719,0,0
Semantic,fr3_walking_rpy,run_03,482,0,0,1691,0,0
Semantic,fr3_walking_rpy,run_03,483,0,0,1718,0,0
Semantic,fr3_walking_rpy,run_03,484,0,0,1914,0,0
Semantic,fr3_walking_rpy,run_03,485,0,0,1851,0,0
Semantic,fr3_walking_rpy,run_03,486,0,0,1703,0,0
Semantic,fr3_walking_rpy,run_03,487,0,0,1728,0,0
Semantic,fr3_walking_rpy,run_03,488,0,0,1676,0,0
Semantic,fr3_walking_rpy,run_03,489,0,0,1586,0,0
Semantic,fr3_walking_rpy,run_03,490,0,0,1720,0,0
Semantic,fr3_walking_rpy,run_03,491,0,0,1845,0,0
Semantic,fr3_walking_rpy,run_03,492,0,0,1623,0,0
Semantic,fr3_walking_rpy,run_03,493,0,0,1831,0,0
Semantic,fr3_walking_rpy,run_03,494,0,0,1632,0,0
Semantic,fr3_walking_rpy,run_03,495,0,0,1626,0,0
Semantic,fr3_walking_rpy,run_03,496,0,0,1593,0,0
Semantic,fr3_walking_rpy,run_03,497,0,0,1566,0,0
Semantic,fr3_walking_rpy,run_03,498,0,0,1578,0,0
Semantic,fr3_walking_rpy,run_03,499,0,0,1614,0,0
Semantic,fr3_walking_rpy,run_03,500,0,0,1569,0,0
Semantic,fr3_walking_rpy,run_03,501,0,0,1508,0,0
Semantic,fr3_walking_rpy,run_03,502,0,0,1543,0,0
Semantic,fr3_walking_rpy,run_03,503,0,0,1475,0,0
Semantic,fr3_walking_rpy,run_03,504,0,0,1312,0,0
Semantic,fr3_walking_rpy,run_03,505,0,0,1707,0,0
Semantic,fr3_walking_rpy,run_03,506,0,0,1854,0,0
Semantic,fr3_walking_rpy,run_03,507,0,0,1876,0,0
Semantic,fr3_walking_rpy,run_03,508,0,0,1668,0,0
Semantic,fr3_walking_rpy,run_03,509,0,0,1559,0,0
Semantic,fr3_walking_rpy,run_03,510,0,0,1536,0,0
Semantic,fr3_walking_rpy,run_03,511,0,0,1799,0,0
Semantic,fr3_walking_rpy,run_03,512,0,0,1736,0,0
Semantic,fr3_walking_rpy,run_03,513,0,0,1505,0,0
Semantic,fr3_walking_rpy,run_03,514,0,0,1721,0,0
Semantic,fr3_walking_rpy,run_03,515,0,0,1511,0,0
Semantic,fr3_walking_rpy,run_03,516,0,0,1496,0,0
Semantic,fr3_walking_rpy,run_03,517,0,0,1599,0,0
Semantic,fr3_walking_rpy,run_03,518,0,0,1585,0,0
Semantic,fr3_walking_rpy,run_03,519,0,0,1339,0,0
Semantic,fr3_walking_rpy,run_03,520,0,0,1329,0,0
Semantic,fr3_walking_rpy,run_03,521,0,0,1624,0,0
Semantic,fr3_walking_rpy,run_03,522,0,0,1260,0,0
Semantic,fr3_walking_rpy,run_03,523,0,0,1431,0,0
Semantic,fr3_walking_rpy,run_03,524,0,0,1451,0,0
Semantic,fr3_walking_rpy,run_03,525,0,0,1421,0,0
Semantic,fr3_walking_rpy,run_03,526,0,0,1466,0,0
Semantic,fr3_walking_rpy,run_03,527,0,0,1404,0,0
Semantic,fr3_walking_rpy,run_03,528,0,0,1333,0,0
Semantic,fr3_walking_rpy,run_03,529,0,0,1120,86,0
Semantic,fr3_walking_rpy,run_03,530,0,0,1412,0,0
Semantic,fr3_walking_rpy,run_03,531,0,0,1429,272,0
Semantic,fr3_walking_rpy,run_03,532,0,0,1318,0,0
Semantic,fr3_walking_rpy,run_03,533,0,0,1430,0,0
Semantic,fr3_walking_rpy,run_03,534,0,0,1366,0,0
Semantic,fr3_walking_rpy,run_03,535,0,0,1334,285,0
Semantic,fr3_walking_rpy,run_03,536,0,0,1280,194,0
Semantic,fr3_walking_rpy,run_03,537,0,0,1231,0,0
Semantic,fr3_walking_rpy,run_03,538,0,0,904,0,0
Semantic,fr3_walking_rpy,run_03,539,0,0,1317,0,0
Semantic,fr3_walking_rpy,run_03,540,0,0,1301,0,0
Semantic,fr3_walking_rpy,run_03,541,0,0,1303,368,0
Semantic,fr3_walking_rpy,run_03,542,0,0,1170,216,0
Semantic,fr3_walking_rpy,run_03,543,0,0,1167,236,0
Semantic,fr3_walking_rpy,run_03,544,0,0,1176,236,0
Semantic,fr3_walking_rpy,run_03,545,0,0,1137,207,0
Semantic,fr3_walking_rpy,run_03,546,0,0,809,99,0
Semantic,fr3_walking_rpy,run_03,547,0,0,1000,143,0
Semantic,fr3_walking_rpy,run_03,548,0,0,1106,94,0
Semantic,fr3_walking_rpy,run_03,549,0,0,1139,146,0
Semantic,fr3_walking_rpy,run_03,550,0,0,804,57,0
Semantic,fr3_walking_rpy,run_03,551,0,0,1032,30,0
Semantic,fr3_walking_rpy,run_03,552,0,0,910,0,0
Semantic,fr3_walking_rpy,run_03,553,0,0,1416,143,0
Semantic,fr3_walking_rpy,run_03,554,0,0,1257,12,0
Semantic,fr3_walking_rpy,run_03,555,0,0,1337,8,0
Semantic,fr3_walking_rpy,run_03,556,0,0,1053,48,0
Semantic,fr3_walking_rpy,run_03,557,0,0,1379,158,0
Semantic,fr3_walking_rpy,run_03,558,0,0,1350,181,0
Semantic,fr3_walking_rpy,run_03,559,0,0,1301,180,0
Semantic,fr3_walking_rpy,run_03,560,0,0,1604,131,0
Semantic,fr3_walking_rpy,run_03,561,0,0,1668,114,0
Semantic,fr3_walking_rpy,run_03,562,0,0,1637,151,0
Semantic,fr3_walking_rpy,run_03,563,0,0,1172,63,0
Semantic,fr3_walking_rpy,run_03,564,0,0,1623,67,0
Semantic,fr3_walking_rpy,run_03,565,0,0,1518,85,0
Semantic,fr3_walking_rpy,run_03,566,0,0,1817,84,0
Semantic,fr3_walking_rpy,run_03,567,0,0,1562,88,0
Semantic,fr3_walking_rpy,run_03,568,0,0,1941,91,0
Semantic,fr3_walking_rpy,run_03,569,0,0,1887,77,0
Semantic,fr3_walking_rpy,run_03,570,0,0,1775,43,0
Semantic,fr3_walking_rpy,run_03,571,0,0,1877,180,0
Semantic,fr3_walking_rpy,run_03,572,0,0,1548,54,0
Semantic,fr3_walking_rpy,run_03,573,0,0,1934,0,0
Semantic,fr3_walking_rpy,run_03,574,0,0,1686,263,0
Semantic,fr3_walking_rpy,run_03,575,0,0,1947,269,0
Semantic,fr3_walking_rpy,run_03,576,0,0,1978,275,0
Semantic,fr3_walking_rpy,run_03,577,0,0,2180,281,0
Semantic,fr3_walking_rpy,run_03,578,0,0,1541,120,0
Semantic,fr3_walking_rpy,run_03,579,0,0,1794,128,0
Semantic,fr3_walking_rpy,run_03,580,0,0,1625,0,0
Semantic,fr3_walking_rpy,run_03,581,0,0,2067,327,0
Semantic,fr3_walking_rpy,run_03,582,0,0,2079,310,0
Semantic,fr3_walking_rpy,run_03,583,0,0,2080,312,0
Semantic,fr3_walking_rpy,run_03,584,0,0,2258,305,0
Semantic,fr3_walking_rpy,run_03,585,0,0,1679,123,0
Semantic,fr3_walking_rpy,run_03,586,0,0,1915,146,0
Semantic,fr3_walking_rpy,run_03,587,0,0,1717,141,0
Semantic,fr3_walking_rpy,run_03,588,0,0,1740,117,0
Semantic,fr3_walking_rpy,run_03,589,0,0,1935,179,0
Semantic,fr3_walking_rpy,run_03,590,0,0,2146,166,0
Semantic,fr3_walking_rpy,run_03,591,0,0,1710,91,0
Semantic,fr3_walking_rpy,run_03,592,0,0,1655,99,0
Semantic,fr3_walking_rpy,run_03,593,0,0,1759,125,0
Semantic,fr3_walking_rpy,run_03,594,0,0,2043,237,0
Semantic,fr3_walking_rpy,run_03,595,0,0,1911,310,0
Semantic,fr3_walking_rpy,run_03,596,0,0,1832,327,0
Semantic,fr3_walking_rpy,run_03,597,0,0,1531,335,0
Semantic,fr3_walking_rpy,run_03,598,0,0,1379,327,0
Semantic,fr3_walking_rpy,run_03,599,0,0,1431,370,0
Semantic,fr3_walking_rpy,run_03,600,0,0,1392,353,0
Semantic,fr3_walking_rpy,run_03,601,0,0,1309,393,0
Semantic,fr3_walking_rpy,run_03,602,0,0,1304,395,0
Semantic,fr3_walking_rpy,run_03,603,0,0,1312,378,0
Semantic,fr3_walking_rpy,run_03,604,0,0,1326,403,0
Semantic,fr3_walking_rpy,run_03,605,0,0,1269,376,0
Semantic,fr3_walking_rpy,run_03,606,0,0,1192,397,0
Semantic,fr3_walking_rpy,run_03,607,0,0,1232,436,0
Semantic,fr3_walking_rpy,run_03,608,0,0,1566,664,0
Semantic,fr3_walking_rpy,run_03,609,0,0,1541,703,0
Semantic,fr3_walking_rpy,run_03,610,0,0,1835,882,0
Semantic,fr3_walking_rpy,run_03,611,0,0,1896,916,0
Semantic,fr3_walking_rpy,run_03,612,0,0,1957,876,0
Semantic,fr3_walking_rpy,run_03,613,0,0,1686,624,0
Semantic,fr3_walking_rpy,run_03,614,0,0,2035,818,0
Semantic,fr3_walking_rpy,run_03,615,0,0,2079,808,0
Semantic,fr3_walking_rpy,run_03,616,0,0,1651,365,0
Semantic,fr3_walking_rpy,run_03,617,0,0,2227,685,0
Semantic,fr3_walking_rpy,run_03,618,0,0,1941,608,0
Semantic,fr3_walking_rpy,run_03,619,0,0,2255,565,0
Semantic,fr3_walking_rpy,run_03,620,0,0,2349,569,0
Semantic,fr3_walking_rpy,run_03,621,0,0,2359,562,0
Semantic,fr3_walking_rpy,run_03,622,0,0,2289,533,0
Semantic,fr3_walking_rpy,run_03,623,0,0,2455,480,0
Semantic,fr3_walking_rpy,run_03,624,0,0,2469,444,0
Semantic,fr3_walking_rpy,run_03,625,0,0,2417,416,0
Semantic,fr3_walking_rpy,run_03,626,0,0,2480,441,0
Semantic,fr3_walking_rpy,run_03,627,0,0,2302,415,0
Semantic,fr3_walking_rpy,run_03,628,0,0,2418,417,0
Semantic,fr3_walking_rpy,run_03,629,0,0,2462,416,0
Semantic,fr3_walking_rpy,run_03,630,0,0,2279,395,0
Semantic,fr3_walking_rpy,run_03,631,0,0,2460,436,0
Semantic,fr3_walking_rpy,run_03,632,0,0,2318,392,0
Semantic,fr3_walking_rpy,run_03,633,0,0,2496,412,0
Semantic,fr3_walking_rpy,run_03,634,0,0,2531,406,0
Semantic,fr3_walking_rpy,run_03,635,0,0,2612,468,0
Semantic,fr3_walking_rpy,run_03,636,0,0,2606,532,0
Semantic,fr3_walking_rpy,run_03,637,0,0,2504,478,0
Semantic,fr3_walking_rpy,run_03,638,0,0,2521,455,0
Semantic,fr3_walking_rpy,run_03,639,0,0,2485,475,0
Semantic,fr3_walking_rpy,run_03,640,0,0,2492,446,0
Semantic,fr3_walking_rpy,run_03,641,0,0,2325,396,0
Semantic,fr3_walking_rpy,run_03,642,0,0,2497,412,0
Semantic,fr3_walking_rpy,run_03,643,0,0,2536,428,0
Semantic,fr3_walking_rpy,run_03,644,0,0,2506,355,0
Semantic,fr3_walking_rpy,run_03,645,0,0,2518,348,0
Semantic,fr3_walking_rpy,run_03,646,0,0,2344,343,0
Semantic,fr3_walking_rpy,run_03,647,0,0,2433,0,0
Semantic,fr3_walking_rpy,run_03,648,0,0,2672,0,0
Semantic,fr3_walking_rpy,run_03,649,0,0,2392,0,0
Semantic,fr3_walking_rpy,run_03,650,0,0,2499,0,0
Semantic,fr3_walking_rpy,run_03,651,0,0,2455,0,0
Semantic,fr3_walking_rpy,run_03,652,0,0,2054,0,0
Semantic,fr3_walking_rpy,run_03,653,0,0,2432,149,0
Semantic,fr3_walking_rpy,run_03,654,0,0,2425,99,0
Semantic,fr3_walking_rpy,run_03,655,0,0,2173,50,0
Semantic,fr3_walking_rpy,run_03,656,0,0,2179,24,0
Semantic,fr3_walking_rpy,run_03,657,0,0,2272,40,0
Semantic,fr3_walking_rpy,run_03,658,0,0,1989,45,0
Semantic,fr3_walking_rpy,run_03,659,0,0,2177,80,0
Semantic,fr3_walking_rpy,run_03,660,0,0,1889,51,0
Semantic,fr3_walking_rpy,run_03,661,0,0,2016,68,0
Semantic,fr3_walking_rpy,run_03,662,0,0,1863,49,0
Semantic,fr3_walking_rpy,run_03,663,0,0,2039,52,0
Semantic,fr3_walking_rpy,run_03,664,0,0,2089,0,0
Semantic,fr3_walking_rpy,run_03,665,0,0,2013,156,0
Semantic,fr3_walking_rpy,run_03,666,0,0,2129,0,0
Semantic,fr3_walking_rpy,run_03,667,0,0,2117,0,0
Semantic,fr3_walking_rpy,run_03,668,0,0,2104,0,0
Semantic,fr3_walking_rpy,run_03,669,0,0,1864,0,0
Semantic,fr3_walking_rpy,run_03,670,0,0,2117,0,0
Semantic,fr3_walking_rpy,run_03,671,0,0,2021,0,0
Semantic,fr3_walking_rpy,run_03,672,0,0,2062,0,0
Semantic,fr3_walking_rpy,run_03,673,0,0,219,185,0
Semantic,fr3_walking_rpy,run_03,691,0,0,129,0,0
Semantic,fr3_walking_rpy,run_03,707,0,0,113,0,0
Semantic,fr3_walking_rpy,run_03,710,0,0,116,30,0
Semantic,fr3_walking_rpy,run_03,712,0,0,1160,0,0
Semantic,fr3_walking_rpy,run_03,713,0,0,879,0,0
Semantic,fr3_walking_rpy,run_03,714,0,0,1131,0,0
Semantic,fr3_walking_rpy,run_03,715,0,0,1174,0,0
Semantic,fr3_walking_rpy,run_03,716,0,0,1242,46,0
Semantic,fr3_walking_rpy,run_03,717,0,0,1278,0,0
Semantic,fr3_walking_rpy,run_03,718,0,0,1417,0,0
Semantic,fr3_walking_rpy,run_03,719,0,0,1009,645,0
Semantic,fr3_walking_rpy,run_03,720,0,0,91,11,0
Semantic,fr3_walking_rpy,run_03,721,0,0,113,1,0
Semantic,fr3_walking_rpy,run_03,722,0,0,117,16,0
Semantic,fr3_walking_rpy,run_03,723,0,0,85,1,0
Semantic,fr3_walking_rpy,run_03,724,0,0,199,0,0
Semantic,fr3_walking_rpy,run_03,729,0,0,81,1,0
Semantic,fr3_walking_rpy,run_03,730,0,0,124,0,0
Semantic,fr3_walking_rpy,run_03,732,0,0,105,13,0
Semantic,fr3_walking_rpy,run_03,734,0,0,149,0,0
Semantic,fr3_walking_rpy,run_03,736,0,0,128,0,0
Semantic,fr3_walking_rpy,run_03,745,0,0,81,0,0
Semantic,fr3_walking_rpy,run_03,746,0,0,81,0,0
Semantic,fr3_walking_rpy,run_03,747,0,0,81,0,0
Semantic,fr3_walking_rpy,run_03,852,0,0,161,47,0
Semantic,fr3_walking_rpy,run_04,1,0,0,236,8,0
Semantic,fr3_walking_rpy,run_04,2,0,0,448,8,0
Semantic,fr3_walking_rpy,run_04,3,0,0,531,252,0
Semantic,fr3_walking_rpy,run_04,4,0,0,400,168,0
Semantic,fr3_walking_rpy,run_04,5,0,0,233,44,0
Semantic,fr3_walking_rpy,run_04,6,0,0,268,44,0
Semantic,fr3_walking_rpy,run_04,7,0,0,277,46,0
Semantic,fr3_walking_rpy,run_04,8,0,0,234,27,0
Semantic,fr3_walking_rpy,run_04,9,0,0,249,28,0
Semantic,fr3_walking_rpy,run_04,10,0,0,269,25,0
Semantic,fr3_walking_rpy,run_04,11,0,0,325,40,0
Semantic,fr3_walking_rpy,run_04,12,0,0,286,43,0
Semantic,fr3_walking_rpy,run_04,13,0,0,289,23,0
Semantic,fr3_walking_rpy,run_04,14,0,0,369,47,0
Semantic,fr3_walking_rpy,run_04,15,0,0,325,39,0
Semantic,fr3_walking_rpy,run_04,16,0,0,337,41,0
Semantic,fr3_walking_rpy,run_04,17,0,0,348,28,0
Semantic,fr3_walking_rpy,run_04,18,0,0,404,27,0
Semantic,fr3_walking_rpy,run_04,19,0,0,459,97,0
Semantic,fr3_walking_rpy,run_04,20,0,0,523,114,0
Semantic,fr3_walking_rpy,run_04,21,0,0,506,102,0
Semantic,fr3_walking_rpy,run_04,22,0,0,420,80,0
Semantic,fr3_walking_rpy,run_04,23,0,0,602,141,0
Semantic,fr3_walking_rpy,run_04,24,0,0,516,194,0
Semantic,fr3_walking_rpy,run_04,25,0,0,515,180,0
Semantic,fr3_walking_rpy,run_04,26,0,0,460,129,0
Semantic,fr3_walking_rpy,run_04,27,0,0,466,114,0
Semantic,fr3_walking_rpy,run_04,28,0,0,464,79,0
Semantic,fr3_walking_rpy,run_04,29,0,0,526,105,0
Semantic,fr3_walking_rpy,run_04,30,0,0,428,107,0
Semantic,fr3_walking_rpy,run_04,31,0,0,396,84,0
Semantic,fr3_walking_rpy,run_04,32,0,0,387,281,0
Semantic,fr3_walking_rpy,run_04,33,0,0,428,171,0
Semantic,fr3_walking_rpy,run_04,34,0,0,359,257,0
Semantic,fr3_walking_rpy,run_04,35,0,0,322,116,0
Semantic,fr3_walking_rpy,run_04,36,0,0,0,0,0
Semantic,fr3_walking_rpy,run_04,37,0,0,325,108,0
Semantic,fr3_walking_rpy,run_04,38,0,0,319,92,0
Semantic,fr3_walking_rpy,run_04,39,0,0,374,75,0
Semantic,fr3_walking_rpy,run_04,40,0,0,403,95,0
Semantic,fr3_walking_rpy,run_04,41,0,0,449,130,0
Semantic,fr3_walking_rpy,run_04,42,0,0,453,113,0
Semantic,fr3_walking_rpy,run_04,43,0,0,466,107,0
Semantic,fr3_walking_rpy,run_04,44,0,0,445,86,0
Semantic,fr3_walking_rpy,run_04,45,0,0,463,106,0
Semantic,fr3_walking_rpy,run_04,46,0,0,445,95,0
Semantic,fr3_walking_rpy,run_04,47,0,0,417,83,0
Semantic,fr3_walking_rpy,run_04,48,0,0,494,80,0
Semantic,fr3_walking_rpy,run_04,49,0,0,507,108,0
Semantic,fr3_walking_rpy,run_04,50,0,0,448,78,0
Semantic,fr3_walking_rpy,run_04,51,0,0,504,119,0
Semantic,fr3_walking_rpy,run_04,52,0,0,494,93,0
Semantic,fr3_walking_rpy,run_04,53,0,0,447,82,0
Semantic,fr3_walking_rpy,run_04,54,0,0,499,106,0
Semantic,fr3_walking_rpy,run_04,55,0,0,495,101,0
Semantic,fr3_walking_rpy,run_04,56,0,0,462,103,0
Semantic,fr3_walking_rpy,run_04,57,0,0,509,108,0
Semantic,fr3_walking_rpy,run_04,58,0,0,509,109,0
Semantic,fr3_walking_rpy,run_04,59,0,0,543,118,0
Semantic,fr3_walking_rpy,run_04,60,0,0,554,107,0
Semantic,fr3_walking_rpy,run_04,61,0,0,526,69,0
Semantic,fr3_walking_rpy,run_04,62,0,0,565,108,0
Semantic,fr3_walking_rpy,run_04,63,0,0,558,95,0
Semantic,fr3_walking_rpy,run_04,64,0,0,552,99,0
Semantic,fr3_walking_rpy,run_04,65,0,0,550,95,0
Semantic,fr3_walking_rpy,run_04,66,0,0,573,88,0
Semantic,fr3_walking_rpy,run_04,67,0,0,557,100,0
Semantic,fr3_walking_rpy,run_04,68,0,0,498,94,0
Semantic,fr3_walking_rpy,run_04,69,0,0,552,106,0
Semantic,fr3_walking_rpy,run_04,70,0,0,601,85,0
Semantic,fr3_walking_rpy,run_04,71,0,0,611,116,0
Semantic,fr3_walking_rpy,run_04,72,0,0,625,100,0
Semantic,fr3_walking_rpy,run_04,73,0,0,641,97,0
Semantic,fr3_walking_rpy,run_04,74,0,0,642,108,0
Semantic,fr3_walking_rpy,run_04,75,0,0,642,76,0
Semantic,fr3_walking_rpy,run_04,76,0,0,565,66,0
Semantic,fr3_walking_rpy,run_04,77,0,0,587,80,0
Semantic,fr3_walking_rpy,run_04,78,0,0,592,82,0
Semantic,fr3_walking_rpy,run_04,79,0,0,633,70,0
Semantic,fr3_walking_rpy,run_04,80,0,0,633,130,0
Semantic,fr3_walking_rpy,run_04,81,0,0,643,92,0
Semantic,fr3_walking_rpy,run_04,82,0,0,628,114,0
Semantic,fr3_walking_rpy,run_04,83,0,0,654,57,0
Semantic,fr3_walking_rpy,run_04,84,0,0,736,191,0
Semantic,fr3_walking_rpy,run_04,85,0,0,656,123,0
Semantic,fr3_walking_rpy,run_04,86,0,0,605,96,0
Semantic,fr3_walking_rpy,run_04,87,0,0,592,139,0
Semantic,fr3_walking_rpy,run_04,88,0,0,641,125,0
Semantic,fr3_walking_rpy,run_04,89,0,0,635,131,0
Semantic,fr3_walking_rpy,run_04,90,0,0,635,349,0
Semantic,fr3_walking_rpy,run_04,91,0,0,653,140,0
Semantic,fr3_walking_rpy,run_04,92,0,0,629,137,0
Semantic,fr3_walking_rpy,run_04,93,0,0,610,353,0
Semantic,fr3_walking_rpy,run_04,94,0,0,659,139,0
Semantic,fr3_walking_rpy,run_04,95,0,0,673,130,0
Semantic,fr3_walking_rpy,run_04,96,0,0,741,139,0
Semantic,fr3_walking_rpy,run_04,97,0,0,825,330,0
Semantic,fr3_walking_rpy,run_04,98,0,0,765,292,0
Semantic,fr3_walking_rpy,run_04,99,0,0,626,431,0
Semantic,fr3_walking_rpy,run_04,100,0,0,676,383,0
Semantic,fr3_walking_rpy,run_04,101,0,0,635,284,0
Semantic,fr3_walking_rpy,run_04,102,0,0,644,246,0
Semantic,fr3_walking_rpy,run_04,103,0,0,677,432,0
Semantic,fr3_walking_rpy,run_04,104,0,0,723,427,0
Semantic,fr3_walking_rpy,run_04,105,0,0,726,454,0
Semantic,fr3_walking_rpy,run_04,106,0,0,679,460,0
Semantic,fr3_walking_rpy,run_04,107,0,0,692,439,0
Semantic,fr3_walking_rpy,run_04,108,0,0,730,463,0
Semantic,fr3_walking_rpy,run_04,109,0,0,741,478,0
Semantic,fr3_walking_rpy,run_04,110,0,0,770,498,0
Semantic,fr3_walking_rpy,run_04,111,0,0,751,489,0
Semantic,fr3_walking_rpy,run_04,112,0,0,783,497,0
Semantic,fr3_walking_rpy,run_04,113,0,0,778,494,0
Semantic,fr3_walking_rpy,run_04,114,0,0,769,499,0
Semantic,fr3_walking_rpy,run_04,115,0,0,709,504,0
Semantic,fr3_walking_rpy,run_04,116,0,0,753,477,0
Semantic,fr3_walking_rpy,run_04,117,0,0,767,462,0
Semantic,fr3_walking_rpy,run_04,118,0,0,760,463,0
Semantic,fr3_walking_rpy,run_04,119,0,0,753,462,0
Semantic,fr3_walking_rpy,run_04,120,0,0,702,449,0
Semantic,fr3_walking_rpy,run_04,121,0,0,751,405,0
Semantic,fr3_walking_rpy,run_04,122,0,0,733,392,0
Semantic,fr3_walking_rpy,run_04,123,0,0,783,410,0
Semantic,fr3_walking_rpy,run_04,124,0,0,830,407,0
Semantic,fr3_walking_rpy,run_04,125,0,0,770,374,0
Semantic,fr3_walking_rpy,run_04,126,0,0,778,348,0
Semantic,fr3_walking_rpy,run_04,127,0,0,837,361,0
Semantic,fr3_walking_rpy,run_04,128,0,0,791,375,0
Semantic,fr3_walking_rpy,run_04,129,0,0,820,329,0
Semantic,fr3_walking_rpy,run_04,130,0,0,795,303,0
Semantic,fr3_walking_rpy,run_04,131,0,0,833,296,0
Semantic,fr3_walking_rpy,run_04,132,0,0,832,311,0
Semantic,fr3_walking_rpy,run_04,133,0,0,761,293,0
Semantic,fr3_walking_rpy,run_04,134,0,0,764,261,0
Semantic,fr3_walking_rpy,run_04,135,0,0,812,235,0
Semantic,fr3_walking_rpy,run_04,136,0,0,777,191,0
Semantic,fr3_walking_rpy,run_04,137,0,0,800,197,0
Semantic,fr3_walking_rpy,run_04,138,0,0,795,199,0
Semantic,fr3_walking_rpy,run_04,139,0,0,718,173,0
Semantic,fr3_walking_rpy,run_04,140,0,0,738,195,0
Semantic,fr3_walking_rpy,run_04,141,0,0,805,194,0
Semantic,fr3_walking_rpy,run_04,142,0,0,972,262,0
Semantic,fr3_walking_rpy,run_04,143,0,0,940,211,0
Semantic,fr3_walking_rpy,run_04,144,0,0,1015,274,0
Semantic,fr3_walking_rpy,run_04,145,0,0,1036,273,0
Semantic,fr3_walking_rpy,run_04,146,0,0,1024,310,0
Semantic,fr3_walking_rpy,run_04,147,0,0,990,230,0
Semantic,fr3_walking_rpy,run_04,148,0,0,987,138,0
Semantic,fr3_walking_rpy,run_04,149,0,0,1028,54,0
Semantic,fr3_walking_rpy,run_04,150,0,0,1106,216,0
Semantic,fr3_walking_rpy,run_04,151,0,0,980,180,0
Semantic,fr3_walking_rpy,run_04,152,0,0,966,169,0
Semantic,fr3_walking_rpy,run_04,153,0,0,936,216,0
Semantic,fr3_walking_rpy,run_04,154,0,0,996,231,0
Semantic,fr3_walking_rpy,run_04,155,0,0,969,180,0
Semantic,fr3_walking_rpy,run_04,156,0,0,775,158,0
Semantic,fr3_walking_rpy,run_04,157,0,0,767,148,0
Semantic,fr3_walking_rpy,run_04,158,0,0,775,164,0
Semantic,fr3_walking_rpy,run_04,159,0,0,756,195,0
Semantic,fr3_walking_rpy,run_04,160,0,0,871,238,0
Semantic,fr3_walking_rpy,run_04,161,0,0,920,252,0
Semantic,fr3_walking_rpy,run_04,162,0,0,915,277,0
Semantic,fr3_walking_rpy,run_04,163,0,0,765,235,0
Semantic,fr3_walking_rpy,run_04,164,0,0,651,226,0
Semantic,fr3_walking_rpy,run_04,165,0,0,653,243,0
Semantic,fr3_walking_rpy,run_04,166,0,0,654,249,0
Semantic,fr3_walking_rpy,run_04,167,0,0,645,237,0
Semantic,fr3_walking_rpy,run_04,168,0,0,675,224,0
Semantic,fr3_walking_rpy,run_04,169,0,0,690,223,0
Semantic,fr3_walking_rpy,run_04,170,0,0,627,189,0
Semantic,fr3_walking_rpy,run_04,171,0,0,670,177,0
Semantic,fr3_walking_rpy,run_04,172,0,0,659,146,0
Semantic,fr3_walking_rpy,run_04,173,0,0,772,171,0
Semantic,fr3_walking_rpy,run_04,174,0,0,738,152,0
Semantic,fr3_walking_rpy,run_04,175,0,0,800,140,0
Semantic,fr3_walking_rpy,run_04,176,0,0,773,111,0
Semantic,fr3_walking_rpy,run_04,177,0,0,759,110,0
Semantic,fr3_walking_rpy,run_04,178,0,0,786,117,0
Semantic,fr3_walking_rpy,run_04,179,0,0,863,121,0
Semantic,fr3_walking_rpy,run_04,180,0,0,948,104,0
Semantic,fr3_walking_rpy,run_04,181,0,0,997,91,0
Semantic,fr3_walking_rpy,run_04,182,0,0,985,87,0
Semantic,fr3_walking_rpy,run_04,183,0,0,1041,110,0
Semantic,fr3_walking_rpy,run_04,184,0,0,1097,103,0
Semantic,fr3_walking_rpy,run_04,185,0,0,1142,122,0
Semantic,fr3_walking_rpy,run_04,186,0,0,1184,148,0
Semantic,fr3_walking_rpy,run_04,187,0,0,1239,132,0
Semantic,fr3_walking_rpy,run_04,188,0,0,1207,138,0
Semantic,fr3_walking_rpy,run_04,189,0,0,1262,145,0
Semantic,fr3_walking_rpy,run_04,190,0,0,1315,143,0
Semantic,fr3_walking_rpy,run_04,191,0,0,1268,126,0
Semantic,fr3_walking_rpy,run_04,192,0,0,1136,140,0
Semantic,fr3_walking_rpy,run_04,193,0,0,1338,146,0
Semantic,fr3_walking_rpy,run_04,194,0,0,1274,139,0
Semantic,fr3_walking_rpy,run_04,195,0,0,1443,185,0
Semantic,fr3_walking_rpy,run_04,196,0,0,1581,178,0
Semantic,fr3_walking_rpy,run_04,197,0,0,1320,169,0
Semantic,fr3_walking_rpy,run_04,198,0,0,1343,213,0
Semantic,fr3_walking_rpy,run_04,199,0,0,1319,186,0
Semantic,fr3_walking_rpy,run_04,200,0,0,1278,187,0
Semantic,fr3_walking_rpy,run_04,201,0,0,1194,189,0
Semantic,fr3_walking_rpy,run_04,202,0,0,1222,186,0
Semantic,fr3_walking_rpy,run_04,203,0,0,1306,110,0
Semantic,fr3_walking_rpy,run_04,204,0,0,1273,135,0
Semantic,fr3_walking_rpy,run_04,205,0,0,1272,146,0
Semantic,fr3_walking_rpy,run_04,206,0,0,1302,0,0
Semantic,fr3_walking_rpy,run_04,207,0,0,1353,0,0
Semantic,fr3_walking_rpy,run_04,208,0,0,1369,0,0
Semantic,fr3_walking_rpy,run_04,209,0,0,1360,0,0
Semantic,fr3_walking_rpy,run_04,210,0,0,1304,20,0
Semantic,fr3_walking_rpy,run_04,211,0,0,1263,0,0
Semantic,fr3_walking_rpy,run_04,212,0,0,1506,13,0
Semantic,fr3_walking_rpy,run_04,213,0,0,1526,38,0
Semantic,fr3_walking_rpy,run_04,214,0,0,1257,44,0
Semantic,fr3_walking_rpy,run_04,215,0,0,1274,64,0
Semantic,fr3_walking_rpy,run_04,216,0,0,1290,126,0
Semantic,fr3_walking_rpy,run_04,217,0,0,1254,103,0
Semantic,fr3_walking_rpy,run_04,218,0,0,1164,146,0
Semantic,fr3_walking_rpy,run_04,219,0,0,1148,209,0
Semantic,fr3_walking_rpy,run_04,220,0,0,1058,129,0
Semantic,fr3_walking_rpy,run_04,221,0,0,1240,213,0
Semantic,fr3_walking_rpy,run_04,222,0,0,1113,174,0
Semantic,fr3_walking_rpy,run_04,223,0,0,1137,178,0
Semantic,fr3_walking_rpy,run_04,224,0,0,1136,150,0
Semantic,fr3_walking_rpy,run_04,225,0,0,1145,137,0
Semantic,fr3_walking_rpy,run_04,226,0,0,1159,132,0
Semantic,fr3_walking_rpy,run_04,227,0,0,1269,106,0
Semantic,fr3_walking_rpy,run_04,228,0,0,1291,80,0
Semantic,fr3_walking_rpy,run_04,229,0,0,1318,125,0
Semantic,fr3_walking_rpy,run_04,230,0,0,1248,88,0
Semantic,fr3_walking_rpy,run_04,231,0,0,1345,100,0
Semantic,fr3_walking_rpy,run_04,232,0,0,1175,60,0
Semantic,fr3_walking_rpy,run_04,233,0,0,1251,82,0
Semantic,fr3_walking_rpy,run_04,234,0,0,1261,128,0
Semantic,fr3_walking_rpy,run_04,235,0,0,1172,86,0
Semantic,fr3_walking_rpy,run_04,236,0,0,1167,95,0
Semantic,fr3_walking_rpy,run_04,237,0,0,1293,214,0
Semantic,fr3_walking_rpy,run_04,238,0,0,1234,158,0
Semantic,fr3_walking_rpy,run_04,239,0,0,1254,162,0
Semantic,fr3_walking_rpy,run_04,240,0,0,1044,129,0
Semantic,fr3_walking_rpy,run_04,241,0,0,997,195,0
Semantic,fr3_walking_rpy,run_04,242,0,0,959,164,0
Semantic,fr3_walking_rpy,run_04,243,0,0,903,148,0
Semantic,fr3_walking_rpy,run_04,244,0,0,917,150,0
Semantic,fr3_walking_rpy,run_04,245,0,0,1049,126,0
Semantic,fr3_walking_rpy,run_04,246,0,0,874,47,0
Semantic,fr3_walking_rpy,run_04,247,0,0,861,28,0
Semantic,fr3_walking_rpy,run_04,248,0,0,1052,120,0
Semantic,fr3_walking_rpy,run_04,249,0,0,927,64,0
Semantic,fr3_walking_rpy,run_04,250,0,0,1122,116,0
Semantic,fr3_walking_rpy,run_04,251,0,0,1088,112,0
Semantic,fr3_walking_rpy,run_04,252,0,0,972,83,0
Semantic,fr3_walking_rpy,run_04,253,0,0,1102,129,0
Semantic,fr3_walking_rpy,run_04,254,0,0,1124,112,0
Semantic,fr3_walking_rpy,run_04,255,0,0,1196,123,0
Semantic,fr3_walking_rpy,run_04,256,0,0,1204,130,0
Semantic,fr3_walking_rpy,run_04,257,0,0,1199,114,0
Semantic,fr3_walking_rpy,run_04,258,0,0,1185,104,0
Semantic,fr3_walking_rpy,run_04,259,0,0,1246,132,0
Semantic,fr3_walking_rpy,run_04,260,0,0,1193,157,0
Semantic,fr3_walking_rpy,run_04,261,0,0,1289,228,0
Semantic,fr3_walking_rpy,run_04,262,0,0,1269,204,0
Semantic,fr3_walking_rpy,run_04,263,0,0,1265,218,0
Semantic,fr3_walking_rpy,run_04,264,0,0,1319,282,0
Semantic,fr3_walking_rpy,run_04,265,0,0,1319,297,0
Semantic,fr3_walking_rpy,run_04,266,0,0,1624,382,0
Semantic,fr3_walking_rpy,run_04,267,0,0,1745,451,0
Semantic,fr3_walking_rpy,run_04,268,0,0,1869,489,0
Semantic,fr3_walking_rpy,run_04,269,0,0,2169,588,0
Semantic,fr3_walking_rpy,run_04,270,0,0,1637,517,0
Semantic,fr3_walking_rpy,run_04,271,0,0,1962,586,0
Semantic,fr3_walking_rpy,run_04,272,0,0,1783,545,0
Semantic,fr3_walking_rpy,run_04,273,0,0,1900,620,0
Semantic,fr3_walking_rpy,run_04,274,0,0,2058,706,0
Semantic,fr3_walking_rpy,run_04,275,0,0,1970,746,0
Semantic,fr3_walking_rpy,run_04,276,0,0,2024,910,0
Semantic,fr3_walking_rpy,run_04,277,0,0,2002,951,0
Semantic,fr3_walking_rpy,run_04,278,0,0,2143,1035,0
Semantic,fr3_walking_rpy,run_04,279,0,0,1993,1040,0
Semantic,fr3_walking_rpy,run_04,280,0,0,1952,1047,0
Semantic,fr3_walking_rpy,run_04,281,0,0,2031,1119,0
Semantic,fr3_walking_rpy,run_04,282,0,0,1980,1134,0
Semantic,fr3_walking_rpy,run_04,350,0,0,107,0,0
Semantic,fr3_walking_rpy,run_04,351,0,0,917,0,0
Semantic,fr3_walking_rpy,run_04,352,0,0,916,0,0
Semantic,fr3_walking_rpy,run_04,353,0,0,1650,0,0
Semantic,fr3_walking_rpy,run_04,354,0,0,1666,0,0
Semantic,fr3_walking_rpy,run_04,355,0,0,1748,0,0
Semantic,fr3_walking_rpy,run_04,356,0,0,1786,0,0
Semantic,fr3_walking_rpy,run_04,357,0,0,1852,0,0
Semantic,fr3_walking_rpy,run_04,358,0,0,1811,0,0
Semantic,fr3_walking_rpy,run_04,359,0,0,1784,0,0
Semantic,fr3_walking_rpy,run_04,360,0,0,1771,0,0
Semantic,fr3_walking_rpy,run_04,361,0,0,1766,0,0
Semantic,fr3_walking_rpy,run_04,362,0,0,1762,0,0
Semantic,fr3_walking_rpy,run_04,363,0,0,1737,0,0
Semantic,fr3_walking_rpy,run_04,364,0,0,1703,0,0
Semantic,fr3_walking_rpy,run_04,365,0,0,1766,0,0
Semantic,fr3_walking_rpy,run_04,366,0,0,1723,0,0
Semantic,fr3_walking_rpy,run_04,367,0,0,1766,0,0
Semantic,fr3_walking_rpy,run_04,368,0,0,1798,0,0
Semantic,fr3_walking_rpy,run_04,369,0,0,1809,26,0
Semantic,fr3_walking_rpy,run_04,370,0,0,1848,0,0
Semantic,fr3_walking_rpy,run_04,371,0,0,1827,0,0
Semantic,fr3_walking_rpy,run_04,372,0,0,1881,0,0
Semantic,fr3_walking_rpy,run_04,373,0,0,1790,24,0
Semantic,fr3_walking_rpy,run_04,374,0,0,1777,23,0
Semantic,fr3_walking_rpy,run_04,375,0,0,1776,16,0
Semantic,fr3_walking_rpy,run_04,376,0,0,1810,15,0
Semantic,fr3_walking_rpy,run_04,377,0,0,1769,16,0
Semantic,fr3_walking_rpy,run_04,378,0,0,1721,14,0
Semantic,fr3_walking_rpy,run_04,379,0,0,1755,8,0
Semantic,fr3_walking_rpy,run_04,380,0,0,1739,15,0
Semantic,fr3_walking_rpy,run_04,381,0,0,1673,9,0
Semantic,fr3_walking_rpy,run_04,382,0,0,1668,9,0
Semantic,fr3_walking_rpy,run_04,383,0,0,1559,8,0
Semantic,fr3_walking_rpy,run_04,384,0,0,1631,10,0
Semantic,fr3_walking_rpy,run_04,385,0,0,1692,6,0
Semantic,fr3_walking_rpy,run_04,386,0,0,1693,0,0
Semantic,fr3_walking_rpy,run_04,387,0,0,1700,0,0
Semantic,fr3_walking_rpy,run_04,388,0,0,1680,6,0
Semantic,fr3_walking_rpy,run_04,389,0,0,1719,0,0
Semantic,fr3_walking_rpy,run_04,390,0,0,1747,0,0
Semantic,fr3_walking_rpy,run_04,391,0,0,1750,0,0
Semantic,fr3_walking_rpy,run_04,392,0,0,1788,18,0
Semantic,fr3_walking_rpy,run_04,393,0,0,1783,20,0
Semantic,fr3_walking_rpy,run_04,394,0,0,1889,28,0
Semantic,fr3_walking_rpy,run_04,395,0,0,1934,35,0
Semantic,fr3_walking_rpy,run_04,396,0,0,1976,32,0
Semantic,fr3_walking_rpy,run_04,397,0,0,1931,28,0
Semantic,fr3_walking_rpy,run_04,398,0,0,1970,25,0
Semantic,fr3_walking_rpy,run_04,399,0,0,2054,12,0
Semantic,fr3_walking_rpy,run_04,400,0,0,1942,11,0
Semantic,fr3_walking_rpy,run_04,401,0,0,1759,0,0
Semantic,fr3_walking_rpy,run_04,402,0,0,1810,102,0
Semantic,fr3_walking_rpy,run_04,403,0,0,1787,160,0
Semantic,fr3_walking_rpy,run_04,404,0,0,1709,254,0
Semantic,fr3_walking_rpy,run_04,405,0,0,1504,194,0
Semantic,fr3_walking_rpy,run_04,406,0,0,1505,207,0
Semantic,fr3_walking_rpy,run_04,407,0,0,1543,191,0
Semantic,fr3_walking_rpy,run_04,408,0,0,1530,193,0
Semantic,fr3_walking_rpy,run_04,409,0,0,1365,218,0
Semantic,fr3_walking_rpy,run_04,410,0,0,1082,205,0
Semantic,fr3_walking_rpy,run_04,411,0,0,1162,188,0
Semantic,fr3_walking_rpy,run_04,412,0,0,1059,146,0
Semantic,fr3_walking_rpy,run_04,413,0,0,1115,164,0
Semantic,fr3_walking_rpy,run_04,414,0,0,1116,183,0
Semantic,fr3_walking_rpy,run_04,415,0,0,1098,200,0
Semantic,fr3_walking_rpy,run_04,416,0,0,1039,184,0
Semantic,fr3_walking_rpy,run_04,417,0,0,1090,178,0
Semantic,fr3_walking_rpy,run_04,418,0,0,1049,166,0
Semantic,fr3_walking_rpy,run_04,419,0,0,1018,145,0
Semantic,fr3_walking_rpy,run_04,420,0,0,1037,157,0
Semantic,fr3_walking_rpy,run_04,421,0,0,976,166,0
Semantic,fr3_walking_rpy,run_04,422,0,0,999,150,0
Semantic,fr3_walking_rpy,run_04,423,0,0,1004,205,0
Semantic,fr3_walking_rpy,run_04,424,0,0,1020,221,0
Semantic,fr3_walking_rpy,run_04,425,0,0,1063,226,0
Semantic,fr3_walking_rpy,run_04,426,0,0,1023,205,0
Semantic,fr3_walking_rpy,run_04,427,0,0,1013,210,0
Semantic,fr3_walking_rpy,run_04,428,0,0,1024,252,0
Semantic,fr3_walking_rpy,run_04,429,0,0,1023,228,0
Semantic,fr3_walking_rpy,run_04,430,0,0,1004,250,0
Semantic,fr3_walking_rpy,run_04,431,0,0,786,178,0
Semantic,fr3_walking_rpy,run_04,432,0,0,769,196,0
Semantic,fr3_walking_rpy,run_04,433,0,0,759,207,0
Semantic,fr3_walking_rpy,run_04,434,0,0,637,172,0
Semantic,fr3_walking_rpy,run_04,435,0,0,750,217,0
Semantic,fr3_walking_rpy,run_04,436,0,0,739,240,0
Semantic,fr3_walking_rpy,run_04,437,0,0,798,297,0
Semantic,fr3_walking_rpy,run_04,438,0,0,744,218,0
Semantic,fr3_walking_rpy,run_04,439,0,0,753,273,0
Semantic,fr3_walking_rpy,run_04,440,0,0,771,291,0
Semantic,fr3_walking_rpy,run_04,441,0,0,788,338,0
Semantic,fr3_walking_rpy,run_04,442,0,0,883,313,0
Semantic,fr3_walking_rpy,run_04,443,0,0,878,318,0
Semantic,fr3_walking_rpy,run_04,444,0,0,1091,391,0
Semantic,fr3_walking_rpy,run_04,445,0,0,943,277,0
Semantic,fr3_walking_rpy,run_04,446,0,0,947,264,0
Semantic,fr3_walking_rpy,run_04,447,0,0,965,202,0
Semantic,fr3_walking_rpy,run_04,448,0,0,1129,266,0
Semantic,fr3_walking_rpy,run_04,449,0,0,1124,241,0
Semantic,fr3_walking_rpy,run_04,450,0,0,1077,174,0
Semantic,fr3_walking_rpy,run_04,451,0,0,1136,170,0
Semantic,fr3_walking_rpy,run_04,452,0,0,1021,0,0
Semantic,fr3_walking_rpy,run_04,453,0,0,1140,52,0
Semantic,fr3_walking_rpy,run_04,454,0,0,1288,43,0
Semantic,fr3_walking_rpy,run_04,455,0,0,1246,31,0
Semantic,fr3_walking_rpy,run_04,456,0,0,1276,28,0
Semantic,fr3_walking_rpy,run_04,457,0,0,1569,39,0
Semantic,fr3_walking_rpy,run_04,458,0,0,1489,27,0
Semantic,fr3_walking_rpy,run_04,459,0,0,1467,12,0
Semantic,fr3_walking_rpy,run_04,460,0,0,1581,9,0
Semantic,fr3_walking_rpy,run_04,461,0,0,1647,6,0
Semantic,fr3_walking_rpy,run_04,462,0,0,1516,0,0
Semantic,fr3_walking_rpy,run_04,463,0,0,2018,0,0
Semantic,fr3_walking_rpy,run_04,464,0,0,2027,0,0
Semantic,fr3_walking_rpy,run_04,465,0,0,2084,0,0
Semantic,fr3_walking_rpy,run_04,466,0,0,2110,0,0
Semantic,fr3_walking_rpy,run_04,467,0,0,1957,0,0
Semantic,fr3_walking_rpy,run_04,468,0,0,2024,0,0
Semantic,fr3_walking_rpy,run_04,469,0,0,2148,0,0
Semantic,fr3_walking_rpy,run_04,470,0,0,1910,0,0
Semantic,fr3_walking_rpy,run_04,471,0,0,1910,0,0
Semantic,fr3_walking_rpy,run_04,472,0,0,1907,0,0
Semantic,fr3_walking_rpy,run_04,473,0,0,2041,0,0
Semantic,fr3_walking_rpy,run_04,474,0,0,1901,0,0
Semantic,fr3_walking_rpy,run_04,475,0,0,2053,0,0
Semantic,fr3_walking_rpy,run_04,476,0,0,1981,0,0
Semantic,fr3_walking_rpy,run_04,477,0,0,2009,0,0
Semantic,fr3_walking_rpy,run_04,478,0,0,2045,0,0
Semantic,fr3_walking_rpy,run_04,479,0,0,1974,0,0
Semantic,fr3_walking_rpy,run_04,480,0,0,1986,0,0
Semantic,fr3_walking_rpy,run_04,481,0,0,2046,0,0
Semantic,fr3_walking_rpy,run_04,482,0,0,2086,0,0
Semantic,fr3_walking_rpy,run_04,483,0,0,2051,0,0
Semantic,fr3_walking_rpy,run_04,484,0,0,2075,0,0
Semantic,fr3_walking_rpy,run_04,485,0,0,2002,0,0
Semantic,fr3_walking_rpy,run_04,486,0,0,2004,0,0
Semantic,fr3_walking_rpy,run_04,487,0,0,1984,0,0
Semantic,fr3_walking_rpy,run_04,488,0,0,2010,0,0
Semantic,fr3_walking_rpy,run_04,489,0,0,1961,0,0
Semantic,fr3_walking_rpy,run_04,490,0,0,2045,0,0
Semantic,fr3_walking_rpy,run_04,491,0,0,2033,0,0
Semantic,fr3_walking_rpy,run_04,492,0,0,1896,0,0
Semantic,fr3_walking_rpy,run_04,493,0,0,1918,0,0
Semantic,fr3_walking_rpy,run_04,494,0,0,1873,0,0
Semantic,fr3_walking_rpy,run_04,495,0,0,1894,0,0
Semantic,fr3_walking_rpy,run_04,496,0,0,1853,0,0
Semantic,fr3_walking_rpy,run_04,497,0,0,1897,0,0
Semantic,fr3_walking_rpy,run_04,498,0,0,1823,0,0
Semantic,fr3_walking_rpy,run_04,499,0,0,1844,0,0
Semantic,fr3_walking_rpy,run_04,500,0,0,1785,0,0
Semantic,fr3_walking_rpy,run_04,501,0,0,1726,0,0
Semantic,fr3_walking_rpy,run_04,502,0,0,1723,0,0
Semantic,fr3_walking_rpy,run_04,503,0,0,1587,0,0
Semantic,fr3_walking_rpy,run_04,504,0,0,1680,0,0
Semantic,fr3_walking_rpy,run_04,505,0,0,1634,0,0
Semantic,fr3_walking_rpy,run_04,506,0,0,1574,0,0
Semantic,fr3_walking_rpy,run_04,507,0,0,1892,0,0
Semantic,fr3_walking_rpy,run_04,508,0,0,1814,0,0
Semantic,fr3_walking_rpy,run_04,509,0,0,1808,0,0
Semantic,fr3_walking_rpy,run_04,510,0,0,1699,0,0
Semantic,fr3_walking_rpy,run_04,511,0,0,1780,0,0
Semantic,fr3_walking_rpy,run_04,512,0,0,1747,0,0
Semantic,fr3_walking_rpy,run_04,513,0,0,1673,0,0
Semantic,fr3_walking_rpy,run_04,514,0,0,1492,0,0
Semantic,fr3_walking_rpy,run_04,515,0,0,1639,0,0
Semantic,fr3_walking_rpy,run_04,516,0,0,1698,0,0
Semantic,fr3_walking_rpy,run_04,517,0,0,1636,0,0
Semantic,fr3_walking_rpy,run_04,518,0,0,1603,0,0
Semantic,fr3_walking_rpy,run_04,519,0,0,1632,0,0
Semantic,fr3_walking_rpy,run_04,520,0,0,1323,0,0
Semantic,fr3_walking_rpy,run_04,521,0,0,1449,0,0
Semantic,fr3_walking_rpy,run_04,522,0,0,1460,0,0
Semantic,fr3_walking_rpy,run_04,523,0,0,1277,0,0
Semantic,fr3_walking_rpy,run_04,524,0,0,1556,0,0
Semantic,fr3_walking_rpy,run_04,525,0,0,1329,0,0
Semantic,fr3_walking_rpy,run_04,526,0,0,1296,0,0
Semantic,fr3_walking_rpy,run_04,527,0,0,1202,0,0
Semantic,fr3_walking_rpy,run_04,528,0,0,1195,0,0
Semantic,fr3_walking_rpy,run_04,529,0,0,1472,131,0
Semantic,fr3_walking_rpy,run_04,530,0,0,1271,0,0
Semantic,fr3_walking_rpy,run_04,531,0,0,1327,254,0
Semantic,fr3_walking_rpy,run_04,532,0,0,1201,0,0
Semantic,fr3_walking_rpy,run_04,533,0,0,1303,0,0
Semantic,fr3_walking_rpy,run_04,534,0,0,1262,0,0
Semantic,fr3_walking_rpy,run_04,535,0,0,1270,253,0
Semantic,fr3_walking_rpy,run_04,536,0,0,1177,147,0
Semantic,fr3_walking_rpy,run_04,537,0,0,1126,0,0
Semantic,fr3_walking_rpy,run_04,538,0,0,1202,0,0
Semantic,fr3_walking_rpy,run_04,539,0,0,1227,0,0
Semantic,fr3_walking_rpy,run_04,540,0,0,1013,0,0
Semantic,fr3_walking_rpy,run_04,541,0,0,1370,396,0
Semantic,fr3_walking_rpy,run_04,542,0,0,1272,266,0
Semantic,fr3_walking_rpy,run_04,543,0,0,1270,300,0
Semantic,fr3_walking_rpy,run_04,544,0,0,1280,297,0
Semantic,fr3_walking_rpy,run_04,545,0,0,1230,262,0
Semantic,fr3_walking_rpy,run_04,546,0,0,1240,268,0
Semantic,fr3_walking_rpy,run_04,547,0,0,1206,267,0
Semantic,fr3_walking_rpy,run_04,548,0,0,1260,239,0
Semantic,fr3_walking_rpy,run_04,549,0,0,1280,256,0
Semantic,fr3_walking_rpy,run_04,550,0,0,761,54,0
Semantic,fr3_walking_rpy,run_04,551,0,0,1058,26,0
Semantic,fr3_walking_rpy,run_04,552,0,0,1081,0,0
Semantic,fr3_walking_rpy,run_04,553,0,0,1178,131,0
Semantic,fr3_walking_rpy,run_04,554,0,0,1516,114,0
Semantic,fr3_walking_rpy,run_04,555,0,0,1529,60,0
Semantic,fr3_walking_rpy,run_04,556,0,0,1276,124,0
Semantic,fr3_walking_rpy,run_04,557,0,0,1514,253,0
Semantic,fr3_walking_rpy,run_04,558,0,0,1029,123,0
Semantic,fr3_walking_rpy,run_04,559,0,0,1114,95,0
Semantic,fr3_walking_rpy,run_04,560,0,0,1467,67,0
Semantic,fr3_walking_rpy,run_04,561,0,0,1522,51,0
Semantic,fr3_walking_rpy,run_04,562,0,0,1434,73,0
Semantic,fr3_walking_rpy,run_04,563,0,0,1532,80,0
Semantic,fr3_walking_rpy,run_04,564,0,0,1622,77,0
Semantic,fr3_walking_rpy,run_04,565,0,0,1621,72,0
Semantic,fr3_walking_rpy,run_04,566,0,0,1690,78,0
Semantic,fr3_walking_rpy,run_04,567,0,0,1717,76,0
Semantic,fr3_walking_rpy,run_04,568,0,0,1947,79,0
Semantic,fr3_walking_rpy,run_04,569,0,0,1618,64,0
Semantic,fr3_walking_rpy,run_04,570,0,0,1933,44,0
Semantic,fr3_walking_rpy,run_04,571,0,0,1665,141,0
Semantic,fr3_walking_rpy,run_04,572,0,0,1990,65,0
Semantic,fr3_walking_rpy,run_04,573,0,0,2017,0,0
Semantic,fr3_walking_rpy,run_04,574,0,0,2061,308,0
Semantic,fr3_walking_rpy,run_04,575,0,0,1738,167,0
Semantic,fr3_walking_rpy,run_04,576,0,0,1990,172,0
Semantic,fr3_walking_rpy,run_04,577,0,0,1885,134,0
Semantic,fr3_walking_rpy,run_04,578,0,0,1879,124,0
Semantic,fr3_walking_rpy,run_04,579,0,0,1872,136,0
Semantic,fr3_walking_rpy,run_04,580,0,0,1734,0,0
Semantic,fr3_walking_rpy,run_04,581,0,0,2154,330,0
Semantic,fr3_walking_rpy,run_04,582,0,0,2214,310,0
Semantic,fr3_walking_rpy,run_04,583,0,0,1849,127,0
Semantic,fr3_walking_rpy,run_04,584,0,0,2041,137,0
Semantic,fr3_walking_rpy,run_04,585,0,0,2108,127,0
Semantic,fr3_walking_rpy,run_04,586,0,0,2271,142,0
Semantic,fr3_walking_rpy,run_04,587,0,0,1906,113,0
Semantic,fr3_walking_rpy,run_04,588,0,0,1941,121,0
Semantic,fr3_walking_rpy,run_04,589,0,0,2221,200,0
Semantic,fr3_walking_rpy,run_04,590,0,0,1821,171,0
Semantic,fr3_walking_rpy,run_04,591,0,0,1677,52,0
Semantic,fr3_walking_rpy,run_04,592,0,0,1736,97,0
Semantic,fr3_walking_rpy,run_04,593,0,0,1717,100,0
Semantic,fr3_walking_rpy,run_04,594,0,0,2053,215,0
Semantic,fr3_walking_rpy,run_04,595,0,0,1434,240,0
Semantic,fr3_walking_rpy,run_04,596,0,0,1720,297,0
Semantic,fr3_walking_rpy,run_04,597,0,0,1504,312,0
Semantic,fr3_walking_rpy,run_04,598,0,0,1253,286,0
Semantic,fr3_walking_rpy,run_04,599,0,0,1244,344,0
Semantic,fr3_walking_rpy,run_04,600,0,0,1164,273,0
Semantic,fr3_walking_rpy,run_04,601,0,0,1283,330,0
Semantic,fr3_walking_rpy,run_04,602,0,0,1235,329,0
Semantic,fr3_walking_rpy,run_04,603,0,0,1073,239,0
Semantic,fr3_walking_rpy,run_04,604,0,0,862,207,0
Semantic,fr3_walking_rpy,run_04,605,0,0,969,199,0
Semantic,fr3_walking_rpy,run_04,606,0,0,892,261,0
Semantic,fr3_walking_rpy,run_04,607,0,0,959,284,0
Semantic,fr3_walking_rpy,run_04,608,0,0,1205,457,0
Semantic,fr3_walking_rpy,run_04,609,0,0,1111,448,0
Semantic,fr3_walking_rpy,run_04,610,0,0,2019,946,0
Semantic,fr3_walking_rpy,run_04,611,0,0,1906,868,0
Semantic,fr3_walking_rpy,run_04,612,0,0,1544,701,0
Semantic,fr3_walking_rpy,run_04,613,0,0,1616,690,0
Semantic,fr3_walking_rpy,run_04,614,0,0,1682,708,0
Semantic,fr3_walking_rpy,run_04,615,0,0,2209,875,0
Semantic,fr3_walking_rpy,run_04,616,0,0,2332,854,0
Semantic,fr3_walking_rpy,run_04,617,0,0,2226,737,0
Semantic,fr3_walking_rpy,run_04,618,0,0,2485,710,0
Semantic,fr3_walking_rpy,run_04,619,0,0,2686,741,0
Semantic,fr3_walking_rpy,run_04,620,0,0,2710,675,0
Semantic,fr3_walking_rpy,run_04,621,0,0,2620,546,0
Semantic,fr3_walking_rpy,run_04,622,0,0,2817,615,0
Semantic,fr3_walking_rpy,run_04,623,0,0,2588,546,0
Semantic,fr3_walking_rpy,run_04,624,0,0,2561,492,0
Semantic,fr3_walking_rpy,run_04,625,0,0,2672,453,0
Semantic,fr3_walking_rpy,run_04,626,0,0,2685,492,0
Semantic,fr3_walking_rpy,run_04,627,0,0,2900,514,0
Semantic,fr3_walking_rpy,run_04,628,0,0,2798,433,0
Semantic,fr3_walking_rpy,run_04,629,0,0,2778,442,0
Semantic,fr3_walking_rpy,run_04,630,0,0,2954,448,0
Semantic,fr3_walking_rpy,run_04,631,0,0,2968,538,0
Semantic,fr3_walking_rpy,run_04,632,0,0,2461,367,0
Semantic,fr3_walking_rpy,run_04,633,0,0,2437,414,0
Semantic,fr3_walking_rpy,run_04,634,0,0,2484,377,0
Semantic,fr3_walking_rpy,run_04,635,0,0,2758,390,0
Semantic,fr3_walking_rpy,run_04,636,0,0,2547,447,0
Semantic,fr3_walking_rpy,run_04,637,0,0,2302,314,0
Semantic,fr3_walking_rpy,run_04,638,0,0,2584,368,0
Semantic,fr3_walking_rpy,run_04,639,0,0,2269,321,0
Semantic,fr3_walking_rpy,run_04,640,0,0,2368,306,0
Semantic,fr3_walking_rpy,run_04,641,0,0,2210,229,0
Semantic,fr3_walking_rpy,run_04,642,0,0,2303,319,0
Semantic,fr3_walking_rpy,run_04,643,0,0,2265,340,0
Semantic,fr3_walking_rpy,run_04,644,0,0,2499,279,0
Semantic,fr3_walking_rpy,run_04,645,0,0,2446,237,0
Semantic,fr3_walking_rpy,run_04,646,0,0,2164,226,0
Semantic,fr3_walking_rpy,run_04,647,0,0,2238,0,0
Semantic,fr3_walking_rpy,run_04,648,0,0,2394,0,0
Semantic,fr3_walking_rpy,run_04,649,0,0,2308,0,0
Semantic,fr3_walking_rpy,run_04,650,0,0,2186,0,0
Semantic,fr3_walking_rpy,run_04,651,0,0,2066,0,0
Semantic,fr3_walking_rpy,run_04,652,0,0,2546,0,0
Semantic,fr3_walking_rpy,run_04,653,0,0,2371,130,0
Semantic,fr3_walking_rpy,run_04,654,0,0,2522,108,0
Semantic,fr3_walking_rpy,run_04,655,0,0,2352,100,0
Semantic,fr3_walking_rpy,run_04,656,0,0,2562,82,0
Semantic,fr3_walking_rpy,run_04,657,0,0,2628,119,0
Semantic,fr3_walking_rpy,run_04,658,0,0,2520,113,0
Semantic,fr3_walking_rpy,run_04,659,0,0,2409,143,0
Semantic,fr3_walking_rpy,run_04,660,0,0,2437,114,0
Semantic,fr3_walking_rpy,run_04,661,0,0,2384,134,0
Semantic,fr3_walking_rpy,run_04,662,0,0,2231,119,0
Semantic,fr3_walking_rpy,run_04,663,0,0,2218,82,0
Semantic,fr3_walking_rpy,run_04,664,0,0,2055,0,0
Semantic,fr3_walking_rpy,run_04,665,0,0,2514,182,0
Semantic,fr3_walking_rpy,run_04,666,0,0,2263,0,0
Semantic,fr3_walking_rpy,run_04,667,0,0,2462,0,0
Semantic,fr3_walking_rpy,run_04,668,0,0,2564,0,0
Semantic,fr3_walking_rpy,run_04,669,0,0,2134,0,0
Semantic,fr3_walking_rpy,run_04,670,0,0,2395,0,0
Semantic,fr3_walking_rpy,run_04,671,0,0,2364,0,0
Semantic,fr3_walking_rpy,run_04,672,0,0,2236,0,0
Semantic,fr3_walking_rpy,run_04,673,0,0,226,193,0
Semantic,fr3_walking_rpy,run_04,703,0,0,112,35,0
Semantic,fr3_walking_rpy,run_04,712,0,0,1358,0,0
Semantic,fr3_walking_rpy,run_04,713,0,0,942,0,0
Semantic,fr3_walking_rpy,run_04,714,0,0,1360,0,0
Semantic,fr3_walking_rpy,run_04,715,0,0,1576,0,0
Semantic,fr3_walking_rpy,run_04,716,0,0,1731,63,0
Semantic,fr3_walking_rpy,run_04,717,0,0,1718,0,0
Semantic,fr3_walking_rpy,run_04,718,0,0,1465,0,0
Semantic,fr3_walking_rpy,run_04,719,0,0,1422,932,0
Semantic,fr3_walking_rpy,run_04,721,0,0,114,0,0
Semantic,fr3_walking_rpy,run_04,728,0,0,100,0,0
Semantic,fr3_walking_rpy,run_04,734,0,0,95,0,0
Semantic,fr3_walking_rpy,run_04,740,0,0,162,23,0
Semantic,fr3_walking_rpy,run_04,750,0,0,124,2,0
Semantic,fr3_walking_rpy,run_04,752,0,0,77,1,0
Semantic,fr3_walking_rpy,run_04,766,0,0,134,22,0
Semantic,fr3_walking_rpy,run_04,771,0,0,108,55,0
Semantic,fr3_walking_rpy,run_04,858,0,0,134,30,0
Semantic,fr3_walking_rpy,run_04,863,0,0,134,0,0
Semantic,fr3_walking_rpy,run_04,864,0,0,134,0,0
Semantic,fr3_walking_rpy,run_05,1,0,0,236,8,0
Semantic,fr3_walking_rpy,run_05,2,0,0,448,8,0
Semantic,fr3_walking_rpy,run_05,3,0,0,531,252,0
Semantic,fr3_walking_rpy,run_05,4,0,0,400,169,0
Semantic,fr3_walking_rpy,run_05,5,0,0,233,44,0
Semantic,fr3_walking_rpy,run_05,6,0,0,267,44,0
Semantic,fr3_walking_rpy,run_05,7,0,0,277,46,0
Semantic,fr3_walking_rpy,run_05,8,0,0,235,27,0
Semantic,fr3_walking_rpy,run_05,9,0,0,248,28,0
Semantic,fr3_walking_rpy,run_05,10,0,0,273,26,0
Semantic,fr3_walking_rpy,run_05,11,0,0,327,40,0
Semantic,fr3_walking_rpy,run_05,12,0,0,288,42,0
Semantic,fr3_walking_rpy,run_05,13,0,0,283,23,0
Semantic,fr3_walking_rpy,run_05,14,0,0,364,42,0
Semantic,fr3_walking_rpy,run_05,15,0,0,328,45,0
Semantic,fr3_walking_rpy,run_05,16,0,0,341,44,0
Semantic,fr3_walking_rpy,run_05,17,0,0,422,38,0
Semantic,fr3_walking_rpy,run_05,18,0,0,396,29,0
Semantic,fr3_walking_rpy,run_05,19,0,0,446,92,0
Semantic,fr3_walking_rpy,run_05,20,0,0,511,109,0
Semantic,fr3_walking_rpy,run_05,21,0,0,496,94,0
Semantic,fr3_walking_rpy,run_05,22,0,0,412,72,0
Semantic,fr3_walking_rpy,run_05,23,0,0,594,137,0
Semantic,fr3_walking_rpy,run_05,24,0,0,496,188,0
Semantic,fr3_walking_rpy,run_05,25,0,0,491,177,0
Semantic,fr3_walking_rpy,run_05,26,0,0,416,118,0
Semantic,fr3_walking_rpy,run_05,27,0,0,490,107,0
Semantic,fr3_walking_rpy,run_05,28,0,0,408,67,0
Semantic,fr3_walking_rpy,run_05,29,0,0,479,107,0
Semantic,fr3_walking_rpy,run_05,30,0,0,394,85,0
Semantic,fr3_walking_rpy,run_05,31,0,0,369,69,0
Semantic,fr3_walking_rpy,run_05,32,0,0,360,255,0
Semantic,fr3_walking_rpy,run_05,33,0,0,403,146,0
Semantic,fr3_walking_rpy,run_05,34,0,0,355,245,0
Semantic,fr3_walking_rpy,run_05,35,0,0,295,101,0
Semantic,fr3_walking_rpy,run_05,36,0,0,0,0,0
Semantic,fr3_walking_rpy,run_05,37,0,0,100,26,0
Semantic,fr3_walking_rpy,run_05,40,0,0,72,10,0
Semantic,fr3_walking_rpy,run_05,55,0,0,140,14,0
Semantic,fr3_walking_rpy,run_05,61,0,0,93,7,0
Semantic,fr3_walking_rpy,run_05,62,0,0,98,6,0
Semantic,fr3_walking_rpy,run_05,64,0,0,98,6,0
Semantic,fr3_walking_rpy,run_05,91,0,0,97,27,0
Semantic,fr3_walking_rpy,run_05,92,0,0,73,28,0
Semantic,fr3_walking_rpy,run_05,94,0,0,83,24,0
Semantic,fr3_walking_rpy,run_05,96,0,0,82,25,0
Semantic,fr3_walking_rpy,run_05,100,0,0,94,60,0
Semantic,fr3_walking_rpy,run_05,101,0,0,111,40,0
Semantic,fr3_walking_rpy,run_05,237,0,0,75,1,0
Semantic,fr3_walking_rpy,run_05,287,0,0,87,53,0
Semantic,fr3_walking_rpy,run_05,292,0,0,86,15,0
Semantic,fr3_walking_rpy,run_05,300,0,0,87,16,0
Semantic,fr3_walking_rpy,run_05,311,0,0,92,0,0
Semantic,fr3_walking_rpy,run_05,319,0,0,72,0,0
Semantic,fr3_walking_rpy,run_05,320,0,0,71,0,0
Semantic,fr3_walking_rpy,run_05,321,0,0,417,0,0
Semantic,fr3_walking_rpy,run_05,322,0,0,876,0,0
Semantic,fr3_walking_rpy,run_05,323,0,0,1409,0,0
Semantic,fr3_walking_rpy,run_05,324,0,0,1459,0,0
Semantic,fr3_walking_rpy,run_05,325,0,0,1422,0,0
Semantic,fr3_walking_rpy,run_05,326,0,0,1455,0,0
Semantic,fr3_walking_rpy,run_05,327,0,0,1431,0,0
Semantic,fr3_walking_rpy,run_05,328,0,0,1420,0,0
Semantic,fr3_walking_rpy,run_05,329,0,0,1456,0,0
Semantic,fr3_walking_rpy,run_05,330,0,0,1458,0,0
Semantic,fr3_walking_rpy,run_05,331,0,0,1453,0,0
Semantic,fr3_walking_rpy,run_05,332,0,0,1452,0,0
Semantic,fr3_walking_rpy,run_05,333,0,0,1498,77,0
Semantic,fr3_walking_rpy,run_05,334,0,0,1458,70,0
Semantic,fr3_walking_rpy,run_05,335,0,0,1471,62,0
Semantic,fr3_walking_rpy,run_05,336,0,0,1480,69,0
Semantic,fr3_walking_rpy,run_05,337,0,0,1470,61,0
Semantic,fr3_walking_rpy,run_05,338,0,0,1466,55,0
Semantic,fr3_walking_rpy,run_05,339,0,0,1490,50,0
Semantic,fr3_walking_rpy,run_05,340,0,0,1450,29,0
Semantic,fr3_walking_rpy,run_05,341,0,0,1438,0,0
Semantic,fr3_walking_rpy,run_05,342,0,0,1462,35,0
Semantic,fr3_walking_rpy,run_05,343,0,0,1470,0,0
Semantic,fr3_walking_rpy,run_05,344,0,0,1474,0,0
Semantic,fr3_walking_rpy,run_05,345,0,0,1494,0,0
Semantic,fr3_walking_rpy,run_05,346,0,0,1516,0,0
Semantic,fr3_walking_rpy,run_05,347,0,0,1491,0,0
Semantic,fr3_walking_rpy,run_05,348,0,0,1476,0,0
Semantic,fr3_walking_rpy,run_05,349,0,0,1498,0,0
Semantic,fr3_walking_rpy,run_05,350,0,0,1532,0,0
Semantic,fr3_walking_rpy,run_05,351,0,0,1522,0,0
Semantic,fr3_walking_rpy,run_05,352,0,0,1464,0,0
Semantic,fr3_walking_rpy,run_05,353,0,0,1508,0,0
Semantic,fr3_walking_rpy,run_05,354,0,0,1447,0,0
Semantic,fr3_walking_rpy,run_05,355,0,0,1513,0,0
Semantic,fr3_walking_rpy,run_05,356,0,0,1553,0,0
Semantic,fr3_walking_rpy,run_05,357,0,0,1468,0,0
Semantic,fr3_walking_rpy,run_05,358,0,0,1398,0,0
Semantic,fr3_walking_rpy,run_05,359,0,0,1372,0,0
Semantic,fr3_walking_rpy,run_05,360,0,0,1324,0,0
Semantic,fr3_walking_rpy,run_05,361,0,0,1342,0,0
Semantic,fr3_walking_rpy,run_05,362,0,0,1360,0,0
Semantic,fr3_walking_rpy,run_05,363,0,0,1293,0,0
Semantic,fr3_walking_rpy,run_05,364,0,0,1286,0,0
Semantic,fr3_walking_rpy,run_05,365,0,0,1340,0,0
Semantic,fr3_walking_rpy,run_05,366,0,0,1342,0,0
Semantic,fr3_walking_rpy,run_05,367,0,0,1245,0,0
Semantic,fr3_walking_rpy,run_05,368,0,0,1333,0,0
Semantic,fr3_walking_rpy,run_05,369,0,0,1310,0,0
Semantic,fr3_walking_rpy,run_05,370,0,0,1266,0,0
Semantic,fr3_walking_rpy,run_05,371,0,0,1265,0,0
Semantic,fr3_walking_rpy,run_05,372,0,0,1268,0,0
Semantic,fr3_walking_rpy,run_05,373,0,0,1183,0,0
Semantic,fr3_walking_rpy,run_05,374,0,0,1167,0,0
Semantic,fr3_walking_rpy,run_05,375,0,0,930,0,0
Semantic,fr3_walking_rpy,run_05,376,0,0,1124,0,0
Semantic,fr3_walking_rpy,run_05,377,0,0,1126,0,0
Semantic,fr3_walking_rpy,run_05,378,0,0,1010,0,0
Semantic,fr3_walking_rpy,run_05,379,0,0,1023,0,0
Semantic,fr3_walking_rpy,run_05,380,0,0,1001,0,0
Semantic,fr3_walking_rpy,run_05,381,0,0,970,0,0
Semantic,fr3_walking_rpy,run_05,382,0,0,953,0,0
Semantic,fr3_walking_rpy,run_05,383,0,0,965,0,0
Semantic,fr3_walking_rpy,run_05,384,0,0,946,0,0
Semantic,fr3_walking_rpy,run_05,385,0,0,948,0,0
Semantic,fr3_walking_rpy,run_05,386,0,0,975,0,0
Semantic,fr3_walking_rpy,run_05,387,0,0,986,0,0
Semantic,fr3_walking_rpy,run_05,388,0,0,1000,0,0
Semantic,fr3_walking_rpy,run_05,389,0,0,1013,0,0
Semantic,fr3_walking_rpy,run_05,390,0,0,1070,0,0
Semantic,fr3_walking_rpy,run_05,391,0,0,1061,0,0
Semantic,fr3_walking_rpy,run_05,392,0,0,717,0,0
Semantic,fr3_walking_rpy,run_05,393,0,0,996,0,0
Semantic,fr3_walking_rpy,run_05,394,0,0,969,0,0
Semantic,fr3_walking_rpy,run_05,395,0,0,1048,1,0
Semantic,fr3_walking_rpy,run_05,396,0,0,1285,1,0
Semantic,fr3_walking_rpy,run_05,397,0,0,1262,1,0
Semantic,fr3_walking_rpy,run_05,398,0,0,1101,0,0
Semantic,fr3_walking_rpy,run_05,399,0,0,1363,0,0
Semantic,fr3_walking_rpy,run_05,400,0,0,1043,0,0
Semantic,fr3_walking_rpy,run_05,401,0,0,1247,0,0
Semantic,fr3_walking_rpy,run_05,402,0,0,1097,62,0
Semantic,fr3_walking_rpy,run_05,403,0,0,1271,123,0
Semantic,fr3_walking_rpy,run_05,404,0,0,1019,173,0
Semantic,fr3_walking_rpy,run_05,405,0,0,975,114,0
Semantic,fr3_walking_rpy,run_05,406,0,0,1030,109,0
Semantic,fr3_walking_rpy,run_05,407,0,0,1063,105,0
Semantic,fr3_walking_rpy,run_05,408,0,0,1133,98,0
Semantic,fr3_walking_rpy,run_05,409,0,0,1010,109,0
Semantic,fr3_walking_rpy,run_05,410,0,0,993,162,0
Semantic,fr3_walking_rpy,run_05,411,0,0,1009,161,0
Semantic,fr3_walking_rpy,run_05,412,0,0,956,124,0
Semantic,fr3_walking_rpy,run_05,413,0,0,959,130,0
Semantic,fr3_walking_rpy,run_05,414,0,0,916,120,0
Semantic,fr3_walking_rpy,run_05,415,0,0,928,124,0
Semantic,fr3_walking_rpy,run_05,416,0,0,986,145,0
Semantic,fr3_walking_rpy,run_05,417,0,0,917,124,0
Semantic,fr3_walking_rpy,run_05,418,0,0,905,104,0
Semantic,fr3_walking_rpy,run_05,419,0,0,897,109,0
Semantic,fr3_walking_rpy,run_05,420,0,0,901,109,0
Semantic,fr3_walking_rpy,run_05,421,0,0,879,127,0
Semantic,fr3_walking_rpy,run_05,422,0,0,878,117,0
Semantic,fr3_walking_rpy,run_05,423,0,0,882,165,0
Semantic,fr3_walking_rpy,run_05,424,0,0,858,151,0
Semantic,fr3_walking_rpy,run_05,425,0,0,922,158,0
Semantic,fr3_walking_rpy,run_05,426,0,0,917,153,0
Semantic,fr3_walking_rpy,run_05,427,0,0,895,156,0
Semantic,fr3_walking_rpy,run_05,428,0,0,796,166,0
Semantic,fr3_walking_rpy,run_05,429,0,0,707,159,0
Semantic,fr3_walking_rpy,run_05,430,0,0,774,168,0
Semantic,fr3_walking_rpy,run_05,431,0,0,778,172,0
Semantic,fr3_walking_rpy,run_05,432,0,0,775,169,0
Semantic,fr3_walking_rpy,run_05,433,0,0,755,178,0
Semantic,fr3_walking_rpy,run_05,434,0,0,765,200,0
Semantic,fr3_walking_rpy,run_05,435,0,0,760,218,0
Semantic,fr3_walking_rpy,run_05,436,0,0,704,222,0
Semantic,fr3_walking_rpy,run_05,437,0,0,766,280,0
Semantic,fr3_walking_rpy,run_05,438,0,0,763,221,0
Semantic,fr3_walking_rpy,run_05,439,0,0,793,277,0
Semantic,fr3_walking_rpy,run_05,440,0,0,784,284,0
Semantic,fr3_walking_rpy,run_05,441,0,0,832,350,0
Semantic,fr3_walking_rpy,run_05,442,0,0,877,323,0
Semantic,fr3_walking_rpy,run_05,443,0,0,881,333,0
Semantic,fr3_walking_rpy,run_05,444,0,0,854,314,0
Semantic,fr3_walking_rpy,run_05,445,0,0,893,304,0
Semantic,fr3_walking_rpy,run_05,446,0,0,938,312,0
Semantic,fr3_walking_rpy,run_05,447,0,0,941,244,0
Semantic,fr3_walking_rpy,run_05,448,0,0,938,227,0
Semantic,fr3_walking_rpy,run_05,449,0,0,950,220,0
Semantic,fr3_walking_rpy,run_05,450,0,0,940,171,0
Semantic,fr3_walking_rpy,run_05,451,0,0,956,173,0
Semantic,fr3_walking_rpy,run_05,452,0,0,960,0,0
Semantic,fr3_walking_rpy,run_05,453,0,0,957,58,0
Semantic,fr3_walking_rpy,run_05,454,0,0,1049,47,0
Semantic,fr3_walking_rpy,run_05,455,0,0,1106,33,0
Semantic,fr3_walking_rpy,run_05,456,0,0,1191,20,0
Semantic,fr3_walking_rpy,run_05,457,0,0,1283,27,0
Semantic,fr3_walking_rpy,run_05,458,0,0,1297,19,0
Semantic,fr3_walking_rpy,run_05,459,0,0,1297,12,0
Semantic,fr3_walking_rpy,run_05,460,0,0,1422,17,0
Semantic,fr3_walking_rpy,run_05,461,0,0,1433,13,0
Semantic,fr3_walking_rpy,run_05,462,0,0,1482,0,0
Semantic,fr3_walking_rpy,run_05,463,0,0,1367,0,0
Semantic,fr3_walking_rpy,run_05,464,0,0,1493,0,0
Semantic,fr3_walking_rpy,run_05,465,0,0,1540,0,0
Semantic,fr3_walking_rpy,run_05,466,0,0,1557,0,0
Semantic,fr3_walking_rpy,run_05,467,0,0,1533,0,0
Semantic,fr3_walking_rpy,run_05,468,0,0,1537,0,0
Semantic,fr3_walking_rpy,run_05,469,0,0,1608,0,0
Semantic,fr3_walking_rpy,run_05,470,0,0,1412,0,0
Semantic,fr3_walking_rpy,run_05,471,0,0,1644,0,0
Semantic,fr3_walking_rpy,run_05,472,0,0,1645,0,0
Semantic,fr3_walking_rpy,run_05,473,0,0,1647,0,0
Semantic,fr3_walking_rpy,run_05,474,0,0,1650,0,0
Semantic,fr3_walking_rpy,run_05,475,0,0,1698,0,0
Semantic,fr3_walking_rpy,run_05,476,0,0,1683,0,0
Semantic,fr3_walking_rpy,run_05,477,0,0,1708,0,0
Semantic,fr3_walking_rpy,run_05,478,0,0,1724,0,0
Semantic,fr3_walking_rpy,run_05,479,0,0,1744,0,0
Semantic,fr3_walking_rpy,run_05,480,0,0,1758,0,0
Semantic,fr3_walking_rpy,run_05,481,0,0,1726,0,0
Semantic,fr3_walking_rpy,run_05,482,0,0,1761,0,0
Semantic,fr3_walking_rpy,run_05,483,0,0,1783,0,0
Semantic,fr3_walking_rpy,run_05,484,0,0,1820,0,0
Semantic,fr3_walking_rpy,run_05,485,0,0,1802,0,0
Semantic,fr3_walking_rpy,run_05,486,0,0,1778,0,0
Semantic,fr3_walking_rpy,run_05,487,0,0,1762,0,0
Semantic,fr3_walking_rpy,run_05,488,0,0,1725,0,0
Semantic,fr3_walking_rpy,run_05,489,0,0,1746,0,0
Semantic,fr3_walking_rpy,run_05,490,0,0,1789,0,0
Semantic,fr3_walking_rpy,run_05,491,0,0,1704,0,0
Semantic,fr3_walking_rpy,run_05,492,0,0,1701,0,0
Semantic,fr3_walking_rpy,run_05,493,0,0,1689,0,0
Semantic,fr3_walking_rpy,run_05,494,0,0,1642,0,0
Semantic,fr3_walking_rpy,run_05,495,0,0,1662,0,0
Semantic,fr3_walking_rpy,run_05,496,0,0,1649,0,0
Semantic,fr3_walking_rpy,run_05,497,0,0,1658,0,0
Semantic,fr3_walking_rpy,run_05,498,0,0,1627,0,0
Semantic,fr3_walking_rpy,run_05,499,0,0,1646,0,0
Semantic,fr3_walking_rpy,run_05,500,0,0,1532,0,0
Semantic,fr3_walking_rpy,run_05,501,0,0,1537,0,0
Semantic,fr3_walking_rpy,run_05,502,0,0,1491,0,0
Semantic,fr3_walking_rpy,run_05,503,0,0,1425,0,0
Semantic,fr3_walking_rpy,run_05,504,0,0,1392,0,0
Semantic,fr3_walking_rpy,run_05,505,0,0,1783,0,0
Semantic,fr3_walking_rpy,run_05,506,0,0,1776,0,0
Semantic,fr3_walking_rpy,run_05,507,0,0,1673,0,0
Semantic,fr3_walking_rpy,run_05,508,0,0,1660,0,0
Semantic,fr3_walking_rpy,run_05,509,0,0,1647,0,0
Semantic,fr3_walking_rpy,run_05,510,0,0,1715,0,0
Semantic,fr3_walking_rpy,run_05,511,0,0,1732,0,0
Semantic,fr3_walking_rpy,run_05,512,0,0,1714,0,0
Semantic,fr3_walking_rpy,run_05,513,0,0,1689,0,0
Semantic,fr3_walking_rpy,run_05,514,0,0,1672,0,0
Semantic,fr3_walking_rpy,run_05,515,0,0,1691,0,0
Semantic,fr3_walking_rpy,run_05,516,0,0,1644,0,0
Semantic,fr3_walking_rpy,run_05,517,0,0,1541,0,0
Semantic,fr3_walking_rpy,run_05,518,0,0,1438,0,0
Semantic,fr3_walking_rpy,run_05,519,0,0,1448,0,0
Semantic,fr3_walking_rpy,run_05,520,0,0,1446,0,0
Semantic,fr3_walking_rpy,run_05,521,0,0,1494,0,0
Semantic,fr3_walking_rpy,run_05,522,0,0,1168,0,0
Semantic,fr3_walking_rpy,run_05,523,0,0,1428,0,0
Semantic,fr3_walking_rpy,run_05,524,0,0,1490,0,0
Semantic,fr3_walking_rpy,run_05,525,0,0,1434,0,0
Semantic,fr3_walking_rpy,run_05,526,0,0,1468,0,0
Semantic,fr3_walking_rpy,run_05,527,0,0,1420,0,0
Semantic,fr3_walking_rpy,run_05,528,0,0,1368,0,0
Semantic,fr3_walking_rpy,run_05,529,0,0,1165,87,0
Semantic,fr3_walking_rpy,run_05,530,0,0,1476,0,0
Semantic,fr3_walking_rpy,run_05,531,0,0,1442,274,0
Semantic,fr3_walking_rpy,run_05,532,0,0,1340,0,0
Semantic,fr3_walking_rpy,run_05,533,0,0,1444,0,0
Semantic,fr3_walking_rpy,run_05,534,0,0,1399,0,0
Semantic,fr3_walking_rpy,run_05,535,0,0,1348,287,0
Semantic,fr3_walking_rpy,run_05,536,0,0,1285,196,0
Semantic,fr3_walking_rpy,run_05,537,0,0,883,0,0
Semantic,fr3_walking_rpy,run_05,538,0,0,1302,0,0
Semantic,fr3_walking_rpy,run_05,539,0,0,1255,0,0
Semantic,fr3_walking_rpy,run_05,540,0,0,1280,0,0
Semantic,fr3_walking_rpy,run_05,541,0,0,1276,310,0
Semantic,fr3_walking_rpy,run_05,542,0,0,1118,134,0
Semantic,fr3_walking_rpy,run_05,543,0,0,821,78,0
Semantic,fr3_walking_rpy,run_05,544,0,0,1114,106,0
Semantic,fr3_walking_rpy,run_05,545,0,0,1072,65,0
Semantic,fr3_walking_rpy,run_05,546,0,0,1082,75,0
Semantic,fr3_walking_rpy,run_05,547,0,0,1036,101,0
Semantic,fr3_walking_rpy,run_05,548,0,0,1101,67,0
Semantic,fr3_walking_rpy,run_05,549,0,0,1119,105,0
Semantic,fr3_walking_rpy,run_05,550,0,0,780,39,0
Semantic,fr3_walking_rpy,run_05,551,0,0,1036,21,0
Semantic,fr3_walking_rpy,run_05,552,0,0,1063,0,0
Semantic,fr3_walking_rpy,run_05,553,0,0,1168,136,0
Semantic,fr3_walking_rpy,run_05,554,0,0,1508,124,0
Semantic,fr3_walking_rpy,run_05,555,0,0,1522,75,0
Semantic,fr3_walking_rpy,run_05,556,0,0,1550,149,0
Semantic,fr3_walking_rpy,run_05,557,0,0,1003,105,0
Semantic,fr3_walking_rpy,run_05,558,0,0,1329,145,0
Semantic,fr3_walking_rpy,run_05,559,0,0,1172,130,0
Semantic,fr3_walking_rpy,run_05,560,0,0,1486,111,0
Semantic,fr3_walking_rpy,run_05,561,0,0,1489,99,0
Semantic,fr3_walking_rpy,run_05,562,0,0,1201,106,0
Semantic,fr3_walking_rpy,run_05,563,0,0,1625,103,0
Semantic,fr3_walking_rpy,run_05,564,0,0,1673,104,0
Semantic,fr3_walking_rpy,run_05,565,0,0,1331,90,0
Semantic,fr3_walking_rpy,run_05,566,0,0,1700,97,0
Semantic,fr3_walking_rpy,run_05,567,0,0,1602,99,0
Semantic,fr3_walking_rpy,run_05,568,0,0,2000,103,0
Semantic,fr3_walking_rpy,run_05,569,0,0,1593,94,0
Semantic,fr3_walking_rpy,run_05,570,0,0,2036,96,0
Semantic,fr3_walking_rpy,run_05,571,0,0,1960,196,0
Semantic,fr3_walking_rpy,run_05,572,0,0,1910,76,0
Semantic,fr3_walking_rpy,run_05,573,0,0,1999,0,0
Semantic,fr3_walking_rpy,run_05,574,0,0,2081,318,0
Semantic,fr3_walking_rpy,run_05,575,0,0,1984,230,0
Semantic,fr3_walking_rpy,run_05,576,0,0,2213,253,0
Semantic,fr3_walking_rpy,run_05,577,0,0,1806,167,0
Semantic,fr3_walking_rpy,run_05,578,0,0,1896,178,0
Semantic,fr3_walking_rpy,run_05,579,0,0,2061,165,0
Semantic,fr3_walking_rpy,run_05,580,0,0,1730,0,0
Semantic,fr3_walking_rpy,run_05,581,0,0,2120,377,0
Semantic,fr3_walking_rpy,run_05,582,0,0,2077,349,0
Semantic,fr3_walking_rpy,run_05,583,0,0,2254,351,0
Semantic,fr3_walking_rpy,run_05,584,0,0,2183,184,0
Semantic,fr3_walking_rpy,run_05,585,0,0,2005,182,0
Semantic,fr3_walking_rpy,run_05,586,0,0,2202,193,0
Semantic,fr3_walking_rpy,run_05,587,0,0,1803,109,0
Semantic,fr3_walking_rpy,run_05,588,0,0,1649,118,0
Semantic,fr3_walking_rpy,run_05,589,0,0,1870,140,0
Semantic,fr3_walking_rpy,run_05,590,0,0,1626,117,0
Semantic,fr3_walking_rpy,run_05,591,0,0,1715,89,0
Semantic,fr3_walking_rpy,run_05,592,0,0,2490,263,0
Semantic,fr3_walking_rpy,run_05,593,0,0,2218,208,0
Semantic,fr3_walking_rpy,run_05,594,0,0,2115,292,0
Semantic,fr3_walking_rpy,run_05,595,0,0,1917,283,0
Semantic,fr3_walking_rpy,run_05,596,0,0,2286,482,0
Semantic,fr3_walking_rpy,run_05,597,0,0,1889,456,0
Semantic,fr3_walking_rpy,run_05,598,0,0,1689,438,0
Semantic,fr3_walking_rpy,run_05,599,0,0,1495,436,0
Semantic,fr3_walking_rpy,run_05,600,0,0,1579,421,0
Semantic,fr3_walking_rpy,run_05,601,0,0,1478,429,0
Semantic,fr3_walking_rpy,run_05,602,0,0,1510,439,0
Semantic,fr3_walking_rpy,run_05,603,0,0,1393,395,0
Semantic,fr3_walking_rpy,run_05,604,0,0,1277,350,0
Semantic,fr3_walking_rpy,run_05,605,0,0,1322,342,0
Semantic,fr3_walking_rpy,run_05,606,0,0,1115,327,0
Semantic,fr3_walking_rpy,run_05,607,0,0,1182,378,0
Semantic,fr3_walking_rpy,run_05,608,0,0,1950,827,0
Semantic,fr3_walking_rpy,run_05,609,0,0,1992,960,0
Semantic,fr3_walking_rpy,run_05,610,0,0,2212,1068,0
Semantic,fr3_walking_rpy,run_05,611,0,0,1817,693,0
Semantic,fr3_walking_rpy,run_05,612,0,0,2006,726,0
Semantic,fr3_walking_rpy,run_05,613,0,0,2324,1003,0
Semantic,fr3_walking_rpy,run_05,614,0,0,2391,972,0
Semantic,fr3_walking_rpy,run_05,615,0,0,2210,817,0
Semantic,fr3_walking_rpy,run_05,616,0,0,2769,1131,0
Semantic,fr3_walking_rpy,run_05,617,0,0,2761,1052,0
Semantic,fr3_walking_rpy,run_05,618,0,0,2793,961,0
Semantic,fr3_walking_rpy,run_05,619,0,0,2371,598,0
Semantic,fr3_walking_rpy,run_05,620,0,0,2893,765,0
Semantic,fr3_walking_rpy,run_05,621,0,0,2829,771,0
Semantic,fr3_walking_rpy,run_05,622,0,0,2838,723,0
Semantic,fr3_walking_rpy,run_05,623,0,0,2798,657,0
Semantic,fr3_walking_rpy,run_05,624,0,0,2850,587,0
Semantic,fr3_walking_rpy,run_05,625,0,0,2497,506,0
Semantic,fr3_walking_rpy,run_05,626,0,0,2697,570,0
Semantic,fr3_walking_rpy,run_05,627,0,0,2704,583,0
Semantic,fr3_walking_rpy,run_05,628,0,0,2847,582,0
Semantic,fr3_walking_rpy,run_05,629,0,0,2424,388,0
Semantic,fr3_walking_rpy,run_05,630,0,0,1867,235,0
Semantic,fr3_walking_rpy,run_05,631,0,0,2202,305,0
Semantic,fr3_walking_rpy,run_05,632,0,0,2199,287,0
Semantic,fr3_walking_rpy,run_05,633,0,0,2014,256,0
Semantic,fr3_walking_rpy,run_05,634,0,0,2080,277,0
Semantic,fr3_walking_rpy,run_05,635,0,0,2202,294,0
Semantic,fr3_walking_rpy,run_05,636,0,0,2255,383,0
Semantic,fr3_walking_rpy,run_05,637,0,0,2318,404,0
Semantic,fr3_walking_rpy,run_05,638,0,0,2120,312,0
Semantic,fr3_walking_rpy,run_05,639,0,0,2364,366,0
Semantic,fr3_walking_rpy,run_05,640,0,0,2139,265,0
Semantic,fr3_walking_rpy,run_05,641,0,0,2415,373,0
Semantic,fr3_walking_rpy,run_05,642,0,0,2019,252,0
Semantic,fr3_walking_rpy,run_05,643,0,0,2203,356,0
Semantic,fr3_walking_rpy,run_05,644,0,0,2210,299,0
Semantic,fr3_walking_rpy,run_05,645,0,0,2154,263,0
Semantic,fr3_walking_rpy,run_05,646,0,0,2204,314,0
Semantic,fr3_walking_rpy,run_05,647,0,0,2192,0,0
Semantic,fr3_walking_rpy,run_05,648,0,0,2397,0,0
Semantic,fr3_walking_rpy,run_05,649,0,0,2254,0,0
Semantic,fr3_walking_rpy,run_05,650,0,0,1949,0,0
Semantic,fr3_walking_rpy,run_05,651,0,0,1937,0,0
Semantic,fr3_walking_rpy,run_05,652,0,0,2207,0,0
Semantic,fr3_walking_rpy,run_05,653,0,0,2141,164,0
Semantic,fr3_walking_rpy,run_05,654,0,0,2043,106,0
Semantic,fr3_walking_rpy,run_05,655,0,0,1981,66,0
Semantic,fr3_walking_rpy,run_05,656,0,0,1981,44,0
Semantic,fr3_walking_rpy,run_05,657,0,0,1916,40,0
Semantic,fr3_walking_rpy,run_05,658,0,0,1736,44,0
Semantic,fr3_walking_rpy,run_05,659,0,0,1656,61,0
Semantic,fr3_walking_rpy,run_05,660,0,0,1954,48,0
Semantic,fr3_walking_rpy,run_05,661,0,0,2057,68,0
Semantic,fr3_walking_rpy,run_05,662,0,0,1645,42,0
Semantic,fr3_walking_rpy,run_05,663,0,0,1826,51,0
Semantic,fr3_walking_rpy,run_05,664,0,0,1728,0,0
Semantic,fr3_walking_rpy,run_05,665,0,0,1887,121,0
Semantic,fr3_walking_rpy,run_05,666,0,0,1854,0,0
Semantic,fr3_walking_rpy,run_05,667,0,0,1814,0,0
Semantic,fr3_walking_rpy,run_05,668,0,0,1786,0,0
Semantic,fr3_walking_rpy,run_05,669,0,0,1410,0,0
Semantic,fr3_walking_rpy,run_05,670,0,0,1384,0,0
Semantic,fr3_walking_rpy,run_05,671,0,0,1882,0,0
Semantic,fr3_walking_rpy,run_05,672,0,0,1776,0,0
Semantic,fr3_walking_rpy,run_05,673,0,0,232,196,0
Semantic,fr3_walking_rpy,run_05,702,0,0,112,39,0
Semantic,fr3_walking_rpy,run_05,707,0,0,116,0,0
Semantic,fr3_walking_rpy,run_05,710,0,0,89,24,0
Semantic,fr3_walking_rpy,run_05,712,0,0,150,0,0
Semantic,fr3_walking_rpy,run_05,713,0,0,116,0,0
Semantic,fr3_walking_rpy,run_05,714,0,0,836,0,0
Semantic,fr3_walking_rpy,run_05,716,0,0,120,0,0
Semantic,fr3_walking_rpy,run_05,718,0,0,119,0,0
Semantic,fr3_walking_rpy,run_05,721,0,0,965,8,0
Semantic,fr3_walking_rpy,run_05,724,0,0,114,0,0
Semantic,fr3_walking_rpy,run_05,732,0,0,100,10,0
Semantic,fr3_walking_rpy,run_05,734,0,0,72,0,0
Semantic,fr3_walking_halfsphere,run_01,1,0,0,291,46,0
Semantic,fr3_walking_halfsphere,run_01,2,0,0,432,39,0
Semantic,fr3_walking_halfsphere,run_01,3,0,0,358,3,0
Semantic,fr3_walking_halfsphere,run_01,4,0,0,472,55,0
Semantic,fr3_walking_halfsphere,run_01,5,0,0,468,129,0
Semantic,fr3_walking_halfsphere,run_01,6,0,0,356,94,0
Semantic,fr3_walking_halfsphere,run_01,7,0,0,349,46,0
Semantic,fr3_walking_halfsphere,run_01,8,0,0,364,15,0
Semantic,fr3_walking_halfsphere,run_01,9,0,0,471,23,0
Semantic,fr3_walking_halfsphere,run_01,10,0,0,577,49,0
Semantic,fr3_walking_halfsphere,run_01,11,0,0,573,125,0
Semantic,fr3_walking_halfsphere,run_01,12,0,0,536,35,0
Semantic,fr3_walking_halfsphere,run_01,13,0,0,675,206,0
Semantic,fr3_walking_halfsphere,run_01,14,0,0,543,187,0
Semantic,fr3_walking_halfsphere,run_01,15,0,0,498,140,0
Semantic,fr3_walking_halfsphere,run_01,16,0,0,470,98,0
Semantic,fr3_walking_halfsphere,run_01,17,0,0,491,184,0
Semantic,fr3_walking_halfsphere,run_01,18,0,0,497,179,0
Semantic,fr3_walking_halfsphere,run_01,19,0,0,460,172,0
Semantic,fr3_walking_halfsphere,run_01,20,0,0,496,191,0
Semantic,fr3_walking_halfsphere,run_01,21,0,0,494,122,0
Semantic,fr3_walking_halfsphere,run_01,22,0,0,463,150,0
Semantic,fr3_walking_halfsphere,run_01,23,0,0,508,170,0
Semantic,fr3_walking_halfsphere,run_01,24,0,0,518,160,0
Semantic,fr3_walking_halfsphere,run_01,25,0,0,502,259,0
Semantic,fr3_walking_halfsphere,run_01,26,0,0,537,305,0
Semantic,fr3_walking_halfsphere,run_01,27,0,0,479,185,0
Semantic,fr3_walking_halfsphere,run_01,28,0,0,469,182,0
Semantic,fr3_walking_halfsphere,run_01,29,0,0,499,187,0
Semantic,fr3_walking_halfsphere,run_01,30,0,0,487,257,0
Semantic,fr3_walking_halfsphere,run_01,31,0,0,524,235,0
Semantic,fr3_walking_halfsphere,run_01,32,0,0,517,231,0
Semantic,fr3_walking_halfsphere,run_01,33,0,0,505,203,0
Semantic,fr3_walking_halfsphere,run_01,34,0,0,543,231,0
Semantic,fr3_walking_halfsphere,run_01,35,0,0,547,227,0
Semantic,fr3_walking_halfsphere,run_01,36,0,0,544,225,0
Semantic,fr3_walking_halfsphere,run_01,37,0,0,574,233,0
Semantic,fr3_walking_halfsphere,run_01,38,0,0,537,259,0
Semantic,fr3_walking_halfsphere,run_01,39,0,0,589,279,0
Semantic,fr3_walking_halfsphere,run_01,40,0,0,574,269,0
Semantic,fr3_walking_halfsphere,run_01,41,0,0,612,262,0
Semantic,fr3_walking_halfsphere,run_01,42,0,0,616,268,0
Semantic,fr3_walking_halfsphere,run_01,43,0,0,622,263,0
Semantic,fr3_walking_halfsphere,run_01,44,0,0,614,256,0
Semantic,fr3_walking_halfsphere,run_01,45,0,0,586,211,0
Semantic,fr3_walking_halfsphere,run_01,46,0,0,627,186,0
Semantic,fr3_walking_halfsphere,run_01,47,0,0,626,159,0
Semantic,fr3_walking_halfsphere,run_01,48,0,0,630,132,0
Semantic,fr3_walking_halfsphere,run_01,49,0,0,673,122,0
Semantic,fr3_walking_halfsphere,run_01,50,0,0,643,111,0
Semantic,fr3_walking_halfsphere,run_01,51,0,0,645,109,0
Semantic,fr3_walking_halfsphere,run_01,52,0,0,648,133,0
Semantic,fr3_walking_halfsphere,run_01,53,0,0,688,132,0
Semantic,fr3_walking_halfsphere,run_01,54,0,0,665,159,0
Semantic,fr3_walking_halfsphere,run_01,55,0,0,652,194,0
Semantic,fr3_walking_halfsphere,run_01,56,0,0,698,200,0
Semantic,fr3_walking_halfsphere,run_01,57,0,0,725,224,0
Semantic,fr3_walking_halfsphere,run_01,58,0,0,651,208,0
Semantic,fr3_walking_halfsphere,run_01,59,0,0,639,206,0
Semantic,fr3_walking_halfsphere,run_01,60,0,0,678,207,0
Semantic,fr3_walking_halfsphere,run_01,61,0,0,645,218,0
Semantic,fr3_walking_halfsphere,run_01,62,0,0,663,208,0
Semantic,fr3_walking_halfsphere,run_01,63,0,0,654,225,0
Semantic,fr3_walking_halfsphere,run_01,64,0,0,664,241,0
Semantic,fr3_walking_halfsphere,run_01,65,0,0,666,243,0
Semantic,fr3_walking_halfsphere,run_01,66,0,0,643,278,0
Semantic,fr3_walking_halfsphere,run_01,67,0,0,647,281,0
Semantic,fr3_walking_halfsphere,run_01,68,0,0,641,318,0
Semantic,fr3_walking_halfsphere,run_01,69,0,0,649,276,0
Semantic,fr3_walking_halfsphere,run_01,70,0,0,611,279,0
Semantic,fr3_walking_halfsphere,run_01,71,0,0,644,305,0
Semantic,fr3_walking_halfsphere,run_01,72,0,0,643,274,0
Semantic,fr3_walking_halfsphere,run_01,73,0,0,626,276,0
Semantic,fr3_walking_halfsphere,run_01,74,0,0,663,290,0
Semantic,fr3_walking_halfsphere,run_01,75,0,0,638,274,0
Semantic,fr3_walking_halfsphere,run_01,76,0,0,631,270,0
Semantic,fr3_walking_halfsphere,run_01,77,0,0,621,269,0
Semantic,fr3_walking_halfsphere,run_01,78,0,0,611,258,0
Semantic,fr3_walking_halfsphere,run_01,79,0,0,547,256,0
Semantic,fr3_walking_halfsphere,run_01,80,0,0,570,245,0
Semantic,fr3_walking_halfsphere,run_01,81,0,0,568,235,0
Semantic,fr3_walking_halfsphere,run_01,82,0,0,566,226,0
Semantic,fr3_walking_halfsphere,run_01,83,0,0,589,233,0
Semantic,fr3_walking_halfsphere,run_01,84,0,0,631,322,0
Semantic,fr3_walking_halfsphere,run_01,85,0,0,638,307,0
Semantic,fr3_walking_halfsphere,run_01,86,0,0,644,322,0
Semantic,fr3_walking_halfsphere,run_01,87,0,0,622,290,0
Semantic,fr3_walking_halfsphere,run_01,88,0,0,653,297,0
Semantic,fr3_walking_halfsphere,run_01,89,0,0,707,324,0
Semantic,fr3_walking_halfsphere,run_01,90,0,0,706,320,0
Semantic,fr3_walking_halfsphere,run_01,91,0,0,727,327,0
Semantic,fr3_walking_halfsphere,run_01,92,0,0,729,348,0
Semantic,fr3_walking_halfsphere,run_01,93,0,0,717,318,0
Semantic,fr3_walking_halfsphere,run_01,94,0,0,711,292,0
Semantic,fr3_walking_halfsphere,run_01,95,0,0,657,273,0
Semantic,fr3_walking_halfsphere,run_01,96,0,0,693,260,0
Semantic,fr3_walking_halfsphere,run_01,97,0,0,753,239,0
Semantic,fr3_walking_halfsphere,run_01,98,0,0,768,213,0
Semantic,fr3_walking_halfsphere,run_01,99,0,0,775,184,0
Semantic,fr3_walking_halfsphere,run_01,100,0,0,795,136,0
Semantic,fr3_walking_halfsphere,run_01,101,0,0,789,104,0
Semantic,fr3_walking_halfsphere,run_01,102,0,0,834,84,0
Semantic,fr3_walking_halfsphere,run_01,103,0,0,920,73,0
Semantic,fr3_walking_halfsphere,run_01,104,0,0,902,56,0
Semantic,fr3_walking_halfsphere,run_01,105,0,0,917,64,0
Semantic,fr3_walking_halfsphere,run_01,106,0,0,905,68,0
Semantic,fr3_walking_halfsphere,run_01,107,0,0,947,63,0
Semantic,fr3_walking_halfsphere,run_01,108,0,0,914,48,0
Semantic,fr3_walking_halfsphere,run_01,109,0,0,928,50,0
Semantic,fr3_walking_halfsphere,run_01,110,0,0,940,43,0
Semantic,fr3_walking_halfsphere,run_01,111,0,0,910,49,0
Semantic,fr3_walking_halfsphere,run_01,112,0,0,953,79,0
Semantic,fr3_walking_halfsphere,run_01,113,0,0,895,88,0
Semantic,fr3_walking_halfsphere,run_01,114,0,0,1025,143,0
Semantic,fr3_walking_halfsphere,run_01,115,0,0,993,200,0
Semantic,fr3_walking_halfsphere,run_01,116,0,0,1074,204,0
Semantic,fr3_walking_halfsphere,run_01,117,0,0,1064,199,0
Semantic,fr3_walking_halfsphere,run_01,118,0,0,1072,202,0
Semantic,fr3_walking_halfsphere,run_01,119,0,0,1095,192,0
Semantic,fr3_walking_halfsphere,run_01,120,0,0,1081,166,0
Semantic,fr3_walking_halfsphere,run_01,121,0,0,1110,173,0
Semantic,fr3_walking_halfsphere,run_01,122,0,0,1131,172,0
Semantic,fr3_walking_halfsphere,run_01,123,0,0,1117,154,0
Semantic,fr3_walking_halfsphere,run_01,124,0,0,1127,151,0
Semantic,fr3_walking_halfsphere,run_01,125,0,0,1135,80,0
Semantic,fr3_walking_halfsphere,run_01,126,0,0,1145,68,0
Semantic,fr3_walking_halfsphere,run_01,127,0,0,1154,57,0
Semantic,fr3_walking_halfsphere,run_01,128,0,0,1151,116,0
Semantic,fr3_walking_halfsphere,run_01,129,0,0,1108,86,0
Semantic,fr3_walking_halfsphere,run_01,130,0,0,1118,63,0
Semantic,fr3_walking_halfsphere,run_01,131,0,0,1148,53,0
Semantic,fr3_walking_halfsphere,run_01,132,0,0,1118,44,0
Semantic,fr3_walking_halfsphere,run_01,133,0,0,1092,47,0
Semantic,fr3_walking_halfsphere,run_01,134,0,0,1138,47,0
Semantic,fr3_walking_halfsphere,run_01,135,0,0,1148,41,0
Semantic,fr3_walking_halfsphere,run_01,136,0,0,1111,0,0
Semantic,fr3_walking_halfsphere,run_01,137,0,0,1073,0,0
Semantic,fr3_walking_halfsphere,run_01,138,0,0,1069,0,0
Semantic,fr3_walking_halfsphere,run_01,139,0,0,1083,0,0
Semantic,fr3_walking_halfsphere,run_01,140,0,0,1057,0,0
Semantic,fr3_walking_halfsphere,run_01,141,0,0,1041,0,0
Semantic,fr3_walking_halfsphere,run_01,142,0,0,1031,0,0
Semantic,fr3_walking_halfsphere,run_01,143,0,0,1042,0,0
Semantic,fr3_walking_halfsphere,run_01,144,0,0,1038,0,0
Semantic,fr3_walking_halfsphere,run_01,145,0,0,1018,0,0
Semantic,fr3_walking_halfsphere,run_01,146,0,0,1038,0,0
Semantic,fr3_walking_halfsphere,run_01,147,0,0,995,0,0
Semantic,fr3_walking_halfsphere,run_01,148,0,0,985,0,0
Semantic,fr3_walking_halfsphere,run_01,149,0,0,995,0,0
Semantic,fr3_walking_halfsphere,run_01,150,0,0,829,0,0
Semantic,fr3_walking_halfsphere,run_01,151,0,0,960,0,0
Semantic,fr3_walking_halfsphere,run_01,152,0,0,979,0,0
Semantic,fr3_walking_halfsphere,run_01,153,0,0,940,0,0
Semantic,fr3_walking_halfsphere,run_01,154,0,0,936,0,0
Semantic,fr3_walking_halfsphere,run_01,155,0,0,957,0,0
Semantic,fr3_walking_halfsphere,run_01,156,0,0,969,0,0
Semantic,fr3_walking_halfsphere,run_01,157,0,0,955,0,0
Semantic,fr3_walking_halfsphere,run_01,158,0,0,929,0,0
Semantic,fr3_walking_halfsphere,run_01,159,0,0,948,22,0
Semantic,fr3_walking_halfsphere,run_01,160,0,0,938,1,0
Semantic,fr3_walking_halfsphere,run_01,161,0,0,926,2,0
Semantic,fr3_walking_halfsphere,run_01,162,0,0,897,0,0
Semantic,fr3_walking_halfsphere,run_01,163,0,0,871,0,0
Semantic,fr3_walking_halfsphere,run_01,164,0,0,773,7,0
Semantic,fr3_walking_halfsphere,run_01,165,0,0,880,21,0
Semantic,fr3_walking_halfsphere,run_01,166,0,0,859,10,0
Semantic,fr3_walking_halfsphere,run_01,167,0,0,884,18,0
Semantic,fr3_walking_halfsphere,run_01,168,0,0,853,24,0
Semantic,fr3_walking_halfsphere,run_01,169,0,0,869,25,0
Semantic,fr3_walking_halfsphere,run_01,170,0,0,871,28,0
Semantic,fr3_walking_halfsphere,run_01,171,0,0,862,99,0
Semantic,fr3_walking_halfsphere,run_01,172,0,0,853,39,0
Semantic,fr3_walking_halfsphere,run_01,173,0,0,768,21,0
Semantic,fr3_walking_halfsphere,run_01,174,0,0,836,11,0
Semantic,fr3_walking_halfsphere,run_01,175,0,0,828,21,0
Semantic,fr3_walking_halfsphere,run_01,176,0,0,841,44,0
Semantic,fr3_walking_halfsphere,run_01,177,0,0,852,76,0
Semantic,fr3_walking_halfsphere,run_01,178,0,0,837,51,0
Semantic,fr3_walking_halfsphere,run_01,179,0,0,882,121,0
Semantic,fr3_walking_halfsphere,run_01,180,0,0,878,80,0
Semantic,fr3_walking_halfsphere,run_01,181,0,0,889,74,0
Semantic,fr3_walking_halfsphere,run_01,182,0,0,876,70,0
Semantic,fr3_walking_halfsphere,run_01,183,0,0,862,16,0
Semantic,fr3_walking_halfsphere,run_01,184,0,0,795,13,0
Semantic,fr3_walking_halfsphere,run_01,185,0,0,888,13,0
Semantic,fr3_walking_halfsphere,run_01,186,0,0,891,13,0
Semantic,fr3_walking_halfsphere,run_01,187,0,0,897,14,0
Semantic,fr3_walking_halfsphere,run_01,188,0,0,871,13,0
Semantic,fr3_walking_halfsphere,run_01,189,0,0,891,6,0
Semantic,fr3_walking_halfsphere,run_01,190,0,0,897,7,0
Semantic,fr3_walking_halfsphere,run_01,191,0,0,782,9,0
Semantic,fr3_walking_halfsphere,run_01,192,0,0,878,5,0
Semantic,fr3_walking_halfsphere,run_01,193,0,0,870,6,0
Semantic,fr3_walking_halfsphere,run_01,194,0,0,887,6,0
Semantic,fr3_walking_halfsphere,run_01,195,0,0,878,4,0
Semantic,fr3_walking_halfsphere,run_01,196,0,0,896,7,0
Semantic,fr3_walking_halfsphere,run_01,197,0,0,904,0,0
Semantic,fr3_walking_halfsphere,run_01,198,0,0,891,0,0
Semantic,fr3_walking_halfsphere,run_01,199,0,0,791,0,0
Semantic,fr3_walking_halfsphere,run_01,200,0,0,882,0,0
Semantic,fr3_walking_halfsphere,run_01,201,0,0,884,0,0
Semantic,fr3_walking_halfsphere,run_01,202,0,0,889,0,0
Semantic,fr3_walking_halfsphere,run_01,203,0,0,899,0,0
Semantic,fr3_walking_halfsphere,run_01,204,0,0,895,0,0
Semantic,fr3_walking_halfsphere,run_01,205,0,0,902,0,0
Semantic,fr3_walking_halfsphere,run_01,206,0,0,902,0,0
Semantic,fr3_walking_halfsphere,run_01,207,0,0,920,0,0
Semantic,fr3_walking_halfsphere,run_01,208,0,0,944,16,0
Semantic,fr3_walking_halfsphere,run_01,209,0,0,879,0,0
Semantic,fr3_walking_halfsphere,run_01,210,0,0,1021,0,0
Semantic,fr3_walking_halfsphere,run_01,211,0,0,1072,0,0
Semantic,fr3_walking_halfsphere,run_01,212,0,0,1124,0,0
Semantic,fr3_walking_halfsphere,run_01,213,0,0,1170,0,0
Semantic,fr3_walking_halfsphere,run_01,214,0,0,1057,0,0
Semantic,fr3_walking_halfsphere,run_01,215,0,0,1353,0,0
Semantic,fr3_walking_halfsphere,run_01,216,0,0,1412,0,0
Semantic,fr3_walking_halfsphere,run_01,217,0,0,1357,0,0
Semantic,fr3_walking_halfsphere,run_01,218,0,0,1478,72,0
Semantic,fr3_walking_halfsphere,run_01,219,0,0,1791,102,0
Semantic,fr3_walking_halfsphere,run_01,220,0,0,1298,123,0
Semantic,fr3_walking_halfsphere,run_01,281,0,0,964,126,0
Semantic,fr3_walking_halfsphere,run_01,296,0,0,1299,48,0
Semantic,fr3_walking_halfsphere,run_01,299,0,0,130,0,0
Semantic,fr3_walking_halfsphere,run_01,301,0,0,1326,42,0
Semantic,fr3_walking_halfsphere,run_01,302,0,0,0,0,0
Semantic,fr3_walking_halfsphere,run_01,303,0,0,1321,51,0
Semantic,fr3_walking_halfsphere,run_01,304,0,0,1336,51,0
Semantic,fr3_walking_halfsphere,run_01,305,0,0,1594,49,0
Semantic,fr3_walking_halfsphere,run_01,306,0,0,1629,46,0
Semantic,fr3_walking_halfsphere,run_01,307,0,0,1622,46,0
Semantic,fr3_walking_halfsphere,run_01,308,0,0,1575,53,0
Semantic,fr3_walking_halfsphere,run_01,309,0,0,1639,93,0
Semantic,fr3_walking_halfsphere,run_01,310,0,0,1677,138,0
Semantic,fr3_walking_halfsphere,run_01,311,0,0,1696,158,0
Semantic,fr3_walking_halfsphere,run_01,312,0,0,1664,128,0
Semantic,fr3_walking_halfsphere,run_01,313,0,0,1682,184,0
Semantic,fr3_walking_halfsphere,run_01,314,0,0,1658,169,0
Semantic,fr3_walking_halfsphere,run_01,315,0,0,1712,201,0
Semantic,fr3_walking_halfsphere,run_01,316,0,0,1706,190,0
Semantic,fr3_walking_halfsphere,run_01,317,0,0,1689,233,0
Semantic,fr3_walking_halfsphere,run_01,318,0,0,1683,216,0
Semantic,fr3_walking_halfsphere,run_01,319,0,0,1680,201,0
Semantic,fr3_walking_halfsphere,run_01,320,0,0,1684,207,0
Semantic,fr3_walking_halfsphere,run_01,321,0,0,1747,172,0
Semantic,fr3_walking_halfsphere,run_01,322,0,0,1740,173,0
Semantic,fr3_walking_halfsphere,run_01,323,0,0,1689,167,0
Semantic,fr3_walking_halfsphere,run_01,324,0,0,1687,160,0
Semantic,fr3_walking_halfsphere,run_01,325,0,0,1747,141,0
Semantic,fr3_walking_halfsphere,run_01,326,0,0,1709,121,0
Semantic,fr3_walking_halfsphere,run_01,327,0,0,1729,127,0
Semantic,fr3_walking_halfsphere,run_01,328,0,0,1744,135,0
Semantic,fr3_walking_halfsphere,run_01,329,0,0,1764,151,0
Semantic,fr3_walking_halfsphere,run_01,330,0,0,1788,154,0
Semantic,fr3_walking_halfsphere,run_01,331,0,0,1806,145,0
Semantic,fr3_walking_halfsphere,run_01,332,0,0,1777,142,0
Semantic,fr3_walking_halfsphere,run_01,333,0,0,1809,99,0
Semantic,fr3_walking_halfsphere,run_01,334,0,0,1826,82,0
Semantic,fr3_walking_halfsphere,run_01,335,0,0,1778,78,0
Semantic,fr3_walking_halfsphere,run_01,336,0,0,1791,71,0
Semantic,fr3_walking_halfsphere,run_01,337,0,0,1794,65,0
Semantic,fr3_walking_halfsphere,run_01,338,0,0,1768,86,0
Semantic,fr3_walking_halfsphere,run_01,339,0,0,1754,92,0
Semantic,fr3_walking_halfsphere,run_01,340,0,0,1160,70,0
Semantic,fr3_walking_halfsphere,run_01,341,0,0,1388,70,0
Semantic,fr3_walking_halfsphere,run_01,342,0,0,1418,126,0
Semantic,fr3_walking_halfsphere,run_01,343,0,0,1413,81,0
Semantic,fr3_walking_halfsphere,run_01,344,0,0,1429,168,0
Semantic,fr3_walking_halfsphere,run_01,345,0,0,1391,156,0
Semantic,fr3_walking_halfsphere,run_01,346,0,0,1413,128,0
Semantic,fr3_walking_halfsphere,run_01,347,0,0,1473,189,0
Semantic,fr3_walking_halfsphere,run_01,348,0,0,1430,103,0
Semantic,fr3_walking_halfsphere,run_01,349,0,0,1415,78,0
Semantic,fr3_walking_halfsphere,run_01,350,0,0,1431,103,0
Semantic,fr3_walking_halfsphere,run_01,351,0,0,1446,55,0
Semantic,fr3_walking_halfsphere,run_01,352,0,0,1464,45,0
Semantic,fr3_walking_halfsphere,run_01,353,0,0,1451,45,0
Semantic,fr3_walking_halfsphere,run_01,354,0,0,1456,41,0
Semantic,fr3_walking_halfsphere,run_01,355,0,0,1478,38,0
Semantic,fr3_walking_halfsphere,run_01,356,0,0,1461,47,0
Semantic,fr3_walking_halfsphere,run_01,357,0,0,1476,35,0
Semantic,fr3_walking_halfsphere,run_01,358,0,0,1488,42,0
Semantic,fr3_walking_halfsphere,run_01,359,0,0,1486,33,0
Semantic,fr3_walking_halfsphere,run_01,360,0,0,1474,0,0
Semantic,fr3_walking_halfsphere,run_01,361,0,0,1484,0,0
Semantic,fr3_walking_halfsphere,run_01,362,0,0,1511,0,0
Semantic,fr3_walking_halfsphere,run_01,363,0,0,1450,0,0
Semantic,fr3_walking_halfsphere,run_01,364,0,0,1481,0,0
Semantic,fr3_walking_halfsphere,run_01,365,0,0,1499,0,0
Semantic,fr3_walking_halfsphere,run_01,366,0,0,1490,0,0
Semantic,fr3_walking_halfsphere,run_01,367,0,0,1485,0,0
Semantic,fr3_walking_halfsphere,run_01,368,0,0,1473,31,0
Semantic,fr3_walking_halfsphere,run_01,369,0,0,1524,33,0
Semantic,fr3_walking_halfsphere,run_01,370,0,0,1495,30,0
Semantic,fr3_walking_halfsphere,run_01,371,0,0,1511,29,0
Semantic,fr3_walking_halfsphere,run_01,372,0,0,1507,0,0
Semantic,fr3_walking_halfsphere,run_01,373,0,0,1526,0,0
Semantic,fr3_walking_halfsphere,run_01,374,0,0,1506,14,0
Semantic,fr3_walking_halfsphere,run_01,375,0,0,1491,11,0
Semantic,fr3_walking_halfsphere,run_01,376,0,0,1508,0,0
Semantic,fr3_walking_halfsphere,run_01,377,0,0,1512,6,0
Semantic,fr3_walking_halfsphere,run_01,378,0,0,1494,5,0
Semantic,fr3_walking_halfsphere,run_01,379,0,0,1496,6,0
Semantic,fr3_walking_halfsphere,run_01,380,0,0,1261,0,0
Semantic,fr3_walking_halfsphere,run_01,381,0,0,1574,0,0
Semantic,fr3_walking_halfsphere,run_01,382,0,0,1584,0,0
Semantic,fr3_walking_halfsphere,run_01,383,0,0,1538,14,0
Semantic,fr3_walking_halfsphere,run_01,384,0,0,1543,0,0
Semantic,fr3_walking_halfsphere,run_01,385,0,0,1552,0,0
Semantic,fr3_walking_halfsphere,run_01,386,0,0,1579,0,0
Semantic,fr3_walking_halfsphere,run_01,387,0,0,1575,0,0
Semantic,fr3_walking_halfsphere,run_01,388,0,0,1573,0,0
Semantic,fr3_walking_halfsphere,run_01,389,0,0,1558,0,0
Semantic,fr3_walking_halfsphere,run_01,390,0,0,1552,0,0
Semantic,fr3_walking_halfsphere,run_01,391,0,0,1592,0,0
Semantic,fr3_walking_halfsphere,run_01,392,0,0,1592,0,0
Semantic,fr3_walking_halfsphere,run_01,393,0,0,1619,0,0
Semantic,fr3_walking_halfsphere,run_01,394,0,0,1580,0,0
Semantic,fr3_walking_halfsphere,run_01,395,0,0,1522,0,0
Semantic,fr3_walking_halfsphere,run_01,396,0,0,1520,0,0
Semantic,fr3_walking_halfsphere,run_01,397,0,0,1546,0,0
Semantic,fr3_walking_halfsphere,run_01,398,0,0,1554,0,0
Semantic,fr3_walking_halfsphere,run_01,399,0,0,1554,0,0
Semantic,fr3_walking_halfsphere,run_01,400,0,0,1570,0,0
Semantic,fr3_walking_halfsphere,run_01,401,0,0,1585,0,0
Semantic,fr3_walking_halfsphere,run_01,402,0,0,1378,0,0
Semantic,fr3_walking_halfsphere,run_01,403,0,0,1745,0,0
Semantic,fr3_walking_halfsphere,run_01,404,0,0,1773,0,0
Semantic,fr3_walking_halfsphere,run_01,405,0,0,1823,0,0
Semantic,fr3_walking_halfsphere,run_01,406,0,0,1842,0,0
Semantic,fr3_walking_halfsphere,run_01,407,0,0,1803,0,0
Semantic,fr3_walking_halfsphere,run_01,408,0,0,1818,0,0
Semantic,fr3_walking_halfsphere,run_01,409,0,0,1361,0,0
Semantic,fr3_walking_halfsphere,run_01,410,0,0,1767,0,0
Semantic,fr3_walking_halfsphere,run_01,411,0,0,1787,0,0
Semantic,fr3_walking_halfsphere,run_01,412,0,0,1812,0,0
Semantic,fr3_walking_halfsphere,run_01,413,0,0,1818,0,0
Semantic,fr3_walking_halfsphere,run_01,414,0,0,1814,0,0
Semantic,fr3_walking_halfsphere,run_01,415,0,0,1826,0,0
Semantic,fr3_walking_halfsphere,run_01,416,0,0,1426,0,0
Semantic,fr3_walking_halfsphere,run_01,417,0,0,1870,0,0
Semantic,fr3_walking_halfsphere,run_01,418,0,0,1829,0,0
Semantic,fr3_walking_halfsphere,run_01,419,0,0,1879,512,0
Semantic,fr3_walking_halfsphere,run_01,420,0,0,1650,320,0
Semantic,fr3_walking_halfsphere,run_01,421,0,0,1405,221,0
Semantic,fr3_walking_halfsphere,run_01,422,0,0,1688,235,0
Semantic,fr3_walking_halfsphere,run_01,423,0,0,1710,265,0
Semantic,fr3_walking_halfsphere,run_01,424,0,0,1499,243,0
Semantic,fr3_walking_halfsphere,run_01,425,0,0,1490,228,0
Semantic,fr3_walking_halfsphere,run_01,426,0,0,1585,185,0
Semantic,fr3_walking_halfsphere,run_01,427,0,0,1598,171,0
Semantic,fr3_walking_halfsphere,run_01,428,0,0,1622,114,0
Semantic,fr3_walking_halfsphere,run_01,429,0,0,1713,36,0
Semantic,fr3_walking_halfsphere,run_01,430,0,0,1792,40,0
Semantic,fr3_walking_halfsphere,run_01,431,0,0,1498,57,0
Semantic,fr3_walking_halfsphere,run_01,432,0,0,1604,165,0
Semantic,fr3_walking_halfsphere,run_01,433,0,0,1840,242,0
Semantic,fr3_walking_halfsphere,run_01,434,0,0,1656,235,0
Semantic,fr3_walking_halfsphere,run_01,435,0,0,1803,269,0
Semantic,fr3_walking_halfsphere,run_01,436,0,0,1664,282,0
Semantic,fr3_walking_halfsphere,run_01,437,0,0,1886,367,0
Semantic,fr3_walking_halfsphere,run_01,438,0,0,1856,311,0
Semantic,fr3_walking_halfsphere,run_01,439,0,0,1429,222,0
Semantic,fr3_walking_halfsphere,run_01,440,0,0,1697,328,0
Semantic,fr3_walking_halfsphere,run_01,441,0,0,1812,364,0
Semantic,fr3_walking_halfsphere,run_01,442,0,0,2111,373,0
Semantic,fr3_walking_halfsphere,run_01,443,0,0,2092,413,0
Semantic,fr3_walking_halfsphere,run_01,444,0,0,2094,419,0
Semantic,fr3_walking_halfsphere,run_01,445,0,0,1995,434,0
Semantic,fr3_walking_halfsphere,run_01,446,0,0,2025,724,0
Semantic,fr3_walking_halfsphere,run_01,447,0,0,1594,598,0
Semantic,fr3_walking_halfsphere,run_01,448,0,0,1744,710,0
Semantic,fr3_walking_halfsphere,run_01,449,0,0,1678,909,0
Semantic,fr3_walking_halfsphere,run_01,450,0,0,1709,853,0
Semantic,fr3_walking_halfsphere,run_01,451,0,0,1710,835,0
Semantic,fr3_walking_halfsphere,run_01,452,0,0,1510,746,0
Semantic,fr3_walking_halfsphere,run_01,453,0,0,1404,593,0
Semantic,fr3_walking_halfsphere,run_01,454,0,0,1500,639,0
Semantic,fr3_walking_halfsphere,run_01,455,0,0,1499,562,0
Semantic,fr3_walking_halfsphere,run_01,456,0,0,1388,515,0
Semantic,fr3_walking_halfsphere,run_01,457,0,0,1399,562,0
Semantic,fr3_walking_halfsphere,run_01,458,0,0,1531,559,0
Semantic,fr3_walking_halfsphere,run_01,459,0,0,1468,507,0
Semantic,fr3_walking_halfsphere,run_01,460,0,0,1290,376,0
Semantic,fr3_walking_halfsphere,run_01,461,0,0,1388,445,0
Semantic,fr3_walking_halfsphere,run_01,462,0,0,1379,446,0
Semantic,fr3_walking_halfsphere,run_01,463,0,0,968,154,0
Semantic,fr3_walking_halfsphere,run_01,464,0,0,1366,449,0
Semantic,fr3_walking_halfsphere,run_01,465,0,0,1354,347,0
Semantic,fr3_walking_halfsphere,run_01,466,0,0,1325,281,0
Semantic,fr3_walking_halfsphere,run_01,467,0,0,1492,445,0
Semantic,fr3_walking_halfsphere,run_01,468,0,0,1273,301,0
Semantic,fr3_walking_halfsphere,run_01,469,0,0,1334,350,0
Semantic,fr3_walking_halfsphere,run_01,470,0,0,1312,340,0
Semantic,fr3_walking_halfsphere,run_01,471,0,0,1319,353,0
Semantic,fr3_walking_halfsphere,run_01,472,0,0,1299,363,0
Semantic,fr3_walking_halfsphere,run_01,473,0,0,1283,369,0
Semantic,fr3_walking_halfsphere,run_01,474,0,0,1271,338,0
Semantic,fr3_walking_halfsphere,run_01,475,0,0,1322,547,0
Semantic,fr3_walking_halfsphere,run_01,476,0,0,1347,466,0
Semantic,fr3_walking_halfsphere,run_01,477,0,0,1247,406,0
Semantic,fr3_walking_halfsphere,run_01,478,0,0,1420,478,0
Semantic,fr3_walking_halfsphere,run_01,479,0,0,1432,483,0
Semantic,fr3_walking_halfsphere,run_01,480,0,0,1415,388,0
Semantic,fr3_walking_halfsphere,run_01,481,0,0,1485,413,0
Semantic,fr3_walking_halfsphere,run_01,482,0,0,1717,522,0
Semantic,fr3_walking_halfsphere,run_01,483,0,0,1843,511,0
Semantic,fr3_walking_halfsphere,run_01,484,0,0,1847,507,0
Semantic,fr3_walking_halfsphere,run_01,485,0,0,1950,493,0
Semantic,fr3_walking_halfsphere,run_01,486,0,0,1916,494,0
Semantic,fr3_walking_halfsphere,run_01,487,0,0,1916,481,0
Semantic,fr3_walking_halfsphere,run_01,488,0,0,1917,486,0
Semantic,fr3_walking_halfsphere,run_01,489,0,0,1913,474,0
Semantic,fr3_walking_halfsphere,run_01,490,0,0,1811,469,0
Semantic,fr3_walking_halfsphere,run_01,491,0,0,1575,554,0
Semantic,fr3_walking_halfsphere,run_01,492,0,0,1589,400,0
Semantic,fr3_walking_halfsphere,run_01,493,0,0,1787,508,0
Semantic,fr3_walking_halfsphere,run_01,494,0,0,1770,508,0
Semantic,fr3_walking_halfsphere,run_01,495,0,0,1791,493,0
Semantic,fr3_walking_halfsphere,run_01,496,0,0,1769,503,0
Semantic,fr3_walking_halfsphere,run_01,497,0,0,1569,490,0
Semantic,fr3_walking_halfsphere,run_01,498,0,0,1734,524,0
Semantic,fr3_walking_halfsphere,run_01,499,0,0,1572,460,0
Semantic,fr3_walking_halfsphere,run_01,500,0,0,1598,504,0
Semantic,fr3_walking_halfsphere,run_01,501,0,0,1574,491,0
Semantic,fr3_walking_halfsphere,run_01,502,0,0,1627,508,0
Semantic,fr3_walking_halfsphere,run_01,503,0,0,1565,497,0
Semantic,fr3_walking_halfsphere,run_01,504,0,0,1443,430,0
Semantic,fr3_walking_halfsphere,run_01,505,0,0,1540,578,0
Semantic,fr3_walking_halfsphere,run_01,506,0,0,1582,578,0
Semantic,fr3_walking_halfsphere,run_01,507,0,0,1596,536,0
Semantic,fr3_walking_halfsphere,run_01,508,0,0,1608,498,0
Semantic,fr3_walking_halfsphere,run_01,509,0,0,1334,441,0
Semantic,fr3_walking_halfsphere,run_01,510,0,0,1593,450,0
Semantic,fr3_walking_halfsphere,run_01,511,0,0,1621,480,0
Semantic,fr3_walking_halfsphere,run_01,512,0,0,1570,436,0
Semantic,fr3_walking_halfsphere,run_01,513,0,0,1658,443,0
Semantic,fr3_walking_halfsphere,run_01,514,0,0,1674,415,0
Semantic,fr3_walking_halfsphere,run_01,515,0,0,1572,300,0
Semantic,fr3_walking_halfsphere,run_01,516,0,0,1929,283,0
Semantic,fr3_walking_halfsphere,run_01,517,0,0,1623,375,0
Semantic,fr3_walking_halfsphere,run_01,518,0,0,1760,354,0
Semantic,fr3_walking_halfsphere,run_01,519,0,0,1912,326,0
Semantic,fr3_walking_halfsphere,run_01,520,0,0,1709,174,0
Semantic,fr3_walking_halfsphere,run_01,521,0,0,1555,171,0
Semantic,fr3_walking_halfsphere,run_01,522,0,0,1795,183,0
Semantic,fr3_walking_halfsphere,run_01,523,0,0,1599,190,0
Semantic,fr3_walking_halfsphere,run_01,524,0,0,1888,238,0
Semantic,fr3_walking_halfsphere,run_01,525,0,0,1473,196,0
Semantic,fr3_walking_halfsphere,run_01,526,0,0,1822,201,0
Semantic,fr3_walking_halfsphere,run_01,527,0,0,1828,166,0
Semantic,fr3_walking_halfsphere,run_01,528,0,0,1576,177,0
Semantic,fr3_walking_halfsphere,run_01,529,0,0,1670,217,0
Semantic,fr3_walking_halfsphere,run_01,530,0,0,1571,297,0
Semantic,fr3_walking_halfsphere,run_01,531,0,0,1798,336,0
Semantic,fr3_walking_halfsphere,run_01,532,0,0,1524,411,0
Semantic,fr3_walking_halfsphere,run_01,533,0,0,1310,471,0
Semantic,fr3_walking_halfsphere,run_01,534,0,0,1278,480,0
Semantic,fr3_walking_halfsphere,run_01,535,0,0,1284,510,0
Semantic,fr3_walking_halfsphere,run_01,536,0,0,1344,495,0
Semantic,fr3_walking_halfsphere,run_01,537,0,0,1585,774,0
Semantic,fr3_walking_halfsphere,run_01,538,0,0,1264,516,0
Semantic,fr3_walking_halfsphere,run_01,539,0,0,1230,516,0
Semantic,fr3_walking_halfsphere,run_01,541,0,0,199,30,0
Semantic,fr3_walking_halfsphere,run_01,542,0,0,97,2,0
Semantic,fr3_walking_halfsphere,run_01,547,0,0,109,9,0
Semantic,fr3_walking_halfsphere,run_01,708,0,0,186,53,0
Semantic,fr3_walking_halfsphere,run_01,722,0,0,183,39,0
Semantic,fr3_walking_halfsphere,run_01,726,0,0,169,14,0
Semantic,fr3_walking_halfsphere,run_01,773,0,0,1179,0,0
Semantic,fr3_walking_halfsphere,run_01,784,0,0,1154,72,0
Semantic,fr3_walking_halfsphere,run_01,785,0,0,1003,0,0
Semantic,fr3_walking_halfsphere,run_01,786,0,0,1538,0,0
Semantic,fr3_walking_halfsphere,run_01,787,0,0,1586,0,0
Semantic,fr3_walking_halfsphere,run_01,788,0,0,1532,0,0
Semantic,fr3_walking_halfsphere,run_01,789,0,0,1513,0,0
Semantic,fr3_walking_halfsphere,run_01,790,0,0,1584,22,0
Semantic,fr3_walking_halfsphere,run_01,791,0,0,1530,0,0
Semantic,fr3_walking_halfsphere,run_01,792,0,0,1544,0,0
Semantic,fr3_walking_halfsphere,run_01,793,0,0,1542,0,0
Semantic,fr3_walking_halfsphere,run_01,794,0,0,1406,35,0
Semantic,fr3_walking_halfsphere,run_01,795,0,0,1388,0,0
Semantic,fr3_walking_halfsphere,run_01,796,0,0,1401,0,0
Semantic,fr3_walking_halfsphere,run_01,797,0,0,1318,0,0
Semantic,fr3_walking_halfsphere,run_01,798,0,0,1293,0,0
Semantic,fr3_walking_halfsphere,run_01,799,0,0,1302,0,0
Semantic,fr3_walking_halfsphere,run_01,800,0,0,1336,48,0
Semantic,fr3_walking_halfsphere,run_01,801,0,0,1329,0,0
Semantic,fr3_walking_halfsphere,run_01,802,0,0,1325,0,0
Semantic,fr3_walking_halfsphere,run_01,803,0,0,1189,0,0
Semantic,fr3_walking_halfsphere,run_01,804,0,0,1184,0,0
Semantic,fr3_walking_halfsphere,run_01,805,0,0,1187,0,0
Semantic,fr3_walking_halfsphere,run_01,806,0,0,1181,0,0
Semantic,fr3_walking_halfsphere,run_01,807,0,0,1185,329,0
Semantic,fr3_walking_halfsphere,run_01,808,0,0,1086,0,0
Semantic,fr3_walking_halfsphere,run_01,809,0,0,1181,292,0
Semantic,fr3_walking_halfsphere,run_01,810,0,0,1108,353,0
Semantic,fr3_walking_halfsphere,run_01,825,0,0,887,214,0
Semantic,fr3_walking_halfsphere,run_01,826,0,0,848,188,0
Semantic,fr3_walking_halfsphere,run_01,827,0,0,1027,145,0
Semantic,fr3_walking_halfsphere,run_01,828,0,0,1068,163,0
Semantic,fr3_walking_halfsphere,run_01,829,0,0,1055,182,0
Semantic,fr3_walking_halfsphere,run_01,830,0,0,1059,170,0
Semantic,fr3_walking_halfsphere,run_01,831,0,0,1039,153,0
Semantic,fr3_walking_halfsphere,run_01,832,0,0,1035,181,0
Semantic,fr3_walking_halfsphere,run_01,833,0,0,1050,191,0
Semantic,fr3_walking_halfsphere,run_01,834,0,0,1123,225,0
Semantic,fr3_walking_halfsphere,run_01,835,0,0,1065,308,0
Semantic,fr3_walking_halfsphere,run_01,836,0,0,1061,338,0
Semantic,fr3_walking_halfsphere,run_01,837,0,0,1026,333,0
Semantic,fr3_walking_halfsphere,run_01,838,0,0,1049,400,0
Semantic,fr3_walking_halfsphere,run_01,839,0,0,1064,463,0
Semantic,fr3_walking_halfsphere,run_01,840,0,0,1103,618,0
Semantic,fr3_walking_halfsphere,run_01,841,0,0,1022,606,0
Semantic,fr3_walking_halfsphere,run_01,875,0,0,154,15,0
Semantic,fr3_walking_halfsphere,run_01,885,0,0,1229,0,0
Semantic,fr3_walking_halfsphere,run_01,891,0,0,1400,0,0
Semantic,fr3_walking_halfsphere,run_01,892,0,0,1088,0,0
Semantic,fr3_walking_halfsphere,run_01,893,0,0,1498,0,0
Semantic,fr3_walking_halfsphere,run_01,894,0,0,1626,0,0
Semantic,fr3_walking_halfsphere,run_01,895,0,0,1635,0,0
Semantic,fr3_walking_halfsphere,run_01,896,0,0,1649,0,0
Semantic,fr3_walking_halfsphere,run_01,897,0,0,1635,0,0
Semantic,fr3_walking_halfsphere,run_01,898,0,0,1614,0,0
Semantic,fr3_walking_halfsphere,run_01,899,0,0,1758,0,0
Semantic,fr3_walking_halfsphere,run_01,900,0,0,1722,0,0
Semantic,fr3_walking_halfsphere,run_01,901,0,0,1637,0,0
Semantic,fr3_walking_halfsphere,run_01,902,0,0,1579,0,0
Semantic,fr3_walking_halfsphere,run_01,903,0,0,1715,0,0
Semantic,fr3_walking_halfsphere,run_01,904,0,0,1645,0,0
Semantic,fr3_walking_halfsphere,run_01,905,0,0,1554,0,0
Semantic,fr3_walking_halfsphere,run_01,906,0,0,1532,0,0
Semantic,fr3_walking_halfsphere,run_01,907,0,0,1753,0,0
Semantic,fr3_walking_halfsphere,run_01,908,0,0,1538,243,0
Semantic,fr3_walking_halfsphere,run_01,909,0,0,1474,159,0
Semantic,fr3_walking_halfsphere,run_01,910,0,0,1517,204,0
Semantic,fr3_walking_halfsphere,run_01,911,0,0,1695,0,0
Semantic,fr3_walking_halfsphere,run_01,912,0,0,1777,268,0
Semantic,fr3_walking_halfsphere,run_01,913,0,0,1523,209,0
Semantic,fr3_walking_halfsphere,run_01,914,0,0,1723,222,0
Semantic,fr3_walking_halfsphere,run_01,915,0,0,1531,197,0
Semantic,fr3_walking_halfsphere,run_01,916,0,0,1827,228,0
Semantic,fr3_walking_halfsphere,run_01,917,0,0,1584,190,0
Semantic,fr3_walking_halfsphere,run_01,918,0,0,1569,151,0
Semantic,fr3_walking_halfsphere,run_01,919,0,0,1618,150,0
Semantic,fr3_walking_halfsphere,run_01,920,0,0,1601,141,0
Semantic,fr3_walking_halfsphere,run_01,921,0,0,1709,162,0
Semantic,fr3_walking_halfsphere,run_01,922,0,0,1765,142,0
Semantic,fr3_walking_halfsphere,run_01,923,0,0,1933,197,0
Semantic,fr3_walking_halfsphere,run_01,924,0,0,1918,214,0
Semantic,fr3_walking_halfsphere,run_01,925,0,0,1927,168,0
Semantic,fr3_walking_halfsphere,run_01,926,0,0,1727,175,0
Semantic,fr3_walking_halfsphere,run_01,927,0,0,1922,189,0
Semantic,fr3_walking_halfsphere,run_01,928,0,0,1940,220,0
Semantic,fr3_walking_halfsphere,run_01,929,0,0,1717,205,0
Semantic,fr3_walking_halfsphere,run_01,930,0,0,1783,263,0
Semantic,fr3_walking_halfsphere,run_01,931,0,0,1851,278,0
Semantic,fr3_walking_halfsphere,run_01,932,0,0,1753,298,0
Semantic,fr3_walking_halfsphere,run_01,933,0,0,1690,317,0
Semantic,fr3_walking_halfsphere,run_01,934,0,0,1666,352,0
Semantic,fr3_walking_halfsphere,run_01,935,0,0,1635,345,0
Semantic,fr3_walking_halfsphere,run_01,936,0,0,1432,266,0
Semantic,fr3_walking_halfsphere,run_01,937,0,0,1515,432,0
Semantic,fr3_walking_halfsphere,run_01,938,0,0,1273,319,0
Semantic,fr3_walking_halfsphere,run_01,939,0,0,1183,321,0
Semantic,fr3_walking_halfsphere,run_01,940,0,0,1259,360,0
Semantic,fr3_walking_halfsphere,run_01,941,0,0,1269,370,0
Semantic,fr3_walking_halfsphere,run_01,942,0,0,1468,428,0
Semantic,fr3_walking_halfsphere,run_01,943,0,0,1235,255,0
Semantic,fr3_walking_halfsphere,run_01,944,0,0,1428,388,0
Semantic,fr3_walking_halfsphere,run_01,945,0,0,1434,443,0
Semantic,fr3_walking_halfsphere,run_01,946,0,0,1453,473,0
Semantic,fr3_walking_halfsphere,run_01,947,0,0,1206,297,0
Semantic,fr3_walking_halfsphere,run_01,948,0,0,1203,292,0
Semantic,fr3_walking_halfsphere,run_01,949,0,0,1266,333,0
Semantic,fr3_walking_halfsphere,run_01,950,0,0,1248,300,0
Semantic,fr3_walking_halfsphere,run_01,951,0,0,1238,301,0
Semantic,fr3_walking_halfsphere,run_01,952,0,0,1280,296,0
Semantic,fr3_walking_halfsphere,run_01,953,0,0,1209,222,0
Semantic,fr3_walking_halfsphere,run_01,954,0,0,1514,428,0
Semantic,fr3_walking_halfsphere,run_01,955,0,0,1530,462,0
Semantic,fr3_walking_halfsphere,run_01,956,0,0,1664,506,0
Semantic,fr3_walking_halfsphere,run_01,957,0,0,1690,482,0
Semantic,fr3_walking_halfsphere,run_01,958,0,0,1696,494,0
Semantic,fr3_walking_halfsphere,run_01,959,0,0,1637,383,0
Semantic,fr3_walking_halfsphere,run_01,960,0,0,1932,552,0
Semantic,fr3_walking_halfsphere,run_01,961,0,0,1781,370,0
Semantic,fr3_walking_halfsphere,run_01,962,0,0,1862,533,0
Semantic,fr3_walking_halfsphere,run_01,963,0,0,1956,575,0
Semantic,fr3_walking_halfsphere,run_01,964,0,0,2043,583,0
Semantic,fr3_walking_halfsphere,run_01,965,0,0,1976,554,0
Semantic,fr3_walking_halfsphere,run_01,966,0,0,2037,497,0
Semantic,fr3_walking_halfsphere,run_01,967,0,0,1627,493,0
Semantic,fr3_walking_halfsphere,run_01,968,0,0,1688,449,0
Semantic,fr3_walking_halfsphere,run_01,969,0,0,1766,459,0
Semantic,fr3_walking_halfsphere,run_01,970,0,0,1446,436,0
Semantic,fr3_walking_halfsphere,run_01,971,0,0,1473,417,0
Semantic,fr3_walking_halfsphere,run_01,972,0,0,1475,428,0
Semantic,fr3_walking_halfsphere,run_01,973,0,0,1685,493,0
Semantic,fr3_walking_halfsphere,run_01,974,0,0,1525,510,0
Semantic,fr3_walking_halfsphere,run_01,975,0,0,1588,676,0
Semantic,fr3_walking_halfsphere,run_01,976,0,0,1601,621,0
Semantic,fr3_walking_halfsphere,run_01,977,0,0,1361,424,0
Semantic,fr3_walking_halfsphere,run_01,978,0,0,1511,456,0
Semantic,fr3_walking_halfsphere,run_01,979,0,0,1504,478,0
Semantic,fr3_walking_halfsphere,run_01,980,0,0,1401,416,0
Semantic,fr3_walking_halfsphere,run_01,981,0,0,1480,427,0
Semantic,fr3_walking_halfsphere,run_01,982,0,0,1465,382,0
Semantic,fr3_walking_halfsphere,run_01,983,0,0,1464,384,0
Semantic,fr3_walking_halfsphere,run_01,984,0,0,1436,353,0
Semantic,fr3_walking_halfsphere,run_01,985,0,0,1593,344,0
Semantic,fr3_walking_halfsphere,run_01,986,0,0,1661,330,0
Semantic,fr3_walking_halfsphere,run_01,987,0,0,1679,323,0
Semantic,fr3_walking_halfsphere,run_01,988,0,0,1677,252,0
Semantic,fr3_walking_halfsphere,run_01,989,0,0,1701,243,0
Semantic,fr3_walking_halfsphere,run_01,990,0,0,1634,238,0
Semantic,fr3_walking_halfsphere,run_01,991,0,0,1620,269,0
Semantic,fr3_walking_halfsphere,run_01,992,0,0,1595,264,0
Semantic,fr3_walking_halfsphere,run_01,993,0,0,1692,222,0
Semantic,fr3_walking_halfsphere,run_01,994,0,0,1546,301,0
Semantic,fr3_walking_halfsphere,run_01,995,0,0,1628,215,0
Semantic,fr3_walking_halfsphere,run_01,996,0,0,1669,274,0
Semantic,fr3_walking_halfsphere,run_01,997,0,0,1584,253,0
Semantic,fr3_walking_halfsphere,run_01,998,0,0,1583,270,0
Semantic,fr3_walking_halfsphere,run_01,999,0,0,1494,255,0
Semantic,fr3_walking_halfsphere,run_01,1000,0,0,1666,290,0
Semantic,fr3_walking_halfsphere,run_01,1001,0,0,1730,294,0
Semantic,fr3_walking_halfsphere,run_01,1002,0,0,1735,316,0
Semantic,fr3_walking_halfsphere,run_01,1003,0,0,1757,288,0
Semantic,fr3_walking_halfsphere,run_01,1004,0,0,1684,281,0
Semantic,fr3_walking_halfsphere,run_01,1005,0,0,1645,279,0
Semantic,fr3_walking_halfsphere,run_01,1006,0,0,1655,270,0
Semantic,fr3_walking_halfsphere,run_01,1007,0,0,1686,291,0
Semantic,fr3_walking_halfsphere,run_01,1008,0,0,1733,267,0
Semantic,fr3_walking_halfsphere,run_01,1009,0,0,1586,248,0
Semantic,fr3_walking_halfsphere,run_01,1010,0,0,1691,303,0
Semantic,fr3_walking_halfsphere,run_01,1011,0,0,1650,328,0
Semantic,fr3_walking_halfsphere,run_01,1012,0,0,1455,340,0
Semantic,fr3_walking_halfsphere,run_01,1013,0,0,1637,387,0
Semantic,fr3_walking_halfsphere,run_01,1014,0,0,1654,366,0
Semantic,fr3_walking_halfsphere,run_01,1015,0,0,1561,217,0
Semantic,fr3_walking_halfsphere,run_01,1016,0,0,1590,342,0
Semantic,fr3_walking_halfsphere,run_01,1017,0,0,1444,248,0
Semantic,fr3_walking_halfsphere,run_01,1018,0,0,1495,304,0
Semantic,fr3_walking_halfsphere,run_01,1019,0,0,1513,295,0
Semantic,fr3_walking_halfsphere,run_01,1020,0,0,1538,305,0
Semantic,fr3_walking_halfsphere,run_02,1,0,0,291,46,0
Semantic,fr3_walking_halfsphere,run_02,2,0,0,432,39,0
Semantic,fr3_walking_halfsphere,run_02,3,0,0,358,3,0
Semantic,fr3_walking_halfsphere,run_02,4,0,0,474,55,0
Semantic,fr3_walking_halfsphere,run_02,5,0,0,469,129,0
Semantic,fr3_walking_halfsphere,run_02,6,0,0,356,93,0
Semantic,fr3_walking_halfsphere,run_02,7,0,0,348,45,0
Semantic,fr3_walking_halfsphere,run_02,8,0,0,373,15,0
Semantic,fr3_walking_halfsphere,run_02,9,0,0,480,23,0
Semantic,fr3_walking_halfsphere,run_02,10,0,0,590,50,0
Semantic,fr3_walking_halfsphere,run_02,11,0,0,511,118,0
Semantic,fr3_walking_halfsphere,run_02,12,0,0,553,38,0
Semantic,fr3_walking_halfsphere,run_02,13,0,0,697,202,0
Semantic,fr3_walking_halfsphere,run_02,14,0,0,585,194,0
Semantic,fr3_walking_halfsphere,run_02,15,0,0,527,147,0
Semantic,fr3_walking_halfsphere,run_02,16,0,0,515,108,0
Semantic,fr3_walking_halfsphere,run_02,17,0,0,531,207,0
Semantic,fr3_walking_halfsphere,run_02,18,0,0,539,203,0
Semantic,fr3_walking_halfsphere,run_02,19,0,0,492,190,0
Semantic,fr3_walking_halfsphere,run_02,20,0,0,532,214,0
Semantic,fr3_walking_halfsphere,run_02,21,0,0,471,123,0
Semantic,fr3_walking_halfsphere,run_02,22,0,0,493,165,0
Semantic,fr3_walking_halfsphere,run_02,23,0,0,539,183,0
Semantic,fr3_walking_halfsphere,run_02,24,0,0,525,160,0
Semantic,fr3_walking_halfsphere,run_02,25,0,0,574,291,0
Semantic,fr3_walking_halfsphere,run_02,26,0,0,506,291,0
Semantic,fr3_walking_halfsphere,run_02,27,0,0,544,192,0
Semantic,fr3_walking_halfsphere,run_02,28,0,0,508,203,0
Semantic,fr3_walking_halfsphere,run_02,29,0,0,545,211,0
Semantic,fr3_walking_halfsphere,run_02,30,0,0,529,291,0
Semantic,fr3_walking_halfsphere,run_02,31,0,0,560,254,0
Semantic,fr3_walking_halfsphere,run_02,32,0,0,561,251,0
Semantic,fr3_walking_halfsphere,run_02,33,0,0,546,218,0
Semantic,fr3_walking_halfsphere,run_02,34,0,0,589,249,0
Semantic,fr3_walking_halfsphere,run_02,35,0,0,583,245,0
Semantic,fr3_walking_halfsphere,run_02,36,0,0,589,242,0
Semantic,fr3_walking_halfsphere,run_02,37,0,0,570,232,0
Semantic,fr3_walking_halfsphere,run_02,38,0,0,600,278,0
Semantic,fr3_walking_halfsphere,run_02,39,0,0,609,277,0
Semantic,fr3_walking_halfsphere,run_02,40,0,0,654,272,0
Semantic,fr3_walking_halfsphere,run_02,41,0,0,652,265,0
Semantic,fr3_walking_halfsphere,run_02,42,0,0,657,272,0
Semantic,fr3_walking_halfsphere,run_02,43,0,0,658,267,0
Semantic,fr3_walking_halfsphere,run_02,44,0,0,655,257,0
Semantic,fr3_walking_halfsphere,run_02,45,0,0,609,213,0
Semantic,fr3_walking_halfsphere,run_02,46,0,0,652,189,0
Semantic,fr3_walking_halfsphere,run_02,47,0,0,649,152,0
Semantic,fr3_walking_halfsphere,run_02,48,0,0,658,128,0
Semantic,fr3_walking_halfsphere,run_02,49,0,0,695,115,0
Semantic,fr3_walking_halfsphere,run_02,50,0,0,711,110,0
Semantic,fr3_walking_halfsphere,run_02,51,0,0,692,107,0
Semantic,fr3_walking_halfsphere,run_02,52,0,0,704,144,0
Semantic,fr3_walking_halfsphere,run_02,53,0,0,709,144,0
Semantic,fr3_walking_halfsphere,run_02,54,0,0,701,165,0
Semantic,fr3_walking_halfsphere,run_02,55,0,0,713,192,0
Semantic,fr3_walking_halfsphere,run_02,56,0,0,690,192,0
Semantic,fr3_walking_halfsphere,run_02,57,0,0,750,216,0
Semantic,fr3_walking_halfsphere,run_02,58,0,0,731,211,0
Semantic,fr3_walking_halfsphere,run_02,59,0,0,695,201,0
Semantic,fr3_walking_halfsphere,run_02,60,0,0,719,204,0
Semantic,fr3_walking_halfsphere,run_02,61,0,0,678,218,0
Semantic,fr3_walking_halfsphere,run_02,62,0,0,683,200,0
Semantic,fr3_walking_halfsphere,run_02,63,0,0,706,228,0
Semantic,fr3_walking_halfsphere,run_02,64,0,0,687,242,0
Semantic,fr3_walking_halfsphere,run_02,65,0,0,693,259,0
Semantic,fr3_walking_halfsphere,run_02,66,0,0,700,293,0
Semantic,fr3_walking_halfsphere,run_02,67,0,0,674,283,0
Semantic,fr3_walking_halfsphere,run_02,68,0,0,669,332,0
Semantic,fr3_walking_halfsphere,run_02,69,0,0,687,288,0
Semantic,fr3_walking_halfsphere,run_02,70,0,0,673,299,0
Semantic,fr3_walking_halfsphere,run_02,71,0,0,607,275,0
Semantic,fr3_walking_halfsphere,run_02,72,0,0,642,262,0
Semantic,fr3_walking_halfsphere,run_02,73,0,0,651,277,0
Semantic,fr3_walking_halfsphere,run_02,74,0,0,626,276,0
Semantic,fr3_walking_halfsphere,run_02,75,0,0,651,267,0
Semantic,fr3_walking_halfsphere,run_02,76,0,0,626,271,0
Semantic,fr3_walking_halfsphere,run_02,77,0,0,616,268,0
Semantic,fr3_walking_halfsphere,run_02,78,0,0,610,255,0
Semantic,fr3_walking_halfsphere,run_02,79,0,0,557,263,0
Semantic,fr3_walking_halfsphere,run_02,80,0,0,592,252,0
Semantic,fr3_walking_halfsphere,run_02,81,0,0,581,240,0
Semantic,fr3_walking_halfsphere,run_02,82,0,0,572,234,0
Semantic,fr3_walking_halfsphere,run_02,83,0,0,577,229,0
Semantic,fr3_walking_halfsphere,run_02,84,0,0,613,315,0
Semantic,fr3_walking_halfsphere,run_02,85,0,0,614,300,0
Semantic,fr3_walking_halfsphere,run_02,86,0,0,579,296,0
Semantic,fr3_walking_halfsphere,run_02,87,0,0,649,313,0
Semantic,fr3_walking_halfsphere,run_02,88,0,0,639,292,0
Semantic,fr3_walking_halfsphere,run_02,89,0,0,661,292,0
Semantic,fr3_walking_halfsphere,run_02,90,0,0,658,294,0
Semantic,fr3_walking_halfsphere,run_02,91,0,0,710,315,0
Semantic,fr3_walking_halfsphere,run_02,92,0,0,705,336,0
Semantic,fr3_walking_halfsphere,run_02,93,0,0,702,309,0
Semantic,fr3_walking_halfsphere,run_02,94,0,0,687,287,0
Semantic,fr3_walking_halfsphere,run_02,95,0,0,680,295,0
Semantic,fr3_walking_halfsphere,run_02,96,0,0,692,277,0
Semantic,fr3_walking_halfsphere,run_02,97,0,0,688,238,0
Semantic,fr3_walking_halfsphere,run_02,98,0,0,735,213,0
Semantic,fr3_walking_halfsphere,run_02,99,0,0,769,185,0
Semantic,fr3_walking_halfsphere,run_02,100,0,0,791,150,0
Semantic,fr3_walking_halfsphere,run_02,101,0,0,778,93,0
Semantic,fr3_walking_halfsphere,run_02,102,0,0,850,83,0
Semantic,fr3_walking_halfsphere,run_02,103,0,0,895,66,0
Semantic,fr3_walking_halfsphere,run_02,104,0,0,884,45,0
Semantic,fr3_walking_halfsphere,run_02,105,0,0,851,45,0
Semantic,fr3_walking_halfsphere,run_02,106,0,0,953,51,0
Semantic,fr3_walking_halfsphere,run_02,107,0,0,971,47,0
Semantic,fr3_walking_halfsphere,run_02,108,0,0,960,37,0
Semantic,fr3_walking_halfsphere,run_02,109,0,0,953,40,0
Semantic,fr3_walking_halfsphere,run_02,110,0,0,968,32,0
Semantic,fr3_walking_halfsphere,run_02,111,0,0,934,38,0
Semantic,fr3_walking_halfsphere,run_02,112,0,0,979,62,0
Semantic,fr3_walking_halfsphere,run_02,113,0,0,872,66,0
Semantic,fr3_walking_halfsphere,run_02,114,0,0,1021,119,0
Semantic,fr3_walking_halfsphere,run_02,115,0,0,985,193,0
Semantic,fr3_walking_halfsphere,run_02,116,0,0,1101,197,0
Semantic,fr3_walking_halfsphere,run_02,117,0,0,1086,196,0
Semantic,fr3_walking_halfsphere,run_02,118,0,0,1104,202,0
Semantic,fr3_walking_halfsphere,run_02,119,0,0,1115,192,0
Semantic,fr3_walking_halfsphere,run_02,120,0,0,1111,163,0
Semantic,fr3_walking_halfsphere,run_02,121,0,0,1137,176,0
Semantic,fr3_walking_halfsphere,run_02,122,0,0,1146,177,0
Semantic,fr3_walking_halfsphere,run_02,123,0,0,1157,163,0
Semantic,fr3_walking_halfsphere,run_02,124,0,0,1162,161,0
Semantic,fr3_walking_halfsphere,run_02,125,0,0,1171,83,0
Semantic,fr3_walking_halfsphere,run_02,126,0,0,1170,64,0
Semantic,fr3_walking_halfsphere,run_02,127,0,0,1182,59,0
Semantic,fr3_walking_halfsphere,run_02,128,0,0,1184,127,0
Semantic,fr3_walking_halfsphere,run_02,129,0,0,1166,100,0
Semantic,fr3_walking_halfsphere,run_02,130,0,0,1155,78,0
Semantic,fr3_walking_halfsphere,run_02,131,0,0,1008,60,0
Semantic,fr3_walking_halfsphere,run_02,132,0,0,1123,56,0
Semantic,fr3_walking_halfsphere,run_02,133,0,0,1113,61,0
Semantic,fr3_walking_halfsphere,run_02,134,0,0,1157,59,0
Semantic,fr3_walking_halfsphere,run_02,135,0,0,1146,55,0
Semantic,fr3_walking_halfsphere,run_02,136,0,0,1125,0,0
Semantic,fr3_walking_halfsphere,run_02,137,0,0,1100,0,0
Semantic,fr3_walking_halfsphere,run_02,138,0,0,1104,0,0
Semantic,fr3_walking_halfsphere,run_02,139,0,0,1106,0,0
Semantic,fr3_walking_halfsphere,run_02,140,0,0,1088,0,0
Semantic,fr3_walking_halfsphere,run_02,141,0,0,1078,0,0
Semantic,fr3_walking_halfsphere,run_02,142,0,0,1060,0,0
Semantic,fr3_walking_halfsphere,run_02,143,0,0,1065,0,0
Semantic,fr3_walking_halfsphere,run_02,144,0,0,1061,0,0
Semantic,fr3_walking_halfsphere,run_02,145,0,0,1055,0,0
Semantic,fr3_walking_halfsphere,run_02,146,0,0,1065,0,0
Semantic,fr3_walking_halfsphere,run_02,147,0,0,1027,0,0
Semantic,fr3_walking_halfsphere,run_02,148,0,0,1027,0,0
Semantic,fr3_walking_halfsphere,run_02,149,0,0,1046,0,0
Semantic,fr3_walking_halfsphere,run_02,150,0,0,908,0,0
Semantic,fr3_walking_halfsphere,run_02,151,0,0,1011,0,0
Semantic,fr3_walking_halfsphere,run_02,152,0,0,1039,0,0
Semantic,fr3_walking_halfsphere,run_02,153,0,0,1005,0,0
Semantic,fr3_walking_halfsphere,run_02,154,0,0,1023,0,0
Semantic,fr3_walking_halfsphere,run_02,155,0,0,1024,0,0
Semantic,fr3_walking_halfsphere,run_02,156,0,0,1019,0,0
Semantic,fr3_walking_halfsphere,run_02,157,0,0,1012,0,0
Semantic,fr3_walking_halfsphere,run_02,158,0,0,987,0,0
Semantic,fr3_walking_halfsphere,run_02,159,0,0,850,14,0
Semantic,fr3_walking_halfsphere,run_02,160,0,0,969,10,0
Semantic,fr3_walking_halfsphere,run_02,161,0,0,969,30,0
Semantic,fr3_walking_halfsphere,run_02,162,0,0,951,27,0
Semantic,fr3_walking_halfsphere,run_02,163,0,0,928,26,0
Semantic,fr3_walking_halfsphere,run_02,164,0,0,961,30,0
Semantic,fr3_walking_halfsphere,run_02,165,0,0,937,47,0
Semantic,fr3_walking_halfsphere,run_02,166,0,0,813,6,0
Semantic,fr3_walking_halfsphere,run_02,167,0,0,864,14,0
Semantic,fr3_walking_halfsphere,run_02,168,0,0,874,19,0
Semantic,fr3_walking_halfsphere,run_02,169,0,0,877,19,0
Semantic,fr3_walking_halfsphere,run_02,170,0,0,879,22,0
Semantic,fr3_walking_halfsphere,run_02,171,0,0,863,100,0
Semantic,fr3_walking_halfsphere,run_02,172,0,0,863,40,0
Semantic,fr3_walking_halfsphere,run_02,173,0,0,879,43,0
Semantic,fr3_walking_halfsphere,run_02,174,0,0,871,21,0
Semantic,fr3_walking_halfsphere,run_02,175,0,0,858,50,0
Semantic,fr3_walking_halfsphere,run_02,176,0,0,764,40,0
Semantic,fr3_walking_halfsphere,run_02,177,0,0,847,73,0
Semantic,fr3_walking_halfsphere,run_02,178,0,0,833,47,0
Semantic,fr3_walking_halfsphere,run_02,179,0,0,871,101,0
Semantic,fr3_walking_halfsphere,run_02,180,0,0,857,73,0
Semantic,fr3_walking_halfsphere,run_02,181,0,0,784,63,0
Semantic,fr3_walking_halfsphere,run_02,182,0,0,882,63,0
Semantic,fr3_walking_halfsphere,run_02,183,0,0,885,12,0
Semantic,fr3_walking_halfsphere,run_02,184,0,0,898,11,0
Semantic,fr3_walking_halfsphere,run_02,185,0,0,895,11,0
Semantic,fr3_walking_halfsphere,run_02,186,0,0,898,10,0
Semantic,fr3_walking_halfsphere,run_02,187,0,0,897,10,0
Semantic,fr3_walking_halfsphere,run_02,188,0,0,892,11,0
Semantic,fr3_walking_halfsphere,run_02,189,0,0,886,6,0
Semantic,fr3_walking_halfsphere,run_02,190,0,0,892,5,0
Semantic,fr3_walking_halfsphere,run_02,191,0,0,806,8,0
Semantic,fr3_walking_halfsphere,run_02,192,0,0,856,5,0
Semantic,fr3_walking_halfsphere,run_02,193,0,0,862,5,0
Semantic,fr3_walking_halfsphere,run_02,194,0,0,890,6,0
Semantic,fr3_walking_halfsphere,run_02,195,0,0,886,5,0
Semantic,fr3_walking_halfsphere,run_02,196,0,0,891,5,0
Semantic,fr3_walking_halfsphere,run_02,197,0,0,907,0,0
Semantic,fr3_walking_halfsphere,run_02,198,0,0,891,0,0
Semantic,fr3_walking_halfsphere,run_02,199,0,0,814,0,0
Semantic,fr3_walking_halfsphere,run_02,200,0,0,877,0,0
Semantic,fr3_walking_halfsphere,run_02,201,0,0,904,0,0
Semantic,fr3_walking_halfsphere,run_02,202,0,0,907,0,0
Semantic,fr3_walking_halfsphere,run_02,203,0,0,912,0,0
Semantic,fr3_walking_halfsphere,run_02,204,0,0,901,0,0
Semantic,fr3_walking_halfsphere,run_02,205,0,0,906,0,0
Semantic,fr3_walking_halfsphere,run_02,206,0,0,912,0,0
Semantic,fr3_walking_halfsphere,run_02,207,0,0,923,0,0
Semantic,fr3_walking_halfsphere,run_02,208,0,0,949,16,0
Semantic,fr3_walking_halfsphere,run_02,209,0,0,963,0,0
Semantic,fr3_walking_halfsphere,run_02,210,0,0,1007,0,0
Semantic,fr3_walking_halfsphere,run_02,211,0,0,925,0,0
Semantic,fr3_walking_halfsphere,run_02,212,0,0,1172,0,0
Semantic,fr3_walking_halfsphere,run_02,213,0,0,1228,0,0
Semantic,fr3_walking_halfsphere,run_02,214,0,0,1224,0,0
Semantic,fr3_walking_halfsphere,run_02,215,0,0,1355,0,0
Semantic,fr3_walking_halfsphere,run_02,216,0,0,1404,0,0
Semantic,fr3_walking_halfsphere,run_02,217,0,0,1452,0,0
Semantic,fr3_walking_halfsphere,run_02,218,0,0,1779,73,0
Semantic,fr3_walking_halfsphere,run_02,219,0,0,1518,85,0
Semantic,fr3_walking_halfsphere,run_02,220,0,0,1535,166,0
Semantic,fr3_walking_halfsphere,run_02,291,0,0,1250,186,0
Semantic,fr3_walking_halfsphere,run_02,292,0,0,664,28,0
Semantic,fr3_walking_halfsphere,run_02,293,0,0,1566,90,0
Semantic,fr3_walking_halfsphere,run_02,294,0,0,1586,81,0
Semantic,fr3_walking_halfsphere,run_02,295,0,0,1573,59,0
Semantic,fr3_walking_halfsphere,run_02,296,0,0,1630,48,0
Semantic,fr3_walking_halfsphere,run_02,297,0,0,1664,47,0
Semantic,fr3_walking_halfsphere,run_02,298,0,0,1619,18,0
Semantic,fr3_walking_halfsphere,run_02,299,0,0,1618,18,0
Semantic,fr3_walking_halfsphere,run_02,300,0,0,1608,53,0
Semantic,fr3_walking_halfsphere,run_02,301,0,0,1598,50,0
Semantic,fr3_walking_halfsphere,run_02,302,0,0,1585,51,0
Semantic,fr3_walking_halfsphere,run_02,303,0,0,1663,60,0
Semantic,fr3_walking_halfsphere,run_02,304,0,0,1686,58,0
Semantic,fr3_walking_halfsphere,run_02,305,0,0,1660,56,0
Semantic,fr3_walking_halfsphere,run_02,306,0,0,1661,57,0
Semantic,fr3_walking_halfsphere,run_02,307,0,0,1642,54,0
Semantic,fr3_walking_halfsphere,run_02,308,0,0,1587,62,0
Semantic,fr3_walking_halfsphere,run_02,309,0,0,1678,99,0
Semantic,fr3_walking_halfsphere,run_02,310,0,0,1705,135,0
Semantic,fr3_walking_halfsphere,run_02,311,0,0,1688,160,0
Semantic,fr3_walking_halfsphere,run_02,312,0,0,1687,122,0
Semantic,fr3_walking_halfsphere,run_02,313,0,0,1692,182,0
Semantic,fr3_walking_halfsphere,run_02,314,0,0,1685,164,0
Semantic,fr3_walking_halfsphere,run_02,315,0,0,1739,203,0
Semantic,fr3_walking_halfsphere,run_02,316,0,0,1727,192,0
Semantic,fr3_walking_halfsphere,run_02,317,0,0,1710,229,0
Semantic,fr3_walking_halfsphere,run_02,318,0,0,1699,213,0
Semantic,fr3_walking_halfsphere,run_02,319,0,0,1715,206,0
Semantic,fr3_walking_halfsphere,run_02,320,0,0,1744,210,0
Semantic,fr3_walking_halfsphere,run_02,321,0,0,1777,172,0
Semantic,fr3_walking_halfsphere,run_02,322,0,0,1127,136,0
Semantic,fr3_walking_halfsphere,run_02,323,0,0,1250,131,0
Semantic,fr3_walking_halfsphere,run_02,324,0,0,1272,120,0
Semantic,fr3_walking_halfsphere,run_02,325,0,0,1318,112,0
Semantic,fr3_walking_halfsphere,run_02,326,0,0,1277,97,0
Semantic,fr3_walking_halfsphere,run_02,327,0,0,1303,99,0
Semantic,fr3_walking_halfsphere,run_02,328,0,0,1328,104,0
Semantic,fr3_walking_halfsphere,run_02,329,0,0,1339,122,0
Semantic,fr3_walking_halfsphere,run_02,330,0,0,1376,127,0
Semantic,fr3_walking_halfsphere,run_02,331,0,0,1355,109,0
Semantic,fr3_walking_halfsphere,run_02,332,0,0,1368,108,0
Semantic,fr3_walking_halfsphere,run_02,333,0,0,1285,75,0
Semantic,fr3_walking_halfsphere,run_02,334,0,0,1482,64,0
Semantic,fr3_walking_halfsphere,run_02,335,0,0,1435,54,0
Semantic,fr3_walking_halfsphere,run_02,336,0,0,1449,48,0
Semantic,fr3_walking_halfsphere,run_02,337,0,0,1467,46,0
Semantic,fr3_walking_halfsphere,run_02,338,0,0,1448,60,0
Semantic,fr3_walking_halfsphere,run_02,339,0,0,1430,64,0
Semantic,fr3_walking_halfsphere,run_02,340,0,0,1467,75,0
Semantic,fr3_walking_halfsphere,run_02,341,0,0,1465,71,0
Semantic,fr3_walking_halfsphere,run_02,342,0,0,1486,116,0
Semantic,fr3_walking_halfsphere,run_02,343,0,0,1483,75,0
Semantic,fr3_walking_halfsphere,run_02,344,0,0,1505,153,0
Semantic,fr3_walking_halfsphere,run_02,345,0,0,1463,143,0
Semantic,fr3_walking_halfsphere,run_02,346,0,0,1470,115,0
Semantic,fr3_walking_halfsphere,run_02,347,0,0,1509,179,0
Semantic,fr3_walking_halfsphere,run_02,348,0,0,1488,91,0
Semantic,fr3_walking_halfsphere,run_02,349,0,0,1464,72,0
Semantic,fr3_walking_halfsphere,run_02,350,0,0,1471,94,0
Semantic,fr3_walking_halfsphere,run_02,351,0,0,1506,51,0
Semantic,fr3_walking_halfsphere,run_02,352,0,0,1518,45,0
Semantic,fr3_walking_halfsphere,run_02,353,0,0,1517,46,0
Semantic,fr3_walking_halfsphere,run_02,354,0,0,1520,43,0
Semantic,fr3_walking_halfsphere,run_02,355,0,0,1519,36,0
Semantic,fr3_walking_halfsphere,run_02,356,0,0,1525,47,0
Semantic,fr3_walking_halfsphere,run_02,357,0,0,1543,33,0
Semantic,fr3_walking_halfsphere,run_02,358,0,0,1533,42,0
Semantic,fr3_walking_halfsphere,run_02,359,0,0,1274,31,0
Semantic,fr3_walking_halfsphere,run_02,360,0,0,1485,0,0
Semantic,fr3_walking_halfsphere,run_02,361,0,0,1503,0,0
Semantic,fr3_walking_halfsphere,run_02,362,0,0,1572,0,0
Semantic,fr3_walking_halfsphere,run_02,363,0,0,1532,0,0
Semantic,fr3_walking_halfsphere,run_02,364,0,0,1543,0,0
Semantic,fr3_walking_halfsphere,run_02,365,0,0,1522,0,0
Semantic,fr3_walking_halfsphere,run_02,366,0,0,1545,0,0
Semantic,fr3_walking_halfsphere,run_02,367,0,0,1553,0,0
Semantic,fr3_walking_halfsphere,run_02,368,0,0,1535,33,0
Semantic,fr3_walking_halfsphere,run_02,369,0,0,1566,37,0
Semantic,fr3_walking_halfsphere,run_02,370,0,0,1551,35,0
Semantic,fr3_walking_halfsphere,run_02,371,0,0,1560,31,0
Semantic,fr3_walking_halfsphere,run_02,372,0,0,1563,0,0
Semantic,fr3_walking_halfsphere,run_02,373,0,0,1564,0,0
Semantic,fr3_walking_halfsphere,run_02,374,0,0,1536,20,0
Semantic,fr3_walking_halfsphere,run_02,375,0,0,1536,15,0
Semantic,fr3_walking_halfsphere,run_02,376,0,0,1584,0,0
Semantic,fr3_walking_halfsphere,run_02,377,0,0,1560,8,0
Semantic,fr3_walking_halfsphere,run_02,378,0,0,1543,6,0
Semantic,fr3_walking_halfsphere,run_02,379,0,0,1576,9,0
Semantic,fr3_walking_halfsphere,run_02,380,0,0,1580,0,0
Semantic,fr3_walking_halfsphere,run_02,381,0,0,1570,0,0
Semantic,fr3_walking_halfsphere,run_02,382,0,0,1557,0,0
Semantic,fr3_walking_halfsphere,run_02,383,0,0,1544,17,0
Semantic,fr3_walking_halfsphere,run_02,384,0,0,1539,0,0
Semantic,fr3_walking_halfsphere,run_02,385,0,0,1550,0,0
Semantic,fr3_walking_halfsphere,run_02,386,0,0,1588,0,0
Semantic,fr3_walking_halfsphere,run_02,387,0,0,1582,0,0
Semantic,fr3_walking_halfsphere,run_02,388,0,0,1547,0,0
Semantic,fr3_walking_halfsphere,run_02,389,0,0,1551,0,0
Semantic,fr3_walking_halfsphere,run_02,390,0,0,1544,0,0
Semantic,fr3_walking_halfsphere,run_02,391,0,0,1574,0,0
Semantic,fr3_walking_halfsphere,run_02,392,0,0,1580,0,0
Semantic,fr3_walking_halfsphere,run_02,393,0,0,1581,0,0
Semantic,fr3_walking_halfsphere,run_02,394,0,0,1549,0,0
Semantic,fr3_walking_halfsphere,run_02,395,0,0,1524,0,0
Semantic,fr3_walking_halfsphere,run_02,396,0,0,1511,0,0
Semantic,fr3_walking_halfsphere,run_02,397,0,0,1513,0,0
Semantic,fr3_walking_halfsphere,run_02,398,0,0,1551,0,0
Semantic,fr3_walking_halfsphere,run_02,399,0,0,1563,0,0
Semantic,fr3_walking_halfsphere,run_02,400,0,0,1524,0,0
Semantic,fr3_walking_halfsphere,run_02,401,0,0,1316,0,0
Semantic,fr3_walking_halfsphere,run_02,402,0,0,1721,0,0
Semantic,fr3_walking_halfsphere,run_02,403,0,0,1666,0,0
Semantic,fr3_walking_halfsphere,run_02,404,0,0,1690,0,0
Semantic,fr3_walking_halfsphere,run_02,405,0,0,1741,0,0
Semantic,fr3_walking_halfsphere,run_02,406,0,0,1758,0,0
Semantic,fr3_walking_halfsphere,run_02,407,0,0,1755,0,0
Semantic,fr3_walking_halfsphere,run_02,408,0,0,1777,0,0
Semantic,fr3_walking_halfsphere,run_02,409,0,0,1757,0,0
Semantic,fr3_walking_halfsphere,run_02,410,0,0,1779,0,0
Semantic,fr3_walking_halfsphere,run_02,411,0,0,1375,0,0
Semantic,fr3_walking_halfsphere,run_02,412,0,0,1814,0,0
Semantic,fr3_walking_halfsphere,run_02,413,0,0,1820,0,0
Semantic,fr3_walking_halfsphere,run_02,414,0,0,1835,0,0
Semantic,fr3_walking_halfsphere,run_02,415,0,0,1862,0,0
Semantic,fr3_walking_halfsphere,run_02,416,0,0,1881,0,0
Semantic,fr3_walking_halfsphere,run_02,417,0,0,1885,0,0
Semantic,fr3_walking_halfsphere,run_02,418,0,0,1498,0,0
Semantic,fr3_walking_halfsphere,run_02,419,0,0,1940,549,0
Semantic,fr3_walking_halfsphere,run_02,420,0,0,1637,385,0
Semantic,fr3_walking_halfsphere,run_02,421,0,0,1942,367,0
Semantic,fr3_walking_halfsphere,run_02,422,0,0,1607,257,0
Semantic,fr3_walking_halfsphere,run_02,423,0,0,1816,260,0
Semantic,fr3_walking_halfsphere,run_02,424,0,0,1661,225,0
Semantic,fr3_walking_halfsphere,run_02,425,0,0,1733,227,0
Semantic,fr3_walking_halfsphere,run_02,426,0,0,1547,170,0
Semantic,fr3_walking_halfsphere,run_02,427,0,0,1783,164,0
Semantic,fr3_walking_halfsphere,run_02,428,0,0,1683,113,0
Semantic,fr3_walking_halfsphere,run_02,429,0,0,1739,48,0
Semantic,fr3_walking_halfsphere,run_02,430,0,0,1664,90,0
Semantic,fr3_walking_halfsphere,run_02,431,0,0,1797,69,0
Semantic,fr3_walking_halfsphere,run_02,432,0,0,1862,234,0
Semantic,fr3_walking_halfsphere,run_02,433,0,0,2000,358,0
Semantic,fr3_walking_halfsphere,run_02,434,0,0,1789,260,0
Semantic,fr3_walking_halfsphere,run_02,435,0,0,1761,320,0
Semantic,fr3_walking_halfsphere,run_02,436,0,0,1972,414,0
Semantic,fr3_walking_halfsphere,run_02,437,0,0,1965,465,0
Semantic,fr3_walking_halfsphere,run_02,438,0,0,1218,124,0
Semantic,fr3_walking_halfsphere,run_02,439,0,0,1767,339,0
Semantic,fr3_walking_halfsphere,run_02,440,0,0,1630,312,0
Semantic,fr3_walking_halfsphere,run_02,441,0,0,1934,336,0
Semantic,fr3_walking_halfsphere,run_02,442,0,0,1788,265,0
Semantic,fr3_walking_halfsphere,run_02,443,0,0,1644,267,0
Semantic,fr3_walking_halfsphere,run_02,444,0,0,1996,343,0
Semantic,fr3_walking_halfsphere,run_02,445,0,0,2070,392,0
Semantic,fr3_walking_halfsphere,run_02,446,0,0,2085,712,0
Semantic,fr3_walking_halfsphere,run_02,447,0,0,2074,767,0
Semantic,fr3_walking_halfsphere,run_02,448,0,0,1953,843,0
Semantic,fr3_walking_halfsphere,run_02,449,0,0,1893,1031,0
Semantic,fr3_walking_halfsphere,run_02,450,0,0,1818,915,0
Semantic,fr3_walking_halfsphere,run_02,451,0,0,1825,906,0
Semantic,fr3_walking_halfsphere,run_02,452,0,0,1434,667,0
Semantic,fr3_walking_halfsphere,run_02,453,0,0,1540,668,0
Semantic,fr3_walking_halfsphere,run_02,454,0,0,1470,609,0
Semantic,fr3_walking_halfsphere,run_02,455,0,0,1477,535,0
Semantic,fr3_walking_halfsphere,run_02,456,0,0,1507,575,0
Semantic,fr3_walking_halfsphere,run_02,457,0,0,1475,532,0
Semantic,fr3_walking_halfsphere,run_02,458,0,0,1351,513,0
Semantic,fr3_walking_halfsphere,run_02,459,0,0,1488,499,0
Semantic,fr3_walking_halfsphere,run_02,460,0,0,1308,367,0
Semantic,fr3_walking_halfsphere,run_02,461,0,0,1390,422,0
Semantic,fr3_walking_halfsphere,run_02,462,0,0,1279,356,0
Semantic,fr3_walking_halfsphere,run_02,463,0,0,1220,320,0
Semantic,fr3_walking_halfsphere,run_02,464,0,0,1489,415,0
Semantic,fr3_walking_halfsphere,run_02,465,0,0,1043,174,0
Semantic,fr3_walking_halfsphere,run_02,466,0,0,1409,357,0
Semantic,fr3_walking_halfsphere,run_02,467,0,0,1367,383,0
Semantic,fr3_walking_halfsphere,run_02,468,0,0,1036,175,0
Semantic,fr3_walking_halfsphere,run_02,469,0,0,1041,174,0
Semantic,fr3_walking_halfsphere,run_02,470,0,0,1001,152,0
Semantic,fr3_walking_halfsphere,run_02,471,0,0,1021,165,0
Semantic,fr3_walking_halfsphere,run_02,472,0,0,1016,173,0
Semantic,fr3_walking_halfsphere,run_02,473,0,0,1035,183,0
Semantic,fr3_walking_halfsphere,run_02,474,0,0,1017,173,0
Semantic,fr3_walking_halfsphere,run_02,475,0,0,1043,368,0
Semantic,fr3_walking_halfsphere,run_02,476,0,0,1082,316,0
Semantic,fr3_walking_halfsphere,run_02,477,0,0,1165,344,0
Semantic,fr3_walking_halfsphere,run_02,478,0,0,1176,419,0
Semantic,fr3_walking_halfsphere,run_02,479,0,0,1194,463,0
Semantic,fr3_walking_halfsphere,run_02,480,0,0,1204,366,0
Semantic,fr3_walking_halfsphere,run_02,481,0,0,1261,402,0
Semantic,fr3_walking_halfsphere,run_02,482,0,0,1647,503,0
Semantic,fr3_walking_halfsphere,run_02,483,0,0,1646,489,0
Semantic,fr3_walking_halfsphere,run_02,484,0,0,1557,465,0
Semantic,fr3_walking_halfsphere,run_02,485,0,0,1672,459,0
Semantic,fr3_walking_halfsphere,run_02,486,0,0,1813,494,0
Semantic,fr3_walking_halfsphere,run_02,487,0,0,1844,500,0
Semantic,fr3_walking_halfsphere,run_02,488,0,0,1900,510,0
Semantic,fr3_walking_halfsphere,run_02,489,0,0,1921,500,0
Semantic,fr3_walking_halfsphere,run_02,490,0,0,1703,479,0
Semantic,fr3_walking_halfsphere,run_02,491,0,0,1312,402,0
Semantic,fr3_walking_halfsphere,run_02,492,0,0,1258,379,0
Semantic,fr3_walking_halfsphere,run_02,493,0,0,1706,512,0
Semantic,fr3_walking_halfsphere,run_02,494,0,0,1684,498,0
Semantic,fr3_walking_halfsphere,run_02,495,0,0,1694,487,0
Semantic,fr3_walking_halfsphere,run_02,496,0,0,1671,493,0
Semantic,fr3_walking_halfsphere,run_02,497,0,0,1726,529,0
Semantic,fr3_walking_halfsphere,run_02,498,0,0,1300,316,0
Semantic,fr3_walking_halfsphere,run_02,499,0,0,1207,271,0
Semantic,fr3_walking_halfsphere,run_02,500,0,0,1445,488,0
Semantic,fr3_walking_halfsphere,run_02,501,0,0,1405,474,0
Semantic,fr3_walking_halfsphere,run_02,502,0,0,1475,481,0
Semantic,fr3_walking_halfsphere,run_02,503,0,0,1244,284,0
Semantic,fr3_walking_halfsphere,run_02,504,0,0,1244,295,0
Semantic,fr3_walking_halfsphere,run_02,505,0,0,1207,325,0
Semantic,fr3_walking_halfsphere,run_02,506,0,0,1242,334,0
Semantic,fr3_walking_halfsphere,run_02,507,0,0,1263,294,0
Semantic,fr3_walking_halfsphere,run_02,508,0,0,1474,487,0
Semantic,fr3_walking_halfsphere,run_02,509,0,0,1322,467,0
Semantic,fr3_walking_halfsphere,run_02,510,0,0,1572,447,0
Semantic,fr3_walking_halfsphere,run_02,511,0,0,1567,475,0
Semantic,fr3_walking_halfsphere,run_02,512,0,0,1562,461,0
Semantic,fr3_walking_halfsphere,run_02,513,0,0,1600,451,0
Semantic,fr3_walking_halfsphere,run_02,514,0,0,1624,444,0
Semantic,fr3_walking_halfsphere,run_02,515,0,0,1585,357,0
Semantic,fr3_walking_halfsphere,run_02,516,0,0,1459,182,0
Semantic,fr3_walking_halfsphere,run_02,517,0,0,1438,264,0
Semantic,fr3_walking_halfsphere,run_02,518,0,0,2039,413,0
Semantic,fr3_walking_halfsphere,run_02,519,0,0,2028,354,0
Semantic,fr3_walking_halfsphere,run_02,520,0,0,1866,250,0
Semantic,fr3_walking_halfsphere,run_02,521,0,0,1762,204,0
Semantic,fr3_walking_halfsphere,run_02,522,0,0,1826,215,0
Semantic,fr3_walking_halfsphere,run_02,523,0,0,1643,159,0
Semantic,fr3_walking_halfsphere,run_02,524,0,0,1470,183,0
Semantic,fr3_walking_halfsphere,run_02,525,0,0,1733,173,0
Semantic,fr3_walking_halfsphere,run_02,526,0,0,1372,143,0
Semantic,fr3_walking_halfsphere,run_02,527,0,0,1657,138,0
Semantic,fr3_walking_halfsphere,run_02,528,0,0,1427,142,0
Semantic,fr3_walking_halfsphere,run_02,529,0,0,1746,168,0
Semantic,fr3_walking_halfsphere,run_02,530,0,0,1392,227,0
Semantic,fr3_walking_halfsphere,run_02,531,0,0,1353,226,0
Semantic,fr3_walking_halfsphere,run_02,532,0,0,1566,469,0
Semantic,fr3_walking_halfsphere,run_02,533,0,0,1321,454,0
Semantic,fr3_walking_halfsphere,run_02,534,0,0,1170,439,0
Semantic,fr3_walking_halfsphere,run_02,535,0,0,1166,480,0
Semantic,fr3_walking_halfsphere,run_02,536,0,0,1133,450,0
Semantic,fr3_walking_halfsphere,run_02,537,0,0,1132,505,0
Semantic,fr3_walking_halfsphere,run_02,538,0,0,1139,499,0
Semantic,fr3_walking_halfsphere,run_02,539,0,0,848,317,0
Semantic,fr3_walking_halfsphere,run_02,540,0,0,926,382,0
Semantic,fr3_walking_halfsphere,run_02,541,0,0,927,251,0
Semantic,fr3_walking_halfsphere,run_02,542,0,0,947,241,0
Semantic,fr3_walking_halfsphere,run_02,543,0,0,983,228,0
Semantic,fr3_walking_halfsphere,run_02,544,0,0,1037,221,0
Semantic,fr3_walking_halfsphere,run_02,545,0,0,1085,216,0
Semantic,fr3_walking_halfsphere,run_02,546,0,0,928,178,0
Semantic,fr3_walking_halfsphere,run_02,547,0,0,938,168,0
Semantic,fr3_walking_halfsphere,run_02,548,0,0,994,145,0
Semantic,fr3_walking_halfsphere,run_02,549,0,0,1074,249,0
Semantic,fr3_walking_halfsphere,run_02,550,0,0,1077,235,0
Semantic,fr3_walking_halfsphere,run_02,551,0,0,1034,186,0
Semantic,fr3_walking_halfsphere,run_02,552,0,0,978,231,0
Semantic,fr3_walking_halfsphere,run_02,553,0,0,899,142,0
Semantic,fr3_walking_halfsphere,run_02,554,0,0,1131,291,0
Semantic,fr3_walking_halfsphere,run_02,555,0,0,995,208,0
Semantic,fr3_walking_halfsphere,run_02,556,0,0,1041,217,0
Semantic,fr3_walking_halfsphere,run_02,557,0,0,1052,180,0
Semantic,fr3_walking_halfsphere,run_02,558,0,0,1055,203,0
Semantic,fr3_walking_halfsphere,run_02,559,0,0,1087,192,0
Semantic,fr3_walking_halfsphere,run_02,560,0,0,1025,135,0
Semantic,fr3_walking_halfsphere,run_02,561,0,0,1079,149,0
Semantic,fr3_walking_halfsphere,run_02,562,0,0,1202,149,0
Semantic,fr3_walking_halfsphere,run_02,563,0,0,1241,129,0
Semantic,fr3_walking_halfsphere,run_02,564,0,0,1312,288,0
Semantic,fr3_walking_halfsphere,run_02,565,0,0,1476,426,0
Semantic,fr3_walking_halfsphere,run_02,566,0,0,1287,341,0
Semantic,fr3_walking_halfsphere,run_02,567,0,0,1212,313,0
Semantic,fr3_walking_halfsphere,run_02,568,0,0,1246,438,0
Semantic,fr3_walking_halfsphere,run_02,569,0,0,1307,491,0
Semantic,fr3_walking_halfsphere,run_02,570,0,0,1331,479,0
Semantic,fr3_walking_halfsphere,run_02,571,0,0,1177,442,0
Semantic,fr3_walking_halfsphere,run_02,572,0,0,1329,516,0
Semantic,fr3_walking_halfsphere,run_02,573,0,0,1349,617,0
Semantic,fr3_walking_halfsphere,run_02,574,0,0,1386,630,0
Semantic,fr3_walking_halfsphere,run_02,575,0,0,1309,526,0
Semantic,fr3_walking_halfsphere,run_02,576,0,0,1474,582,0
Semantic,fr3_walking_halfsphere,run_02,577,0,0,1421,507,0
Semantic,fr3_walking_halfsphere,run_02,578,0,0,1426,514,0
Semantic,fr3_walking_halfsphere,run_02,579,0,0,1237,365,0
Semantic,fr3_walking_halfsphere,run_02,580,0,0,1318,400,0
Semantic,fr3_walking_halfsphere,run_02,581,0,0,1331,415,0
Semantic,fr3_walking_halfsphere,run_02,582,0,0,1365,435,0
Semantic,fr3_walking_halfsphere,run_02,583,0,0,1341,407,0
Semantic,fr3_walking_halfsphere,run_02,584,0,0,1505,504,0
Semantic,fr3_walking_halfsphere,run_02,585,0,0,1416,442,0
Semantic,fr3_walking_halfsphere,run_02,586,0,0,1435,450,0
Semantic,fr3_walking_halfsphere,run_02,587,0,0,1586,539,0
Semantic,fr3_walking_halfsphere,run_02,588,0,0,1553,480,0
Semantic,fr3_walking_halfsphere,run_02,589,0,0,1755,568,0
Semantic,fr3_walking_halfsphere,run_02,590,0,0,1661,454,0
Semantic,fr3_walking_halfsphere,run_02,591,0,0,1721,426,0
Semantic,fr3_walking_halfsphere,run_02,592,0,0,1758,479,0
Semantic,fr3_walking_halfsphere,run_02,593,0,0,1889,564,0
Semantic,fr3_walking_halfsphere,run_02,594,0,0,2012,575,0
Semantic,fr3_walking_halfsphere,run_02,595,0,0,1955,565,0
Semantic,fr3_walking_halfsphere,run_02,596,0,0,2023,543,0
Semantic,fr3_walking_halfsphere,run_02,597,0,0,2131,552,0
Semantic,fr3_walking_halfsphere,run_02,598,0,0,2117,522,0
Semantic,fr3_walking_halfsphere,run_02,599,0,0,2173,502,0
Semantic,fr3_walking_halfsphere,run_02,600,0,0,1678,254,0
Semantic,fr3_walking_halfsphere,run_02,601,0,0,2121,594,0
Semantic,fr3_walking_halfsphere,run_02,602,0,0,2108,617,0
Semantic,fr3_walking_halfsphere,run_02,603,0,0,2129,674,0
Semantic,fr3_walking_halfsphere,run_02,604,0,0,1539,328,0
Semantic,fr3_walking_halfsphere,run_02,605,0,0,1593,412,0
Semantic,fr3_walking_halfsphere,run_02,606,0,0,1661,450,0
Semantic,fr3_walking_halfsphere,run_02,607,0,0,1542,403,0
Semantic,fr3_walking_halfsphere,run_02,608,0,0,1821,648,0
Semantic,fr3_walking_halfsphere,run_02,609,0,0,1607,489,0
Semantic,fr3_walking_halfsphere,run_02,610,0,0,1589,497,0
Semantic,fr3_walking_halfsphere,run_02,611,0,0,1675,507,0
Semantic,fr3_walking_halfsphere,run_02,612,0,0,1623,536,0
Semantic,fr3_walking_halfsphere,run_02,613,0,0,1591,543,0
Semantic,fr3_walking_halfsphere,run_02,614,0,0,1594,606,0
Semantic,fr3_walking_halfsphere,run_02,615,0,0,1629,631,0
Semantic,fr3_walking_halfsphere,run_02,616,0,0,1937,869,0
Semantic,fr3_walking_halfsphere,run_02,617,0,0,1973,897,0
Semantic,fr3_walking_halfsphere,run_02,618,0,0,1995,957,0
Semantic,fr3_walking_halfsphere,run_02,619,0,0,2004,981,0
Semantic,fr3_walking_halfsphere,run_02,620,0,0,1684,728,0
Semantic,fr3_walking_halfsphere,run_02,621,0,0,1298,459,0
Semantic,fr3_walking_halfsphere,run_02,622,0,0,2005,1078,0
Semantic,fr3_walking_halfsphere,run_02,623,0,0,1359,584,0
Semantic,fr3_walking_halfsphere,run_02,624,0,0,1511,638,0
Semantic,fr3_walking_halfsphere,run_02,625,0,0,2249,1248,0
Semantic,fr3_walking_halfsphere,run_02,626,0,0,1918,1152,0
Semantic,fr3_walking_halfsphere,run_02,627,0,0,1936,1155,0
Semantic,fr3_walking_halfsphere,run_02,628,0,0,1355,664,0
Semantic,fr3_walking_halfsphere,run_02,629,0,0,1353,660,0
Semantic,fr3_walking_halfsphere,run_02,630,0,0,1403,661,0
Semantic,fr3_walking_halfsphere,run_02,631,0,0,1380,668,0
Semantic,fr3_walking_halfsphere,run_02,632,0,0,1421,742,0
Semantic,fr3_walking_halfsphere,run_02,633,0,0,1422,796,0
Semantic,fr3_walking_halfsphere,run_02,634,0,0,1424,891,0
Semantic,fr3_walking_halfsphere,run_02,635,0,0,1483,881,0
Semantic,fr3_walking_halfsphere,run_02,636,0,0,911,519,0
Semantic,fr3_walking_halfsphere,run_02,637,0,0,1808,1258,0
Semantic,fr3_walking_halfsphere,run_02,638,0,0,1693,1123,0
Semantic,fr3_walking_halfsphere,run_02,639,0,0,1703,1128,0
Semantic,fr3_walking_halfsphere,run_02,640,0,0,1632,1044,0
Semantic,fr3_walking_halfsphere,run_02,641,0,0,1721,1117,0
Semantic,fr3_walking_halfsphere,run_02,642,0,0,1677,1080,0
Semantic,fr3_walking_halfsphere,run_02,643,0,0,1007,594,0
Semantic,fr3_walking_halfsphere,run_02,644,0,0,1383,776,0
Semantic,fr3_walking_halfsphere,run_02,645,0,0,1380,756,0
Semantic,fr3_walking_halfsphere,run_02,646,0,0,1300,711,0
Semantic,fr3_walking_halfsphere,run_02,647,0,0,1335,628,0
Semantic,fr3_walking_halfsphere,run_02,648,0,0,1020,505,0
Semantic,fr3_walking_halfsphere,run_02,649,0,0,1279,635,0
Semantic,fr3_walking_halfsphere,run_02,650,0,0,1409,648,0
Semantic,fr3_walking_halfsphere,run_02,651,0,0,988,465,0
Semantic,fr3_walking_halfsphere,run_02,652,0,0,1376,583,0
Semantic,fr3_walking_halfsphere,run_02,653,0,0,1042,462,0
Semantic,fr3_walking_halfsphere,run_02,654,0,0,1089,570,0
Semantic,fr3_walking_halfsphere,run_02,655,0,0,1318,579,0
Semantic,fr3_walking_halfsphere,run_02,656,0,0,1147,470,0
Semantic,fr3_walking_halfsphere,run_02,657,0,0,1181,444,0
Semantic,fr3_walking_halfsphere,run_02,658,0,0,1054,545,0
Semantic,fr3_walking_halfsphere,run_02,659,0,0,1215,394,0
Semantic,fr3_walking_halfsphere,run_02,660,0,0,1213,385,0
Semantic,fr3_walking_halfsphere,run_02,661,0,0,1296,411,0
Semantic,fr3_walking_halfsphere,run_02,662,0,0,1273,580,0
Semantic,fr3_walking_halfsphere,run_02,663,0,0,1284,579,0
Semantic,fr3_walking_halfsphere,run_02,664,0,0,1331,595,0
Semantic,fr3_walking_halfsphere,run_02,665,0,0,1323,603,0
Semantic,fr3_walking_halfsphere,run_02,666,0,0,1377,614,0
Semantic,fr3_walking_halfsphere,run_02,667,0,0,1641,643,0
Semantic,fr3_walking_halfsphere,run_02,668,0,0,1440,420,0
Semantic,fr3_walking_halfsphere,run_02,669,0,0,1408,360,0
Semantic,fr3_walking_halfsphere,run_02,670,0,0,1490,605,0
Semantic,fr3_walking_halfsphere,run_02,671,0,0,1621,588,0
Semantic,fr3_walking_halfsphere,run_02,672,0,0,1812,564,0
Semantic,fr3_walking_halfsphere,run_02,673,0,0,1609,520,0
Semantic,fr3_walking_halfsphere,run_02,674,0,0,1593,510,0
Semantic,fr3_walking_halfsphere,run_02,675,0,0,1623,423,0
Semantic,fr3_walking_halfsphere,run_02,676,0,0,1626,474,0
Semantic,fr3_walking_halfsphere,run_02,677,0,0,1775,0,0
Semantic,fr3_walking_halfsphere,run_02,678,0,0,1574,808,0
Semantic,fr3_walking_halfsphere,run_02,679,0,0,1357,568,0
Semantic,fr3_walking_halfsphere,run_02,680,0,0,1874,835,0
Semantic,fr3_walking_halfsphere,run_02,681,0,0,1451,542,0
Semantic,fr3_walking_halfsphere,run_02,682,0,0,1455,549,0
Semantic,fr3_walking_halfsphere,run_02,683,0,0,1013,0,0
Semantic,fr3_walking_halfsphere,run_02,684,0,0,1044,392,0
Semantic,fr3_walking_halfsphere,run_02,685,0,0,1045,388,0
Semantic,fr3_walking_halfsphere,run_02,686,0,0,853,202,0
Semantic,fr3_walking_halfsphere,run_02,687,0,0,889,195,0
Semantic,fr3_walking_halfsphere,run_02,688,0,0,888,191,0
Semantic,fr3_walking_halfsphere,run_02,689,0,0,1204,230,0
Semantic,fr3_walking_halfsphere,run_02,690,0,0,1454,282,0
Semantic,fr3_walking_halfsphere,run_02,691,0,0,966,179,0
Semantic,fr3_walking_halfsphere,run_02,692,0,0,991,173,0
Semantic,fr3_walking_halfsphere,run_02,693,0,0,1381,228,0
Semantic,fr3_walking_halfsphere,run_02,694,0,0,1317,202,0
Semantic,fr3_walking_halfsphere,run_02,695,0,0,1359,197,0
Semantic,fr3_walking_halfsphere,run_02,696,0,0,1203,210,0
Semantic,fr3_walking_halfsphere,run_02,697,0,0,1407,265,0
Semantic,fr3_walking_halfsphere,run_02,698,0,0,1633,331,0
Semantic,fr3_walking_halfsphere,run_02,699,0,0,1635,295,0
Semantic,fr3_walking_halfsphere,run_02,700,0,0,1622,301,0
Semantic,fr3_walking_halfsphere,run_02,701,0,0,1626,301,0
Semantic,fr3_walking_halfsphere,run_02,702,0,0,1700,318,0
Semantic,fr3_walking_halfsphere,run_02,703,0,0,1703,336,0
Semantic,fr3_walking_halfsphere,run_02,704,0,0,1893,386,0
Semantic,fr3_walking_halfsphere,run_02,705,0,0,1763,303,0
Semantic,fr3_walking_halfsphere,run_02,706,0,0,2109,396,0
Semantic,fr3_walking_halfsphere,run_02,707,0,0,1957,317,0
Semantic,fr3_walking_halfsphere,run_02,708,0,0,1851,255,0
Semantic,fr3_walking_halfsphere,run_02,709,0,0,1678,145,0
Semantic,fr3_walking_halfsphere,run_02,710,0,0,1654,200,0
Semantic,fr3_walking_halfsphere,run_02,711,0,0,1520,171,0
Semantic,fr3_walking_halfsphere,run_02,712,0,0,1566,184,0
Semantic,fr3_walking_halfsphere,run_02,713,0,0,1553,195,0
Semantic,fr3_walking_halfsphere,run_02,714,0,0,1473,172,0
Semantic,fr3_walking_halfsphere,run_02,715,0,0,1547,246,0
Semantic,fr3_walking_halfsphere,run_02,716,0,0,1560,229,0
Semantic,fr3_walking_halfsphere,run_02,717,0,0,1623,189,0
Semantic,fr3_walking_halfsphere,run_02,718,0,0,1593,146,0
Semantic,fr3_walking_halfsphere,run_02,719,0,0,1583,121,0
Semantic,fr3_walking_halfsphere,run_02,720,0,0,1583,108,0
Semantic,fr3_walking_halfsphere,run_02,721,0,0,1501,114,0
Semantic,fr3_walking_halfsphere,run_02,722,0,0,1489,96,0
Semantic,fr3_walking_halfsphere,run_02,723,0,0,1493,69,0
Semantic,fr3_walking_halfsphere,run_02,724,0,0,1545,102,0
Semantic,fr3_walking_halfsphere,run_02,725,0,0,1622,120,0
Semantic,fr3_walking_halfsphere,run_02,726,0,0,1437,39,0
Semantic,fr3_walking_halfsphere,run_02,727,0,0,1351,57,0
Semantic,fr3_walking_halfsphere,run_02,728,0,0,1541,52,0
Semantic,fr3_walking_halfsphere,run_02,729,0,0,1629,39,0
Semantic,fr3_walking_halfsphere,run_02,730,0,0,1643,62,0
Semantic,fr3_walking_halfsphere,run_02,731,0,0,1635,34,0
Semantic,fr3_walking_halfsphere,run_02,732,0,0,1649,28,0
Semantic,fr3_walking_halfsphere,run_02,733,0,0,1689,45,0
Semantic,fr3_walking_halfsphere,run_02,734,0,0,1579,32,0
Semantic,fr3_walking_halfsphere,run_02,735,0,0,1494,47,0
Semantic,fr3_walking_halfsphere,run_02,736,0,0,1559,41,0
Semantic,fr3_walking_halfsphere,run_02,737,0,0,1346,13,0
Semantic,fr3_walking_halfsphere,run_02,738,0,0,1652,25,0
Semantic,fr3_walking_halfsphere,run_02,739,0,0,1709,9,0
Semantic,fr3_walking_halfsphere,run_02,740,0,0,1693,18,0
Semantic,fr3_walking_halfsphere,run_02,741,0,0,1676,39,0
Semantic,fr3_walking_halfsphere,run_02,742,0,0,1622,34,0
Semantic,fr3_walking_halfsphere,run_02,743,0,0,1696,30,0
Semantic,fr3_walking_halfsphere,run_02,744,0,0,1719,52,0
Semantic,fr3_walking_halfsphere,run_02,745,0,0,1660,25,0
Semantic,fr3_walking_halfsphere,run_02,746,0,0,1693,0,0
Semantic,fr3_walking_halfsphere,run_02,747,0,0,1759,177,0
Semantic,fr3_walking_halfsphere,run_02,748,0,0,1283,48,0
Semantic,fr3_walking_halfsphere,run_02,749,0,0,1550,0,0
Semantic,fr3_walking_halfsphere,run_02,750,0,0,1713,232,0
Semantic,fr3_walking_halfsphere,run_02,751,0,0,1569,91,0
Semantic,fr3_walking_halfsphere,run_02,752,0,0,1608,104,0
Semantic,fr3_walking_halfsphere,run_02,753,0,0,1619,123,0
Semantic,fr3_walking_halfsphere,run_02,754,0,0,1722,0,0
Semantic,fr3_walking_halfsphere,run_02,755,0,0,1768,379,0
Semantic,fr3_walking_halfsphere,run_02,756,0,0,1629,282,0
Semantic,fr3_walking_halfsphere,run_02,757,0,0,1587,318,0
Semantic,fr3_walking_halfsphere,run_02,758,0,0,1659,283,0
Semantic,fr3_walking_halfsphere,run_02,759,0,0,1572,0,0
Semantic,fr3_walking_halfsphere,run_02,760,0,0,1838,0,0
Semantic,fr3_walking_halfsphere,run_02,761,0,0,1851,0,0
Semantic,fr3_walking_halfsphere,run_02,762,0,0,1866,0,0
Semantic,fr3_walking_halfsphere,run_02,763,0,0,1869,0,0
Semantic,fr3_walking_halfsphere,run_02,764,0,0,1914,0,0
Semantic,fr3_walking_halfsphere,run_02,765,0,0,1941,0,0
Semantic,fr3_walking_halfsphere,run_02,766,0,0,2000,0,0
Semantic,fr3_walking_halfsphere,run_02,767,0,0,1912,0,0
Semantic,fr3_walking_halfsphere,run_02,768,0,0,1937,0,0
Semantic,fr3_walking_halfsphere,run_02,769,0,0,1909,0,0
Semantic,fr3_walking_halfsphere,run_02,770,0,0,2024,0,0
Semantic,fr3_walking_halfsphere,run_02,771,0,0,1645,0,0
Semantic,fr3_walking_halfsphere,run_02,772,0,0,1948,0,0
Semantic,fr3_walking_halfsphere,run_02,773,0,0,1973,0,0
Semantic,fr3_walking_halfsphere,run_02,774,0,0,1958,0,0
Semantic,fr3_walking_halfsphere,run_02,775,0,0,1993,191,0
Semantic,fr3_walking_halfsphere,run_02,776,0,0,1934,0,0
Semantic,fr3_walking_halfsphere,run_02,777,0,0,2051,0,0
Semantic,fr3_walking_halfsphere,run_02,778,0,0,2198,0,0
Semantic,fr3_walking_halfsphere,run_02,779,0,0,2155,0,0
Semantic,fr3_walking_halfsphere,run_02,780,0,0,1956,0,0
Semantic,fr3_walking_halfsphere,run_02,781,0,0,1952,197,0
Semantic,fr3_walking_halfsphere,run_02,782,0,0,1926,188,0
Semantic,fr3_walking_halfsphere,run_02,783,0,0,1901,198,0
Semantic,fr3_walking_halfsphere,run_02,784,0,0,1602,169,0
Semantic,fr3_walking_halfsphere,run_02,785,0,0,1759,0,0
Semantic,fr3_walking_halfsphere,run_02,786,0,0,2167,0,0
Semantic,fr3_walking_halfsphere,run_02,787,0,0,1742,0,0
Semantic,fr3_walking_halfsphere,run_02,788,0,0,1772,0,0
Semantic,fr3_walking_halfsphere,run_02,789,0,0,1945,0,0
Semantic,fr3_walking_halfsphere,run_02,790,0,0,1915,82,0
Semantic,fr3_walking_halfsphere,run_02,791,0,0,1927,0,0
Semantic,fr3_walking_halfsphere,run_02,792,0,0,1816,0,0
Semantic,fr3_walking_halfsphere,run_02,793,0,0,1852,0,0
Semantic,fr3_walking_halfsphere,run_02,794,0,0,1805,77,0
Semantic,fr3_walking_halfsphere,run_02,795,0,0,1811,0,0
Semantic,fr3_walking_halfsphere,run_02,796,0,0,1843,0,0
Semantic,fr3_walking_halfsphere,run_02,797,0,0,1832,0,0
Semantic,fr3_walking_halfsphere,run_02,798,0,0,1947,0,0
Semantic,fr3_walking_halfsphere,run_02,799,0,0,1892,0,0
Semantic,fr3_walking_halfsphere,run_02,800,0,0,1902,128,0
Semantic,fr3_walking_halfsphere,run_02,801,0,0,1942,0,0
Semantic,fr3_walking_halfsphere,run_02,802,0,0,1847,0,0
Semantic,fr3_walking_halfsphere,run_02,803,0,0,1576,0,0
Semantic,fr3_walking_halfsphere,run_02,804,0,0,1865,0,0
Semantic,fr3_walking_halfsphere,run_02,805,0,0,1727,0,0
Semantic,fr3_walking_halfsphere,run_02,806,0,0,1715,0,0
Semantic,fr3_walking_halfsphere,run_02,807,0,0,1936,582,0
Semantic,fr3_walking_halfsphere,run_02,808,0,0,1771,0,0
Semantic,fr3_walking_halfsphere,run_02,809,0,0,1783,479,0
Semantic,fr3_walking_halfsphere,run_02,810,0,0,1865,688,0
Semantic,fr3_walking_halfsphere,run_02,811,0,0,1828,0,0
Semantic,fr3_walking_halfsphere,run_02,812,0,0,2131,0,0
Semantic,fr3_walking_halfsphere,run_02,813,0,0,1885,0,0
Semantic,fr3_walking_halfsphere,run_02,814,0,0,1831,0,0
Semantic,fr3_walking_halfsphere,run_02,815,0,0,1780,0,0
Semantic,fr3_walking_halfsphere,run_02,816,0,0,1638,544,0
Semantic,fr3_walking_halfsphere,run_02,817,0,0,1756,0,0
Semantic,fr3_walking_halfsphere,run_02,818,0,0,1684,0,0
Semantic,fr3_walking_halfsphere,run_02,819,0,0,1691,264,0
Semantic,fr3_walking_halfsphere,run_02,820,0,0,2076,328,0
Semantic,fr3_walking_halfsphere,run_02,821,0,0,1799,208,0
Semantic,fr3_walking_halfsphere,run_02,822,0,0,1677,473,0
Semantic,fr3_walking_halfsphere,run_02,823,0,0,1674,235,0
Semantic,fr3_walking_halfsphere,run_02,824,0,0,1803,249,0
Semantic,fr3_walking_halfsphere,run_02,825,0,0,1846,489,0
Semantic,fr3_walking_halfsphere,run_02,826,0,0,1850,434,0
Semantic,fr3_walking_halfsphere,run_02,827,0,0,1947,258,0
Semantic,fr3_walking_halfsphere,run_02,828,0,0,1830,255,0
Semantic,fr3_walking_halfsphere,run_02,829,0,0,1713,282,0
Semantic,fr3_walking_halfsphere,run_02,830,0,0,1718,307,0
Semantic,fr3_walking_halfsphere,run_02,831,0,0,1766,257,0
Semantic,fr3_walking_halfsphere,run_02,832,0,0,1575,316,0
Semantic,fr3_walking_halfsphere,run_02,833,0,0,1505,311,0
Semantic,fr3_walking_halfsphere,run_02,834,0,0,1532,310,0
Semantic,fr3_walking_halfsphere,run_02,835,0,0,1521,357,0
Semantic,fr3_walking_halfsphere,run_02,836,0,0,1461,354,0
Semantic,fr3_walking_halfsphere,run_02,837,0,0,1431,342,0
Semantic,fr3_walking_halfsphere,run_02,838,0,0,1358,387,0
Semantic,fr3_walking_halfsphere,run_02,839,0,0,1557,472,0
Semantic,fr3_walking_halfsphere,run_02,840,0,0,1450,572,0
Semantic,fr3_walking_halfsphere,run_02,841,0,0,1295,532,0
Semantic,fr3_walking_halfsphere,run_02,842,0,0,1118,470,0
Semantic,fr3_walking_halfsphere,run_02,843,0,0,1069,423,0
Semantic,fr3_walking_halfsphere,run_02,844,0,0,1052,472,0
Semantic,fr3_walking_halfsphere,run_02,845,0,0,1031,430,0
Semantic,fr3_walking_halfsphere,run_02,846,0,0,1008,579,0
Semantic,fr3_walking_halfsphere,run_02,847,0,0,1049,697,0
Semantic,fr3_walking_halfsphere,run_02,848,0,0,1141,766,0
Semantic,fr3_walking_halfsphere,run_02,849,0,0,46,18,0
Semantic,fr3_walking_halfsphere,run_02,861,0,0,107,52,0
Semantic,fr3_walking_halfsphere,run_02,866,0,0,1151,265,0
Semantic,fr3_walking_halfsphere,run_02,867,0,0,840,207,0
Semantic,fr3_walking_halfsphere,run_02,868,0,0,1540,181,0
Semantic,fr3_walking_halfsphere,run_02,869,0,0,1562,170,0
Semantic,fr3_walking_halfsphere,run_02,870,0,0,1575,171,0
Semantic,fr3_walking_halfsphere,run_02,871,0,0,1574,159,0
Semantic,fr3_walking_halfsphere,run_02,872,0,0,1595,155,0
Semantic,fr3_walking_halfsphere,run_02,873,0,0,1493,149,0
Semantic,fr3_walking_halfsphere,run_02,874,0,0,1487,132,0
Semantic,fr3_walking_halfsphere,run_02,875,0,0,1700,196,0
Semantic,fr3_walking_halfsphere,run_02,876,0,0,1647,165,0
Semantic,fr3_walking_halfsphere,run_02,877,0,0,1667,143,0
Semantic,fr3_walking_halfsphere,run_02,878,0,0,1734,126,0
Semantic,fr3_walking_halfsphere,run_02,879,0,0,1708,162,0
Semantic,fr3_walking_halfsphere,run_02,880,0,0,1605,0,0
Semantic,fr3_walking_halfsphere,run_02,881,0,0,1627,0,0
Semantic,fr3_walking_halfsphere,run_02,882,0,0,1745,0,0
Semantic,fr3_walking_halfsphere,run_02,883,0,0,1735,0,0
Semantic,fr3_walking_halfsphere,run_02,884,0,0,1713,0,0
Semantic,fr3_walking_halfsphere,run_02,885,0,0,1705,0,0
Semantic,fr3_walking_halfsphere,run_02,886,0,0,1845,0,0
Semantic,fr3_walking_halfsphere,run_02,887,0,0,1771,0,0
Semantic,fr3_walking_halfsphere,run_02,888,0,0,1764,0,0
Semantic,fr3_walking_halfsphere,run_02,889,0,0,1753,0,0
Semantic,fr3_walking_halfsphere,run_02,890,0,0,1846,0,0
Semantic,fr3_walking_halfsphere,run_02,891,0,0,1860,0,0
Semantic,fr3_walking_halfsphere,run_02,892,0,0,1763,0,0
Semantic,fr3_walking_halfsphere,run_02,893,0,0,1742,0,0
Semantic,fr3_walking_halfsphere,run_02,894,0,0,1764,0,0
Semantic,fr3_walking_halfsphere,run_02,895,0,0,1757,0,0
Semantic,fr3_walking_halfsphere,run_02,896,0,0,1758,0,0
Semantic,fr3_walking_halfsphere,run_02,897,0,0,1814,0,0
Semantic,fr3_walking_halfsphere,run_02,898,0,0,2045,0,0
Semantic,fr3_walking_halfsphere,run_02,899,0,0,2010,0,0
Semantic,fr3_walking_halfsphere,run_02,900,0,0,2076,0,0
Semantic,fr3_walking_halfsphere,run_02,901,0,0,2059,0,0
Semantic,fr3_walking_halfsphere,run_02,902,0,0,2070,0,0
Semantic,fr3_walking_halfsphere,run_02,903,0,0,1926,0,0
Semantic,fr3_walking_halfsphere,run_02,904,0,0,2123,0,0
Semantic,fr3_walking_halfsphere,run_02,905,0,0,2129,0,0
Semantic,fr3_walking_halfsphere,run_02,906,0,0,2285,0,0
Semantic,fr3_walking_halfsphere,run_02,907,0,0,2081,0,0
Semantic,fr3_walking_halfsphere,run_02,908,0,0,2109,416,0
Semantic,fr3_walking_halfsphere,run_02,909,0,0,2031,349,0
Semantic,fr3_walking_halfsphere,run_02,910,0,0,2104,381,0
Semantic,fr3_walking_halfsphere,run_02,911,0,0,2251,0,0
Semantic,fr3_walking_halfsphere,run_02,912,0,0,2210,394,0
Semantic,fr3_walking_halfsphere,run_02,913,0,0,2260,416,0
Semantic,fr3_walking_halfsphere,run_02,914,0,0,2268,410,0
Semantic,fr3_walking_halfsphere,run_02,915,0,0,1776,266,0
Semantic,fr3_walking_halfsphere,run_02,916,0,0,1931,209,0
Semantic,fr3_walking_halfsphere,run_02,917,0,0,1926,179,0
Semantic,fr3_walking_halfsphere,run_02,918,0,0,1857,162,0
Semantic,fr3_walking_halfsphere,run_02,919,0,0,1867,164,0
Semantic,fr3_walking_halfsphere,run_02,920,0,0,1869,147,0
Semantic,fr3_walking_halfsphere,run_02,921,0,0,1919,148,0
Semantic,fr3_walking_halfsphere,run_02,922,0,0,1913,128,0
Semantic,fr3_walking_halfsphere,run_02,923,0,0,2025,174,0
Semantic,fr3_walking_halfsphere,run_02,924,0,0,1970,207,0
Semantic,fr3_walking_halfsphere,run_02,925,0,0,1864,162,0
Semantic,fr3_walking_halfsphere,run_02,926,0,0,1846,160,0
Semantic,fr3_walking_halfsphere,run_02,927,0,0,2023,160,0
Semantic,fr3_walking_halfsphere,run_02,928,0,0,1868,184,0
Semantic,fr3_walking_halfsphere,run_02,929,0,0,2048,238,0
Semantic,fr3_walking_halfsphere,run_02,930,0,0,1904,299,0
Semantic,fr3_walking_halfsphere,run_02,931,0,0,1924,285,0
Semantic,fr3_walking_halfsphere,run_02,932,0,0,1915,337,0
Semantic,fr3_walking_halfsphere,run_02,933,0,0,1893,346,0
Semantic,fr3_walking_halfsphere,run_02,934,0,0,1894,411,0
Semantic,fr3_walking_halfsphere,run_02,935,0,0,1943,431,0
Semantic,fr3_walking_halfsphere,run_02,936,0,0,2204,495,0
Semantic,fr3_walking_halfsphere,run_02,937,0,0,1846,585,0
Semantic,fr3_walking_halfsphere,run_02,938,0,0,1845,559,0
Semantic,fr3_walking_halfsphere,run_02,939,0,0,1819,599,0
Semantic,fr3_walking_halfsphere,run_02,940,0,0,1836,634,0
Semantic,fr3_walking_halfsphere,run_02,941,0,0,1658,612,0
Semantic,fr3_walking_halfsphere,run_02,942,0,0,1740,506,0
Semantic,fr3_walking_halfsphere,run_02,943,0,0,1712,445,0
Semantic,fr3_walking_halfsphere,run_02,944,0,0,1774,461,0
Semantic,fr3_walking_halfsphere,run_02,945,0,0,1671,501,0
Semantic,fr3_walking_halfsphere,run_02,946,0,0,1626,505,0
Semantic,fr3_walking_halfsphere,run_02,947,0,0,1768,495,0
Semantic,fr3_walking_halfsphere,run_02,948,0,0,1622,459,0
Semantic,fr3_walking_halfsphere,run_02,949,0,0,1659,514,0
Semantic,fr3_walking_halfsphere,run_02,950,0,0,1631,444,0
Semantic,fr3_walking_halfsphere,run_02,951,0,0,1709,437,0
Semantic,fr3_walking_halfsphere,run_02,952,0,0,1706,417,0
Semantic,fr3_walking_halfsphere,run_02,953,0,0,1912,299,0
Semantic,fr3_walking_halfsphere,run_02,954,0,0,1916,441,0
Semantic,fr3_walking_halfsphere,run_02,955,0,0,1747,419,0
Semantic,fr3_walking_halfsphere,run_02,956,0,0,1985,481,0
Semantic,fr3_walking_halfsphere,run_02,957,0,0,1950,454,0
Semantic,fr3_walking_halfsphere,run_02,958,0,0,1807,420,0
Semantic,fr3_walking_halfsphere,run_02,959,0,0,1905,426,0
Semantic,fr3_walking_halfsphere,run_02,960,0,0,1906,483,0
Semantic,fr3_walking_halfsphere,run_02,961,0,0,1905,321,0
Semantic,fr3_walking_halfsphere,run_02,962,0,0,2013,579,0
Semantic,fr3_walking_halfsphere,run_02,963,0,0,2081,648,0
Semantic,fr3_walking_halfsphere,run_02,964,0,0,2104,616,0
Semantic,fr3_walking_halfsphere,run_02,965,0,0,2087,570,0
Semantic,fr3_walking_halfsphere,run_02,966,0,0,1999,443,0
Semantic,fr3_walking_halfsphere,run_02,967,0,0,1967,705,0
Semantic,fr3_walking_halfsphere,run_02,968,0,0,1767,613,0
Semantic,fr3_walking_halfsphere,run_02,969,0,0,1866,629,0
Semantic,fr3_walking_halfsphere,run_02,970,0,0,1720,648,0
Semantic,fr3_walking_halfsphere,run_02,971,0,0,1725,627,0
Semantic,fr3_walking_halfsphere,run_02,972,0,0,1768,601,0
Semantic,fr3_walking_halfsphere,run_02,973,0,0,1796,652,0
Semantic,fr3_walking_halfsphere,run_02,974,0,0,1892,748,0
Semantic,fr3_walking_halfsphere,run_02,975,0,0,2024,914,0
Semantic,fr3_walking_halfsphere,run_02,976,0,0,1985,837,0
Semantic,fr3_walking_halfsphere,run_02,977,0,0,1820,749,0
Semantic,fr3_walking_halfsphere,run_02,978,0,0,1895,690,0
Semantic,fr3_walking_halfsphere,run_02,979,0,0,1805,644,0
Semantic,fr3_walking_halfsphere,run_02,980,0,0,1872,667,0
Semantic,fr3_walking_halfsphere,run_02,981,0,0,1914,622,0
Semantic,fr3_walking_halfsphere,run_02,982,0,0,1887,543,0
Semantic,fr3_walking_halfsphere,run_02,983,0,0,1943,533,0
Semantic,fr3_walking_halfsphere,run_02,984,0,0,1723,431,0
Semantic,fr3_walking_halfsphere,run_02,985,0,0,1782,409,0
Semantic,fr3_walking_halfsphere,run_02,986,0,0,1842,375,0
Semantic,fr3_walking_halfsphere,run_02,987,0,0,1942,364,0
Semantic,fr3_walking_halfsphere,run_02,988,0,0,1786,250,0
Semantic,fr3_walking_halfsphere,run_02,989,0,0,1828,243,0
Semantic,fr3_walking_halfsphere,run_02,990,0,0,2041,254,0
Semantic,fr3_walking_halfsphere,run_02,991,0,0,2030,334,0
Semantic,fr3_walking_halfsphere,run_02,992,0,0,2031,324,0
Semantic,fr3_walking_halfsphere,run_02,993,0,0,1856,255,0
Semantic,fr3_walking_halfsphere,run_02,994,0,0,1869,361,0
Semantic,fr3_walking_halfsphere,run_02,995,0,0,1851,273,0
Semantic,fr3_walking_halfsphere,run_02,996,0,0,1792,342,0
Semantic,fr3_walking_halfsphere,run_02,997,0,0,2025,347,0
Semantic,fr3_walking_halfsphere,run_02,998,0,0,1996,382,0
Semantic,fr3_walking_halfsphere,run_02,999,0,0,1987,387,0
Semantic,fr3_walking_halfsphere,run_02,1000,0,0,1764,418,0
Semantic,fr3_walking_halfsphere,run_02,1001,0,0,1635,400,0
Semantic,fr3_walking_halfsphere,run_02,1002,0,0,1983,442,0
Semantic,fr3_walking_halfsphere,run_02,1003,0,0,2007,413,0
Semantic,fr3_walking_halfsphere,run_02,1004,0,0,2044,440,0
Semantic,fr3_walking_halfsphere,run_02,1005,0,0,2016,421,0
Semantic,fr3_walking_halfsphere,run_02,1006,0,0,1811,405,0
Semantic,fr3_walking_halfsphere,run_02,1007,0,0,1829,402,0
Semantic,fr3_walking_halfsphere,run_02,1008,0,0,1937,414,0
Semantic,fr3_walking_halfsphere,run_02,1009,0,0,1915,398,0
Semantic,fr3_walking_halfsphere,run_02,1010,0,0,1952,423,0
Semantic,fr3_walking_halfsphere,run_02,1011,0,0,1834,454,0
Semantic,fr3_walking_halfsphere,run_02,1012,0,0,1842,485,0
Semantic,fr3_walking_halfsphere,run_02,1013,0,0,1833,486,0
Semantic,fr3_walking_halfsphere,run_02,1014,0,0,1853,441,0
Semantic,fr3_walking_halfsphere,run_02,1015,0,0,1873,310,0
Semantic,fr3_walking_halfsphere,run_02,1016,0,0,1947,484,0
Semantic,fr3_walking_halfsphere,run_02,1017,0,0,1945,417,0
Semantic,fr3_walking_halfsphere,run_02,1018,0,0,1882,458,0
Semantic,fr3_walking_halfsphere,run_02,1019,0,0,1902,461,0
Semantic,fr3_walking_halfsphere,run_02,1020,0,0,1812,421,0
Semantic,fr3_walking_halfsphere,run_03,1,0,0,291,46,0
Semantic,fr3_walking_halfsphere,run_03,2,0,0,432,39,0
Semantic,fr3_walking_halfsphere,run_03,3,0,0,358,3,0
Semantic,fr3_walking_halfsphere,run_03,4,0,0,472,55,0
Semantic,fr3_walking_halfsphere,run_03,5,0,0,468,129,0
Semantic,fr3_walking_halfsphere,run_03,6,0,0,356,94,0
Semantic,fr3_walking_halfsphere,run_03,7,0,0,349,46,0
Semantic,fr3_walking_halfsphere,run_03,8,0,0,370,17,0
Semantic,fr3_walking_halfsphere,run_03,9,0,0,471,23,0
Semantic,fr3_walking_halfsphere,run_03,10,0,0,585,51,0
Semantic,fr3_walking_halfsphere,run_03,11,0,0,578,126,0
Semantic,fr3_walking_halfsphere,run_03,12,0,0,546,34,0
Semantic,fr3_walking_halfsphere,run_03,13,0,0,682,210,0
Semantic,fr3_walking_halfsphere,run_03,14,0,0,539,189,0
Semantic,fr3_walking_halfsphere,run_03,15,0,0,486,136,0
Semantic,fr3_walking_halfsphere,run_03,16,0,0,480,100,0
Semantic,fr3_walking_halfsphere,run_03,17,0,0,489,190,0
Semantic,fr3_walking_halfsphere,run_03,18,0,0,498,186,0
Semantic,fr3_walking_halfsphere,run_03,19,0,0,451,170,0
Semantic,fr3_walking_halfsphere,run_03,20,0,0,480,190,0
Semantic,fr3_walking_halfsphere,run_03,21,0,0,444,115,0
Semantic,fr3_walking_halfsphere,run_03,22,0,0,473,150,0
Semantic,fr3_walking_halfsphere,run_03,23,0,0,513,176,0
Semantic,fr3_walking_halfsphere,run_03,24,0,0,500,149,0
Semantic,fr3_walking_halfsphere,run_03,25,0,0,547,270,0
Semantic,fr3_walking_halfsphere,run_03,26,0,0,535,294,0
Semantic,fr3_walking_halfsphere,run_03,27,0,0,490,179,0
Semantic,fr3_walking_halfsphere,run_03,28,0,0,496,182,0
Semantic,fr3_walking_halfsphere,run_03,29,0,0,531,189,0
Semantic,fr3_walking_halfsphere,run_03,30,0,0,509,263,0
Semantic,fr3_walking_halfsphere,run_03,31,0,0,539,232,0
Semantic,fr3_walking_halfsphere,run_03,32,0,0,539,232,0
Semantic,fr3_walking_halfsphere,run_03,33,0,0,531,205,0
Semantic,fr3_walking_halfsphere,run_03,34,0,0,570,237,0
Semantic,fr3_walking_halfsphere,run_03,35,0,0,564,236,0
Semantic,fr3_walking_halfsphere,run_03,36,0,0,571,237,0
Semantic,fr3_walking_halfsphere,run_03,37,0,0,600,242,0
Semantic,fr3_walking_halfsphere,run_03,38,0,0,587,286,0
Semantic,fr3_walking_halfsphere,run_03,39,0,0,581,265,0
Semantic,fr3_walking_halfsphere,run_03,40,0,0,606,261,0
Semantic,fr3_walking_halfsphere,run_03,41,0,0,609,249,0
Semantic,fr3_walking_halfsphere,run_03,42,0,0,609,254,0
Semantic,fr3_walking_halfsphere,run_03,43,0,0,609,252,0
Semantic,fr3_walking_halfsphere,run_03,44,0,0,603,239,0
Semantic,fr3_walking_halfsphere,run_03,45,0,0,594,209,0
Semantic,fr3_walking_halfsphere,run_03,46,0,0,641,186,0
Semantic,fr3_walking_halfsphere,run_03,47,0,0,630,145,0
Semantic,fr3_walking_halfsphere,run_03,48,0,0,640,121,0
Semantic,fr3_walking_halfsphere,run_03,49,0,0,678,104,0
Semantic,fr3_walking_halfsphere,run_03,50,0,0,693,98,0
Semantic,fr3_walking_halfsphere,run_03,51,0,0,668,96,0
Semantic,fr3_walking_halfsphere,run_03,52,0,0,683,125,0
Semantic,fr3_walking_halfsphere,run_03,53,0,0,652,120,0
Semantic,fr3_walking_halfsphere,run_03,54,0,0,668,145,0
Semantic,fr3_walking_halfsphere,run_03,55,0,0,630,175,0
Semantic,fr3_walking_halfsphere,run_03,56,0,0,669,175,0
Semantic,fr3_walking_halfsphere,run_03,57,0,0,699,198,0
Semantic,fr3_walking_halfsphere,run_03,58,0,0,685,191,0
Semantic,fr3_walking_halfsphere,run_03,59,0,0,650,181,0
Semantic,fr3_walking_halfsphere,run_03,60,0,0,627,176,0
Semantic,fr3_walking_halfsphere,run_03,61,0,0,570,173,0
Semantic,fr3_walking_halfsphere,run_03,62,0,0,576,164,0
Semantic,fr3_walking_halfsphere,run_03,63,0,0,628,188,0
Semantic,fr3_walking_halfsphere,run_03,64,0,0,582,187,0
Semantic,fr3_walking_halfsphere,run_03,65,0,0,619,206,0
Semantic,fr3_walking_halfsphere,run_03,66,0,0,605,241,0
Semantic,fr3_walking_halfsphere,run_03,67,0,0,601,236,0
Semantic,fr3_walking_halfsphere,run_03,68,0,0,600,275,0
Semantic,fr3_walking_halfsphere,run_03,69,0,0,558,216,0
Semantic,fr3_walking_halfsphere,run_03,70,0,0,596,238,0
Semantic,fr3_walking_halfsphere,run_03,71,0,0,589,257,0
Semantic,fr3_walking_halfsphere,run_03,72,0,0,562,224,0
Semantic,fr3_walking_halfsphere,run_03,73,0,0,605,241,0
Semantic,fr3_walking_halfsphere,run_03,74,0,0,561,236,0
Semantic,fr3_walking_halfsphere,run_03,75,0,0,581,227,0
Semantic,fr3_walking_halfsphere,run_03,76,0,0,565,226,0
Semantic,fr3_walking_halfsphere,run_03,77,0,0,553,229,0
Semantic,fr3_walking_halfsphere,run_03,78,0,0,546,218,0
Semantic,fr3_walking_halfsphere,run_03,79,0,0,518,227,0
Semantic,fr3_walking_halfsphere,run_03,80,0,0,549,214,0
Semantic,fr3_walking_halfsphere,run_03,81,0,0,536,204,0
Semantic,fr3_walking_halfsphere,run_03,82,0,0,527,197,0
Semantic,fr3_walking_halfsphere,run_03,83,0,0,573,201,0
Semantic,fr3_walking_halfsphere,run_03,84,0,0,578,277,0
Semantic,fr3_walking_halfsphere,run_03,85,0,0,587,271,0
Semantic,fr3_walking_halfsphere,run_03,86,0,0,540,272,0
Semantic,fr3_walking_halfsphere,run_03,87,0,0,604,286,0
Semantic,fr3_walking_halfsphere,run_03,88,0,0,625,289,0
Semantic,fr3_walking_halfsphere,run_03,89,0,0,697,321,0
Semantic,fr3_walking_halfsphere,run_03,90,0,0,673,303,0
Semantic,fr3_walking_halfsphere,run_03,91,0,0,703,317,0
Semantic,fr3_walking_halfsphere,run_03,92,0,0,698,335,0
Semantic,fr3_walking_halfsphere,run_03,93,0,0,698,309,0
Semantic,fr3_walking_halfsphere,run_03,94,0,0,684,289,0
Semantic,fr3_walking_halfsphere,run_03,95,0,0,670,292,0
Semantic,fr3_walking_halfsphere,run_03,96,0,0,680,273,0
Semantic,fr3_walking_halfsphere,run_03,97,0,0,666,243,0
Semantic,fr3_walking_halfsphere,run_03,98,0,0,704,220,0
Semantic,fr3_walking_halfsphere,run_03,99,0,0,720,193,0
Semantic,fr3_walking_halfsphere,run_03,100,0,0,773,158,0
Semantic,fr3_walking_halfsphere,run_03,101,0,0,707,87,0
Semantic,fr3_walking_halfsphere,run_03,102,0,0,761,70,0
Semantic,fr3_walking_halfsphere,run_03,103,0,0,843,59,0
Semantic,fr3_walking_halfsphere,run_03,104,0,0,829,47,0
Semantic,fr3_walking_halfsphere,run_03,105,0,0,850,50,0
Semantic,fr3_walking_halfsphere,run_03,106,0,0,828,47,0
Semantic,fr3_walking_halfsphere,run_03,107,0,0,848,42,0
Semantic,fr3_walking_halfsphere,run_03,108,0,0,839,27,0
Semantic,fr3_walking_halfsphere,run_03,109,0,0,831,35,0
Semantic,fr3_walking_halfsphere,run_03,110,0,0,854,25,0
Semantic,fr3_walking_halfsphere,run_03,111,0,0,812,32,0
Semantic,fr3_walking_halfsphere,run_03,112,0,0,851,58,0
Semantic,fr3_walking_halfsphere,run_03,113,0,0,867,65,0
Semantic,fr3_walking_halfsphere,run_03,114,0,0,889,114,0
Semantic,fr3_walking_halfsphere,run_03,115,0,0,773,151,0
Semantic,fr3_walking_halfsphere,run_03,116,0,0,913,157,0
Semantic,fr3_walking_halfsphere,run_03,117,0,0,912,157,0
Semantic,fr3_walking_halfsphere,run_03,118,0,0,936,162,0
Semantic,fr3_walking_halfsphere,run_03,119,0,0,963,140,0
Semantic,fr3_walking_halfsphere,run_03,120,0,0,958,121,0
Semantic,fr3_walking_halfsphere,run_03,121,0,0,980,135,0
Semantic,fr3_walking_halfsphere,run_03,122,0,0,1001,128,0
Semantic,fr3_walking_halfsphere,run_03,123,0,0,997,119,0
Semantic,fr3_walking_halfsphere,run_03,124,0,0,1000,114,0
Semantic,fr3_walking_halfsphere,run_03,125,0,0,1011,66,0
Semantic,fr3_walking_halfsphere,run_03,126,0,0,1026,54,0
Semantic,fr3_walking_halfsphere,run_03,127,0,0,1030,51,0
Semantic,fr3_walking_halfsphere,run_03,128,0,0,1041,96,0
Semantic,fr3_walking_halfsphere,run_03,129,0,0,1016,73,0
Semantic,fr3_walking_halfsphere,run_03,130,0,0,1025,54,0
Semantic,fr3_walking_halfsphere,run_03,131,0,0,1036,46,0
Semantic,fr3_walking_halfsphere,run_03,132,0,0,1032,41,0
Semantic,fr3_walking_halfsphere,run_03,133,0,0,994,45,0
Semantic,fr3_walking_halfsphere,run_03,134,0,0,1035,41,0
Semantic,fr3_walking_halfsphere,run_03,135,0,0,1053,35,0
Semantic,fr3_walking_halfsphere,run_03,136,0,0,1006,0,0
Semantic,fr3_walking_halfsphere,run_03,137,0,0,976,0,0
Semantic,fr3_walking_halfsphere,run_03,138,0,0,985,0,0
Semantic,fr3_walking_halfsphere,run_03,139,0,0,994,0,0
Semantic,fr3_walking_halfsphere,run_03,140,0,0,967,0,0
Semantic,fr3_walking_halfsphere,run_03,141,0,0,955,0,0
Semantic,fr3_walking_halfsphere,run_03,142,0,0,953,0,0
Semantic,fr3_walking_halfsphere,run_03,143,0,0,940,0,0
Semantic,fr3_walking_halfsphere,run_03,144,0,0,945,0,0
Semantic,fr3_walking_halfsphere,run_03,145,0,0,932,0,0
Semantic,fr3_walking_halfsphere,run_03,146,0,0,943,0,0
Semantic,fr3_walking_halfsphere,run_03,147,0,0,910,0,0
Semantic,fr3_walking_halfsphere,run_03,148,0,0,898,0,0
Semantic,fr3_walking_halfsphere,run_03,149,0,0,784,0,0
Semantic,fr3_walking_halfsphere,run_03,150,0,0,883,0,0
Semantic,fr3_walking_halfsphere,run_03,151,0,0,900,0,0
Semantic,fr3_walking_halfsphere,run_03,152,0,0,917,0,0
Semantic,fr3_walking_halfsphere,run_03,153,0,0,904,0,0
Semantic,fr3_walking_halfsphere,run_03,154,0,0,918,0,0
Semantic,fr3_walking_halfsphere,run_03,155,0,0,920,0,0
Semantic,fr3_walking_halfsphere,run_03,156,0,0,944,0,0
Semantic,fr3_walking_halfsphere,run_03,157,0,0,924,0,0
Semantic,fr3_walking_halfsphere,run_03,158,0,0,899,0,0
Semantic,fr3_walking_halfsphere,run_03,159,0,0,915,22,0
Semantic,fr3_walking_halfsphere,run_03,160,0,0,903,1,0
Semantic,fr3_walking_halfsphere,run_03,161,0,0,893,2,0
Semantic,fr3_walking_halfsphere,run_03,162,0,0,746,0,0
Semantic,fr3_walking_halfsphere,run_03,163,0,0,847,0,0
Semantic,fr3_walking_halfsphere,run_03,164,0,0,868,14,0
Semantic,fr3_walking_halfsphere,run_03,165,0,0,845,32,0
Semantic,fr3_walking_halfsphere,run_03,166,0,0,815,16,0
Semantic,fr3_walking_halfsphere,run_03,167,0,0,826,24,0
Semantic,fr3_walking_halfsphere,run_03,168,0,0,797,32,0
Semantic,fr3_walking_halfsphere,run_03,169,0,0,812,32,0
Semantic,fr3_walking_halfsphere,run_03,170,0,0,705,9,0
Semantic,fr3_walking_halfsphere,run_03,171,0,0,758,64,0
Semantic,fr3_walking_halfsphere,run_03,172,0,0,765,16,0
Semantic,fr3_walking_halfsphere,run_03,173,0,0,790,20,0
Semantic,fr3_walking_halfsphere,run_03,174,0,0,787,8,0
Semantic,fr3_walking_halfsphere,run_03,175,0,0,768,28,0
Semantic,fr3_walking_halfsphere,run_03,176,0,0,696,28,0
Semantic,fr3_walking_halfsphere,run_03,177,0,0,802,61,0
Semantic,fr3_walking_halfsphere,run_03,178,0,0,780,34,0
Semantic,fr3_walking_halfsphere,run_03,179,0,0,827,86,0
Semantic,fr3_walking_halfsphere,run_03,180,0,0,812,63,0
Semantic,fr3_walking_halfsphere,run_03,181,0,0,726,45,0
Semantic,fr3_walking_halfsphere,run_03,182,0,0,822,45,0
Semantic,fr3_walking_halfsphere,run_03,183,0,0,819,7,0
Semantic,fr3_walking_halfsphere,run_03,184,0,0,834,6,0
Semantic,fr3_walking_halfsphere,run_03,185,0,0,844,4,0
Semantic,fr3_walking_halfsphere,run_03,186,0,0,844,5,0
Semantic,fr3_walking_halfsphere,run_03,187,0,0,844,4,0
Semantic,fr3_walking_halfsphere,run_03,188,0,0,840,6,0
Semantic,fr3_walking_halfsphere,run_03,189,0,0,840,3,0
Semantic,fr3_walking_halfsphere,run_03,190,0,0,844,4,0
Semantic,fr3_walking_halfsphere,run_03,191,0,0,742,6,0
Semantic,fr3_walking_halfsphere,run_03,192,0,0,831,3,0
Semantic,fr3_walking_halfsphere,run_03,193,0,0,816,4,0
Semantic,fr3_walking_halfsphere,run_03,194,0,0,828,4,0
Semantic,fr3_walking_halfsphere,run_03,195,0,0,830,3,0
Semantic,fr3_walking_halfsphere,run_03,196,0,0,841,4,0
Semantic,fr3_walking_halfsphere,run_03,197,0,0,850,0,0
Semantic,fr3_walking_halfsphere,run_03,198,0,0,845,0,0
Semantic,fr3_walking_halfsphere,run_03,199,0,0,745,0,0
Semantic,fr3_walking_halfsphere,run_03,200,0,0,827,0,0
Semantic,fr3_walking_halfsphere,run_03,201,0,0,845,0,0
Semantic,fr3_walking_halfsphere,run_03,202,0,0,853,0,0
Semantic,fr3_walking_halfsphere,run_03,203,0,0,870,0,0
Semantic,fr3_walking_halfsphere,run_03,204,0,0,858,0,0
Semantic,fr3_walking_halfsphere,run_03,205,0,0,760,0,0
Semantic,fr3_walking_halfsphere,run_03,206,0,0,854,0,0
Semantic,fr3_walking_halfsphere,run_03,207,0,0,869,0,0
Semantic,fr3_walking_halfsphere,run_03,208,0,0,889,11,0
Semantic,fr3_walking_halfsphere,run_03,209,0,0,919,0,0
Semantic,fr3_walking_halfsphere,run_03,210,0,0,929,0,0
Semantic,fr3_walking_halfsphere,run_03,211,0,0,880,0,0
Semantic,fr3_walking_halfsphere,run_03,212,0,0,1138,0,0
Semantic,fr3_walking_halfsphere,run_03,213,0,0,1193,0,0
Semantic,fr3_walking_halfsphere,run_03,214,0,0,1160,0,0
Semantic,fr3_walking_halfsphere,run_03,215,0,0,1331,0,0
Semantic,fr3_walking_halfsphere,run_03,216,0,0,1620,0,0
Semantic,fr3_walking_halfsphere,run_03,217,0,0,1595,0,0
Semantic,fr3_walking_halfsphere,run_03,218,0,0,1368,61,0
Semantic,fr3_walking_halfsphere,run_03,219,0,0,1685,93,0
Semantic,fr3_walking_halfsphere,run_03,220,0,0,1236,126,0
Semantic,fr3_walking_halfsphere,run_03,221,0,0,1540,257,0
Semantic,fr3_walking_halfsphere,run_03,222,0,0,1195,194,0
Semantic,fr3_walking_halfsphere,run_03,223,0,0,1159,330,0
Semantic,fr3_walking_halfsphere,run_03,224,0,0,1301,269,0
Semantic,fr3_walking_halfsphere,run_03,225,0,0,1251,173,0
Semantic,fr3_walking_halfsphere,run_03,226,0,0,1095,100,0
Semantic,fr3_walking_halfsphere,run_03,227,0,0,1330,300,0
Semantic,fr3_walking_halfsphere,run_03,228,0,0,1022,226,0
Semantic,fr3_walking_halfsphere,run_03,229,0,0,864,92,0
Semantic,fr3_walking_halfsphere,run_03,230,0,0,957,140,0
Semantic,fr3_walking_halfsphere,run_03,231,0,0,885,71,0
Semantic,fr3_walking_halfsphere,run_03,232,0,0,1041,142,0
Semantic,fr3_walking_halfsphere,run_03,233,0,0,886,52,0
Semantic,fr3_walking_halfsphere,run_03,234,0,0,961,52,0
Semantic,fr3_walking_halfsphere,run_03,235,0,0,767,32,0
Semantic,fr3_walking_halfsphere,run_03,236,0,0,782,28,0
Semantic,fr3_walking_halfsphere,run_03,237,0,0,793,43,0
Semantic,fr3_walking_halfsphere,run_03,238,0,0,787,40,0
Semantic,fr3_walking_halfsphere,run_03,239,0,0,664,94,0
Semantic,fr3_walking_halfsphere,run_03,240,0,0,650,126,0
Semantic,fr3_walking_halfsphere,run_03,241,0,0,709,207,0
Semantic,fr3_walking_halfsphere,run_03,242,0,0,706,228,0
Semantic,fr3_walking_halfsphere,run_03,243,0,0,733,218,0
Semantic,fr3_walking_halfsphere,run_03,244,0,0,612,139,0
Semantic,fr3_walking_halfsphere,run_03,245,0,0,687,143,0
Semantic,fr3_walking_halfsphere,run_03,246,0,0,693,150,0
Semantic,fr3_walking_halfsphere,run_03,247,0,0,749,141,0
Semantic,fr3_walking_halfsphere,run_03,248,0,0,758,142,0
Semantic,fr3_walking_halfsphere,run_03,249,0,0,759,158,0
Semantic,fr3_walking_halfsphere,run_03,250,0,0,697,126,0
Semantic,fr3_walking_halfsphere,run_03,251,0,0,899,175,0
Semantic,fr3_walking_halfsphere,run_03,252,0,0,890,179,0
Semantic,fr3_walking_halfsphere,run_03,253,0,0,848,166,0
Semantic,fr3_walking_halfsphere,run_03,254,0,0,865,147,0
Semantic,fr3_walking_halfsphere,run_03,255,0,0,853,129,0
Semantic,fr3_walking_halfsphere,run_03,256,0,0,863,116,0
Semantic,fr3_walking_halfsphere,run_03,257,0,0,819,104,0
Semantic,fr3_walking_halfsphere,run_03,258,0,0,1013,88,0
Semantic,fr3_walking_halfsphere,run_03,259,0,0,1004,81,0
Semantic,fr3_walking_halfsphere,run_03,260,0,0,987,89,0
Semantic,fr3_walking_halfsphere,run_03,261,0,0,942,77,0
Semantic,fr3_walking_halfsphere,run_03,262,0,0,947,77,0
Semantic,fr3_walking_halfsphere,run_03,263,0,0,919,85,0
Semantic,fr3_walking_halfsphere,run_03,264,0,0,906,89,0
Semantic,fr3_walking_halfsphere,run_03,265,0,0,936,92,0
Semantic,fr3_walking_halfsphere,run_03,266,0,0,933,99,0
Semantic,fr3_walking_halfsphere,run_03,267,0,0,926,87,0
Semantic,fr3_walking_halfsphere,run_03,268,0,0,899,81,0
Semantic,fr3_walking_halfsphere,run_03,269,0,0,752,30,0
Semantic,fr3_walking_halfsphere,run_03,270,0,0,925,31,0
Semantic,fr3_walking_halfsphere,run_03,271,0,0,936,27,0
Semantic,fr3_walking_halfsphere,run_03,272,0,0,942,25,0
Semantic,fr3_walking_halfsphere,run_03,273,0,0,1005,42,0
Semantic,fr3_walking_halfsphere,run_03,274,0,0,974,25,0
Semantic,fr3_walking_halfsphere,run_03,275,0,0,990,24,0
Semantic,fr3_walking_halfsphere,run_03,276,0,0,987,23,0
Semantic,fr3_walking_halfsphere,run_03,277,0,0,990,32,0
Semantic,fr3_walking_halfsphere,run_03,278,0,0,1005,20,0
Semantic,fr3_walking_halfsphere,run_03,279,0,0,1024,23,0
Semantic,fr3_walking_halfsphere,run_03,280,0,0,1028,34,0
Semantic,fr3_walking_halfsphere,run_03,281,0,0,1045,50,0
Semantic,fr3_walking_halfsphere,run_03,282,0,0,1043,31,0
Semantic,fr3_walking_halfsphere,run_03,283,0,0,1027,29,0
Semantic,fr3_walking_halfsphere,run_03,284,0,0,1054,30,0
Semantic,fr3_walking_halfsphere,run_03,285,0,0,1034,30,0
Semantic,fr3_walking_halfsphere,run_03,286,0,0,1031,35,0
Semantic,fr3_walking_halfsphere,run_03,287,0,0,1000,40,0
Semantic,fr3_walking_halfsphere,run_03,288,0,0,1031,42,0
Semantic,fr3_walking_halfsphere,run_03,289,0,0,991,44,0
Semantic,fr3_walking_halfsphere,run_03,290,0,0,1031,59,0
Semantic,fr3_walking_halfsphere,run_03,291,0,0,1001,58,0
Semantic,fr3_walking_halfsphere,run_03,292,0,0,1016,55,0
Semantic,fr3_walking_halfsphere,run_03,293,0,0,1033,54,0
Semantic,fr3_walking_halfsphere,run_03,294,0,0,1056,74,0
Semantic,fr3_walking_halfsphere,run_03,295,0,0,1010,63,0
Semantic,fr3_walking_halfsphere,run_03,296,0,0,1076,59,0
Semantic,fr3_walking_halfsphere,run_03,297,0,0,1083,60,0
Semantic,fr3_walking_halfsphere,run_03,298,0,0,837,72,0
Semantic,fr3_walking_halfsphere,run_03,299,0,0,1047,75,0
Semantic,fr3_walking_halfsphere,run_03,300,0,0,1003,94,0
Semantic,fr3_walking_halfsphere,run_03,301,0,0,1423,97,0
Semantic,fr3_walking_halfsphere,run_03,302,0,0,986,95,0
Semantic,fr3_walking_halfsphere,run_03,303,0,0,1407,110,0
Semantic,fr3_walking_halfsphere,run_03,304,0,0,1098,80,0
Semantic,fr3_walking_halfsphere,run_03,305,0,0,1073,78,0
Semantic,fr3_walking_halfsphere,run_03,306,0,0,1110,85,0
Semantic,fr3_walking_halfsphere,run_03,307,0,0,946,76,0
Semantic,fr3_walking_halfsphere,run_03,308,0,0,1043,60,0
Semantic,fr3_walking_halfsphere,run_03,309,0,0,1068,69,0
Semantic,fr3_walking_halfsphere,run_03,310,0,0,1195,87,0
Semantic,fr3_walking_halfsphere,run_03,311,0,0,1163,110,0
Semantic,fr3_walking_halfsphere,run_03,312,0,0,1147,89,0
Semantic,fr3_walking_halfsphere,run_03,313,0,0,966,107,0
Semantic,fr3_walking_halfsphere,run_03,314,0,0,1100,113,0
Semantic,fr3_walking_halfsphere,run_03,315,0,0,1147,146,0
Semantic,fr3_walking_halfsphere,run_03,316,0,0,1109,125,0
Semantic,fr3_walking_halfsphere,run_03,317,0,0,1106,162,0
Semantic,fr3_walking_halfsphere,run_03,318,0,0,1097,142,0
Semantic,fr3_walking_halfsphere,run_03,319,0,0,882,101,0
Semantic,fr3_walking_halfsphere,run_03,320,0,0,1089,110,0
Semantic,fr3_walking_halfsphere,run_03,321,0,0,1098,106,0
Semantic,fr3_walking_halfsphere,run_03,322,0,0,1122,117,0
Semantic,fr3_walking_halfsphere,run_03,323,0,0,1060,91,0
Semantic,fr3_walking_halfsphere,run_03,324,0,0,933,89,0
Semantic,fr3_walking_halfsphere,run_03,325,0,0,1188,132,0
Semantic,fr3_walking_halfsphere,run_03,326,0,0,1105,104,0
Semantic,fr3_walking_halfsphere,run_03,327,0,0,1142,118,0
Semantic,fr3_walking_halfsphere,run_03,328,0,0,1165,136,0
Semantic,fr3_walking_halfsphere,run_03,329,0,0,1224,177,0
Semantic,fr3_walking_halfsphere,run_03,330,0,0,1122,175,0
Semantic,fr3_walking_halfsphere,run_03,331,0,0,1281,142,0
Semantic,fr3_walking_halfsphere,run_03,332,0,0,1259,131,0
Semantic,fr3_walking_halfsphere,run_03,333,0,0,1287,89,0
Semantic,fr3_walking_halfsphere,run_03,334,0,0,1382,98,0
Semantic,fr3_walking_halfsphere,run_03,335,0,0,1380,94,0
Semantic,fr3_walking_halfsphere,run_03,336,0,0,1383,82,0
Semantic,fr3_walking_halfsphere,run_03,337,0,0,1428,69,0
Semantic,fr3_walking_halfsphere,run_03,338,0,0,1407,97,0
Semantic,fr3_walking_halfsphere,run_03,339,0,0,1425,92,0
Semantic,fr3_walking_halfsphere,run_03,340,0,0,1451,74,0
Semantic,fr3_walking_halfsphere,run_03,341,0,0,1268,54,0
Semantic,fr3_walking_halfsphere,run_03,342,0,0,1501,102,0
Semantic,fr3_walking_halfsphere,run_03,343,0,0,1501,65,0
Semantic,fr3_walking_halfsphere,run_03,344,0,0,1510,145,0
Semantic,fr3_walking_halfsphere,run_03,345,0,0,1477,129,0
Semantic,fr3_walking_halfsphere,run_03,346,0,0,1499,95,0
Semantic,fr3_walking_halfsphere,run_03,347,0,0,1574,167,0
Semantic,fr3_walking_halfsphere,run_03,348,0,0,1396,56,0
Semantic,fr3_walking_halfsphere,run_03,349,0,0,1642,42,0
Semantic,fr3_walking_halfsphere,run_03,350,0,0,1670,64,0
Semantic,fr3_walking_halfsphere,run_03,351,0,0,1751,22,0
Semantic,fr3_walking_halfsphere,run_03,352,0,0,1695,10,0
Semantic,fr3_walking_halfsphere,run_03,353,0,0,1725,10,0
Semantic,fr3_walking_halfsphere,run_03,354,0,0,1693,9,0
Semantic,fr3_walking_halfsphere,run_03,355,0,0,1680,9,0
Semantic,fr3_walking_halfsphere,run_03,356,0,0,1698,13,0
Semantic,fr3_walking_halfsphere,run_03,357,0,0,1699,8,0
Semantic,fr3_walking_halfsphere,run_03,358,0,0,1682,10,0
Semantic,fr3_walking_halfsphere,run_03,359,0,0,1685,9,0
Semantic,fr3_walking_halfsphere,run_03,360,0,0,1696,0,0
Semantic,fr3_walking_halfsphere,run_03,361,0,0,1732,0,0
Semantic,fr3_walking_halfsphere,run_03,362,0,0,1736,0,0
Semantic,fr3_walking_halfsphere,run_03,363,0,0,1702,0,0
Semantic,fr3_walking_halfsphere,run_03,364,0,0,1717,0,0
Semantic,fr3_walking_halfsphere,run_03,365,0,0,1687,0,0
Semantic,fr3_walking_halfsphere,run_03,366,0,0,1713,0,0
Semantic,fr3_walking_halfsphere,run_03,367,0,0,1695,0,0
Semantic,fr3_walking_halfsphere,run_03,368,0,0,1680,18,0
Semantic,fr3_walking_halfsphere,run_03,369,0,0,1712,14,0
Semantic,fr3_walking_halfsphere,run_03,370,0,0,1695,14,0
Semantic,fr3_walking_halfsphere,run_03,371,0,0,1713,12,0
Semantic,fr3_walking_halfsphere,run_03,372,0,0,1730,0,0
Semantic,fr3_walking_halfsphere,run_03,373,0,0,1737,0,0
Semantic,fr3_walking_halfsphere,run_03,374,0,0,1730,12,0
Semantic,fr3_walking_halfsphere,run_03,375,0,0,1699,10,0
Semantic,fr3_walking_halfsphere,run_03,376,0,0,1734,0,0
Semantic,fr3_walking_halfsphere,run_03,377,0,0,1714,16,0
Semantic,fr3_walking_halfsphere,run_03,378,0,0,1726,15,0
Semantic,fr3_walking_halfsphere,run_03,379,0,0,1729,19,0
Semantic,fr3_walking_halfsphere,run_03,380,0,0,1739,0,0
Semantic,fr3_walking_halfsphere,run_03,381,0,0,1744,0,0
Semantic,fr3_walking_halfsphere,run_03,382,0,0,1727,0,0
Semantic,fr3_walking_halfsphere,run_03,383,0,0,1719,23,0
Semantic,fr3_walking_halfsphere,run_03,384,0,0,1719,0,0
Semantic,fr3_walking_halfsphere,run_03,385,0,0,1702,0,0
Semantic,fr3_walking_halfsphere,run_03,386,0,0,1744,0,0
Semantic,fr3_walking_halfsphere,run_03,387,0,0,1746,0,0
Semantic,fr3_walking_halfsphere,run_03,388,0,0,1730,0,0
Semantic,fr3_walking_halfsphere,run_03,389,0,0,1716,0,0
Semantic,fr3_walking_halfsphere,run_03,390,0,0,1738,0,0
Semantic,fr3_walking_halfsphere,run_03,391,0,0,1752,0,0
Semantic,fr3_walking_halfsphere,run_03,392,0,0,1759,0,0
Semantic,fr3_walking_halfsphere,run_03,393,0,0,1744,0,0
Semantic,fr3_walking_halfsphere,run_03,394,0,0,1741,0,0
Semantic,fr3_walking_halfsphere,run_03,395,0,0,1713,0,0
Semantic,fr3_walking_halfsphere,run_03,396,0,0,1415,0,0
Semantic,fr3_walking_halfsphere,run_03,397,0,0,1811,0,0
Semantic,fr3_walking_halfsphere,run_03,398,0,0,1805,0,0
Semantic,fr3_walking_halfsphere,run_03,399,0,0,1806,0,0
Semantic,fr3_walking_halfsphere,run_03,400,0,0,1738,0,0
Semantic,fr3_walking_halfsphere,run_03,401,0,0,1768,0,0
Semantic,fr3_walking_halfsphere,run_03,402,0,0,1834,0,0
Semantic,fr3_walking_halfsphere,run_03,403,0,0,1787,0,0
Semantic,fr3_walking_halfsphere,run_03,404,0,0,1791,0,0
Semantic,fr3_walking_halfsphere,run_03,405,0,0,1548,0,0
Semantic,fr3_walking_halfsphere,run_03,406,0,0,1998,0,0
Semantic,fr3_walking_halfsphere,run_03,407,0,0,1978,0,0
Semantic,fr3_walking_halfsphere,run_03,408,0,0,2021,0,0
Semantic,fr3_walking_halfsphere,run_03,409,0,0,2016,0,0
Semantic,fr3_walking_halfsphere,run_03,410,0,0,2030,0,0
Semantic,fr3_walking_halfsphere,run_03,411,0,0,2058,0,0
Semantic,fr3_walking_halfsphere,run_03,412,0,0,2083,0,0
Semantic,fr3_walking_halfsphere,run_03,413,0,0,1598,0,0
Semantic,fr3_walking_halfsphere,run_03,414,0,0,2012,0,0
Semantic,fr3_walking_halfsphere,run_03,415,0,0,2059,0,0
Semantic,fr3_walking_halfsphere,run_03,416,0,0,2096,0,0
Semantic,fr3_walking_halfsphere,run_03,417,0,0,2078,0,0
Semantic,fr3_walking_halfsphere,run_03,418,0,0,1991,0,0
Semantic,fr3_walking_halfsphere,run_03,419,0,0,1562,331,0
Semantic,fr3_walking_halfsphere,run_03,420,0,0,1758,312,0
Semantic,fr3_walking_halfsphere,run_03,421,0,0,1626,274,0
Semantic,fr3_walking_halfsphere,run_03,422,0,0,1857,287,0
Semantic,fr3_walking_halfsphere,run_03,423,0,0,1602,174,0
Semantic,fr3_walking_halfsphere,run_03,424,0,0,1626,189,0
Semantic,fr3_walking_halfsphere,run_03,425,0,0,1566,183,0
Semantic,fr3_walking_halfsphere,run_03,426,0,0,1385,150,0
Semantic,fr3_walking_halfsphere,run_03,427,0,0,1503,157,0
Semantic,fr3_walking_halfsphere,run_03,428,0,0,1745,126,0
Semantic,fr3_walking_halfsphere,run_03,429,0,0,1992,124,0
Semantic,fr3_walking_halfsphere,run_03,430,0,0,1582,120,0
Semantic,fr3_walking_halfsphere,run_03,431,0,0,1757,164,0
Semantic,fr3_walking_halfsphere,run_03,432,0,0,1621,270,0
Semantic,fr3_walking_halfsphere,run_03,433,0,0,1946,411,0
Semantic,fr3_walking_halfsphere,run_03,434,0,0,1695,404,0
Semantic,fr3_walking_halfsphere,run_03,435,0,0,1724,431,0
Semantic,fr3_walking_halfsphere,run_03,436,0,0,1762,498,0
Semantic,fr3_walking_halfsphere,run_03,437,0,0,1725,510,0
Semantic,fr3_walking_halfsphere,run_03,438,0,0,1725,445,0
Semantic,fr3_walking_halfsphere,run_03,439,0,0,1863,503,0
Semantic,fr3_walking_halfsphere,run_03,440,0,0,1870,517,0
Semantic,fr3_walking_halfsphere,run_03,441,0,0,1530,374,0
Semantic,fr3_walking_halfsphere,run_03,442,0,0,1787,351,0
Semantic,fr3_walking_halfsphere,run_03,443,0,0,1772,382,0
Semantic,fr3_walking_halfsphere,run_03,444,0,0,1785,394,0
Semantic,fr3_walking_halfsphere,run_03,445,0,0,1770,408,0
Semantic,fr3_walking_halfsphere,run_03,446,0,0,1804,627,0
Semantic,fr3_walking_halfsphere,run_03,447,0,0,1473,560,0
Semantic,fr3_walking_halfsphere,run_03,448,0,0,1622,656,0
Semantic,fr3_walking_halfsphere,run_03,449,0,0,1544,823,0
Semantic,fr3_walking_halfsphere,run_03,450,0,0,1578,780,0
Semantic,fr3_walking_halfsphere,run_03,451,0,0,1599,773,0
Semantic,fr3_walking_halfsphere,run_03,452,0,0,1594,754,0
Semantic,fr3_walking_halfsphere,run_03,453,0,0,1383,659,0
Semantic,fr3_walking_halfsphere,run_03,454,0,0,1499,630,0
Semantic,fr3_walking_halfsphere,run_03,455,0,0,1482,538,0
Semantic,fr3_walking_halfsphere,run_03,456,0,0,1457,558,0
Semantic,fr3_walking_halfsphere,run_03,457,0,0,1430,523,0
Semantic,fr3_walking_halfsphere,run_03,458,0,0,1475,525,0
Semantic,fr3_walking_halfsphere,run_03,459,0,0,1315,506,0
Semantic,fr3_walking_halfsphere,run_03,460,0,0,1395,437,0
Semantic,fr3_walking_halfsphere,run_03,461,0,0,1350,417,0
Semantic,fr3_walking_halfsphere,run_03,462,0,0,1262,341,0
Semantic,fr3_walking_halfsphere,run_03,463,0,0,917,105,0
Semantic,fr3_walking_halfsphere,run_03,464,0,0,1398,420,0
Semantic,fr3_walking_halfsphere,run_03,465,0,0,894,99,0
Semantic,fr3_walking_halfsphere,run_03,466,0,0,1342,345,0
Semantic,fr3_walking_halfsphere,run_03,467,0,0,1426,460,0
Semantic,fr3_walking_halfsphere,run_03,468,0,0,1189,319,0
Semantic,fr3_walking_halfsphere,run_03,469,0,0,919,262,0
Semantic,fr3_walking_halfsphere,run_03,470,0,0,1290,356,0
Semantic,fr3_walking_halfsphere,run_03,471,0,0,1335,402,0
Semantic,fr3_walking_halfsphere,run_03,472,0,0,1292,394,0
Semantic,fr3_walking_halfsphere,run_03,473,0,0,1337,438,0
Semantic,fr3_walking_halfsphere,run_03,474,0,0,1297,406,0
Semantic,fr3_walking_halfsphere,run_03,475,0,0,1321,576,0
Semantic,fr3_walking_halfsphere,run_03,476,0,0,1422,553,0
Semantic,fr3_walking_halfsphere,run_03,477,0,0,1440,513,0
Semantic,fr3_walking_halfsphere,run_03,478,0,0,1443,564,0
Semantic,fr3_walking_halfsphere,run_03,479,0,0,1531,663,0
Semantic,fr3_walking_halfsphere,run_03,480,0,0,1449,496,0
Semantic,fr3_walking_halfsphere,run_03,481,0,0,1536,524,0
Semantic,fr3_walking_halfsphere,run_03,482,0,0,1599,514,0
Semantic,fr3_walking_halfsphere,run_03,483,0,0,1629,466,0
Semantic,fr3_walking_halfsphere,run_03,484,0,0,1622,455,0
Semantic,fr3_walking_halfsphere,run_03,485,0,0,1667,449,0
Semantic,fr3_walking_halfsphere,run_03,486,0,0,1733,468,0
Semantic,fr3_walking_halfsphere,run_03,487,0,0,1547,397,0
Semantic,fr3_walking_halfsphere,run_03,488,0,0,1751,405,0
Semantic,fr3_walking_halfsphere,run_03,489,0,0,1755,396,0
Semantic,fr3_walking_halfsphere,run_03,490,0,0,1729,396,0
Semantic,fr3_walking_halfsphere,run_03,491,0,0,1587,528,0
Semantic,fr3_walking_halfsphere,run_03,492,0,0,1590,356,0
Semantic,fr3_walking_halfsphere,run_03,493,0,0,1747,445,0
Semantic,fr3_walking_halfsphere,run_03,494,0,0,1714,443,0
Semantic,fr3_walking_halfsphere,run_03,495,0,0,1740,453,0
Semantic,fr3_walking_halfsphere,run_03,496,0,0,1695,452,0
Semantic,fr3_walking_halfsphere,run_03,497,0,0,1703,480,0
Semantic,fr3_walking_halfsphere,run_03,498,0,0,1343,399,0
Semantic,fr3_walking_halfsphere,run_03,499,0,0,1615,485,0
Semantic,fr3_walking_halfsphere,run_03,500,0,0,1645,517,0
Semantic,fr3_walking_halfsphere,run_03,501,0,0,1573,492,0
Semantic,fr3_walking_halfsphere,run_03,502,0,0,1684,536,0
Semantic,fr3_walking_halfsphere,run_03,503,0,0,1674,538,0
Semantic,fr3_walking_halfsphere,run_03,504,0,0,1586,502,0
Semantic,fr3_walking_halfsphere,run_03,505,0,0,1332,474,0
Semantic,fr3_walking_halfsphere,run_03,506,0,0,1636,581,0
Semantic,fr3_walking_halfsphere,run_03,507,0,0,1636,525,0
Semantic,fr3_walking_halfsphere,run_03,508,0,0,1601,462,0
Semantic,fr3_walking_halfsphere,run_03,509,0,0,1441,460,0
Semantic,fr3_walking_halfsphere,run_03,510,0,0,1650,432,0
Semantic,fr3_walking_halfsphere,run_03,511,0,0,1672,462,0
Semantic,fr3_walking_halfsphere,run_03,512,0,0,1620,408,0
Semantic,fr3_walking_halfsphere,run_03,513,0,0,1645,424,0
Semantic,fr3_walking_halfsphere,run_03,514,0,0,1693,411,0
Semantic,fr3_walking_halfsphere,run_03,515,0,0,1717,313,0
Semantic,fr3_walking_halfsphere,run_03,516,0,0,1874,301,0
Semantic,fr3_walking_halfsphere,run_03,517,0,0,1950,445,0
Semantic,fr3_walking_halfsphere,run_03,518,0,0,2012,417,0
Semantic,fr3_walking_halfsphere,run_03,519,0,0,1625,253,0
Semantic,fr3_walking_halfsphere,run_03,520,0,0,1700,159,0
Semantic,fr3_walking_halfsphere,run_03,521,0,0,1560,165,0
Semantic,fr3_walking_halfsphere,run_03,522,0,0,1884,176,0
Semantic,fr3_walking_halfsphere,run_03,523,0,0,1752,241,0
Semantic,fr3_walking_halfsphere,run_03,524,0,0,1915,231,0
Semantic,fr3_walking_halfsphere,run_03,525,0,0,1667,169,0
Semantic,fr3_walking_halfsphere,run_03,526,0,0,1774,221,0
Semantic,fr3_walking_halfsphere,run_03,527,0,0,1896,144,0
Semantic,fr3_walking_halfsphere,run_03,528,0,0,1624,160,0
Semantic,fr3_walking_halfsphere,run_03,529,0,0,1650,139,0
Semantic,fr3_walking_halfsphere,run_03,530,0,0,1881,303,0
Semantic,fr3_walking_halfsphere,run_03,531,0,0,1724,341,0
Semantic,fr3_walking_halfsphere,run_03,532,0,0,1445,420,0
Semantic,fr3_walking_halfsphere,run_03,533,0,0,1567,584,0
Semantic,fr3_walking_halfsphere,run_03,534,0,0,1039,309,0
Semantic,fr3_walking_halfsphere,run_03,535,0,0,1251,500,0
Semantic,fr3_walking_halfsphere,run_03,536,0,0,1234,474,0
Semantic,fr3_walking_halfsphere,run_03,537,0,0,1179,494,0
Semantic,fr3_walking_halfsphere,run_03,538,0,0,1270,568,0
Semantic,fr3_walking_halfsphere,run_03,542,0,0,116,10,0
Semantic,fr3_walking_halfsphere,run_03,543,0,0,111,11,0
Semantic,fr3_walking_halfsphere,run_03,696,0,0,815,230,0
Semantic,fr3_walking_halfsphere,run_03,701,0,0,811,232,0
Semantic,fr3_walking_halfsphere,run_03,708,0,0,200,80,0
Semantic,fr3_walking_halfsphere,run_03,711,0,0,193,64,0
Semantic,fr3_walking_halfsphere,run_03,724,0,0,1027,187,0
Semantic,fr3_walking_halfsphere,run_03,727,0,0,188,19,0
Semantic,fr3_walking_halfsphere,run_03,728,0,0,191,15,0
Semantic,fr3_walking_halfsphere,run_03,730,0,0,188,5,0
Semantic,fr3_walking_halfsphere,run_03,769,0,0,180,0,0
Semantic,fr3_walking_halfsphere,run_03,775,0,0,195,13,0
Semantic,fr3_walking_halfsphere,run_03,778,0,0,196,0,0
Semantic,fr3_walking_halfsphere,run_03,780,0,0,194,0,0
Semantic,fr3_walking_halfsphere,run_03,781,0,0,1135,48,0
Semantic,fr3_walking_halfsphere,run_03,784,0,0,150,2,0
Semantic,fr3_walking_halfsphere,run_03,785,0,0,1061,0,0
Semantic,fr3_walking_halfsphere,run_03,786,0,0,755,0,0
Semantic,fr3_walking_halfsphere,run_03,787,0,0,1739,0,0
Semantic,fr3_walking_halfsphere,run_03,788,0,0,1705,0,0
Semantic,fr3_walking_halfsphere,run_03,789,0,0,1705,0,0
Semantic,fr3_walking_halfsphere,run_03,790,0,0,1410,7,0
Semantic,fr3_walking_halfsphere,run_03,791,0,0,1452,0,0
Semantic,fr3_walking_halfsphere,run_03,792,0,0,1439,0,0
Semantic,fr3_walking_halfsphere,run_03,793,0,0,1410,0,0
Semantic,fr3_walking_halfsphere,run_03,794,0,0,1386,13,0
Semantic,fr3_walking_halfsphere,run_03,795,0,0,1371,0,0
Semantic,fr3_walking_halfsphere,run_03,796,0,0,1414,0,0
Semantic,fr3_walking_halfsphere,run_03,797,0,0,1667,0,0
Semantic,fr3_walking_halfsphere,run_03,798,0,0,1732,0,0
Semantic,fr3_walking_halfsphere,run_03,799,0,0,1774,0,0
Semantic,fr3_walking_halfsphere,run_03,800,0,0,1553,34,0
Semantic,fr3_walking_halfsphere,run_03,801,0,0,1558,0,0
Semantic,fr3_walking_halfsphere,run_03,802,0,0,1563,0,0
Semantic,fr3_walking_halfsphere,run_03,803,0,0,1506,0,0
Semantic,fr3_walking_halfsphere,run_03,804,0,0,1290,0,0
Semantic,fr3_walking_halfsphere,run_03,805,0,0,1229,0,0
Semantic,fr3_walking_halfsphere,run_03,806,0,0,1574,0,0
Semantic,fr3_walking_halfsphere,run_03,807,0,0,1197,211,0
Semantic,fr3_walking_halfsphere,run_03,827,0,0,744,127,0
Semantic,fr3_walking_halfsphere,run_03,829,0,0,756,145,0
Semantic,fr3_walking_halfsphere,run_03,830,0,0,707,143,0
Semantic,fr3_walking_halfsphere,run_03,831,0,0,840,130,0
Semantic,fr3_walking_halfsphere,run_03,832,0,0,844,144,0
Semantic,fr3_walking_halfsphere,run_03,833,0,0,802,126,0
Semantic,fr3_walking_halfsphere,run_03,834,0,0,823,124,0
Semantic,fr3_walking_halfsphere,run_03,835,0,0,812,182,0
Semantic,fr3_walking_halfsphere,run_03,836,0,0,805,206,0
Semantic,fr3_walking_halfsphere,run_03,837,0,0,777,199,0
Semantic,fr3_walking_halfsphere,run_03,838,0,0,776,251,0
Semantic,fr3_walking_halfsphere,run_03,839,0,0,775,292,0
Semantic,fr3_walking_halfsphere,run_03,840,0,0,754,368,0
Semantic,fr3_walking_halfsphere,run_03,841,0,0,719,358,0
Semantic,fr3_walking_halfsphere,run_03,885,0,0,744,0,0
Semantic,fr3_walking_halfsphere,run_03,891,0,0,1272,0,0
Semantic,fr3_walking_halfsphere,run_03,892,0,0,939,0,0
Semantic,fr3_walking_halfsphere,run_03,893,0,0,1632,0,0
Semantic,fr3_walking_halfsphere,run_03,894,0,0,1858,0,0
Semantic,fr3_walking_halfsphere,run_03,895,0,0,1636,0,0
Semantic,fr3_walking_halfsphere,run_03,896,0,0,1609,0,0
Semantic,fr3_walking_halfsphere,run_03,897,0,0,1567,0,0
Semantic,fr3_walking_halfsphere,run_03,898,0,0,1569,0,0
Semantic,fr3_walking_halfsphere,run_03,899,0,0,1680,0,0
Semantic,fr3_walking_halfsphere,run_03,900,0,0,1676,0,0
Semantic,fr3_walking_halfsphere,run_03,901,0,0,1650,0,0
Semantic,fr3_walking_halfsphere,run_03,902,0,0,1728,0,0
Semantic,fr3_walking_halfsphere,run_03,903,0,0,1605,0,0
Semantic,fr3_walking_halfsphere,run_03,904,0,0,1589,0,0
Semantic,fr3_walking_halfsphere,run_03,905,0,0,1596,0,0
Semantic,fr3_walking_halfsphere,run_03,906,0,0,1574,0,0
Semantic,fr3_walking_halfsphere,run_03,907,0,0,1597,0,0
Semantic,fr3_walking_halfsphere,run_03,908,0,0,1615,294,0
Semantic,fr3_walking_halfsphere,run_03,909,0,0,1511,192,0
Semantic,fr3_walking_halfsphere,run_03,910,0,0,1502,211,0
Semantic,fr3_walking_halfsphere,run_03,911,0,0,1586,0,0
Semantic,fr3_walking_halfsphere,run_03,912,0,0,1561,266,0
Semantic,fr3_walking_halfsphere,run_03,913,0,0,1521,230,0
Semantic,fr3_walking_halfsphere,run_03,914,0,0,1632,235,0
Semantic,fr3_walking_halfsphere,run_03,915,0,0,1624,234,0
Semantic,fr3_walking_halfsphere,run_03,916,0,0,1502,201,0
Semantic,fr3_walking_halfsphere,run_03,922,0,0,1395,160,0
Semantic,fr3_walking_halfsphere,run_03,929,0,0,199,44,0
Semantic,fr3_walking_halfsphere,run_03,940,0,0,751,184,0
Semantic,fr3_walking_halfsphere,run_03,941,0,0,694,177,0
Semantic,fr3_walking_halfsphere,run_03,942,0,0,814,134,0
Semantic,fr3_walking_halfsphere,run_03,943,0,0,848,126,0
Semantic,fr3_walking_halfsphere,run_03,944,0,0,845,149,0
Semantic,fr3_walking_halfsphere,run_03,945,0,0,838,185,0
Semantic,fr3_walking_halfsphere,run_03,946,0,0,830,195,0
Semantic,fr3_walking_halfsphere,run_03,947,0,0,850,179,0
Semantic,fr3_walking_halfsphere,run_03,948,0,0,862,190,0
Semantic,fr3_walking_halfsphere,run_03,949,0,0,855,213,0
Semantic,fr3_walking_halfsphere,run_03,950,0,0,849,167,0
Semantic,fr3_walking_halfsphere,run_03,951,0,0,869,176,0
Semantic,fr3_walking_halfsphere,run_03,952,0,0,882,169,0
Semantic,fr3_walking_halfsphere,run_03,953,0,0,874,145,0
Semantic,fr3_walking_halfsphere,run_03,954,0,0,916,204,0
Semantic,fr3_walking_halfsphere,run_03,955,0,0,887,198,0
Semantic,fr3_walking_halfsphere,run_03,956,0,0,903,180,0
Semantic,fr3_walking_halfsphere,run_03,957,0,0,950,185,0
Semantic,fr3_walking_halfsphere,run_03,958,0,0,982,174,0
Semantic,fr3_walking_halfsphere,run_03,959,0,0,994,173,0
Semantic,fr3_walking_halfsphere,run_03,960,0,0,1002,186,0
Semantic,fr3_walking_halfsphere,run_03,961,0,0,993,108,0
Semantic,fr3_walking_halfsphere,run_03,962,0,0,1061,246,0
Semantic,fr3_walking_halfsphere,run_03,963,0,0,1027,219,0
Semantic,fr3_walking_halfsphere,run_03,964,0,0,1037,212,0
Semantic,fr3_walking_halfsphere,run_03,965,0,0,1037,205,0
Semantic,fr3_walking_halfsphere,run_03,966,0,0,1037,209,0
Semantic,fr3_walking_halfsphere,run_03,967,0,0,1062,291,0
Semantic,fr3_walking_halfsphere,run_03,968,0,0,1012,247,0
Semantic,fr3_walking_halfsphere,run_03,969,0,0,1125,268,0
Semantic,fr3_walking_halfsphere,run_03,970,0,0,1099,347,0
Semantic,fr3_walking_halfsphere,run_03,971,0,0,1120,344,0
Semantic,fr3_walking_halfsphere,run_03,972,0,0,1305,370,0
Semantic,fr3_walking_halfsphere,run_03,973,0,0,1331,416,0
Semantic,fr3_walking_halfsphere,run_03,974,0,0,1332,458,0
Semantic,fr3_walking_halfsphere,run_03,975,0,0,1445,615,0
Semantic,fr3_walking_halfsphere,run_03,976,0,0,1403,533,0
Semantic,fr3_walking_halfsphere,run_03,977,0,0,1349,457,0
Semantic,fr3_walking_halfsphere,run_03,978,0,0,1376,449,0
Semantic,fr3_walking_halfsphere,run_03,979,0,0,1207,358,0
Semantic,fr3_walking_halfsphere,run_03,980,0,0,1281,377,0
Semantic,fr3_walking_halfsphere,run_03,981,0,0,1313,353,0
Semantic,fr3_walking_halfsphere,run_03,982,0,0,1349,338,0
Semantic,fr3_walking_halfsphere,run_03,983,0,0,1345,336,0
Semantic,fr3_walking_halfsphere,run_03,984,0,0,1373,300,0
Semantic,fr3_walking_halfsphere,run_03,985,0,0,1383,277,0
Semantic,fr3_walking_halfsphere,run_03,986,0,0,1236,252,0
Semantic,fr3_walking_halfsphere,run_03,987,0,0,1367,255,0
Semantic,fr3_walking_halfsphere,run_03,988,0,0,1394,215,0
Semantic,fr3_walking_halfsphere,run_03,989,0,0,1414,210,0
Semantic,fr3_walking_halfsphere,run_03,990,0,0,1420,210,0
Semantic,fr3_walking_halfsphere,run_03,991,0,0,1439,247,0
Semantic,fr3_walking_halfsphere,run_03,992,0,0,1421,245,0
Semantic,fr3_walking_halfsphere,run_03,993,0,0,1428,220,0
Semantic,fr3_walking_halfsphere,run_03,994,0,0,1455,281,0
Semantic,fr3_walking_halfsphere,run_03,995,0,0,1436,227,0
Semantic,fr3_walking_halfsphere,run_03,996,0,0,1459,264,0
Semantic,fr3_walking_halfsphere,run_03,997,0,0,1306,253,0
Semantic,fr3_walking_halfsphere,run_03,998,0,0,1424,277,0
Semantic,fr3_walking_halfsphere,run_03,999,0,0,1423,259,0
Semantic,fr3_walking_halfsphere,run_03,1000,0,0,1463,268,0
Semantic,fr3_walking_halfsphere,run_03,1001,0,0,1474,283,0
Semantic,fr3_walking_halfsphere,run_03,1002,0,0,1470,297,0
Semantic,fr3_walking_halfsphere,run_03,1003,0,0,1506,266,0
Semantic,fr3_walking_halfsphere,run_03,1004,0,0,1517,264,0
Semantic,fr3_walking_halfsphere,run_03,1005,0,0,1497,257,0
Semantic,fr3_walking_halfsphere,run_03,1006,0,0,1507,232,0
Semantic,fr3_walking_halfsphere,run_03,1007,0,0,1535,227,0
Semantic,fr3_walking_halfsphere,run_03,1008,0,0,1529,214,0
Semantic,fr3_walking_halfsphere,run_03,1009,0,0,1519,215,0
Semantic,fr3_walking_halfsphere,run_03,1010,0,0,1525,262,0
Semantic,fr3_walking_halfsphere,run_03,1011,0,0,1521,272,0
Semantic,fr3_walking_halfsphere,run_03,1012,0,0,1494,283,0
Semantic,fr3_walking_halfsphere,run_03,1013,0,0,1272,251,0
Semantic,fr3_walking_halfsphere,run_03,1014,0,0,1380,227,0
Semantic,fr3_walking_halfsphere,run_03,1015,0,0,1389,147,0
Semantic,fr3_walking_halfsphere,run_03,1016,0,0,1411,252,0
Semantic,fr3_walking_halfsphere,run_03,1017,0,0,1401,186,0
Semantic,fr3_walking_halfsphere,run_03,1018,0,0,1409,228,0
Semantic,fr3_walking_halfsphere,run_03,1019,0,0,1402,224,0
Semantic,fr3_walking_halfsphere,run_03,1020,0,0,1390,231,0
Semantic,fr3_walking_halfsphere,run_04,1,0,0,291,46,0
Semantic,fr3_walking_halfsphere,run_04,2,0,0,432,39,0
Semantic,fr3_walking_halfsphere,run_04,3,0,0,358,3,0
Semantic,fr3_walking_halfsphere,run_04,4,0,0,472,55,0
Semantic,fr3_walking_halfsphere,run_04,5,0,0,468,129,0
Semantic,fr3_walking_halfsphere,run_04,6,0,0,356,92,0
Semantic,fr3_walking_halfsphere,run_04,7,0,0,350,45,0
Semantic,fr3_walking_halfsphere,run_04,8,0,0,378,16,0
Semantic,fr3_walking_halfsphere,run_04,9,0,0,481,25,0
Semantic,fr3_walking_halfsphere,run_04,10,0,0,592,50,0
Semantic,fr3_walking_halfsphere,run_04,11,0,0,585,123,0
Semantic,fr3_walking_halfsphere,run_04,12,0,0,536,34,0
Semantic,fr3_walking_halfsphere,run_04,13,0,0,693,211,0
Semantic,fr3_walking_halfsphere,run_04,14,0,0,535,184,0
Semantic,fr3_walking_halfsphere,run_04,15,0,0,497,137,0
Semantic,fr3_walking_halfsphere,run_04,16,0,0,483,98,0
Semantic,fr3_walking_halfsphere,run_04,17,0,0,491,190,0
Semantic,fr3_walking_halfsphere,run_04,18,0,0,485,182,0
Semantic,fr3_walking_halfsphere,run_04,19,0,0,504,180,0
Semantic,fr3_walking_halfsphere,run_04,20,0,0,454,169,0
Semantic,fr3_walking_halfsphere,run_04,21,0,0,486,118,0
Semantic,fr3_walking_halfsphere,run_04,22,0,0,475,146,0
Semantic,fr3_walking_halfsphere,run_04,23,0,0,519,170,0
Semantic,fr3_walking_halfsphere,run_04,24,0,0,531,163,0
Semantic,fr3_walking_halfsphere,run_04,25,0,0,519,277,0
Semantic,fr3_walking_halfsphere,run_04,26,0,0,548,324,0
Semantic,fr3_walking_halfsphere,run_04,27,0,0,496,193,0
Semantic,fr3_walking_halfsphere,run_04,28,0,0,500,194,0
Semantic,fr3_walking_halfsphere,run_04,29,0,0,518,196,0
Semantic,fr3_walking_halfsphere,run_04,30,0,0,503,276,0
Semantic,fr3_walking_halfsphere,run_04,31,0,0,537,246,0
Semantic,fr3_walking_halfsphere,run_04,32,0,0,531,243,0
Semantic,fr3_walking_halfsphere,run_04,33,0,0,518,206,0
Semantic,fr3_walking_halfsphere,run_04,34,0,0,549,239,0
Semantic,fr3_walking_halfsphere,run_04,35,0,0,552,238,0
Semantic,fr3_walking_halfsphere,run_04,36,0,0,551,235,0
Semantic,fr3_walking_halfsphere,run_04,37,0,0,580,241,0
Semantic,fr3_walking_halfsphere,run_04,38,0,0,560,273,0
Semantic,fr3_walking_halfsphere,run_04,39,0,0,613,289,0
Semantic,fr3_walking_halfsphere,run_04,40,0,0,611,284,0
Semantic,fr3_walking_halfsphere,run_04,41,0,0,593,270,0
Semantic,fr3_walking_halfsphere,run_04,42,0,0,635,277,0
Semantic,fr3_walking_halfsphere,run_04,43,0,0,645,272,0
Semantic,fr3_walking_halfsphere,run_04,44,0,0,641,264,0
Semantic,fr3_walking_halfsphere,run_04,45,0,0,605,220,0
Semantic,fr3_walking_halfsphere,run_04,46,0,0,653,195,0
Semantic,fr3_walking_halfsphere,run_04,47,0,0,644,165,0
Semantic,fr3_walking_halfsphere,run_04,48,0,0,643,146,0
Semantic,fr3_walking_halfsphere,run_04,49,0,0,680,129,0
Semantic,fr3_walking_halfsphere,run_04,50,0,0,649,120,0
Semantic,fr3_walking_halfsphere,run_04,51,0,0,650,116,0
Semantic,fr3_walking_halfsphere,run_04,52,0,0,686,146,0
Semantic,fr3_walking_halfsphere,run_04,53,0,0,632,139,0
Semantic,fr3_walking_halfsphere,run_04,54,0,0,676,170,0
Semantic,fr3_walking_halfsphere,run_04,55,0,0,649,197,0
Semantic,fr3_walking_halfsphere,run_04,56,0,0,691,207,0
Semantic,fr3_walking_halfsphere,run_04,57,0,0,714,229,0
Semantic,fr3_walking_halfsphere,run_04,58,0,0,648,214,0
Semantic,fr3_walking_halfsphere,run_04,59,0,0,655,208,0
Semantic,fr3_walking_halfsphere,run_04,60,0,0,698,206,0
Semantic,fr3_walking_halfsphere,run_04,61,0,0,641,219,0
Semantic,fr3_walking_halfsphere,run_04,62,0,0,636,209,0
Semantic,fr3_walking_halfsphere,run_04,63,0,0,681,235,0
Semantic,fr3_walking_halfsphere,run_04,64,0,0,632,242,0
Semantic,fr3_walking_halfsphere,run_04,65,0,0,675,253,0
Semantic,fr3_walking_halfsphere,run_04,66,0,0,669,292,0
Semantic,fr3_walking_halfsphere,run_04,67,0,0,622,275,0
Semantic,fr3_walking_halfsphere,run_04,68,0,0,639,318,0
Semantic,fr3_walking_halfsphere,run_04,69,0,0,610,266,0
Semantic,fr3_walking_halfsphere,run_04,70,0,0,643,286,0
Semantic,fr3_walking_halfsphere,run_04,71,0,0,645,304,0
Semantic,fr3_walking_halfsphere,run_04,72,0,0,613,268,0
Semantic,fr3_walking_halfsphere,run_04,73,0,0,653,286,0
Semantic,fr3_walking_halfsphere,run_04,74,0,0,614,282,0
Semantic,fr3_walking_halfsphere,run_04,75,0,0,633,271,0
Semantic,fr3_walking_halfsphere,run_04,76,0,0,632,274,0
Semantic,fr3_walking_halfsphere,run_04,77,0,0,607,270,0
Semantic,fr3_walking_halfsphere,run_04,78,0,0,602,260,0
Semantic,fr3_walking_halfsphere,run_04,79,0,0,562,265,0
Semantic,fr3_walking_halfsphere,run_04,80,0,0,590,252,0
Semantic,fr3_walking_halfsphere,run_04,81,0,0,580,243,0
Semantic,fr3_walking_halfsphere,run_04,82,0,0,566,233,0
Semantic,fr3_walking_halfsphere,run_04,83,0,0,616,237,0
Semantic,fr3_walking_halfsphere,run_04,84,0,0,586,298,0
Semantic,fr3_walking_halfsphere,run_04,85,0,0,618,296,0
Semantic,fr3_walking_halfsphere,run_04,86,0,0,644,320,0
Semantic,fr3_walking_halfsphere,run_04,87,0,0,639,301,0
Semantic,fr3_walking_halfsphere,run_04,88,0,0,715,320,0
Semantic,fr3_walking_halfsphere,run_04,89,0,0,716,335,0
Semantic,fr3_walking_halfsphere,run_04,90,0,0,713,332,0
Semantic,fr3_walking_halfsphere,run_04,91,0,0,735,335,0
Semantic,fr3_walking_halfsphere,run_04,92,0,0,746,358,0
Semantic,fr3_walking_halfsphere,run_04,93,0,0,729,331,0
Semantic,fr3_walking_halfsphere,run_04,94,0,0,718,305,0
Semantic,fr3_walking_halfsphere,run_04,95,0,0,678,281,0
Semantic,fr3_walking_halfsphere,run_04,96,0,0,710,267,0
Semantic,fr3_walking_halfsphere,run_04,97,0,0,758,245,0
Semantic,fr3_walking_halfsphere,run_04,98,0,0,788,220,0
Semantic,fr3_walking_halfsphere,run_04,99,0,0,792,188,0
Semantic,fr3_walking_halfsphere,run_04,100,0,0,831,156,0
Semantic,fr3_walking_halfsphere,run_04,101,0,0,812,107,0
Semantic,fr3_walking_halfsphere,run_04,102,0,0,867,87,0
Semantic,fr3_walking_halfsphere,run_04,103,0,0,945,79,0
Semantic,fr3_walking_halfsphere,run_04,104,0,0,934,60,0
Semantic,fr3_walking_halfsphere,run_04,105,0,0,896,69,0
Semantic,fr3_walking_halfsphere,run_04,106,0,0,993,76,0
Semantic,fr3_walking_halfsphere,run_04,107,0,0,1012,72,0
Semantic,fr3_walking_halfsphere,run_04,108,0,0,983,50,0
Semantic,fr3_walking_halfsphere,run_04,109,0,0,977,55,0
Semantic,fr3_walking_halfsphere,run_04,110,0,0,1002,45,0
Semantic,fr3_walking_halfsphere,run_04,111,0,0,964,54,0
Semantic,fr3_walking_halfsphere,run_04,112,0,0,1007,84,0
Semantic,fr3_walking_halfsphere,run_04,113,0,0,1025,101,0
Semantic,fr3_walking_halfsphere,run_04,114,0,0,1044,162,0
Semantic,fr3_walking_halfsphere,run_04,115,0,0,903,203,0
Semantic,fr3_walking_halfsphere,run_04,116,0,0,1019,208,0
Semantic,fr3_walking_halfsphere,run_04,117,0,0,1017,206,0
Semantic,fr3_walking_halfsphere,run_04,118,0,0,1037,209,0
Semantic,fr3_walking_halfsphere,run_04,119,0,0,1048,202,0
Semantic,fr3_walking_halfsphere,run_04,120,0,0,1039,169,0
Semantic,fr3_walking_halfsphere,run_04,121,0,0,1067,181,0
Semantic,fr3_walking_halfsphere,run_04,122,0,0,1090,173,0
Semantic,fr3_walking_halfsphere,run_04,123,0,0,1082,160,0
Semantic,fr3_walking_halfsphere,run_04,124,0,0,1089,151,0
Semantic,fr3_walking_halfsphere,run_04,125,0,0,1098,74,0
Semantic,fr3_walking_halfsphere,run_04,126,0,0,1112,61,0
Semantic,fr3_walking_halfsphere,run_04,127,0,0,1115,55,0
Semantic,fr3_walking_halfsphere,run_04,128,0,0,1106,118,0
Semantic,fr3_walking_halfsphere,run_04,129,0,0,1092,92,0
Semantic,fr3_walking_halfsphere,run_04,130,0,0,1086,68,0
Semantic,fr3_walking_halfsphere,run_04,131,0,0,1122,55,0
Semantic,fr3_walking_halfsphere,run_04,132,0,0,1085,47,0
Semantic,fr3_walking_halfsphere,run_04,133,0,0,1057,47,0
Semantic,fr3_walking_halfsphere,run_04,134,0,0,1107,45,0
Semantic,fr3_walking_halfsphere,run_04,135,0,0,1124,41,0
Semantic,fr3_walking_halfsphere,run_04,136,0,0,1078,0,0
Semantic,fr3_walking_halfsphere,run_04,137,0,0,1044,0,0
Semantic,fr3_walking_halfsphere,run_04,138,0,0,1048,0,0
Semantic,fr3_walking_halfsphere,run_04,139,0,0,1053,0,0
Semantic,fr3_walking_halfsphere,run_04,140,0,0,1034,0,0
Semantic,fr3_walking_halfsphere,run_04,141,0,0,1003,0,0
Semantic,fr3_walking_halfsphere,run_04,142,0,0,1002,0,0
Semantic,fr3_walking_halfsphere,run_04,143,0,0,1007,0,0
Semantic,fr3_walking_halfsphere,run_04,144,0,0,1010,0,0
Semantic,fr3_walking_halfsphere,run_04,145,0,0,975,0,0
Semantic,fr3_walking_halfsphere,run_04,146,0,0,1007,0,0
Semantic,fr3_walking_halfsphere,run_04,147,0,0,973,0,0
Semantic,fr3_walking_halfsphere,run_04,148,0,0,965,0,0
Semantic,fr3_walking_halfsphere,run_04,149,0,0,977,0,0
Semantic,fr3_walking_halfsphere,run_04,150,0,0,860,0,0
Semantic,fr3_walking_halfsphere,run_04,151,0,0,989,0,0
Semantic,fr3_walking_halfsphere,run_04,152,0,0,1000,0,0
Semantic,fr3_walking_halfsphere,run_04,153,0,0,973,0,0
Semantic,fr3_walking_halfsphere,run_04,154,0,0,983,0,0
Semantic,fr3_walking_halfsphere,run_04,155,0,0,997,0,0
Semantic,fr3_walking_halfsphere,run_04,156,0,0,1008,0,0
Semantic,fr3_walking_halfsphere,run_04,157,0,0,989,0,0
Semantic,fr3_walking_halfsphere,run_04,158,0,0,953,0,0
Semantic,fr3_walking_halfsphere,run_04,159,0,0,968,22,0
Semantic,fr3_walking_halfsphere,run_04,160,0,0,972,1,0
Semantic,fr3_walking_halfsphere,run_04,161,0,0,963,2,0
Semantic,fr3_walking_halfsphere,run_04,162,0,0,930,0,0
Semantic,fr3_walking_halfsphere,run_04,163,0,0,902,0,0
Semantic,fr3_walking_halfsphere,run_04,164,0,0,789,6,0
Semantic,fr3_walking_halfsphere,run_04,165,0,0,903,20,0
Semantic,fr3_walking_halfsphere,run_04,166,0,0,869,11,0
Semantic,fr3_walking_halfsphere,run_04,167,0,0,894,19,0
Semantic,fr3_walking_halfsphere,run_04,168,0,0,880,24,0
Semantic,fr3_walking_halfsphere,run_04,169,0,0,893,25,0
Semantic,fr3_walking_halfsphere,run_04,170,0,0,893,27,0
Semantic,fr3_walking_halfsphere,run_04,171,0,0,882,99,0
Semantic,fr3_walking_halfsphere,run_04,172,0,0,876,40,0
Semantic,fr3_walking_halfsphere,run_04,173,0,0,802,17,0
Semantic,fr3_walking_halfsphere,run_04,174,0,0,847,11,0
Semantic,fr3_walking_halfsphere,run_04,175,0,0,851,19,0
Semantic,fr3_walking_halfsphere,run_04,176,0,0,856,43,0
Semantic,fr3_walking_halfsphere,run_04,177,0,0,871,78,0
Semantic,fr3_walking_halfsphere,run_04,178,0,0,855,49,0
Semantic,fr3_walking_halfsphere,run_04,179,0,0,892,113,0
Semantic,fr3_walking_halfsphere,run_04,180,0,0,890,75,0
Semantic,fr3_walking_halfsphere,run_04,181,0,0,895,70,0
Semantic,fr3_walking_halfsphere,run_04,182,0,0,886,69,0
Semantic,fr3_walking_halfsphere,run_04,183,0,0,872,15,0
Semantic,fr3_walking_halfsphere,run_04,184,0,0,895,14,0
Semantic,fr3_walking_halfsphere,run_04,185,0,0,889,14,0
Semantic,fr3_walking_halfsphere,run_04,186,0,0,886,13,0
Semantic,fr3_walking_halfsphere,run_04,187,0,0,800,14,0
Semantic,fr3_walking_halfsphere,run_04,188,0,0,884,12,0
Semantic,fr3_walking_halfsphere,run_04,189,0,0,892,4,0
Semantic,fr3_walking_halfsphere,run_04,190,0,0,887,6,0
Semantic,fr3_walking_halfsphere,run_04,191,0,0,886,9,0
Semantic,fr3_walking_halfsphere,run_04,192,0,0,894,6,0
Semantic,fr3_walking_halfsphere,run_04,193,0,0,886,5,0
Semantic,fr3_walking_halfsphere,run_04,194,0,0,820,5,0
Semantic,fr3_walking_halfsphere,run_04,195,0,0,921,3,0
Semantic,fr3_walking_halfsphere,run_04,196,0,0,920,6,0
Semantic,fr3_walking_halfsphere,run_04,197,0,0,911,0,0
Semantic,fr3_walking_halfsphere,run_04,198,0,0,828,0,0
Semantic,fr3_walking_halfsphere,run_04,199,0,0,910,0,0
Semantic,fr3_walking_halfsphere,run_04,200,0,0,913,0,0
Semantic,fr3_walking_halfsphere,run_04,201,0,0,917,0,0
Semantic,fr3_walking_halfsphere,run_04,202,0,0,921,0,0
Semantic,fr3_walking_halfsphere,run_04,203,0,0,921,0,0
Semantic,fr3_walking_halfsphere,run_04,204,0,0,846,0,0
Semantic,fr3_walking_halfsphere,run_04,205,0,0,929,0,0
Semantic,fr3_walking_halfsphere,run_04,206,0,0,945,0,0
Semantic,fr3_walking_halfsphere,run_04,207,0,0,943,0,0
Semantic,fr3_walking_halfsphere,run_04,208,0,0,977,13,0
Semantic,fr3_walking_halfsphere,run_04,209,0,0,994,0,0
Semantic,fr3_walking_halfsphere,run_04,210,0,0,1022,0,0
Semantic,fr3_walking_halfsphere,run_04,211,0,0,994,0,0
Semantic,fr3_walking_halfsphere,run_04,212,0,0,1252,0,0
Semantic,fr3_walking_halfsphere,run_04,213,0,0,1295,0,0
Semantic,fr3_walking_halfsphere,run_04,214,0,0,1296,0,0
Semantic,fr3_walking_halfsphere,run_04,215,0,0,1402,0,0
Semantic,fr3_walking_halfsphere,run_04,216,0,0,1680,0,0
Semantic,fr3_walking_halfsphere,run_04,217,0,0,1595,0,0
Semantic,fr3_walking_halfsphere,run_04,218,0,0,1470,65,0
Semantic,fr3_walking_halfsphere,run_04,219,0,0,1317,91,0
Semantic,fr3_walking_halfsphere,run_04,220,0,0,1420,160,0
Semantic,fr3_walking_halfsphere,run_04,221,0,0,1255,214,0
Semantic,fr3_walking_halfsphere,run_04,222,0,0,1217,203,0
Semantic,fr3_walking_halfsphere,run_04,223,0,0,1405,386,0
Semantic,fr3_walking_halfsphere,run_04,224,0,0,1402,254,0
Semantic,fr3_walking_halfsphere,run_04,225,0,0,909,73,0
Semantic,fr3_walking_halfsphere,run_04,226,0,0,1184,203,0
Semantic,fr3_walking_halfsphere,run_04,227,0,0,1130,222,0
Semantic,fr3_walking_halfsphere,run_04,228,0,0,1119,238,0
Semantic,fr3_walking_halfsphere,run_04,229,0,0,1070,152,0
Semantic,fr3_walking_halfsphere,run_04,230,0,0,1122,202,0
Semantic,fr3_walking_halfsphere,run_04,231,0,0,1226,187,0
Semantic,fr3_walking_halfsphere,run_04,232,0,0,1095,174,0
Semantic,fr3_walking_halfsphere,run_04,233,0,0,1144,98,0
Semantic,fr3_walking_halfsphere,run_04,234,0,0,943,82,0
Semantic,fr3_walking_halfsphere,run_04,235,0,0,929,75,0
Semantic,fr3_walking_halfsphere,run_04,236,0,0,947,71,0
Semantic,fr3_walking_halfsphere,run_04,237,0,0,1011,78,0
Semantic,fr3_walking_halfsphere,run_04,238,0,0,889,94,0
Semantic,fr3_walking_halfsphere,run_04,239,0,0,690,85,0
Semantic,fr3_walking_halfsphere,run_04,240,0,0,662,108,0
Semantic,fr3_walking_halfsphere,run_04,241,0,0,681,169,0
Semantic,fr3_walking_halfsphere,run_04,242,0,0,1079,262,0
Semantic,fr3_walking_halfsphere,run_04,243,0,0,717,183,0
Semantic,fr3_walking_halfsphere,run_04,244,0,0,1057,156,0
Semantic,fr3_walking_halfsphere,run_04,245,0,0,1050,137,0
Semantic,fr3_walking_halfsphere,run_04,246,0,0,903,121,0
Semantic,fr3_walking_halfsphere,run_04,247,0,0,955,127,0
Semantic,fr3_walking_halfsphere,run_04,248,0,0,1051,125,0
Semantic,fr3_walking_halfsphere,run_04,249,0,0,911,171,0
Semantic,fr3_walking_halfsphere,run_04,250,0,0,801,163,0
Semantic,fr3_walking_halfsphere,run_04,251,0,0,957,186,0
Semantic,fr3_walking_halfsphere,run_04,252,0,0,957,198,0
Semantic,fr3_walking_halfsphere,run_04,253,0,0,866,191,0
Semantic,fr3_walking_halfsphere,run_04,254,0,0,971,176,0
Semantic,fr3_walking_halfsphere,run_04,255,0,0,967,163,0
Semantic,fr3_walking_halfsphere,run_04,256,0,0,902,135,0
Semantic,fr3_walking_halfsphere,run_04,257,0,0,1038,113,0
Semantic,fr3_walking_halfsphere,run_04,258,0,0,1038,92,0
Semantic,fr3_walking_halfsphere,run_04,259,0,0,1018,82,0
Semantic,fr3_walking_halfsphere,run_04,260,0,0,896,86,0
Semantic,fr3_walking_halfsphere,run_04,261,0,0,1139,97,0
Semantic,fr3_walking_halfsphere,run_04,262,0,0,999,88,0
Semantic,fr3_walking_halfsphere,run_04,263,0,0,908,73,0
Semantic,fr3_walking_halfsphere,run_04,264,0,0,994,78,0
Semantic,fr3_walking_halfsphere,run_04,265,0,0,1008,87,0
Semantic,fr3_walking_halfsphere,run_04,266,0,0,1031,97,0
Semantic,fr3_walking_halfsphere,run_04,267,0,0,1015,89,0
Semantic,fr3_walking_halfsphere,run_04,268,0,0,1005,89,0
Semantic,fr3_walking_halfsphere,run_04,269,0,0,971,23,0
Semantic,fr3_walking_halfsphere,run_04,270,0,0,1115,26,0
Semantic,fr3_walking_halfsphere,run_04,271,0,0,989,36,0
Semantic,fr3_walking_halfsphere,run_04,272,0,0,1016,36,0
Semantic,fr3_walking_halfsphere,run_04,273,0,0,1089,48,0
Semantic,fr3_walking_halfsphere,run_04,274,0,0,1035,33,0
Semantic,fr3_walking_halfsphere,run_04,275,0,0,1041,29,0
Semantic,fr3_walking_halfsphere,run_04,276,0,0,1055,30,0
Semantic,fr3_walking_halfsphere,run_04,277,0,0,1051,36,0
Semantic,fr3_walking_halfsphere,run_04,278,0,0,1084,28,0
Semantic,fr3_walking_halfsphere,run_04,279,0,0,1084,30,0
Semantic,fr3_walking_halfsphere,run_04,280,0,0,1092,42,0
Semantic,fr3_walking_halfsphere,run_04,281,0,0,1118,61,0
Semantic,fr3_walking_halfsphere,run_04,282,0,0,1099,43,0
Semantic,fr3_walking_halfsphere,run_04,283,0,0,1105,42,0
Semantic,fr3_walking_halfsphere,run_04,284,0,0,1109,39,0
Semantic,fr3_walking_halfsphere,run_04,285,0,0,1131,41,0
Semantic,fr3_walking_halfsphere,run_04,286,0,0,1102,42,0
Semantic,fr3_walking_halfsphere,run_04,287,0,0,1072,43,0
Semantic,fr3_walking_halfsphere,run_04,288,0,0,1107,43,0
Semantic,fr3_walking_halfsphere,run_04,289,0,0,1056,38,0
Semantic,fr3_walking_halfsphere,run_04,290,0,0,1079,50,0
Semantic,fr3_walking_halfsphere,run_04,291,0,0,1268,38,0
Semantic,fr3_walking_halfsphere,run_04,292,0,0,1268,43,0
Semantic,fr3_walking_halfsphere,run_04,293,0,0,1269,38,0
Semantic,fr3_walking_halfsphere,run_04,294,0,0,1118,47,0
Semantic,fr3_walking_halfsphere,run_04,295,0,0,1337,50,0
Semantic,fr3_walking_halfsphere,run_04,296,0,0,1405,51,0
Semantic,fr3_walking_halfsphere,run_04,297,0,0,1324,41,0
Semantic,fr3_walking_halfsphere,run_04,298,0,0,1344,74,0
Semantic,fr3_walking_halfsphere,run_04,299,0,0,1326,72,0
Semantic,fr3_walking_halfsphere,run_04,300,0,0,1172,89,0
Semantic,fr3_walking_halfsphere,run_04,301,0,0,1513,130,0
Semantic,fr3_walking_halfsphere,run_04,302,0,0,1388,104,0
Semantic,fr3_walking_halfsphere,run_04,303,0,0,1573,116,0
Semantic,fr3_walking_halfsphere,run_04,304,0,0,1469,113,0
Semantic,fr3_walking_halfsphere,run_04,305,0,0,1299,98,0
Semantic,fr3_walking_halfsphere,run_04,306,0,0,1449,97,0
Semantic,fr3_walking_halfsphere,run_04,307,0,0,1183,94,0
Semantic,fr3_walking_halfsphere,run_04,308,0,0,1130,78,0
Semantic,fr3_walking_halfsphere,run_04,309,0,0,1073,85,0
Semantic,fr3_walking_halfsphere,run_04,310,0,0,1263,110,0
Semantic,fr3_walking_halfsphere,run_04,311,0,0,1223,128,0
Semantic,fr3_walking_halfsphere,run_04,312,0,0,1227,119,0
Semantic,fr3_walking_halfsphere,run_04,313,0,0,1587,184,0
Semantic,fr3_walking_halfsphere,run_04,314,0,0,1179,155,0
Semantic,fr3_walking_halfsphere,run_04,315,0,0,950,152,0
Semantic,fr3_walking_halfsphere,run_04,316,0,0,1148,152,0
Semantic,fr3_walking_halfsphere,run_04,317,0,0,1114,187,0
Semantic,fr3_walking_halfsphere,run_04,318,0,0,1145,172,0
Semantic,fr3_walking_halfsphere,run_04,319,0,0,1159,170,0
Semantic,fr3_walking_halfsphere,run_04,320,0,0,1154,165,0
Semantic,fr3_walking_halfsphere,run_04,321,0,0,1191,156,0
Semantic,fr3_walking_halfsphere,run_04,322,0,0,1021,156,0
Semantic,fr3_walking_halfsphere,run_04,323,0,0,1157,150,0
Semantic,fr3_walking_halfsphere,run_04,324,0,0,1183,138,0
Semantic,fr3_walking_halfsphere,run_04,325,0,0,1264,173,0
Semantic,fr3_walking_halfsphere,run_04,326,0,0,1236,158,0
Semantic,fr3_walking_halfsphere,run_04,327,0,0,2112,212,0
Semantic,fr3_walking_halfsphere,run_04,328,0,0,2003,226,0
Semantic,fr3_walking_halfsphere,run_04,329,0,0,2026,233,0
Semantic,fr3_walking_halfsphere,run_04,330,0,0,1969,221,0
Semantic,fr3_walking_halfsphere,run_04,331,0,0,2015,206,0
Semantic,fr3_walking_halfsphere,run_04,332,0,0,2188,163,0
Semantic,fr3_walking_halfsphere,run_04,333,0,0,2090,117,0
Semantic,fr3_walking_halfsphere,run_04,334,0,0,2271,98,0
Semantic,fr3_walking_halfsphere,run_04,335,0,0,2223,87,0
Semantic,fr3_walking_halfsphere,run_04,336,0,0,2230,84,0
Semantic,fr3_walking_halfsphere,run_04,337,0,0,2222,66,0
Semantic,fr3_walking_halfsphere,run_04,338,0,0,2221,82,0
Semantic,fr3_walking_halfsphere,run_04,339,0,0,2198,97,0
Semantic,fr3_walking_halfsphere,run_04,340,0,0,2194,108,0
Semantic,fr3_walking_halfsphere,run_04,341,0,0,2213,106,0
Semantic,fr3_walking_halfsphere,run_04,342,0,0,1945,145,0
Semantic,fr3_walking_halfsphere,run_04,343,0,0,2004,89,0
Semantic,fr3_walking_halfsphere,run_04,344,0,0,2085,185,0
Semantic,fr3_walking_halfsphere,run_04,345,0,0,2024,169,0
Semantic,fr3_walking_halfsphere,run_04,346,0,0,2028,139,0
Semantic,fr3_walking_halfsphere,run_04,347,0,0,1884,191,0
Semantic,fr3_walking_halfsphere,run_04,348,0,0,1770,105,0
Semantic,fr3_walking_halfsphere,run_04,349,0,0,2003,93,0
Semantic,fr3_walking_halfsphere,run_04,350,0,0,2017,115,0
Semantic,fr3_walking_halfsphere,run_04,351,0,0,2028,63,0
Semantic,fr3_walking_halfsphere,run_04,352,0,0,1994,55,0
Semantic,fr3_walking_halfsphere,run_04,353,0,0,2064,57,0
Semantic,fr3_walking_halfsphere,run_04,354,0,0,2029,52,0
Semantic,fr3_walking_halfsphere,run_04,355,0,0,2041,47,0
Semantic,fr3_walking_halfsphere,run_04,356,0,0,1983,64,0
Semantic,fr3_walking_halfsphere,run_04,357,0,0,1987,46,0
Semantic,fr3_walking_halfsphere,run_04,358,0,0,1989,61,0
Semantic,fr3_walking_halfsphere,run_04,359,0,0,1944,46,0
Semantic,fr3_walking_halfsphere,run_04,360,0,0,1968,0,0
Semantic,fr3_walking_halfsphere,run_04,361,0,0,1986,0,0
Semantic,fr3_walking_halfsphere,run_04,362,0,0,2014,0,0
Semantic,fr3_walking_halfsphere,run_04,363,0,0,1964,0,0
Semantic,fr3_walking_halfsphere,run_04,364,0,0,1981,0,0
Semantic,fr3_walking_halfsphere,run_04,365,0,0,1961,0,0
Semantic,fr3_walking_halfsphere,run_04,366,0,0,1969,0,0
Semantic,fr3_walking_halfsphere,run_04,367,0,0,1943,0,0
Semantic,fr3_walking_halfsphere,run_04,368,0,0,1934,27,0
Semantic,fr3_walking_halfsphere,run_04,369,0,0,1947,26,0
Semantic,fr3_walking_halfsphere,run_04,370,0,0,1939,30,0
Semantic,fr3_walking_halfsphere,run_04,371,0,0,1986,26,0
Semantic,fr3_walking_halfsphere,run_04,372,0,0,1970,0,0
Semantic,fr3_walking_halfsphere,run_04,373,0,0,1998,0,0
Semantic,fr3_walking_halfsphere,run_04,374,0,0,1989,13,0
Semantic,fr3_walking_halfsphere,run_04,375,0,0,1975,11,0
Semantic,fr3_walking_halfsphere,run_04,376,0,0,2014,0,0
Semantic,fr3_walking_halfsphere,run_04,377,0,0,1987,6,0
Semantic,fr3_walking_halfsphere,run_04,378,0,0,1985,6,0
Semantic,fr3_walking_halfsphere,run_04,379,0,0,2001,7,0
Semantic,fr3_walking_halfsphere,run_04,380,0,0,2012,0,0
Semantic,fr3_walking_halfsphere,run_04,381,0,0,2022,0,0
Semantic,fr3_walking_halfsphere,run_04,382,0,0,2001,0,0
Semantic,fr3_walking_halfsphere,run_04,383,0,0,1998,16,0
Semantic,fr3_walking_halfsphere,run_04,384,0,0,1992,0,0
Semantic,fr3_walking_halfsphere,run_04,385,0,0,1965,0,0
Semantic,fr3_walking_halfsphere,run_04,386,0,0,2018,0,0
Semantic,fr3_walking_halfsphere,run_04,387,0,0,2009,0,0
Semantic,fr3_walking_halfsphere,run_04,388,0,0,1980,0,0
Semantic,fr3_walking_halfsphere,run_04,389,0,0,1948,0,0
Semantic,fr3_walking_halfsphere,run_04,390,0,0,1996,0,0
Semantic,fr3_walking_halfsphere,run_04,391,0,0,2006,0,0
Semantic,fr3_walking_halfsphere,run_04,392,0,0,2013,0,0
Semantic,fr3_walking_halfsphere,run_04,393,0,0,1989,0,0
Semantic,fr3_walking_halfsphere,run_04,394,0,0,1967,0,0
Semantic,fr3_walking_halfsphere,run_04,395,0,0,1908,0,0
Semantic,fr3_walking_halfsphere,run_04,396,0,0,1683,0,0
Semantic,fr3_walking_halfsphere,run_04,397,0,0,2044,0,0
Semantic,fr3_walking_halfsphere,run_04,398,0,0,2036,0,0
Semantic,fr3_walking_halfsphere,run_04,399,0,0,2034,0,0
Semantic,fr3_walking_halfsphere,run_04,400,0,0,1990,0,0
Semantic,fr3_walking_halfsphere,run_04,401,0,0,2026,0,0
Semantic,fr3_walking_halfsphere,run_04,402,0,0,2083,0,0
Semantic,fr3_walking_halfsphere,run_04,403,0,0,2043,0,0
Semantic,fr3_walking_halfsphere,run_04,404,0,0,2037,0,0
Semantic,fr3_walking_halfsphere,run_04,405,0,0,2091,0,0
Semantic,fr3_walking_halfsphere,run_04,406,0,0,2143,0,0
Semantic,fr3_walking_halfsphere,run_04,407,0,0,2154,0,0
Semantic,fr3_walking_halfsphere,run_04,408,0,0,1840,0,0
Semantic,fr3_walking_halfsphere,run_04,409,0,0,2197,0,0
Semantic,fr3_walking_halfsphere,run_04,410,0,0,2218,0,0
Semantic,fr3_walking_halfsphere,run_04,411,0,0,2221,0,0
Semantic,fr3_walking_halfsphere,run_04,412,0,0,2255,0,0
Semantic,fr3_walking_halfsphere,run_04,413,0,0,2213,0,0
Semantic,fr3_walking_halfsphere,run_04,414,0,0,2287,0,0
Semantic,fr3_walking_halfsphere,run_04,415,0,0,2291,0,0
Semantic,fr3_walking_halfsphere,run_04,416,0,0,2268,0,0
Semantic,fr3_walking_halfsphere,run_04,417,0,0,1878,0,0
Semantic,fr3_walking_halfsphere,run_04,418,0,0,2081,0,0
Semantic,fr3_walking_halfsphere,run_04,419,0,0,2034,483,0
Semantic,fr3_walking_halfsphere,run_04,420,0,0,1809,290,0
Semantic,fr3_walking_halfsphere,run_04,421,0,0,1512,125,0
Semantic,fr3_walking_halfsphere,run_04,422,0,0,1782,156,0
Semantic,fr3_walking_halfsphere,run_04,423,0,0,1786,182,0
Semantic,fr3_walking_halfsphere,run_04,424,0,0,1799,200,0
Semantic,fr3_walking_halfsphere,run_04,425,0,0,1728,195,0
Semantic,fr3_walking_halfsphere,run_04,426,0,0,1681,158,0
Semantic,fr3_walking_halfsphere,run_04,427,0,0,1606,157,0
Semantic,fr3_walking_halfsphere,run_04,428,0,0,1699,90,0
Semantic,fr3_walking_halfsphere,run_04,429,0,0,1677,93,0
Semantic,fr3_walking_halfsphere,run_04,430,0,0,1859,96,0
Semantic,fr3_walking_halfsphere,run_04,431,0,0,1836,160,0
Semantic,fr3_walking_halfsphere,run_04,432,0,0,1780,297,0
Semantic,fr3_walking_halfsphere,run_04,433,0,0,1854,243,0
Semantic,fr3_walking_halfsphere,run_04,434,0,0,1414,162,0
Semantic,fr3_walking_halfsphere,run_04,435,0,0,1755,271,0
Semantic,fr3_walking_halfsphere,run_04,436,0,0,1697,386,0
Semantic,fr3_walking_halfsphere,run_04,437,0,0,1748,420,0
Semantic,fr3_walking_halfsphere,run_04,438,0,0,1631,222,0
Semantic,fr3_walking_halfsphere,run_04,439,0,0,1234,170,0
Semantic,fr3_walking_halfsphere,run_04,440,0,0,1879,409,0
Semantic,fr3_walking_halfsphere,run_04,441,0,0,1761,344,0
Semantic,fr3_walking_halfsphere,run_04,442,0,0,1793,257,0
Semantic,fr3_walking_halfsphere,run_04,443,0,0,2026,393,0
Semantic,fr3_walking_halfsphere,run_04,444,0,0,2038,417,0
Semantic,fr3_walking_halfsphere,run_04,445,0,0,2042,453,0
Semantic,fr3_walking_halfsphere,run_04,446,0,0,1859,614,0
Semantic,fr3_walking_halfsphere,run_04,447,0,0,1404,481,0
Semantic,fr3_walking_halfsphere,run_04,448,0,0,1595,634,0
Semantic,fr3_walking_halfsphere,run_04,449,0,0,1578,828,0
Semantic,fr3_walking_halfsphere,run_04,450,0,0,1480,701,0
Semantic,fr3_walking_halfsphere,run_04,451,0,0,1495,688,0
Semantic,fr3_walking_halfsphere,run_04,452,0,0,1508,704,0
Semantic,fr3_walking_halfsphere,run_04,453,0,0,1327,613,0
Semantic,fr3_walking_halfsphere,run_04,454,0,0,1351,547,0
Semantic,fr3_walking_halfsphere,run_04,455,0,0,1361,460,0
Semantic,fr3_walking_halfsphere,run_04,456,0,0,1017,239,0
Semantic,fr3_walking_halfsphere,run_04,457,0,0,1010,216,0
Semantic,fr3_walking_halfsphere,run_04,458,0,0,1489,517,0
Semantic,fr3_walking_halfsphere,run_04,459,0,0,1299,503,0
Semantic,fr3_walking_halfsphere,run_04,460,0,0,1011,183,0
Semantic,fr3_walking_halfsphere,run_04,461,0,0,1227,339,0
Semantic,fr3_walking_halfsphere,run_04,462,0,0,1079,236,0
Semantic,fr3_walking_halfsphere,run_04,463,0,0,979,173,0
Semantic,fr3_walking_halfsphere,run_04,464,0,0,1310,381,0
Semantic,fr3_walking_halfsphere,run_04,465,0,0,1016,157,0
Semantic,fr3_walking_halfsphere,run_04,466,0,0,991,132,0
Semantic,fr3_walking_halfsphere,run_04,467,0,0,1309,378,0
Semantic,fr3_walking_halfsphere,run_04,468,0,0,807,135,0
Semantic,fr3_walking_halfsphere,run_04,469,0,0,962,142,0
Semantic,fr3_walking_halfsphere,run_04,470,0,0,958,129,0
Semantic,fr3_walking_halfsphere,run_04,471,0,0,1312,362,0
Semantic,fr3_walking_halfsphere,run_04,472,0,0,947,163,0
Semantic,fr3_walking_halfsphere,run_04,473,0,0,977,182,0
Semantic,fr3_walking_halfsphere,run_04,474,0,0,986,188,0
Semantic,fr3_walking_halfsphere,run_04,475,0,0,990,359,0
Semantic,fr3_walking_halfsphere,run_04,476,0,0,1022,318,0
Semantic,fr3_walking_halfsphere,run_04,477,0,0,1139,338,0
Semantic,fr3_walking_halfsphere,run_04,478,0,0,1148,405,0
Semantic,fr3_walking_halfsphere,run_04,479,0,0,1172,444,0
Semantic,fr3_walking_halfsphere,run_04,480,0,0,1191,360,0
Semantic,fr3_walking_halfsphere,run_04,481,0,0,1228,392,0
Semantic,fr3_walking_halfsphere,run_04,482,0,0,1394,421,0
Semantic,fr3_walking_halfsphere,run_04,483,0,0,1401,401,0
Semantic,fr3_walking_halfsphere,run_04,484,0,0,1274,366,0
Semantic,fr3_walking_halfsphere,run_04,485,0,0,1326,350,0
Semantic,fr3_walking_halfsphere,run_04,486,0,0,1529,423,0
Semantic,fr3_walking_halfsphere,run_04,487,0,0,1560,387,0
Semantic,fr3_walking_halfsphere,run_04,488,0,0,1738,388,0
Semantic,fr3_walking_halfsphere,run_04,489,0,0,1762,389,0
Semantic,fr3_walking_halfsphere,run_04,490,0,0,1430,255,0
Semantic,fr3_walking_halfsphere,run_04,491,0,0,1417,495,0
Semantic,fr3_walking_halfsphere,run_04,492,0,0,1453,341,0
Semantic,fr3_walking_halfsphere,run_04,493,0,0,1523,395,0
Semantic,fr3_walking_halfsphere,run_04,494,0,0,1437,345,0
Semantic,fr3_walking_halfsphere,run_04,495,0,0,1375,303,0
Semantic,fr3_walking_halfsphere,run_04,496,0,0,1440,349,0
Semantic,fr3_walking_halfsphere,run_04,497,0,0,1435,377,0
Semantic,fr3_walking_halfsphere,run_04,498,0,0,1419,393,0
Semantic,fr3_walking_halfsphere,run_04,499,0,0,1436,412,0
Semantic,fr3_walking_halfsphere,run_04,500,0,0,1421,448,0
Semantic,fr3_walking_halfsphere,run_04,501,0,0,1403,440,0
Semantic,fr3_walking_halfsphere,run_04,502,0,0,1464,453,0
Semantic,fr3_walking_halfsphere,run_04,503,0,0,1424,453,0
Semantic,fr3_walking_halfsphere,run_04,504,0,0,1408,450,0
Semantic,fr3_walking_halfsphere,run_04,505,0,0,1393,500,0
Semantic,fr3_walking_halfsphere,run_04,506,0,0,1430,528,0
Semantic,fr3_walking_halfsphere,run_04,507,0,0,1451,476,0
Semantic,fr3_walking_halfsphere,run_04,508,0,0,1450,465,0
Semantic,fr3_walking_halfsphere,run_04,509,0,0,1133,389,0
Semantic,fr3_walking_halfsphere,run_04,510,0,0,1364,364,0
Semantic,fr3_walking_halfsphere,run_04,511,0,0,1374,402,0
Semantic,fr3_walking_halfsphere,run_04,512,0,0,1365,377,0
Semantic,fr3_walking_halfsphere,run_04,513,0,0,1396,372,0
Semantic,fr3_walking_halfsphere,run_04,514,0,0,1202,350,0
Semantic,fr3_walking_halfsphere,run_04,515,0,0,1537,329,0
Semantic,fr3_walking_halfsphere,run_04,516,0,0,1664,310,0
Semantic,fr3_walking_halfsphere,run_04,517,0,0,1383,314,0
Semantic,fr3_walking_halfsphere,run_04,518,0,0,1462,275,0
Semantic,fr3_walking_halfsphere,run_04,519,0,0,1745,290,0
Semantic,fr3_walking_halfsphere,run_04,520,0,0,1379,220,0
Semantic,fr3_walking_halfsphere,run_04,521,0,0,1606,192,0
Semantic,fr3_walking_halfsphere,run_04,522,0,0,1347,182,0
Semantic,fr3_walking_halfsphere,run_04,523,0,0,1646,192,0
Semantic,fr3_walking_halfsphere,run_04,524,0,0,1392,212,0
Semantic,fr3_walking_halfsphere,run_04,525,0,0,1715,221,0
Semantic,fr3_walking_halfsphere,run_04,526,0,0,1549,240,0
Semantic,fr3_walking_halfsphere,run_04,527,0,0,1860,233,0
Semantic,fr3_walking_halfsphere,run_04,528,0,0,1510,193,0
Semantic,fr3_walking_halfsphere,run_04,529,0,0,1845,240,0
Semantic,fr3_walking_halfsphere,run_04,530,0,0,1455,260,0
Semantic,fr3_walking_halfsphere,run_04,531,0,0,1564,306,0
Semantic,fr3_walking_halfsphere,run_04,532,0,0,1392,366,0
Semantic,fr3_walking_halfsphere,run_04,533,0,0,1475,533,0
Semantic,fr3_walking_halfsphere,run_04,534,0,0,1300,460,0
Semantic,fr3_walking_halfsphere,run_04,535,0,0,1300,481,0
Semantic,fr3_walking_halfsphere,run_04,536,0,0,1376,470,0
Semantic,fr3_walking_halfsphere,run_04,537,0,0,1178,506,0
Semantic,fr3_walking_halfsphere,run_04,538,0,0,1170,509,0
Semantic,fr3_walking_halfsphere,run_04,542,0,0,122,11,0
Semantic,fr3_walking_halfsphere,run_04,696,0,0,197,90,0
Semantic,fr3_walking_halfsphere,run_04,722,0,0,196,39,0
Semantic,fr3_walking_halfsphere,run_04,724,0,0,189,22,0
Semantic,fr3_walking_halfsphere,run_04,727,0,0,1146,151,0
Semantic,fr3_walking_halfsphere,run_04,773,0,0,187,0,0
Semantic,fr3_walking_halfsphere,run_04,776,0,0,102,0,0
Semantic,fr3_walking_halfsphere,run_04,779,0,0,174,0,0
Semantic,fr3_walking_halfsphere,run_04,781,0,0,200,5,0
Semantic,fr3_walking_halfsphere,run_04,785,0,0,1326,0,0
Semantic,fr3_walking_halfsphere,run_04,786,0,0,0,0,0
Semantic,fr3_walking_halfsphere,run_04,797,0,0,111,0,0
Semantic,fr3_walking_halfsphere,run_04,824,0,0,117,29,0
Semantic,fr3_walking_halfsphere,run_04,825,0,0,121,48,0
Semantic,fr3_walking_halfsphere,run_04,827,0,0,114,30,0
Semantic,fr3_walking_halfsphere,run_04,884,0,0,117,0,0
Semantic,fr3_walking_halfsphere,run_04,891,0,0,1515,0,0
Semantic,fr3_walking_halfsphere,run_04,892,0,0,1241,0,0
Semantic,fr3_walking_halfsphere,run_04,893,0,0,1891,0,0
Semantic,fr3_walking_halfsphere,run_04,894,0,0,1834,0,0
Semantic,fr3_walking_halfsphere,run_04,895,0,0,1761,0,0
Semantic,fr3_walking_halfsphere,run_04,896,0,0,1769,0,0
Semantic,fr3_walking_halfsphere,run_04,897,0,0,1947,0,0
Semantic,fr3_walking_halfsphere,run_04,898,0,0,1919,0,0
Semantic,fr3_walking_halfsphere,run_04,899,0,0,1771,0,0
Semantic,fr3_walking_halfsphere,run_04,900,0,0,1995,0,0
Semantic,fr3_walking_halfsphere,run_04,907,0,0,123,0,0
Semantic,fr3_walking_halfsphere,run_04,909,0,0,123,17,0
Semantic,fr3_walking_halfsphere,run_04,910,0,0,184,36,0
Semantic,fr3_walking_halfsphere,run_04,911,0,0,1475,0,0
Semantic,fr3_walking_halfsphere,run_04,978,0,0,117,26,0
Semantic,fr3_walking_halfsphere,run_04,980,0,0,113,21,0
Semantic,fr3_walking_halfsphere,run_04,983,0,0,204,111,0
Semantic,fr3_walking_halfsphere,run_04,987,0,0,199,84,0
Semantic,fr3_walking_halfsphere,run_04,991,0,0,205,79,0
Semantic,fr3_walking_halfsphere,run_04,1008,0,0,117,18,0
Semantic,fr3_walking_halfsphere,run_04,1015,0,0,126,19,0
Semantic,fr3_walking_halfsphere,run_04,1017,0,0,120,16,0
Semantic,fr3_walking_halfsphere,run_05,1,0,0,291,46,0
Semantic,fr3_walking_halfsphere,run_05,2,0,0,432,39,0
Semantic,fr3_walking_halfsphere,run_05,3,0,0,358,3,0
Semantic,fr3_walking_halfsphere,run_05,4,0,0,474,55,0
Semantic,fr3_walking_halfsphere,run_05,5,0,0,469,130,0
Semantic,fr3_walking_halfsphere,run_05,6,0,0,356,94,0
Semantic,fr3_walking_halfsphere,run_05,7,0,0,349,46,0
Semantic,fr3_walking_halfsphere,run_05,8,0,0,364,15,0
Semantic,fr3_walking_halfsphere,run_05,9,0,0,470,24,0
Semantic,fr3_walking_halfsphere,run_05,10,0,0,582,51,0
Semantic,fr3_walking_halfsphere,run_05,11,0,0,576,125,0
Semantic,fr3_walking_halfsphere,run_05,12,0,0,543,37,0
Semantic,fr3_walking_halfsphere,run_05,13,0,0,687,212,0
Semantic,fr3_walking_halfsphere,run_05,14,0,0,538,190,0
Semantic,fr3_walking_halfsphere,run_05,15,0,0,487,136,0
Semantic,fr3_walking_halfsphere,run_05,16,0,0,480,98,0
Semantic,fr3_walking_halfsphere,run_05,17,0,0,489,190,0
Semantic,fr3_walking_halfsphere,run_05,18,0,0,491,185,0
Semantic,fr3_walking_halfsphere,run_05,19,0,0,450,173,0
Semantic,fr3_walking_halfsphere,run_05,20,0,0,447,161,0
Semantic,fr3_walking_halfsphere,run_05,21,0,0,481,125,0
Semantic,fr3_walking_halfsphere,run_05,22,0,0,479,149,0
Semantic,fr3_walking_halfsphere,run_05,23,0,0,525,171,0
Semantic,fr3_walking_halfsphere,run_05,24,0,0,504,151,0
Semantic,fr3_walking_halfsphere,run_05,25,0,0,546,279,0
Semantic,fr3_walking_halfsphere,run_05,26,0,0,481,264,0
Semantic,fr3_walking_halfsphere,run_05,27,0,0,520,191,0
Semantic,fr3_walking_halfsphere,run_05,28,0,0,488,199,0
Semantic,fr3_walking_halfsphere,run_05,29,0,0,520,205,0
Semantic,fr3_walking_halfsphere,run_05,30,0,0,518,290,0
Semantic,fr3_walking_halfsphere,run_05,31,0,0,512,238,0
Semantic,fr3_walking_halfsphere,run_05,32,0,0,552,232,0
Semantic,fr3_walking_halfsphere,run_05,33,0,0,555,217,0
Semantic,fr3_walking_halfsphere,run_05,34,0,0,562,262,0
Semantic,fr3_walking_halfsphere,run_05,35,0,0,552,245,0
Semantic,fr3_walking_halfsphere,run_05,36,0,0,512,228,0
Semantic,fr3_walking_halfsphere,run_05,37,0,0,548,236,0
Semantic,fr3_walking_halfsphere,run_05,38,0,0,547,273,0
Semantic,fr3_walking_halfsphere,run_05,39,0,0,557,267,0
Semantic,fr3_walking_halfsphere,run_05,40,0,0,608,268,0
Semantic,fr3_walking_halfsphere,run_05,41,0,0,600,254,0
Semantic,fr3_walking_halfsphere,run_05,42,0,0,600,257,0
Semantic,fr3_walking_halfsphere,run_05,43,0,0,604,254,0
Semantic,fr3_walking_halfsphere,run_05,44,0,0,562,232,0
Semantic,fr3_walking_halfsphere,run_05,45,0,0,615,207,0
Semantic,fr3_walking_halfsphere,run_05,46,0,0,631,182,0
Semantic,fr3_walking_halfsphere,run_05,47,0,0,661,158,0
Semantic,fr3_walking_halfsphere,run_05,48,0,0,658,131,0
Semantic,fr3_walking_halfsphere,run_05,49,0,0,682,121,0
Semantic,fr3_walking_halfsphere,run_05,50,0,0,659,110,0
Semantic,fr3_walking_halfsphere,run_05,51,0,0,669,109,0
Semantic,fr3_walking_halfsphere,run_05,52,0,0,698,138,0
Semantic,fr3_walking_halfsphere,run_05,53,0,0,669,131,0
Semantic,fr3_walking_halfsphere,run_05,54,0,0,690,166,0
Semantic,fr3_walking_halfsphere,run_05,55,0,0,690,195,0
Semantic,fr3_walking_halfsphere,run_05,56,0,0,711,199,0
Semantic,fr3_walking_halfsphere,run_05,57,0,0,706,218,0
Semantic,fr3_walking_halfsphere,run_05,58,0,0,725,225,0
Semantic,fr3_walking_halfsphere,run_05,59,0,0,682,213,0
Semantic,fr3_walking_halfsphere,run_05,60,0,0,704,216,0
Semantic,fr3_walking_halfsphere,run_05,61,0,0,650,225,0
Semantic,fr3_walking_halfsphere,run_05,62,0,0,659,212,0
Semantic,fr3_walking_halfsphere,run_05,63,0,0,704,243,0
Semantic,fr3_walking_halfsphere,run_05,64,0,0,674,252,0
Semantic,fr3_walking_halfsphere,run_05,65,0,0,675,255,0
Semantic,fr3_walking_halfsphere,run_05,66,0,0,661,279,0
Semantic,fr3_walking_halfsphere,run_05,67,0,0,662,281,0
Semantic,fr3_walking_halfsphere,run_05,68,0,0,663,328,0
Semantic,fr3_walking_halfsphere,run_05,69,0,0,660,276,0
Semantic,fr3_walking_halfsphere,run_05,70,0,0,611,265,0
Semantic,fr3_walking_halfsphere,run_05,71,0,0,639,283,0
Semantic,fr3_walking_halfsphere,run_05,72,0,0,639,261,0
Semantic,fr3_walking_halfsphere,run_05,73,0,0,641,265,0
Semantic,fr3_walking_halfsphere,run_05,74,0,0,603,265,0
Semantic,fr3_walking_halfsphere,run_05,75,0,0,622,247,0
Semantic,fr3_walking_halfsphere,run_05,76,0,0,619,255,0
Semantic,fr3_walking_halfsphere,run_05,77,0,0,598,250,0
Semantic,fr3_walking_halfsphere,run_05,78,0,0,592,245,0
Semantic,fr3_walking_halfsphere,run_05,79,0,0,556,247,0
Semantic,fr3_walking_halfsphere,run_05,80,0,0,590,237,0
Semantic,fr3_walking_halfsphere,run_05,81,0,0,579,225,0
Semantic,fr3_walking_halfsphere,run_05,82,0,0,578,220,0
Semantic,fr3_walking_halfsphere,run_05,83,0,0,624,225,0
Semantic,fr3_walking_halfsphere,run_05,84,0,0,607,301,0
Semantic,fr3_walking_halfsphere,run_05,85,0,0,648,304,0
Semantic,fr3_walking_halfsphere,run_05,86,0,0,660,322,0
Semantic,fr3_walking_halfsphere,run_05,87,0,0,649,290,0
Semantic,fr3_walking_halfsphere,run_05,88,0,0,722,315,0
Semantic,fr3_walking_halfsphere,run_05,89,0,0,710,325,0
Semantic,fr3_walking_halfsphere,run_05,90,0,0,708,319,0
Semantic,fr3_walking_halfsphere,run_05,91,0,0,749,332,0
Semantic,fr3_walking_halfsphere,run_05,92,0,0,754,355,0
Semantic,fr3_walking_halfsphere,run_05,93,0,0,740,330,0
Semantic,fr3_walking_halfsphere,run_05,94,0,0,738,306,0
Semantic,fr3_walking_halfsphere,run_05,95,0,0,687,277,0
Semantic,fr3_walking_halfsphere,run_05,96,0,0,717,261,0
Semantic,fr3_walking_halfsphere,run_05,97,0,0,784,242,0
Semantic,fr3_walking_halfsphere,run_05,98,0,0,798,217,0
Semantic,fr3_walking_halfsphere,run_05,99,0,0,802,189,0
Semantic,fr3_walking_halfsphere,run_05,100,0,0,837,154,0
Semantic,fr3_walking_halfsphere,run_05,101,0,0,809,102,0
Semantic,fr3_walking_halfsphere,run_05,102,0,0,855,79,0
Semantic,fr3_walking_halfsphere,run_05,103,0,0,937,71,0
Semantic,fr3_walking_halfsphere,run_05,104,0,0,925,61,0
Semantic,fr3_walking_halfsphere,run_05,105,0,0,933,73,0
Semantic,fr3_walking_halfsphere,run_05,106,0,0,921,73,0
Semantic,fr3_walking_halfsphere,run_05,107,0,0,952,70,0
Semantic,fr3_walking_halfsphere,run_05,108,0,0,941,50,0
Semantic,fr3_walking_halfsphere,run_05,109,0,0,928,58,0
Semantic,fr3_walking_halfsphere,run_05,110,0,0,954,47,0
Semantic,fr3_walking_halfsphere,run_05,111,0,0,922,57,0
Semantic,fr3_walking_halfsphere,run_05,112,0,0,961,80,0
Semantic,fr3_walking_halfsphere,run_05,113,0,0,893,94,0
Semantic,fr3_walking_halfsphere,run_05,114,0,0,1034,146,0
Semantic,fr3_walking_halfsphere,run_05,115,0,0,1012,206,0
Semantic,fr3_walking_halfsphere,run_05,116,0,0,1093,209,0
Semantic,fr3_walking_halfsphere,run_05,117,0,0,1070,207,0
Semantic,fr3_walking_halfsphere,run_05,118,0,0,1098,210,0
Semantic,fr3_walking_halfsphere,run_05,119,0,0,1121,197,0
Semantic,fr3_walking_halfsphere,run_05,120,0,0,1097,169,0
Semantic,fr3_walking_halfsphere,run_05,121,0,0,1122,183,0
Semantic,fr3_walking_halfsphere,run_05,122,0,0,1140,179,0
Semantic,fr3_walking_halfsphere,run_05,123,0,0,1141,166,0
Semantic,fr3_walking_halfsphere,run_05,124,0,0,1145,154,0
Semantic,fr3_walking_halfsphere,run_05,125,0,0,1159,83,0
Semantic,fr3_walking_halfsphere,run_05,126,0,0,1168,71,0
Semantic,fr3_walking_halfsphere,run_05,127,0,0,1168,56,0
Semantic,fr3_walking_halfsphere,run_05,128,0,0,1154,119,0
Semantic,fr3_walking_halfsphere,run_05,129,0,0,1144,90,0
Semantic,fr3_walking_halfsphere,run_05,130,0,0,1131,70,0
Semantic,fr3_walking_halfsphere,run_05,131,0,0,1163,58,0
Semantic,fr3_walking_halfsphere,run_05,132,0,0,1142,53,0
Semantic,fr3_walking_halfsphere,run_05,133,0,0,1108,53,0
Semantic,fr3_walking_halfsphere,run_05,134,0,0,1144,54,0
Semantic,fr3_walking_halfsphere,run_05,135,0,0,1165,47,0
Semantic,fr3_walking_halfsphere,run_05,136,0,0,1114,0,0
Semantic,fr3_walking_halfsphere,run_05,137,0,0,1080,0,0
Semantic,fr3_walking_halfsphere,run_05,138,0,0,1074,0,0
Semantic,fr3_walking_halfsphere,run_05,139,0,0,1086,0,0
Semantic,fr3_walking_halfsphere,run_05,140,0,0,1071,0,0
Semantic,fr3_walking_halfsphere,run_05,141,0,0,1056,0,0
Semantic,fr3_walking_halfsphere,run_05,142,0,0,1042,0,0
Semantic,fr3_walking_halfsphere,run_05,143,0,0,1051,0,0
Semantic,fr3_walking_halfsphere,run_05,144,0,0,1041,0,0
Semantic,fr3_walking_halfsphere,run_05,145,0,0,1026,0,0
Semantic,fr3_walking_halfsphere,run_05,146,0,0,1043,0,0
Semantic,fr3_walking_halfsphere,run_05,147,0,0,1000,0,0
Semantic,fr3_walking_halfsphere,run_05,148,0,0,991,0,0
Semantic,fr3_walking_halfsphere,run_05,149,0,0,1008,0,0
Semantic,fr3_walking_halfsphere,run_05,150,0,0,860,0,0
Semantic,fr3_walking_halfsphere,run_05,151,0,0,979,0,0
Semantic,fr3_walking_halfsphere,run_05,152,0,0,988,0,0
Semantic,fr3_walking_halfsphere,run_05,153,0,0,953,0,0
Semantic,fr3_walking_halfsphere,run_05,154,0,0,968,0,0
Semantic,fr3_walking_halfsphere,run_05,155,0,0,981,0,0
Semantic,fr3_walking_halfsphere,run_05,156,0,0,979,0,0
Semantic,fr3_walking_halfsphere,run_05,157,0,0,982,0,0
Semantic,fr3_walking_halfsphere,run_05,158,0,0,948,0,0
Semantic,fr3_walking_halfsphere,run_05,159,0,0,967,22,0
Semantic,fr3_walking_halfsphere,run_05,160,0,0,965,1,0
Semantic,fr3_walking_halfsphere,run_05,161,0,0,942,2,0
Semantic,fr3_walking_halfsphere,run_05,162,0,0,932,0,0
Semantic,fr3_walking_halfsphere,run_05,163,0,0,889,0,0
Semantic,fr3_walking_halfsphere,run_05,164,0,0,796,6,0
Semantic,fr3_walking_halfsphere,run_05,165,0,0,884,21,0
Semantic,fr3_walking_halfsphere,run_05,166,0,0,863,7,0
Semantic,fr3_walking_halfsphere,run_05,167,0,0,877,18,0
Semantic,fr3_walking_halfsphere,run_05,168,0,0,864,24,0
Semantic,fr3_walking_halfsphere,run_05,169,0,0,867,26,0
Semantic,fr3_walking_halfsphere,run_05,170,0,0,791,12,0
Semantic,fr3_walking_halfsphere,run_05,171,0,0,842,81,0
Semantic,fr3_walking_halfsphere,run_05,172,0,0,851,29,0
Semantic,fr3_walking_halfsphere,run_05,173,0,0,884,36,0
Semantic,fr3_walking_halfsphere,run_05,174,0,0,867,14,0
Semantic,fr3_walking_halfsphere,run_05,175,0,0,865,35,0
Semantic,fr3_walking_halfsphere,run_05,176,0,0,886,56,0
Semantic,fr3_walking_halfsphere,run_05,177,0,0,896,95,0
Semantic,fr3_walking_halfsphere,run_05,178,0,0,776,29,0
Semantic,fr3_walking_halfsphere,run_05,179,0,0,884,89,0
Semantic,fr3_walking_halfsphere,run_05,180,0,0,881,66,0
Semantic,fr3_walking_halfsphere,run_05,181,0,0,897,64,0
Semantic,fr3_walking_halfsphere,run_05,182,0,0,895,65,0
Semantic,fr3_walking_halfsphere,run_05,183,0,0,806,12,0
Semantic,fr3_walking_halfsphere,run_05,184,0,0,890,10,0
Semantic,fr3_walking_halfsphere,run_05,185,0,0,914,10,0
Semantic,fr3_walking_halfsphere,run_05,186,0,0,906,11,0
Semantic,fr3_walking_halfsphere,run_05,187,0,0,910,10,0
Semantic,fr3_walking_halfsphere,run_05,188,0,0,892,9,0
Semantic,fr3_walking_halfsphere,run_05,189,0,0,894,3,0
Semantic,fr3_walking_halfsphere,run_05,190,0,0,897,5,0
Semantic,fr3_walking_halfsphere,run_05,191,0,0,789,6,0
Semantic,fr3_walking_halfsphere,run_05,192,0,0,856,5,0
Semantic,fr3_walking_halfsphere,run_05,193,0,0,857,6,0
Semantic,fr3_walking_halfsphere,run_05,194,0,0,883,6,0
Semantic,fr3_walking_halfsphere,run_05,195,0,0,876,4,0
Semantic,fr3_walking_halfsphere,run_05,196,0,0,891,6,0
Semantic,fr3_walking_halfsphere,run_05,197,0,0,886,0,0
Semantic,fr3_walking_halfsphere,run_05,198,0,0,890,0,0
Semantic,fr3_walking_halfsphere,run_05,199,0,0,802,0,0
Semantic,fr3_walking_halfsphere,run_05,200,0,0,879,0,0
Semantic,fr3_walking_halfsphere,run_05,201,0,0,889,0,0
Semantic,fr3_walking_halfsphere,run_05,202,0,0,903,0,0
Semantic,fr3_walking_halfsphere,run_05,203,0,0,895,0,0
Semantic,fr3_walking_halfsphere,run_05,204,0,0,908,0,0
Semantic,fr3_walking_halfsphere,run_05,205,0,0,906,0,0
Semantic,fr3_walking_halfsphere,run_05,206,0,0,917,0,0
Semantic,fr3_walking_halfsphere,run_05,207,0,0,853,0,0
Semantic,fr3_walking_halfsphere,run_05,208,0,0,959,15,0
Semantic,fr3_walking_halfsphere,run_05,209,0,0,991,0,0
Semantic,fr3_walking_halfsphere,run_05,210,0,0,1011,0,0
Semantic,fr3_walking_halfsphere,run_05,211,0,0,1044,0,0
Semantic,fr3_walking_halfsphere,run_05,212,0,0,1028,0,0
Semantic,fr3_walking_halfsphere,run_05,213,0,0,1318,0,0
Semantic,fr3_walking_halfsphere,run_05,214,0,0,1328,0,0
Semantic,fr3_walking_halfsphere,run_05,215,0,0,1449,0,0
Semantic,fr3_walking_halfsphere,run_05,216,0,0,1437,0,0
Semantic,fr3_walking_halfsphere,run_05,217,0,0,1674,0,0
Semantic,fr3_walking_halfsphere,run_05,218,0,0,1469,69,0
Semantic,fr3_walking_halfsphere,run_05,219,0,0,1769,96,0
Semantic,fr3_walking_halfsphere,run_05,220,0,0,1744,181,0
Semantic,fr3_walking_halfsphere,run_05,244,0,0,1160,340,0
Semantic,fr3_walking_halfsphere,run_05,245,0,0,0,0,0
Semantic,fr3_walking_halfsphere,run_05,288,0,0,1205,203,0
Semantic,fr3_walking_halfsphere,run_05,290,0,0,1237,178,0
Semantic,fr3_walking_halfsphere,run_05,291,0,0,982,91,0
Semantic,fr3_walking_halfsphere,run_05,292,0,0,1542,84,0
Semantic,fr3_walking_halfsphere,run_05,293,0,0,1548,60,0
Semantic,fr3_walking_halfsphere,run_05,294,0,0,1579,67,0
Semantic,fr3_walking_halfsphere,run_05,295,0,0,1562,44,0
Semantic,fr3_walking_halfsphere,run_05,296,0,0,1609,23,0
Semantic,fr3_walking_halfsphere,run_05,297,0,0,1643,28,0
Semantic,fr3_walking_halfsphere,run_05,298,0,0,1602,15,0
Semantic,fr3_walking_halfsphere,run_05,299,0,0,1606,16,0
Semantic,fr3_walking_halfsphere,run_05,300,0,0,1587,45,0
Semantic,fr3_walking_halfsphere,run_05,301,0,0,1586,43,0
Semantic,fr3_walking_halfsphere,run_05,302,0,0,1588,46,0
Semantic,fr3_walking_halfsphere,run_05,303,0,0,1643,54,0
Semantic,fr3_walking_halfsphere,run_05,304,0,0,1643,52,0
Semantic,fr3_walking_halfsphere,run_05,305,0,0,1630,50,0
Semantic,fr3_walking_halfsphere,run_05,306,0,0,1623,49,0
Semantic,fr3_walking_halfsphere,run_05,307,0,0,1582,49,0
Semantic,fr3_walking_halfsphere,run_05,308,0,0,1560,55,0
Semantic,fr3_walking_halfsphere,run_05,309,0,0,1641,86,0
Semantic,fr3_walking_halfsphere,run_05,310,0,0,1654,127,0
Semantic,fr3_walking_halfsphere,run_05,311,0,0,1661,157,0
Semantic,fr3_walking_halfsphere,run_05,312,0,0,1642,127,0
Semantic,fr3_walking_halfsphere,run_05,313,0,0,1660,181,0
Semantic,fr3_walking_halfsphere,run_05,314,0,0,1654,166,0
Semantic,fr3_walking_halfsphere,run_05,315,0,0,1695,205,0
Semantic,fr3_walking_halfsphere,run_05,316,0,0,1701,190,0
Semantic,fr3_walking_halfsphere,run_05,317,0,0,1674,234,0
Semantic,fr3_walking_halfsphere,run_05,318,0,0,1660,212,0
Semantic,fr3_walking_halfsphere,run_05,319,0,0,1657,196,0
Semantic,fr3_walking_halfsphere,run_05,320,0,0,1700,198,0
Semantic,fr3_walking_halfsphere,run_05,321,0,0,1062,139,0
Semantic,fr3_walking_halfsphere,run_05,322,0,0,1266,138,0
Semantic,fr3_walking_halfsphere,run_05,323,0,0,1201,134,0
Semantic,fr3_walking_halfsphere,run_05,324,0,0,1224,122,0
Semantic,fr3_walking_halfsphere,run_05,325,0,0,1277,111,0
Semantic,fr3_walking_halfsphere,run_05,326,0,0,1207,102,0
Semantic,fr3_walking_halfsphere,run_05,327,0,0,1243,100,0
Semantic,fr3_walking_halfsphere,run_05,328,0,0,1264,105,0
Semantic,fr3_walking_halfsphere,run_05,329,0,0,1278,117,0
Semantic,fr3_walking_halfsphere,run_05,330,0,0,1280,117,0
Semantic,fr3_walking_halfsphere,run_05,331,0,0,1312,106,0
Semantic,fr3_walking_halfsphere,run_05,332,0,0,1303,105,0
Semantic,fr3_walking_halfsphere,run_05,333,0,0,1326,70,0
Semantic,fr3_walking_halfsphere,run_05,334,0,0,1347,59,0
Semantic,fr3_walking_halfsphere,run_05,335,0,0,1300,54,0
Semantic,fr3_walking_halfsphere,run_05,336,0,0,1319,52,0
Semantic,fr3_walking_halfsphere,run_05,337,0,0,1316,45,0
Semantic,fr3_walking_halfsphere,run_05,338,0,0,1313,63,0
Semantic,fr3_walking_halfsphere,run_05,339,0,0,1307,67,0
Semantic,fr3_walking_halfsphere,run_05,340,0,0,1344,81,0
Semantic,fr3_walking_halfsphere,run_05,341,0,0,1334,74,0
Semantic,fr3_walking_halfsphere,run_05,342,0,0,1359,112,0
Semantic,fr3_walking_halfsphere,run_05,343,0,0,1349,72,0
Semantic,fr3_walking_halfsphere,run_05,344,0,0,1364,156,0
Semantic,fr3_walking_halfsphere,run_05,345,0,0,1318,137,0
Semantic,fr3_walking_halfsphere,run_05,346,0,0,1340,105,0
Semantic,fr3_walking_halfsphere,run_05,347,0,0,1400,159,0
Semantic,fr3_walking_halfsphere,run_05,348,0,0,1130,88,0
Semantic,fr3_walking_halfsphere,run_05,349,0,0,1396,70,0
Semantic,fr3_walking_halfsphere,run_05,350,0,0,1418,90,0
Semantic,fr3_walking_halfsphere,run_05,351,0,0,1419,52,0
Semantic,fr3_walking_halfsphere,run_05,352,0,0,1466,48,0
Semantic,fr3_walking_halfsphere,run_05,353,0,0,1464,50,0
Semantic,fr3_walking_halfsphere,run_05,354,0,0,1422,45,0
Semantic,fr3_walking_halfsphere,run_05,355,0,0,1458,41,0
Semantic,fr3_walking_halfsphere,run_05,356,0,0,1461,50,0
Semantic,fr3_walking_halfsphere,run_05,357,0,0,1455,40,0
Semantic,fr3_walking_halfsphere,run_05,358,0,0,1459,43,0
Semantic,fr3_walking_halfsphere,run_05,359,0,0,1455,39,0
Semantic,fr3_walking_halfsphere,run_05,360,0,0,1472,0,0
Semantic,fr3_walking_halfsphere,run_05,361,0,0,1482,0,0
Semantic,fr3_walking_halfsphere,run_05,362,0,0,1513,0,0
Semantic,fr3_walking_halfsphere,run_05,363,0,0,1461,0,0
Semantic,fr3_walking_halfsphere,run_05,364,0,0,1495,0,0
Semantic,fr3_walking_halfsphere,run_05,365,0,0,1480,0,0
Semantic,fr3_walking_halfsphere,run_05,366,0,0,1496,0,0
Semantic,fr3_walking_halfsphere,run_05,367,0,0,1481,0,0
Semantic,fr3_walking_halfsphere,run_05,368,0,0,1479,35,0
Semantic,fr3_walking_halfsphere,run_05,369,0,0,1507,33,0
Semantic,fr3_walking_halfsphere,run_05,370,0,0,1493,32,0
Semantic,fr3_walking_halfsphere,run_05,371,0,0,1498,31,0
Semantic,fr3_walking_halfsphere,run_05,372,0,0,1500,0,0
Semantic,fr3_walking_halfsphere,run_05,373,0,0,1505,0,0
Semantic,fr3_walking_halfsphere,run_05,374,0,0,1499,11,0
Semantic,fr3_walking_halfsphere,run_05,375,0,0,1485,8,0
Semantic,fr3_walking_halfsphere,run_05,376,0,0,1532,0,0
Semantic,fr3_walking_halfsphere,run_05,377,0,0,1499,7,0
Semantic,fr3_walking_halfsphere,run_05,378,0,0,1500,6,0
Semantic,fr3_walking_halfsphere,run_05,379,0,0,1490,5,0
Semantic,fr3_walking_halfsphere,run_05,380,0,0,1517,0,0
Semantic,fr3_walking_halfsphere,run_05,381,0,0,1515,0,0
Semantic,fr3_walking_halfsphere,run_05,382,0,0,1471,0,0
Semantic,fr3_walking_halfsphere,run_05,383,0,0,1480,13,0
Semantic,fr3_walking_halfsphere,run_05,384,0,0,1477,0,0
Semantic,fr3_walking_halfsphere,run_05,385,0,0,1473,0,0
Semantic,fr3_walking_halfsphere,run_05,386,0,0,1528,0,0
Semantic,fr3_walking_halfsphere,run_05,387,0,0,1516,0,0
Semantic,fr3_walking_halfsphere,run_05,388,0,0,1492,0,0
Semantic,fr3_walking_halfsphere,run_05,389,0,0,1485,0,0
Semantic,fr3_walking_halfsphere,run_05,390,0,0,1485,0,0
Semantic,fr3_walking_halfsphere,run_05,391,0,0,1503,0,0
Semantic,fr3_walking_halfsphere,run_05,392,0,0,1511,0,0
Semantic,fr3_walking_halfsphere,run_05,393,0,0,1504,0,0
Semantic,fr3_walking_halfsphere,run_05,394,0,0,1478,0,0
Semantic,fr3_walking_halfsphere,run_05,395,0,0,1445,0,0
Semantic,fr3_walking_halfsphere,run_05,396,0,0,1246,0,0
Semantic,fr3_walking_halfsphere,run_05,397,0,0,1609,0,0
Semantic,fr3_walking_halfsphere,run_05,398,0,0,1610,0,0
Semantic,fr3_walking_halfsphere,run_05,399,0,0,1622,0,0
Semantic,fr3_walking_halfsphere,run_05,400,0,0,1566,0,0
Semantic,fr3_walking_halfsphere,run_05,401,0,0,1627,0,0
Semantic,fr3_walking_halfsphere,run_05,402,0,0,1672,0,0
Semantic,fr3_walking_halfsphere,run_05,403,0,0,1616,0,0
Semantic,fr3_walking_halfsphere,run_05,404,0,0,1621,0,0
Semantic,fr3_walking_halfsphere,run_05,405,0,0,1670,0,0
Semantic,fr3_walking_halfsphere,run_05,406,0,0,1699,0,0
Semantic,fr3_walking_halfsphere,run_05,407,0,0,1689,0,0
Semantic,fr3_walking_halfsphere,run_05,408,0,0,1708,0,0
Semantic,fr3_walking_halfsphere,run_05,409,0,0,1692,0,0
Semantic,fr3_walking_halfsphere,run_05,410,0,0,1714,0,0
Semantic,fr3_walking_halfsphere,run_05,411,0,0,1718,0,0
Semantic,fr3_walking_halfsphere,run_05,412,0,0,1318,0,0
Semantic,fr3_walking_halfsphere,run_05,413,0,0,1750,0,0
Semantic,fr3_walking_halfsphere,run_05,414,0,0,1749,0,0
Semantic,fr3_walking_halfsphere,run_05,415,0,0,1808,0,0
Semantic,fr3_walking_halfsphere,run_05,416,0,0,1824,0,0
Semantic,fr3_walking_halfsphere,run_05,417,0,0,1846,0,0
Semantic,fr3_walking_halfsphere,run_05,418,0,0,1800,0,0
Semantic,fr3_walking_halfsphere,run_05,419,0,0,1399,382,0
Semantic,fr3_walking_halfsphere,run_05,420,0,0,1677,379,0
Semantic,fr3_walking_halfsphere,run_05,421,0,0,1628,344,0
Semantic,fr3_walking_halfsphere,run_05,422,0,0,1895,342,0
Semantic,fr3_walking_halfsphere,run_05,423,0,0,1620,219,0
Semantic,fr3_walking_halfsphere,run_05,424,0,0,1408,237,0
Semantic,fr3_walking_halfsphere,run_05,425,0,0,1619,197,0
Semantic,fr3_walking_halfsphere,run_05,426,0,0,1226,151,0
Semantic,fr3_walking_halfsphere,run_05,427,0,0,1526,151,0
Semantic,fr3_walking_halfsphere,run_05,428,0,0,1476,106,0
Semantic,fr3_walking_halfsphere,run_05,429,0,0,1714,103,0
Semantic,fr3_walking_halfsphere,run_05,430,0,0,1710,85,0
Semantic,fr3_walking_halfsphere,run_05,431,0,0,1346,62,0
Semantic,fr3_walking_halfsphere,run_05,432,0,0,1663,244,0
Semantic,fr3_walking_halfsphere,run_05,433,0,0,1176,59,0
Semantic,fr3_walking_halfsphere,run_05,434,0,0,1595,198,0
Semantic,fr3_walking_halfsphere,run_05,435,0,0,1432,208,0
Semantic,fr3_walking_halfsphere,run_05,436,0,0,1656,281,0
Semantic,fr3_walking_halfsphere,run_05,437,0,0,1600,324,0
Semantic,fr3_walking_halfsphere,run_05,438,0,0,1171,136,0
Semantic,fr3_walking_halfsphere,run_05,439,0,0,1739,413,0
Semantic,fr3_walking_halfsphere,run_05,440,0,0,1399,280,0
Semantic,fr3_walking_halfsphere,run_05,441,0,0,1714,301,0
Semantic,fr3_walking_halfsphere,run_05,442,0,0,1757,298,0
Semantic,fr3_walking_halfsphere,run_05,443,0,0,1784,337,0
Semantic,fr3_walking_halfsphere,run_05,444,0,0,1730,325,0
Semantic,fr3_walking_halfsphere,run_05,445,0,0,1446,297,0
Semantic,fr3_walking_halfsphere,run_05,446,0,0,1739,527,0
Semantic,fr3_walking_halfsphere,run_05,447,0,0,1609,531,0
Semantic,fr3_walking_halfsphere,run_05,448,0,0,1596,606,0
Semantic,fr3_walking_halfsphere,run_05,449,0,0,1554,800,0
Semantic,fr3_walking_halfsphere,run_05,450,0,0,1532,736,0
Semantic,fr3_walking_halfsphere,run_05,451,0,0,1574,730,0
Semantic,fr3_walking_halfsphere,run_05,452,0,0,1308,563,0
Semantic,fr3_walking_halfsphere,run_05,453,0,0,1283,481,0
Semantic,fr3_walking_halfsphere,run_05,454,0,0,1367,534,0
Semantic,fr3_walking_halfsphere,run_05,455,0,0,1352,453,0
Semantic,fr3_walking_halfsphere,run_05,456,0,0,1367,494,0
Semantic,fr3_walking_halfsphere,run_05,457,0,0,1312,442,0
Semantic,fr3_walking_halfsphere,run_05,458,0,0,1353,449,0
Semantic,fr3_walking_halfsphere,run_05,459,0,0,1190,405,0
Semantic,fr3_walking_halfsphere,run_05,460,0,0,1252,343,0
Semantic,fr3_walking_halfsphere,run_05,461,0,0,1239,333,0
Semantic,fr3_walking_halfsphere,run_05,462,0,0,1280,374,0
Semantic,fr3_walking_halfsphere,run_05,463,0,0,1252,341,0
Semantic,fr3_walking_halfsphere,run_05,464,0,0,1310,357,0
Semantic,fr3_walking_halfsphere,run_05,465,0,0,1292,338,0
Semantic,fr3_walking_halfsphere,run_05,466,0,0,1316,329,0
Semantic,fr3_walking_halfsphere,run_05,467,0,0,1263,332,0
Semantic,fr3_walking_halfsphere,run_05,468,0,0,1097,344,0
Semantic,fr3_walking_halfsphere,run_05,469,0,0,1119,271,0
Semantic,fr3_walking_halfsphere,run_05,470,0,0,1195,311,0
Semantic,fr3_walking_halfsphere,run_05,471,0,0,1122,278,0
Semantic,fr3_walking_halfsphere,run_05,472,0,0,1114,295,0
Semantic,fr3_walking_halfsphere,run_05,473,0,0,1266,387,0
Semantic,fr3_walking_halfsphere,run_05,474,0,0,1267,378,0
Semantic,fr3_walking_halfsphere,run_05,475,0,0,1304,585,0
Semantic,fr3_walking_halfsphere,run_05,476,0,0,1171,407,0
Semantic,fr3_walking_halfsphere,run_05,477,0,0,1225,411,0
Semantic,fr3_walking_halfsphere,run_05,478,0,0,1297,466,0
Semantic,fr3_walking_halfsphere,run_05,479,0,0,1311,491,0
Semantic,fr3_walking_halfsphere,run_05,480,0,0,1300,387,0
Semantic,fr3_walking_halfsphere,run_05,481,0,0,1303,411,0
Semantic,fr3_walking_halfsphere,run_05,482,0,0,1332,370,0
Semantic,fr3_walking_halfsphere,run_05,483,0,0,1378,352,0
Semantic,fr3_walking_halfsphere,run_05,484,0,0,1684,464,0
Semantic,fr3_walking_halfsphere,run_05,485,0,0,1678,446,0
Semantic,fr3_walking_halfsphere,run_05,486,0,0,1703,448,0
Semantic,fr3_walking_halfsphere,run_05,487,0,0,1448,352,0
Semantic,fr3_walking_halfsphere,run_05,488,0,0,1670,360,0
Semantic,fr3_walking_halfsphere,run_05,489,0,0,1690,350,0
Semantic,fr3_walking_halfsphere,run_05,490,0,0,1590,347,0
Semantic,fr3_walking_halfsphere,run_05,491,0,0,1561,545,0
Semantic,fr3_walking_halfsphere,run_05,492,0,0,1553,371,0
Semantic,fr3_walking_halfsphere,run_05,493,0,0,1606,392,0
Semantic,fr3_walking_halfsphere,run_05,494,0,0,1560,396,0
Semantic,fr3_walking_halfsphere,run_05,495,0,0,1584,388,0
Semantic,fr3_walking_halfsphere,run_05,496,0,0,1554,392,0
Semantic,fr3_walking_halfsphere,run_05,497,0,0,1394,407,0
Semantic,fr3_walking_halfsphere,run_05,498,0,0,1586,442,0
Semantic,fr3_walking_halfsphere,run_05,499,0,0,1703,471,0
Semantic,fr3_walking_halfsphere,run_05,500,0,0,1695,515,0
Semantic,fr3_walking_halfsphere,run_05,501,0,0,1277,348,0
Semantic,fr3_walking_halfsphere,run_05,502,0,0,1374,372,0
Semantic,fr3_walking_halfsphere,run_05,503,0,0,1555,467,0
Semantic,fr3_walking_halfsphere,run_05,504,0,0,1697,477,0
Semantic,fr3_walking_halfsphere,run_05,505,0,0,1483,395,0
Semantic,fr3_walking_halfsphere,run_05,506,0,0,1404,375,0
Semantic,fr3_walking_halfsphere,run_05,507,0,0,1405,309,0
Semantic,fr3_walking_halfsphere,run_05,508,0,0,1783,491,0
Semantic,fr3_walking_halfsphere,run_05,509,0,0,1561,479,0
Semantic,fr3_walking_halfsphere,run_05,510,0,0,1758,458,0
Semantic,fr3_walking_halfsphere,run_05,511,0,0,1783,498,0
Semantic,fr3_walking_halfsphere,run_05,512,0,0,1775,475,0
Semantic,fr3_walking_halfsphere,run_05,513,0,0,1459,391,0
Semantic,fr3_walking_halfsphere,run_05,514,0,0,1571,326,0
Semantic,fr3_walking_halfsphere,run_05,515,0,0,1830,383,0
Semantic,fr3_walking_halfsphere,run_05,516,0,0,1964,345,0
Semantic,fr3_walking_halfsphere,run_05,517,0,0,1838,474,0
Semantic,fr3_walking_halfsphere,run_05,518,0,0,2112,435,0
Semantic,fr3_walking_halfsphere,run_05,519,0,0,1888,314,0
Semantic,fr3_walking_halfsphere,run_05,520,0,0,1800,270,0
Semantic,fr3_walking_halfsphere,run_05,521,0,0,2335,430,0
Semantic,fr3_walking_halfsphere,run_05,522,0,0,1756,260,0
Semantic,fr3_walking_halfsphere,run_05,523,0,0,2031,262,0
Semantic,fr3_walking_halfsphere,run_05,524,0,0,1941,420,0
Semantic,fr3_walking_halfsphere,run_05,525,0,0,2045,295,0
Semantic,fr3_walking_halfsphere,run_05,526,0,0,1910,307,0
Semantic,fr3_walking_halfsphere,run_05,527,0,0,2208,308,0
Semantic,fr3_walking_halfsphere,run_05,528,0,0,1940,327,0
Semantic,fr3_walking_halfsphere,run_05,529,0,0,1870,253,0
Semantic,fr3_walking_halfsphere,run_05,530,0,0,2040,378,0
Semantic,fr3_walking_halfsphere,run_05,531,0,0,1650,359,0
Semantic,fr3_walking_halfsphere,run_05,532,0,0,1644,564,0
Semantic,fr3_walking_halfsphere,run_05,533,0,0,1593,666,0
Semantic,fr3_walking_halfsphere,run_05,534,0,0,1722,731,0
Semantic,fr3_walking_halfsphere,run_05,535,0,0,1549,699,0
Semantic,fr3_walking_halfsphere,run_05,536,0,0,1492,663,0
Semantic,fr3_walking_halfsphere,run_05,537,0,0,1475,720,0
Semantic,fr3_walking_halfsphere,run_05,538,0,0,1593,799,0
Semantic,fr3_walking_halfsphere,run_05,708,0,0,207,93,0
Semantic,fr3_walking_halfsphere,run_05,721,0,0,204,55,0
Semantic,fr3_walking_halfsphere,run_05,726,0,0,202,27,0
Semantic,fr3_walking_halfsphere,run_05,764,0,0,180,0,0
Semantic,fr3_walking_halfsphere,run_05,769,0,0,199,0,0
Semantic,fr3_walking_halfsphere,run_05,773,0,0,200,0,0
Semantic,fr3_walking_halfsphere,run_05,781,0,0,208,10,0
Semantic,fr3_walking_halfsphere,run_05,786,0,0,1731,0,0
Semantic,fr3_walking_halfsphere,run_05,796,0,0,1537,0,0
Semantic,fr3_walking_halfsphere,run_05,797,0,0,1239,0,0
Semantic,fr3_walking_halfsphere,run_05,798,0,0,1806,0,0
Semantic,fr3_walking_halfsphere,run_05,799,0,0,1821,0,0
Semantic,fr3_walking_halfsphere,run_05,800,0,0,1818,115,0
Semantic,fr3_walking_halfsphere,run_05,801,0,0,1807,0,0
Semantic,fr3_walking_halfsphere,run_05,802,0,0,1764,0,0
Semantic,fr3_walking_halfsphere,run_05,803,0,0,1604,0,0
Semantic,fr3_walking_halfsphere,run_05,804,0,0,1719,0,0
Semantic,fr3_walking_halfsphere,run_05,805,0,0,1730,0,0
Semantic,fr3_walking_halfsphere,run_05,806,0,0,1692,0,0
Semantic,fr3_walking_halfsphere,run_05,807,0,0,1654,489,0
Semantic,fr3_walking_halfsphere,run_05,824,0,0,168,25,0
Semantic,fr3_walking_halfsphere,run_05,870,0,0,93,0,0
Semantic,fr3_walking_halfsphere,run_05,911,0,0,1722,0,0
Semantic,fr3_walking_halfsphere,run_05,921,0,0,210,40,0
Semantic,fr3_walking_halfsphere,run_05,924,0,0,212,56,0
Semantic,fr3_walking_halfsphere,run_05,939,0,0,167,27,0
Semantic,fr3_walking_halfsphere,run_05,962,0,0,151,31,0
Semantic,fr3_walking_halfsphere,run_05,968,0,0,158,45,0
Semantic,fr3_walking_halfsphere,run_05,969,0,0,160,44,0
Semantic,fr3_walking_halfsphere,run_05,975,0,0,171,62,0
Semantic,fr3_walking_halfsphere,run_05,976,0,0,170,60,0
Semantic,fr3_walking_halfsphere,run_05,977,0,0,1702,591,0
Semantic,fr3_walking_halfsphere,run_05,980,0,0,1785,612,0
Semantic,fr3_walking_halfsphere,run_05,982,0,0,1849,526,0
Semantic,fr3_walking_halfsphere,run_05,983,0,0,1520,417,0
Semantic,fr3_walking_halfsphere,run_05,984,0,0,2101,505,0
Semantic,fr3_walking_halfsphere,run_05,985,0,0,2150,463,0
Semantic,fr3_walking_halfsphere,run_05,986,0,0,2218,445,0
Semantic,fr3_walking_halfsphere,run_05,987,0,0,2205,445,0
Semantic,fr3_walking_halfsphere,run_05,988,0,0,2215,337,0
Semantic,fr3_walking_halfsphere,run_05,989,0,0,2226,324,0
Semantic,fr3_walking_halfsphere,run_05,990,0,0,2239,323,0
Semantic,fr3_walking_halfsphere,run_05,991,0,0,2220,397,0
Semantic,fr3_walking_halfsphere,run_05,992,0,0,2246,412,0
Semantic,fr3_walking_halfsphere,run_05,993,0,0,2257,343,0
Semantic,fr3_walking_halfsphere,run_05,994,0,0,2211,472,0
Semantic,fr3_walking_halfsphere,run_05,995,0,0,2250,363,0
Semantic,fr3_walking_halfsphere,run_05,996,0,0,2251,427,0
Semantic,fr3_walking_halfsphere,run_05,997,0,0,2270,438,0
Semantic,fr3_walking_halfsphere,run_05,998,0,0,2160,474,0
Semantic,fr3_walking_halfsphere,run_05,999,0,0,2123,458,0
Semantic,fr3_walking_halfsphere,run_05,1000,0,0,2106,465,0
Semantic,fr3_walking_halfsphere,run_05,1001,0,0,2010,464,0
Semantic,fr3_walking_halfsphere,run_05,1002,0,0,2090,515,0
Semantic,fr3_walking_halfsphere,run_05,1003,0,0,2245,534,0
Semantic,fr3_walking_halfsphere,run_05,1004,0,0,2248,556,0
Semantic,fr3_walking_halfsphere,run_05,1005,0,0,2229,519,0
Semantic,fr3_walking_halfsphere,run_05,1006,0,0,2219,519,0
Semantic,fr3_walking_halfsphere,run_05,1007,0,0,1711,290,0
Semantic,fr3_walking_halfsphere,run_05,1008,0,0,1872,335,0
Semantic,fr3_walking_halfsphere,run_05,1009,0,0,2170,482,0
Semantic,fr3_walking_halfsphere,run_05,1010,0,0,2139,509,0
Semantic,fr3_walking_halfsphere,run_05,1011,0,0,2118,541,0
Semantic,fr3_walking_halfsphere,run_05,1012,0,0,2083,556,0
Semantic,fr3_walking_halfsphere,run_05,1013,0,0,2013,539,0
Semantic,fr3_walking_halfsphere,run_05,1014,0,0,1905,378,0
Semantic,fr3_walking_halfsphere,run_05,1015,0,0,1898,258,0
Semantic,fr3_walking_halfsphere,run_05,1016,0,0,1952,393,0
Semantic,fr3_walking_halfsphere,run_05,1017,0,0,2088,359,0
Semantic,fr3_walking_halfsphere,run_05,1018,0,0,2140,444,0
Semantic,fr3_walking_halfsphere,run_05,1019,0,0,2073,405,0
Semantic,fr3_walking_halfsphere,run_05,1020,0,0,1903,361,0
Temporal,fr3_walking_xyz,run_01,1,0,0,251,14,14
Temporal,fr3_walking_xyz,run_01,2,0,0,449,7,7
Temporal,fr3_walking_xyz,run_01,3,0,0,473,12,12
Temporal,fr3_walking_xyz,run_01,4,0,0,443,11,11
Temporal,fr3_walking_xyz,run_01,5,0,0,459,18,18
Temporal,fr3_walking_xyz,run_01,6,0,0,457,9,9
Temporal,fr3_walking_xyz,run_01,7,0,0,467,12,12
Temporal,fr3_walking_xyz,run_01,8,0,0,396,2,2
Temporal,fr3_walking_xyz,run_01,9,0,0,377,5,5
Temporal,fr3_walking_xyz,run_01,10,0,0,475,14,14
Temporal,fr3_walking_xyz,run_01,11,0,0,440,21,21
Temporal,fr3_walking_xyz,run_01,12,0,0,581,44,44
Temporal,fr3_walking_xyz,run_01,13,0,0,462,16,16
Temporal,fr3_walking_xyz,run_01,14,0,0,585,22,22
Temporal,fr3_walking_xyz,run_01,15,0,0,578,31,31
Temporal,fr3_walking_xyz,run_01,16,0,0,551,196,196
Temporal,fr3_walking_xyz,run_01,17,0,0,370,107,107
Temporal,fr3_walking_xyz,run_01,18,0,0,466,108,108
Temporal,fr3_walking_xyz,run_01,19,0,0,385,88,88
Temporal,fr3_walking_xyz,run_01,20,0,0,454,92,92
Temporal,fr3_walking_xyz,run_01,21,0,0,456,86,86
Temporal,fr3_walking_xyz,run_01,22,0,0,449,85,85
Temporal,fr3_walking_xyz,run_01,23,0,0,403,78,78
Temporal,fr3_walking_xyz,run_01,24,0,0,469,72,72
Temporal,fr3_walking_xyz,run_01,25,0,0,459,69,69
Temporal,fr3_walking_xyz,run_01,26,0,0,476,82,82
Temporal,fr3_walking_xyz,run_01,27,0,0,529,81,81
Temporal,fr3_walking_xyz,run_01,28,0,0,531,68,68
Temporal,fr3_walking_xyz,run_01,29,0,0,552,70,70
Temporal,fr3_walking_xyz,run_01,30,0,0,453,60,60
Temporal,fr3_walking_xyz,run_01,31,0,0,452,62,62
Temporal,fr3_walking_xyz,run_01,32,0,0,485,66,66
Temporal,fr3_walking_xyz,run_01,33,0,0,556,96,96
Temporal,fr3_walking_xyz,run_01,34,0,0,495,91,91
Temporal,fr3_walking_xyz,run_01,35,0,0,543,83,83
Temporal,fr3_walking_xyz,run_01,36,0,0,497,114,114
Temporal,fr3_walking_xyz,run_01,37,0,0,496,109,109
Temporal,fr3_walking_xyz,run_01,38,0,0,479,82,82
Temporal,fr3_walking_xyz,run_01,39,0,0,537,90,90
Temporal,fr3_walking_xyz,run_01,40,0,0,470,94,94
Temporal,fr3_walking_xyz,run_01,41,0,0,519,115,115
Temporal,fr3_walking_xyz,run_01,42,0,0,483,108,108
Temporal,fr3_walking_xyz,run_01,43,0,0,533,107,107
Temporal,fr3_walking_xyz,run_01,44,0,0,489,111,111
Temporal,fr3_walking_xyz,run_01,45,0,0,552,111,111
Temporal,fr3_walking_xyz,run_01,46,0,0,476,87,87
Temporal,fr3_walking_xyz,run_01,47,0,0,484,82,82
Temporal,fr3_walking_xyz,run_01,48,0,0,552,89,89
Temporal,fr3_walking_xyz,run_01,49,0,0,504,97,97
Temporal,fr3_walking_xyz,run_01,50,0,0,590,142,142
Temporal,fr3_walking_xyz,run_01,51,0,0,520,116,116
Temporal,fr3_walking_xyz,run_01,52,0,0,541,123,123
Temporal,fr3_walking_xyz,run_01,53,0,0,570,122,122
Temporal,fr3_walking_xyz,run_01,54,0,0,536,115,115
Temporal,fr3_walking_xyz,run_01,55,0,0,503,112,112
Temporal,fr3_walking_xyz,run_01,56,0,0,561,140,140
Temporal,fr3_walking_xyz,run_01,57,0,0,602,139,139
Temporal,fr3_walking_xyz,run_01,58,0,0,534,131,131
Temporal,fr3_walking_xyz,run_01,59,0,0,568,121,121
Temporal,fr3_walking_xyz,run_01,60,0,0,578,119,119
Temporal,fr3_walking_xyz,run_01,61,0,0,569,113,113
Temporal,fr3_walking_xyz,run_01,62,0,0,534,86,86
Temporal,fr3_walking_xyz,run_01,63,0,0,553,82,82
Temporal,fr3_walking_xyz,run_01,64,0,0,521,89,89
Temporal,fr3_walking_xyz,run_01,65,0,0,580,96,96
Temporal,fr3_walking_xyz,run_01,66,0,0,572,94,94
Temporal,fr3_walking_xyz,run_01,67,0,0,613,91,91
Temporal,fr3_walking_xyz,run_01,68,0,0,538,87,87
Temporal,fr3_walking_xyz,run_01,69,0,0,528,91,91
Temporal,fr3_walking_xyz,run_01,70,0,0,568,89,89
Temporal,fr3_walking_xyz,run_01,71,0,0,568,84,84
Temporal,fr3_walking_xyz,run_01,72,0,0,594,88,88
Temporal,fr3_walking_xyz,run_01,73,0,0,583,89,89
Temporal,fr3_walking_xyz,run_01,74,0,0,608,132,132
Temporal,fr3_walking_xyz,run_01,75,0,0,626,140,140
Temporal,fr3_walking_xyz,run_01,76,0,0,614,132,132
Temporal,fr3_walking_xyz,run_01,77,0,0,592,140,140
Temporal,fr3_walking_xyz,run_01,78,0,0,651,140,140
Temporal,fr3_walking_xyz,run_01,79,0,0,589,153,153
Temporal,fr3_walking_xyz,run_01,80,0,0,663,166,166
Temporal,fr3_walking_xyz,run_01,81,0,0,617,154,154
Temporal,fr3_walking_xyz,run_01,82,0,0,621,139,139
Temporal,fr3_walking_xyz,run_01,83,0,0,658,143,143
Temporal,fr3_walking_xyz,run_01,84,0,0,653,142,142
Temporal,fr3_walking_xyz,run_01,85,0,0,673,149,149
Temporal,fr3_walking_xyz,run_01,86,0,0,649,132,132
Temporal,fr3_walking_xyz,run_01,87,0,0,622,137,137
Temporal,fr3_walking_xyz,run_01,88,0,0,627,151,151
Temporal,fr3_walking_xyz,run_01,89,0,0,625,157,157
Temporal,fr3_walking_xyz,run_01,90,0,0,622,141,141
Temporal,fr3_walking_xyz,run_01,91,0,0,661,138,138
Temporal,fr3_walking_xyz,run_01,92,0,0,650,130,130
Temporal,fr3_walking_xyz,run_01,93,0,0,623,120,120
Temporal,fr3_walking_xyz,run_01,94,0,0,589,127,127
Temporal,fr3_walking_xyz,run_01,95,0,0,590,124,124
Temporal,fr3_walking_xyz,run_01,96,0,0,618,112,112
Temporal,fr3_walking_xyz,run_01,97,0,0,690,111,111
Temporal,fr3_walking_xyz,run_01,98,0,0,683,121,121
Temporal,fr3_walking_xyz,run_01,99,0,0,687,123,123
Temporal,fr3_walking_xyz,run_01,100,0,0,704,124,124
Temporal,fr3_walking_xyz,run_01,101,0,0,639,121,121
Temporal,fr3_walking_xyz,run_01,102,0,0,682,118,118
Temporal,fr3_walking_xyz,run_01,103,0,0,718,130,130
Temporal,fr3_walking_xyz,run_01,104,0,0,783,124,124
Temporal,fr3_walking_xyz,run_01,105,0,0,725,118,118
Temporal,fr3_walking_xyz,run_01,106,0,0,761,125,125
Temporal,fr3_walking_xyz,run_01,107,0,0,771,133,133
Temporal,fr3_walking_xyz,run_01,108,0,0,810,170,170
Temporal,fr3_walking_xyz,run_01,109,0,0,714,164,164
Temporal,fr3_walking_xyz,run_01,110,0,0,780,171,171
Temporal,fr3_walking_xyz,run_01,111,0,0,792,167,167
Temporal,fr3_walking_xyz,run_01,112,0,0,732,146,146
Temporal,fr3_walking_xyz,run_01,113,0,0,696,128,128
Temporal,fr3_walking_xyz,run_01,114,0,0,730,146,146
Temporal,fr3_walking_xyz,run_01,115,0,0,722,158,158
Temporal,fr3_walking_xyz,run_01,116,0,0,767,153,153
Temporal,fr3_walking_xyz,run_01,117,0,0,730,140,140
Temporal,fr3_walking_xyz,run_01,118,0,0,740,140,140
Temporal,fr3_walking_xyz,run_01,119,0,0,743,139,139
Temporal,fr3_walking_xyz,run_01,120,0,0,749,139,139
Temporal,fr3_walking_xyz,run_01,121,0,0,755,139,139
Temporal,fr3_walking_xyz,run_01,122,0,0,723,139,139
Temporal,fr3_walking_xyz,run_01,123,0,0,742,180,180
Temporal,fr3_walking_xyz,run_01,124,0,0,723,174,174
Temporal,fr3_walking_xyz,run_01,125,0,0,756,174,174
Temporal,fr3_walking_xyz,run_01,126,0,0,761,179,179
Temporal,fr3_walking_xyz,run_01,127,0,0,798,197,197
Temporal,fr3_walking_xyz,run_01,128,0,0,780,184,184
Temporal,fr3_walking_xyz,run_01,129,0,0,649,160,160
Temporal,fr3_walking_xyz,run_01,130,0,0,699,187,187
Temporal,fr3_walking_xyz,run_01,131,0,0,688,174,174
Temporal,fr3_walking_xyz,run_01,132,0,0,710,178,178
Temporal,fr3_walking_xyz,run_01,133,0,0,706,199,199
Temporal,fr3_walking_xyz,run_01,134,0,0,699,179,179
Temporal,fr3_walking_xyz,run_01,135,0,0,663,220,220
Temporal,fr3_walking_xyz,run_01,136,0,0,647,237,237
Temporal,fr3_walking_xyz,run_01,137,0,0,662,237,237
Temporal,fr3_walking_xyz,run_01,138,0,0,762,285,285
Temporal,fr3_walking_xyz,run_01,139,0,0,714,268,268
Temporal,fr3_walking_xyz,run_01,140,0,0,724,215,215
Temporal,fr3_walking_xyz,run_01,141,0,0,748,203,203
Temporal,fr3_walking_xyz,run_01,142,0,0,734,207,207
Temporal,fr3_walking_xyz,run_01,143,0,0,756,238,238
Temporal,fr3_walking_xyz,run_01,144,0,0,734,214,214
Temporal,fr3_walking_xyz,run_01,145,0,0,686,176,176
Temporal,fr3_walking_xyz,run_01,146,0,0,715,171,171
Temporal,fr3_walking_xyz,run_01,147,0,0,673,147,147
Temporal,fr3_walking_xyz,run_01,148,0,0,718,156,156
Temporal,fr3_walking_xyz,run_01,149,0,0,720,143,143
Temporal,fr3_walking_xyz,run_01,150,0,0,701,131,131
Temporal,fr3_walking_xyz,run_01,151,0,0,740,122,122
Temporal,fr3_walking_xyz,run_01,152,0,0,729,99,99
Temporal,fr3_walking_xyz,run_01,153,0,0,724,86,86
Temporal,fr3_walking_xyz,run_01,154,0,0,742,82,82
Temporal,fr3_walking_xyz,run_01,155,0,0,752,81,81
Temporal,fr3_walking_xyz,run_01,156,0,0,804,92,92
Temporal,fr3_walking_xyz,run_01,157,0,0,861,92,92
Temporal,fr3_walking_xyz,run_01,158,0,0,826,107,107
Temporal,fr3_walking_xyz,run_01,159,0,0,872,170,170
Temporal,fr3_walking_xyz,run_01,160,0,0,922,213,213
Temporal,fr3_walking_xyz,run_01,161,0,0,848,267,267
Temporal,fr3_walking_xyz,run_01,162,0,0,923,353,353
Temporal,fr3_walking_xyz,run_01,163,0,0,910,357,357
Temporal,fr3_walking_xyz,run_01,164,0,0,958,406,406
Temporal,fr3_walking_xyz,run_01,165,0,0,1000,437,437
Temporal,fr3_walking_xyz,run_01,166,0,0,1043,438,438
Temporal,fr3_walking_xyz,run_01,167,0,0,986,483,483
Temporal,fr3_walking_xyz,run_01,168,0,0,933,402,402
Temporal,fr3_walking_xyz,run_01,169,0,0,840,381,381
Temporal,fr3_walking_xyz,run_01,170,0,0,853,467,467
Temporal,fr3_walking_xyz,run_01,171,0,0,857,420,420
Temporal,fr3_walking_xyz,run_01,172,0,0,801,480,480
Temporal,fr3_walking_xyz,run_01,173,0,0,864,528,528
Temporal,fr3_walking_xyz,run_01,174,0,0,854,584,584
Temporal,fr3_walking_xyz,run_01,175,0,0,870,585,585
Temporal,fr3_walking_xyz,run_01,176,0,0,837,555,555
Temporal,fr3_walking_xyz,run_01,177,0,0,853,568,568
Temporal,fr3_walking_xyz,run_01,178,0,0,854,565,565
Temporal,fr3_walking_xyz,run_01,179,0,0,850,558,558
Temporal,fr3_walking_xyz,run_01,180,0,0,784,478,478
Temporal,fr3_walking_xyz,run_01,181,0,0,813,453,453
Temporal,fr3_walking_xyz,run_01,182,0,0,895,451,451
Temporal,fr3_walking_xyz,run_01,183,0,0,894,445,445
Temporal,fr3_walking_xyz,run_01,184,0,0,919,443,443
Temporal,fr3_walking_xyz,run_01,185,0,0,959,424,424
Temporal,fr3_walking_xyz,run_01,186,0,0,998,410,410
Temporal,fr3_walking_xyz,run_01,187,0,0,978,416,416
Temporal,fr3_walking_xyz,run_01,188,0,0,936,420,420
Temporal,fr3_walking_xyz,run_01,189,0,0,896,423,423
Temporal,fr3_walking_xyz,run_01,190,0,0,913,423,423
Temporal,fr3_walking_xyz,run_01,191,0,0,1025,426,426
Temporal,fr3_walking_xyz,run_01,192,0,0,1033,418,418
Temporal,fr3_walking_xyz,run_01,193,0,0,1086,457,457
Temporal,fr3_walking_xyz,run_01,194,0,0,1106,445,445
Temporal,fr3_walking_xyz,run_01,195,0,0,1167,448,448
Temporal,fr3_walking_xyz,run_01,196,0,0,1312,414,414
Temporal,fr3_walking_xyz,run_01,197,0,0,1400,279,279
Temporal,fr3_walking_xyz,run_01,198,0,0,1356,201,201
Temporal,fr3_walking_xyz,run_01,199,0,0,1376,230,230
Temporal,fr3_walking_xyz,run_01,200,0,0,1416,182,182
Temporal,fr3_walking_xyz,run_01,201,0,0,1477,186,186
Temporal,fr3_walking_xyz,run_01,202,0,0,1349,178,178
Temporal,fr3_walking_xyz,run_01,203,0,0,1482,179,179
Temporal,fr3_walking_xyz,run_01,204,0,0,1485,203,203
Temporal,fr3_walking_xyz,run_01,205,0,0,1520,345,345
Temporal,fr3_walking_xyz,run_01,206,0,0,1577,556,556
Temporal,fr3_walking_xyz,run_01,207,0,0,1602,480,480
Temporal,fr3_walking_xyz,run_01,208,0,0,1551,441,441
Temporal,fr3_walking_xyz,run_01,209,0,0,1621,496,496
Temporal,fr3_walking_xyz,run_01,210,0,0,1649,619,619
Temporal,fr3_walking_xyz,run_01,211,0,0,1697,603,603
Temporal,fr3_walking_xyz,run_01,212,0,0,1671,612,612
Temporal,fr3_walking_xyz,run_01,213,0,0,1772,619,619
Temporal,fr3_walking_xyz,run_01,214,0,0,1848,643,643
Temporal,fr3_walking_xyz,run_01,215,0,0,1868,683,683
Temporal,fr3_walking_xyz,run_01,216,0,0,1852,843,843
Temporal,fr3_walking_xyz,run_01,217,0,0,1774,834,834
Temporal,fr3_walking_xyz,run_01,218,0,0,1848,818,818
Temporal,fr3_walking_xyz,run_01,219,0,0,1879,804,804
Temporal,fr3_walking_xyz,run_01,220,0,0,1807,811,811
Temporal,fr3_walking_xyz,run_01,221,0,0,1852,1011,1011
Temporal,fr3_walking_xyz,run_01,222,0,0,1888,957,957
Temporal,fr3_walking_xyz,run_01,223,0,0,1867,926,926
Temporal,fr3_walking_xyz,run_01,224,0,0,1869,935,935
Temporal,fr3_walking_xyz,run_01,225,0,0,1947,915,915
Temporal,fr3_walking_xyz,run_01,226,0,0,1982,895,895
Temporal,fr3_walking_xyz,run_01,227,0,0,2022,888,888
Temporal,fr3_walking_xyz,run_01,228,0,0,2023,887,887
Temporal,fr3_walking_xyz,run_01,229,0,0,2023,841,841
Temporal,fr3_walking_xyz,run_01,230,0,0,1960,843,843
Temporal,fr3_walking_xyz,run_01,231,0,0,2036,952,952
Temporal,fr3_walking_xyz,run_01,232,0,0,1959,916,916
Temporal,fr3_walking_xyz,run_01,233,0,0,1969,977,977
Temporal,fr3_walking_xyz,run_01,234,0,0,1942,1036,1036
Temporal,fr3_walking_xyz,run_01,235,0,0,1948,1030,1030
Temporal,fr3_walking_xyz,run_01,236,0,0,1912,1008,1008
Temporal,fr3_walking_xyz,run_01,237,0,0,1890,992,992
Temporal,fr3_walking_xyz,run_01,238,0,0,1913,955,955
Temporal,fr3_walking_xyz,run_01,239,0,0,1916,944,944
Temporal,fr3_walking_xyz,run_01,240,0,0,1912,905,905
Temporal,fr3_walking_xyz,run_01,241,0,0,1926,849,849
Temporal,fr3_walking_xyz,run_01,242,0,0,1917,848,848
Temporal,fr3_walking_xyz,run_01,243,0,0,1969,808,808
Temporal,fr3_walking_xyz,run_01,244,0,0,1989,778,778
Temporal,fr3_walking_xyz,run_01,245,0,0,1952,755,755
Temporal,fr3_walking_xyz,run_01,246,0,0,1961,758,758
Temporal,fr3_walking_xyz,run_01,247,0,0,2009,753,753
Temporal,fr3_walking_xyz,run_01,248,0,0,2056,746,746
Temporal,fr3_walking_xyz,run_01,249,0,0,1953,727,727
Temporal,fr3_walking_xyz,run_01,250,0,0,1998,732,732
Temporal,fr3_walking_xyz,run_01,251,0,0,2023,736,736
Temporal,fr3_walking_xyz,run_01,252,0,0,2075,651,651
Temporal,fr3_walking_xyz,run_01,253,0,0,1839,482,482
Temporal,fr3_walking_xyz,run_01,254,0,0,1917,465,465
Temporal,fr3_walking_xyz,run_01,255,0,0,1893,449,449
Temporal,fr3_walking_xyz,run_01,256,0,0,1824,414,414
Temporal,fr3_walking_xyz,run_01,257,0,0,1771,371,371
Temporal,fr3_walking_xyz,run_01,258,0,0,1748,358,358
Temporal,fr3_walking_xyz,run_01,259,0,0,1703,337,337
Temporal,fr3_walking_xyz,run_01,260,0,0,1668,267,267
Temporal,fr3_walking_xyz,run_01,261,0,0,1637,246,246
Temporal,fr3_walking_xyz,run_01,262,0,0,1592,238,238
Temporal,fr3_walking_xyz,run_01,263,0,0,1554,224,224
Temporal,fr3_walking_xyz,run_01,264,0,0,1504,177,177
Temporal,fr3_walking_xyz,run_01,265,0,0,1526,155,155
Temporal,fr3_walking_xyz,run_01,266,0,0,1509,85,85
Temporal,fr3_walking_xyz,run_01,267,0,0,1427,37,37
Temporal,fr3_walking_xyz,run_01,268,0,0,1460,0,0
Temporal,fr3_walking_xyz,run_01,269,0,0,1496,0,0
Temporal,fr3_walking_xyz,run_01,270,0,0,1450,0,0
Temporal,fr3_walking_xyz,run_01,271,0,0,1454,0,0
Temporal,fr3_walking_xyz,run_01,272,0,0,1424,0,0
Temporal,fr3_walking_xyz,run_01,273,0,0,1398,0,0
Temporal,fr3_walking_xyz,run_01,274,0,0,1441,0,0
Temporal,fr3_walking_xyz,run_01,275,0,0,1466,0,0
Temporal,fr3_walking_xyz,run_01,276,0,0,1444,0,0
Temporal,fr3_walking_xyz,run_01,277,0,0,1498,0,0
Temporal,fr3_walking_xyz,run_01,278,0,0,1566,0,0
Temporal,fr3_walking_xyz,run_01,279,0,0,1526,0,0
Temporal,fr3_walking_xyz,run_01,280,0,0,1499,0,0
Temporal,fr3_walking_xyz,run_01,281,0,0,1490,0,0
Temporal,fr3_walking_xyz,run_01,282,0,0,1484,0,0
Temporal,fr3_walking_xyz,run_01,283,0,0,1447,0,0
Temporal,fr3_walking_xyz,run_01,284,0,0,1452,0,0
Temporal,fr3_walking_xyz,run_01,285,0,0,1459,0,0
Temporal,fr3_walking_xyz,run_01,286,0,0,1420,0,0
Temporal,fr3_walking_xyz,run_01,287,0,0,1435,0,0
Temporal,fr3_walking_xyz,run_01,288,0,0,1440,0,0
Temporal,fr3_walking_xyz,run_01,289,0,0,1423,0,0
Temporal,fr3_walking_xyz,run_01,290,0,0,1372,0,0
Temporal,fr3_walking_xyz,run_01,291,0,0,1343,0,0
Temporal,fr3_walking_xyz,run_01,292,0,0,1330,0,0
Temporal,fr3_walking_xyz,run_01,293,0,0,1333,0,0
Temporal,fr3_walking_xyz,run_01,294,0,0,1339,0,0
Temporal,fr3_walking_xyz,run_01,295,0,0,1269,0,0
Temporal,fr3_walking_xyz,run_01,296,0,0,1258,0,0
Temporal,fr3_walking_xyz,run_01,297,0,0,1237,0,0
Temporal,fr3_walking_xyz,run_01,298,0,0,1215,0,0
Temporal,fr3_walking_xyz,run_01,299,0,0,1196,0,0
Temporal,fr3_walking_xyz,run_01,300,0,0,1171,0,0
Temporal,fr3_walking_xyz,run_01,301,0,0,1177,0,0
Temporal,fr3_walking_xyz,run_01,302,0,0,1194,0,0
Temporal,fr3_walking_xyz,run_01,303,0,0,1197,0,0
Temporal,fr3_walking_xyz,run_01,304,0,0,1246,0,0
Temporal,fr3_walking_xyz,run_01,305,0,0,1276,0,0
Temporal,fr3_walking_xyz,run_01,306,0,0,1166,0,0
Temporal,fr3_walking_xyz,run_01,307,0,0,1207,0,0
Temporal,fr3_walking_xyz,run_01,308,0,0,1259,0,0
Temporal,fr3_walking_xyz,run_01,309,0,0,1260,0,0
Temporal,fr3_walking_xyz,run_01,310,0,0,1336,0,0
Temporal,fr3_walking_xyz,run_01,311,0,0,1339,0,0
Temporal,fr3_walking_xyz,run_01,312,0,0,1354,0,0
Temporal,fr3_walking_xyz,run_01,313,0,0,1359,0,0
Temporal,fr3_walking_xyz,run_01,314,0,0,1423,0,0
Temporal,fr3_walking_xyz,run_01,315,0,0,1436,0,0
Temporal,fr3_walking_xyz,run_01,316,0,0,1516,0,0
Temporal,fr3_walking_xyz,run_01,317,0,0,1569,0,0
Temporal,fr3_walking_xyz,run_01,318,0,0,1521,0,0
Temporal,fr3_walking_xyz,run_01,319,0,0,1555,0,0
Temporal,fr3_walking_xyz,run_01,320,0,0,1573,0,0
Temporal,fr3_walking_xyz,run_01,321,0,0,1662,0,0
Temporal,fr3_walking_xyz,run_01,322,0,0,1679,0,0
Temporal,fr3_walking_xyz,run_01,323,0,0,1702,0,0
Temporal,fr3_walking_xyz,run_01,324,0,0,1699,0,0
Temporal,fr3_walking_xyz,run_01,325,0,0,1704,0,0
Temporal,fr3_walking_xyz,run_01,326,0,0,1697,0,0
Temporal,fr3_walking_xyz,run_01,327,0,0,1713,0,0
Temporal,fr3_walking_xyz,run_01,328,0,0,1726,0,0
Temporal,fr3_walking_xyz,run_01,329,0,0,1721,0,0
Temporal,fr3_walking_xyz,run_01,330,0,0,1712,0,0
Temporal,fr3_walking_xyz,run_01,331,0,0,1721,0,0
Temporal,fr3_walking_xyz,run_01,332,0,0,1734,0,0
Temporal,fr3_walking_xyz,run_01,333,0,0,1739,0,0
Temporal,fr3_walking_xyz,run_01,334,0,0,1748,0,0
Temporal,fr3_walking_xyz,run_01,335,0,0,1751,0,0
Temporal,fr3_walking_xyz,run_01,336,0,0,1753,0,0
Temporal,fr3_walking_xyz,run_01,337,0,0,1759,0,0
Temporal,fr3_walking_xyz,run_01,338,0,0,1771,0,0
Temporal,fr3_walking_xyz,run_01,339,0,0,1763,0,0
Temporal,fr3_walking_xyz,run_01,340,0,0,1774,0,0
Temporal,fr3_walking_xyz,run_01,341,0,0,1818,0,0
Temporal,fr3_walking_xyz,run_01,342,0,0,1794,0,0
Temporal,fr3_walking_xyz,run_01,343,0,0,1706,0,0
Temporal,fr3_walking_xyz,run_01,344,0,0,1691,0,0
Temporal,fr3_walking_xyz,run_01,345,0,0,1696,0,0
Temporal,fr3_walking_xyz,run_01,346,0,0,1666,0,0
Temporal,fr3_walking_xyz,run_01,347,0,0,1676,0,0
Temporal,fr3_walking_xyz,run_01,348,0,0,1691,0,0
Temporal,fr3_walking_xyz,run_01,349,0,0,1675,0,0
Temporal,fr3_walking_xyz,run_01,350,0,0,1647,0,0
Temporal,fr3_walking_xyz,run_01,351,0,0,1666,0,0
Temporal,fr3_walking_xyz,run_01,352,0,0,1666,0,0
Temporal,fr3_walking_xyz,run_01,353,0,0,1643,0,0
Temporal,fr3_walking_xyz,run_01,354,0,0,1646,0,0
Temporal,fr3_walking_xyz,run_01,355,0,0,1651,54,54
Temporal,fr3_walking_xyz,run_01,356,0,0,1655,10,10
Temporal,fr3_walking_xyz,run_01,357,0,0,1649,53,53
Temporal,fr3_walking_xyz,run_01,358,0,0,1646,52,52
Temporal,fr3_walking_xyz,run_01,359,0,0,1645,52,52
Temporal,fr3_walking_xyz,run_01,360,0,0,1639,52,52
Temporal,fr3_walking_xyz,run_01,361,0,0,1620,52,52
Temporal,fr3_walking_xyz,run_01,362,0,0,1631,51,51
Temporal,fr3_walking_xyz,run_01,363,0,0,1640,31,31
Temporal,fr3_walking_xyz,run_01,364,0,0,1651,30,30
Temporal,fr3_walking_xyz,run_01,365,0,0,1711,30,30
Temporal,fr3_walking_xyz,run_01,366,0,0,1721,30,30
Temporal,fr3_walking_xyz,run_01,367,0,0,1671,24,24
Temporal,fr3_walking_xyz,run_01,368,0,0,1662,21,21
Temporal,fr3_walking_xyz,run_01,369,0,0,1681,21,21
Temporal,fr3_walking_xyz,run_01,370,0,0,1708,38,38
Temporal,fr3_walking_xyz,run_01,371,0,0,1707,19,19
Temporal,fr3_walking_xyz,run_01,372,0,0,1765,17,17
Temporal,fr3_walking_xyz,run_01,373,0,0,1735,7,7
Temporal,fr3_walking_xyz,run_01,374,0,0,1712,0,0
Temporal,fr3_walking_xyz,run_01,375,0,0,1684,0,0
Temporal,fr3_walking_xyz,run_01,376,0,0,1746,0,0
Temporal,fr3_walking_xyz,run_01,377,0,0,1744,0,0
Temporal,fr3_walking_xyz,run_01,378,0,0,1739,0,0
Temporal,fr3_walking_xyz,run_01,379,0,0,1702,0,0
Temporal,fr3_walking_xyz,run_01,380,0,0,1867,0,0
Temporal,fr3_walking_xyz,run_01,381,0,0,1910,0,0
Temporal,fr3_walking_xyz,run_01,382,0,0,1912,0,0
Temporal,fr3_walking_xyz,run_01,383,0,0,2073,0,0
Temporal,fr3_walking_xyz,run_01,384,0,0,2099,0,0
Temporal,fr3_walking_xyz,run_01,385,0,0,2094,0,0
Temporal,fr3_walking_xyz,run_01,386,0,0,1920,0,0
Temporal,fr3_walking_xyz,run_01,387,0,0,2114,0,0
Temporal,fr3_walking_xyz,run_01,388,0,0,2124,0,0
Temporal,fr3_walking_xyz,run_01,389,0,0,2109,254,254
Temporal,fr3_walking_xyz,run_01,390,0,0,2029,210,210
Temporal,fr3_walking_xyz,run_01,391,0,0,1933,329,329
Temporal,fr3_walking_xyz,run_01,392,0,0,2107,280,280
Temporal,fr3_walking_xyz,run_01,393,0,0,1757,103,103
Temporal,fr3_walking_xyz,run_01,394,0,0,2121,430,430
Temporal,fr3_walking_xyz,run_01,395,0,0,1747,313,313
Temporal,fr3_walking_xyz,run_01,396,0,0,1821,491,491
Temporal,fr3_walking_xyz,run_01,397,0,0,1623,350,350
Temporal,fr3_walking_xyz,run_01,398,0,0,1686,337,337
Temporal,fr3_walking_xyz,run_01,399,0,0,1596,336,336
Temporal,fr3_walking_xyz,run_01,400,0,0,1840,379,379
Temporal,fr3_walking_xyz,run_01,401,0,0,1606,273,273
Temporal,fr3_walking_xyz,run_01,402,0,0,1778,340,340
Temporal,fr3_walking_xyz,run_01,403,0,0,1739,284,284
Temporal,fr3_walking_xyz,run_01,404,0,0,1668,279,279
Temporal,fr3_walking_xyz,run_01,405,0,0,1682,210,210
Temporal,fr3_walking_xyz,run_01,406,0,0,1551,163,163
Temporal,fr3_walking_xyz,run_01,407,0,0,1882,247,247
Temporal,fr3_walking_xyz,run_01,408,0,0,1923,248,248
Temporal,fr3_walking_xyz,run_01,409,0,0,1761,149,149
Temporal,fr3_walking_xyz,run_01,410,0,0,1900,154,154
Temporal,fr3_walking_xyz,run_01,411,0,0,1878,166,166
Temporal,fr3_walking_xyz,run_01,412,0,0,1978,236,236
Temporal,fr3_walking_xyz,run_01,413,0,0,1846,301,301
Temporal,fr3_walking_xyz,run_01,414,0,0,1759,352,352
Temporal,fr3_walking_xyz,run_01,415,0,0,1794,490,490
Temporal,fr3_walking_xyz,run_01,416,0,0,1936,625,625
Temporal,fr3_walking_xyz,run_01,417,0,0,1861,604,604
Temporal,fr3_walking_xyz,run_01,418,0,0,1878,591,591
Temporal,fr3_walking_xyz,run_01,419,0,0,2049,618,618
Temporal,fr3_walking_xyz,run_01,420,0,0,2431,773,773
Temporal,fr3_walking_xyz,run_01,421,0,0,2145,704,704
Temporal,fr3_walking_xyz,run_01,422,0,0,2200,600,600
Temporal,fr3_walking_xyz,run_01,423,0,0,2324,635,635
Temporal,fr3_walking_xyz,run_01,424,0,0,2473,759,759
Temporal,fr3_walking_xyz,run_01,425,0,0,1713,222,222
Temporal,fr3_walking_xyz,run_01,426,0,0,2261,659,659
Temporal,fr3_walking_xyz,run_01,427,0,0,1700,97,97
Temporal,fr3_walking_xyz,run_01,428,0,0,1817,189,189
Temporal,fr3_walking_xyz,run_01,429,0,0,1664,189,189
Temporal,fr3_walking_xyz,run_01,430,0,0,1740,103,103
Temporal,fr3_walking_xyz,run_01,431,0,0,1768,173,173
Temporal,fr3_walking_xyz,run_01,432,0,0,1704,112,112
Temporal,fr3_walking_xyz,run_01,433,0,0,1930,187,187
Temporal,fr3_walking_xyz,run_01,434,0,0,1842,282,282
Temporal,fr3_walking_xyz,run_01,435,0,0,1906,408,408
Temporal,fr3_walking_xyz,run_01,436,0,0,2035,588,588
Temporal,fr3_walking_xyz,run_01,437,0,0,1606,617,617
Temporal,fr3_walking_xyz,run_01,438,0,0,1509,608,608
Temporal,fr3_walking_xyz,run_01,439,0,0,1529,610,610
Temporal,fr3_walking_xyz,run_01,440,0,0,1373,551,551
Temporal,fr3_walking_xyz,run_01,441,0,0,1244,498,498
Temporal,fr3_walking_xyz,run_01,442,0,0,1216,487,487
Temporal,fr3_walking_xyz,run_01,443,0,0,1236,541,541
Temporal,fr3_walking_xyz,run_01,444,0,0,1160,389,389
Temporal,fr3_walking_xyz,run_01,445,0,0,1285,387,387
Temporal,fr3_walking_xyz,run_01,446,0,0,1278,424,424
Temporal,fr3_walking_xyz,run_01,447,0,0,1055,320,320
Temporal,fr3_walking_xyz,run_01,448,0,0,1130,355,355
Temporal,fr3_walking_xyz,run_01,449,0,0,1058,360,360
Temporal,fr3_walking_xyz,run_01,450,0,0,1096,374,374
Temporal,fr3_walking_xyz,run_01,451,0,0,1171,412,412
Temporal,fr3_walking_xyz,run_01,452,0,0,1147,398,398
Temporal,fr3_walking_xyz,run_01,453,0,0,1158,393,393
Temporal,fr3_walking_xyz,run_01,454,0,0,1150,381,381
Temporal,fr3_walking_xyz,run_01,455,0,0,1142,375,375
Temporal,fr3_walking_xyz,run_01,456,0,0,1127,332,332
Temporal,fr3_walking_xyz,run_01,457,0,0,1092,304,304
Temporal,fr3_walking_xyz,run_01,458,0,0,891,263,263
Temporal,fr3_walking_xyz,run_01,459,0,0,1013,244,244
Temporal,fr3_walking_xyz,run_01,460,0,0,1037,203,203
Temporal,fr3_walking_xyz,run_01,461,0,0,934,111,111
Temporal,fr3_walking_xyz,run_01,462,0,0,1028,161,161
Temporal,fr3_walking_xyz,run_01,463,0,0,1026,144,144
Temporal,fr3_walking_xyz,run_01,464,0,0,992,148,148
Temporal,fr3_walking_xyz,run_01,465,0,0,1010,135,135
Temporal,fr3_walking_xyz,run_01,466,0,0,1000,131,131
Temporal,fr3_walking_xyz,run_01,467,0,0,1005,138,138
Temporal,fr3_walking_xyz,run_01,468,0,0,818,126,126
Temporal,fr3_walking_xyz,run_01,469,0,0,903,127,127
Temporal,fr3_walking_xyz,run_01,470,0,0,947,137,137
Temporal,fr3_walking_xyz,run_01,471,0,0,843,96,96
Temporal,fr3_walking_xyz,run_01,472,0,0,938,136,136
Temporal,fr3_walking_xyz,run_01,473,0,0,931,147,147
Temporal,fr3_walking_xyz,run_01,474,0,0,901,112,112
Temporal,fr3_walking_xyz,run_01,475,0,0,916,122,122
Temporal,fr3_walking_xyz,run_01,476,0,0,907,114,114
Temporal,fr3_walking_xyz,run_01,477,0,0,1054,151,151
Temporal,fr3_walking_xyz,run_01,478,0,0,1043,138,138
Temporal,fr3_walking_xyz,run_01,479,0,0,1068,132,132
Temporal,fr3_walking_xyz,run_01,480,0,0,1053,91,91
Temporal,fr3_walking_xyz,run_01,481,0,0,967,31,31
Temporal,fr3_walking_xyz,run_01,482,0,0,971,20,20
Temporal,fr3_walking_xyz,run_01,483,0,0,2097,15,15
Temporal,fr3_walking_xyz,run_01,484,0,0,958,11,11
Temporal,fr3_walking_xyz,run_01,485,0,0,971,10,10
Temporal,fr3_walking_xyz,run_01,486,0,0,1034,16,16
Temporal,fr3_walking_xyz,run_01,487,0,0,972,11,11
Temporal,fr3_walking_xyz,run_01,488,0,0,1049,7,7
Temporal,fr3_walking_xyz,run_01,489,0,0,1093,4,4
Temporal,fr3_walking_xyz,run_01,490,0,0,1022,4,4
Temporal,fr3_walking_xyz,run_01,491,0,0,992,4,4
Temporal,fr3_walking_xyz,run_01,492,0,0,937,4,4
Temporal,fr3_walking_xyz,run_01,493,0,0,938,4,4
Temporal,fr3_walking_xyz,run_01,494,0,0,963,4,4
Temporal,fr3_walking_xyz,run_01,495,0,0,1000,3,3
Temporal,fr3_walking_xyz,run_01,496,0,0,1021,3,3
Temporal,fr3_walking_xyz,run_01,497,0,0,1058,2,2
Temporal,fr3_walking_xyz,run_01,498,0,0,1024,2,2
Temporal,fr3_walking_xyz,run_01,499,0,0,1077,2,2
Temporal,fr3_walking_xyz,run_01,500,0,0,1096,2,2
Temporal,fr3_walking_xyz,run_01,501,0,0,1366,2,2
Temporal,fr3_walking_xyz,run_01,502,0,0,1249,0,0
Temporal,fr3_walking_xyz,run_01,503,0,0,1208,0,0
Temporal,fr3_walking_xyz,run_01,504,0,0,1126,5,5
Temporal,fr3_walking_xyz,run_01,505,0,0,1195,7,7
Temporal,fr3_walking_xyz,run_01,506,0,0,1095,3,3
Temporal,fr3_walking_xyz,run_01,507,0,0,1003,9,9
Temporal,fr3_walking_xyz,run_01,508,0,0,1204,26,26
Temporal,fr3_walking_xyz,run_01,509,0,0,1201,41,41
Temporal,fr3_walking_xyz,run_01,510,0,0,1065,46,46
Temporal,fr3_walking_xyz,run_01,511,0,0,1211,87,87
Temporal,fr3_walking_xyz,run_01,512,0,0,1229,112,112
Temporal,fr3_walking_xyz,run_01,513,0,0,1203,148,148
Temporal,fr3_walking_xyz,run_01,514,0,0,1261,154,154
Temporal,fr3_walking_xyz,run_01,515,0,0,999,56,56
Temporal,fr3_walking_xyz,run_01,516,0,0,1041,59,59
Temporal,fr3_walking_xyz,run_01,517,0,0,1047,79,79
Temporal,fr3_walking_xyz,run_01,518,0,0,1052,102,102
Temporal,fr3_walking_xyz,run_01,519,0,0,1121,130,130
Temporal,fr3_walking_xyz,run_01,520,0,0,1116,198,198
Temporal,fr3_walking_xyz,run_01,521,0,0,1406,262,262
Temporal,fr3_walking_xyz,run_01,522,0,0,1283,288,288
Temporal,fr3_walking_xyz,run_01,523,0,0,1048,349,349
Temporal,fr3_walking_xyz,run_01,524,0,0,1023,345,345
Temporal,fr3_walking_xyz,run_01,525,0,0,1028,344,344
Temporal,fr3_walking_xyz,run_01,526,0,0,1756,418,418
Temporal,fr3_walking_xyz,run_01,527,0,0,1287,329,329
Temporal,fr3_walking_xyz,run_01,528,0,0,1077,313,313
Temporal,fr3_walking_xyz,run_01,529,0,0,1118,312,312
Temporal,fr3_walking_xyz,run_01,530,0,0,1203,314,314
Temporal,fr3_walking_xyz,run_01,531,0,0,996,307,307
Temporal,fr3_walking_xyz,run_01,532,0,0,1013,303,303
Temporal,fr3_walking_xyz,run_01,533,0,0,1206,304,304
Temporal,fr3_walking_xyz,run_01,534,0,0,955,291,291
Temporal,fr3_walking_xyz,run_01,535,0,0,1220,286,286
Temporal,fr3_walking_xyz,run_01,536,0,0,1457,293,293
Temporal,fr3_walking_xyz,run_01,537,0,0,1484,285,285
Temporal,fr3_walking_xyz,run_01,538,0,0,1459,302,302
Temporal,fr3_walking_xyz,run_01,539,0,0,1590,317,317
Temporal,fr3_walking_xyz,run_01,540,0,0,1595,306,306
Temporal,fr3_walking_xyz,run_01,541,0,0,1196,312,312
Temporal,fr3_walking_xyz,run_01,542,0,0,1744,344,344
Temporal,fr3_walking_xyz,run_01,543,0,0,1910,353,353
Temporal,fr3_walking_xyz,run_01,544,0,0,1622,310,310
Temporal,fr3_walking_xyz,run_01,545,0,0,1641,308,308
Temporal,fr3_walking_xyz,run_01,546,0,0,1611,307,307
Temporal,fr3_walking_xyz,run_01,547,0,0,1827,296,296
Temporal,fr3_walking_xyz,run_01,548,0,0,1828,279,279
Temporal,fr3_walking_xyz,run_01,549,0,0,2035,312,312
Temporal,fr3_walking_xyz,run_01,550,0,0,1967,280,280
Temporal,fr3_walking_xyz,run_01,551,0,0,1809,306,306
Temporal,fr3_walking_xyz,run_01,552,0,0,2046,331,331
Temporal,fr3_walking_xyz,run_01,553,0,0,2157,356,356
Temporal,fr3_walking_xyz,run_01,554,0,0,1638,306,306
Temporal,fr3_walking_xyz,run_01,555,0,0,1709,403,403
Temporal,fr3_walking_xyz,run_01,556,0,0,2211,411,411
Temporal,fr3_walking_xyz,run_01,557,0,0,1910,378,378
Temporal,fr3_walking_xyz,run_01,558,0,0,1880,391,391
Temporal,fr3_walking_xyz,run_01,559,0,0,1839,360,360
Temporal,fr3_walking_xyz,run_01,560,0,0,2218,472,472
Temporal,fr3_walking_xyz,run_01,561,0,0,2109,436,436
Temporal,fr3_walking_xyz,run_01,562,0,0,2081,457,457
Temporal,fr3_walking_xyz,run_01,563,0,0,2382,505,505
Temporal,fr3_walking_xyz,run_01,564,0,0,2140,405,405
Temporal,fr3_walking_xyz,run_01,565,0,0,2067,359,359
Temporal,fr3_walking_xyz,run_01,566,0,0,1612,232,232
Temporal,fr3_walking_xyz,run_01,567,0,0,1878,300,300
Temporal,fr3_walking_xyz,run_01,568,0,0,1890,363,363
Temporal,fr3_walking_xyz,run_01,569,0,0,2124,398,398
Temporal,fr3_walking_xyz,run_01,570,0,0,1960,344,344
Temporal,fr3_walking_xyz,run_01,571,0,0,2028,381,381
Temporal,fr3_walking_xyz,run_01,572,0,0,1659,241,241
Temporal,fr3_walking_xyz,run_01,573,0,0,1605,287,287
Temporal,fr3_walking_xyz,run_01,574,0,0,1859,301,301
Temporal,fr3_walking_xyz,run_01,575,0,0,1924,335,335
Temporal,fr3_walking_xyz,run_01,576,0,0,1738,262,262
Temporal,fr3_walking_xyz,run_01,577,0,0,1829,238,238
Temporal,fr3_walking_xyz,run_01,578,0,0,1727,177,177
Temporal,fr3_walking_xyz,run_01,579,0,0,1425,89,89
Temporal,fr3_walking_xyz,run_01,580,0,0,1696,205,205
Temporal,fr3_walking_xyz,run_01,581,0,0,1682,275,275
Temporal,fr3_walking_xyz,run_01,582,0,0,1598,129,129
Temporal,fr3_walking_xyz,run_01,583,0,0,1646,148,148
Temporal,fr3_walking_xyz,run_01,584,0,0,1637,111,111
Temporal,fr3_walking_xyz,run_01,585,0,0,1696,265,265
Temporal,fr3_walking_xyz,run_01,586,0,0,1644,206,206
Temporal,fr3_walking_xyz,run_01,587,0,0,1619,187,187
Temporal,fr3_walking_xyz,run_01,588,0,0,1909,306,306
Temporal,fr3_walking_xyz,run_01,589,0,0,1738,347,347
Temporal,fr3_walking_xyz,run_01,590,0,0,1874,566,566
Temporal,fr3_walking_xyz,run_01,591,0,0,1347,328,328
Temporal,fr3_walking_xyz,run_01,592,0,0,1406,362,362
Temporal,fr3_walking_xyz,run_01,593,0,0,1332,349,349
Temporal,fr3_walking_xyz,run_01,594,0,0,1421,403,403
Temporal,fr3_walking_xyz,run_01,595,0,0,1350,440,440
Temporal,fr3_walking_xyz,run_01,596,0,0,1538,647,647
Temporal,fr3_walking_xyz,run_01,597,0,0,1540,671,671
Temporal,fr3_walking_xyz,run_01,598,0,0,1466,540,540
Temporal,fr3_walking_xyz,run_01,599,0,0,1414,517,517
Temporal,fr3_walking_xyz,run_01,600,0,0,1473,517,517
Temporal,fr3_walking_xyz,run_01,601,0,0,1354,499,499
Temporal,fr3_walking_xyz,run_01,602,0,0,1436,490,490
Temporal,fr3_walking_xyz,run_01,603,0,0,1534,503,503
Temporal,fr3_walking_xyz,run_01,604,0,0,1647,715,715
Temporal,fr3_walking_xyz,run_01,605,0,0,1703,669,669
Temporal,fr3_walking_xyz,run_01,606,0,0,1720,807,807
Temporal,fr3_walking_xyz,run_01,607,0,0,1361,623,623
Temporal,fr3_walking_xyz,run_01,608,0,0,1399,654,654
Temporal,fr3_walking_xyz,run_01,609,0,0,1435,647,647
Temporal,fr3_walking_xyz,run_01,610,0,0,1431,650,650
Temporal,fr3_walking_xyz,run_01,611,0,0,1397,633,633
Temporal,fr3_walking_xyz,run_01,612,0,0,1297,607,607
Temporal,fr3_walking_xyz,run_01,613,0,0,1396,605,605
Temporal,fr3_walking_xyz,run_01,614,0,0,1345,573,573
Temporal,fr3_walking_xyz,run_01,615,0,0,1401,604,604
Temporal,fr3_walking_xyz,run_01,616,0,0,1331,588,588
Temporal,fr3_walking_xyz,run_01,617,0,0,1280,515,515
Temporal,fr3_walking_xyz,run_01,618,0,0,1021,310,310
Temporal,fr3_walking_xyz,run_01,619,0,0,1016,359,359
Temporal,fr3_walking_xyz,run_01,620,0,0,1003,364,364
Temporal,fr3_walking_xyz,run_01,621,0,0,986,383,383
Temporal,fr3_walking_xyz,run_01,622,0,0,884,356,356
Temporal,fr3_walking_xyz,run_01,623,0,0,942,362,362
Temporal,fr3_walking_xyz,run_01,624,0,0,1016,380,380
Temporal,fr3_walking_xyz,run_01,625,0,0,1328,521,521
Temporal,fr3_walking_xyz,run_01,626,0,0,1290,554,554
Temporal,fr3_walking_xyz,run_01,627,0,0,1228,574,574
Temporal,fr3_walking_xyz,run_01,628,0,0,1235,631,631
Temporal,fr3_walking_xyz,run_01,629,0,0,1091,527,527
Temporal,fr3_walking_xyz,run_01,630,0,0,1082,524,524
Temporal,fr3_walking_xyz,run_01,631,0,0,1111,523,523
Temporal,fr3_walking_xyz,run_01,632,0,0,1104,517,517
Temporal,fr3_walking_xyz,run_01,633,0,0,1062,547,547
Temporal,fr3_walking_xyz,run_01,634,0,0,1254,624,624
Temporal,fr3_walking_xyz,run_01,635,0,0,1071,505,505
Temporal,fr3_walking_xyz,run_01,636,0,0,1235,626,626
Temporal,fr3_walking_xyz,run_01,637,0,0,1232,616,616
Temporal,fr3_walking_xyz,run_01,638,0,0,1332,512,512
Temporal,fr3_walking_xyz,run_01,639,0,0,1201,496,496
Temporal,fr3_walking_xyz,run_01,640,0,0,1140,487,487
Temporal,fr3_walking_xyz,run_01,641,0,0,1132,477,477
Temporal,fr3_walking_xyz,run_01,642,0,0,1346,577,577
Temporal,fr3_walking_xyz,run_01,643,0,0,1409,589,589
Temporal,fr3_walking_xyz,run_01,644,0,0,1462,587,587
Temporal,fr3_walking_xyz,run_01,645,0,0,1471,585,585
Temporal,fr3_walking_xyz,run_01,646,0,0,1579,581,581
Temporal,fr3_walking_xyz,run_01,647,0,0,1592,597,597
Temporal,fr3_walking_xyz,run_01,648,0,0,1626,589,589
Temporal,fr3_walking_xyz,run_01,649,0,0,1559,565,565
Temporal,fr3_walking_xyz,run_01,650,0,0,1647,567,567
Temporal,fr3_walking_xyz,run_01,651,0,0,1565,540,540
Temporal,fr3_walking_xyz,run_01,652,0,0,1624,547,547
Temporal,fr3_walking_xyz,run_01,653,0,0,1406,404,404
Temporal,fr3_walking_xyz,run_01,654,0,0,1681,495,495
Temporal,fr3_walking_xyz,run_01,655,0,0,1628,400,400
Temporal,fr3_walking_xyz,run_01,656,0,0,1614,457,457
Temporal,fr3_walking_xyz,run_01,657,0,0,1670,438,438
Temporal,fr3_walking_xyz,run_01,658,0,0,1749,396,396
Temporal,fr3_walking_xyz,run_01,659,0,0,1910,485,485
Temporal,fr3_walking_xyz,run_01,660,0,0,1725,445,445
Temporal,fr3_walking_xyz,run_01,661,0,0,1803,471,471
Temporal,fr3_walking_xyz,run_01,662,0,0,1858,466,466
Temporal,fr3_walking_xyz,run_01,663,0,0,1705,428,428
Temporal,fr3_walking_xyz,run_01,664,0,0,1983,462,462
Temporal,fr3_walking_xyz,run_01,665,0,0,1683,347,347
Temporal,fr3_walking_xyz,run_01,666,0,0,1754,592,592
Temporal,fr3_walking_xyz,run_01,667,0,0,1832,516,516
Temporal,fr3_walking_xyz,run_01,668,0,0,1850,503,503
Temporal,fr3_walking_xyz,run_01,669,0,0,1781,511,511
Temporal,fr3_walking_xyz,run_01,670,0,0,1825,506,506
Temporal,fr3_walking_xyz,run_01,671,0,0,1872,498,498
Temporal,fr3_walking_xyz,run_01,672,0,0,1883,467,467
Temporal,fr3_walking_xyz,run_01,673,0,0,1933,429,429
Temporal,fr3_walking_xyz,run_01,674,0,0,1881,423,423
Temporal,fr3_walking_xyz,run_01,675,0,0,1988,413,413
Temporal,fr3_walking_xyz,run_01,676,0,0,2012,415,415
Temporal,fr3_walking_xyz,run_01,677,0,0,2041,412,412
Temporal,fr3_walking_xyz,run_01,678,0,0,2141,400,400
Temporal,fr3_walking_xyz,run_01,679,0,0,2185,408,408
Temporal,fr3_walking_xyz,run_01,680,0,0,2175,420,420
Temporal,fr3_walking_xyz,run_01,681,0,0,2212,520,520
Temporal,fr3_walking_xyz,run_01,682,0,0,2300,544,544
Temporal,fr3_walking_xyz,run_01,683,0,0,2227,620,620
Temporal,fr3_walking_xyz,run_01,684,0,0,2253,750,750
Temporal,fr3_walking_xyz,run_01,685,0,0,2344,1042,1042
Temporal,fr3_walking_xyz,run_01,686,0,0,2334,996,996
Temporal,fr3_walking_xyz,run_01,687,0,0,2280,1043,1043
Temporal,fr3_walking_xyz,run_01,688,0,0,2389,1103,1103
Temporal,fr3_walking_xyz,run_01,689,0,0,2200,986,986
Temporal,fr3_walking_xyz,run_01,690,0,0,2274,1133,1133
Temporal,fr3_walking_xyz,run_01,691,0,0,2309,1127,1127
Temporal,fr3_walking_xyz,run_01,692,0,0,2349,1151,1151
Temporal,fr3_walking_xyz,run_01,693,0,0,2399,1191,1191
Temporal,fr3_walking_xyz,run_01,694,0,0,2415,1187,1187
Temporal,fr3_walking_xyz,run_01,695,0,0,2481,1236,1236
Temporal,fr3_walking_xyz,run_01,696,0,0,2463,1316,1316
Temporal,fr3_walking_xyz,run_01,697,0,0,2510,1367,1367
Temporal,fr3_walking_xyz,run_01,698,0,0,2470,1363,1363
Temporal,fr3_walking_xyz,run_01,699,0,0,2507,1334,1334
Temporal,fr3_walking_xyz,run_01,700,0,0,2478,1313,1313
Temporal,fr3_walking_xyz,run_01,701,0,0,2502,1362,1362
Temporal,fr3_walking_xyz,run_01,702,0,0,2486,1434,1434
Temporal,fr3_walking_xyz,run_01,703,0,0,2531,1421,1421
Temporal,fr3_walking_xyz,run_01,704,0,0,2548,1407,1407
Temporal,fr3_walking_xyz,run_01,705,0,0,2525,1386,1386
Temporal,fr3_walking_xyz,run_01,706,0,0,2574,1403,1403
Temporal,fr3_walking_xyz,run_01,707,0,0,2076,1037,1037
Temporal,fr3_walking_xyz,run_01,708,0,0,2551,1396,1396
Temporal,fr3_walking_xyz,run_01,709,0,0,2528,1382,1382
Temporal,fr3_walking_xyz,run_01,710,0,0,2568,1365,1365
Temporal,fr3_walking_xyz,run_01,711,0,0,2546,1345,1345
Temporal,fr3_walking_xyz,run_01,712,0,0,2656,1390,1390
Temporal,fr3_walking_xyz,run_01,713,0,0,2691,1401,1401
Temporal,fr3_walking_xyz,run_01,714,0,0,2527,1279,1279
Temporal,fr3_walking_xyz,run_01,715,0,0,2544,1255,1255
Temporal,fr3_walking_xyz,run_01,716,0,0,2553,1284,1284
Temporal,fr3_walking_xyz,run_01,717,0,0,2534,1309,1309
Temporal,fr3_walking_xyz,run_01,718,0,0,2571,1353,1353
Temporal,fr3_walking_xyz,run_01,719,0,0,2588,1299,1299
Temporal,fr3_walking_xyz,run_01,720,0,0,2629,1338,1338
Temporal,fr3_walking_xyz,run_01,721,0,0,2628,1402,1402
Temporal,fr3_walking_xyz,run_01,722,0,0,2650,1456,1456
Temporal,fr3_walking_xyz,run_01,723,0,0,2707,1529,1529
Temporal,fr3_walking_xyz,run_01,724,0,0,2741,1562,1562
Temporal,fr3_walking_xyz,run_01,725,0,0,2728,1617,1617
Temporal,fr3_walking_xyz,run_01,726,0,0,2697,1575,1575
Temporal,fr3_walking_xyz,run_01,727,0,0,2674,1583,1583
Temporal,fr3_walking_xyz,run_01,728,0,0,2657,1640,1640
Temporal,fr3_walking_xyz,run_01,729,0,0,2672,1644,1644
Temporal,fr3_walking_xyz,run_01,730,0,0,2702,1656,1656
Temporal,fr3_walking_xyz,run_01,731,0,0,2722,1669,1669
Temporal,fr3_walking_xyz,run_01,732,0,0,2705,1712,1712
Temporal,fr3_walking_xyz,run_01,733,0,0,2712,1679,1679
Temporal,fr3_walking_xyz,run_01,734,0,0,2750,1672,1672
Temporal,fr3_walking_xyz,run_01,735,0,0,2588,1532,1532
Temporal,fr3_walking_xyz,run_01,736,0,0,2807,1684,1684
Temporal,fr3_walking_xyz,run_01,737,0,0,2687,1629,1629
Temporal,fr3_walking_xyz,run_01,738,0,0,2648,1594,1594
Temporal,fr3_walking_xyz,run_01,739,0,0,2684,1560,1560
Temporal,fr3_walking_xyz,run_01,740,0,0,2432,1266,1266
Temporal,fr3_walking_xyz,run_01,741,0,0,2234,1085,1085
Temporal,fr3_walking_xyz,run_01,742,0,0,2064,924,924
Temporal,fr3_walking_xyz,run_01,743,0,0,2101,971,971
Temporal,fr3_walking_xyz,run_01,744,0,0,1464,402,402
Temporal,fr3_walking_xyz,run_01,745,0,0,1691,628,628
Temporal,fr3_walking_xyz,run_01,746,0,0,1507,592,592
Temporal,fr3_walking_xyz,run_01,747,0,0,1633,629,629
Temporal,fr3_walking_xyz,run_01,748,0,0,992,306,306
Temporal,fr3_walking_xyz,run_01,749,0,0,957,238,238
Temporal,fr3_walking_xyz,run_01,750,0,0,1164,376,376
Temporal,fr3_walking_xyz,run_01,751,0,0,906,239,239
Temporal,fr3_walking_xyz,run_01,752,0,0,1351,555,555
Temporal,fr3_walking_xyz,run_01,753,0,0,1299,494,494
Temporal,fr3_walking_xyz,run_01,754,0,0,1301,483,483
Temporal,fr3_walking_xyz,run_01,755,0,0,1150,385,385
Temporal,fr3_walking_xyz,run_01,756,0,0,995,365,365
Temporal,fr3_walking_xyz,run_01,757,0,0,1067,373,373
Temporal,fr3_walking_xyz,run_01,758,0,0,1116,374,374
Temporal,fr3_walking_xyz,run_01,759,0,0,1094,350,350
Temporal,fr3_walking_xyz,run_01,760,0,0,1197,330,330
Temporal,fr3_walking_xyz,run_01,761,0,0,1010,310,310
Temporal,fr3_walking_xyz,run_01,762,0,0,1180,313,313
Temporal,fr3_walking_xyz,run_01,763,0,0,1287,302,302
Temporal,fr3_walking_xyz,run_01,764,0,0,1267,306,306
Temporal,fr3_walking_xyz,run_01,765,0,0,1083,308,308
Temporal,fr3_walking_xyz,run_01,766,0,0,1261,304,304
Temporal,fr3_walking_xyz,run_01,767,0,0,1177,311,311
Temporal,fr3_walking_xyz,run_01,768,0,0,1351,314,314
Temporal,fr3_walking_xyz,run_01,769,0,0,1480,377,377
Temporal,fr3_walking_xyz,run_01,770,0,0,1259,465,465
Temporal,fr3_walking_xyz,run_01,771,0,0,1326,488,488
Temporal,fr3_walking_xyz,run_01,772,0,0,1314,505,505
Temporal,fr3_walking_xyz,run_01,773,0,0,1412,504,504
Temporal,fr3_walking_xyz,run_01,774,0,0,1035,356,356
Temporal,fr3_walking_xyz,run_01,775,0,0,1146,397,397
Temporal,fr3_walking_xyz,run_01,776,0,0,1067,379,379
Temporal,fr3_walking_xyz,run_01,777,0,0,1186,385,385
Temporal,fr3_walking_xyz,run_01,778,0,0,1091,369,369
Temporal,fr3_walking_xyz,run_01,779,0,0,1215,370,370
Temporal,fr3_walking_xyz,run_01,780,0,0,955,214,214
Temporal,fr3_walking_xyz,run_01,781,0,0,1081,229,229
Temporal,fr3_walking_xyz,run_01,782,0,0,1149,400,400
Temporal,fr3_walking_xyz,run_01,783,0,0,1285,395,395
Temporal,fr3_walking_xyz,run_01,784,0,0,1139,308,308
Temporal,fr3_walking_xyz,run_01,785,0,0,1270,372,372
Temporal,fr3_walking_xyz,run_01,786,0,0,1387,464,464
Temporal,fr3_walking_xyz,run_01,787,0,0,1334,403,403
Temporal,fr3_walking_xyz,run_01,788,0,0,1397,375,375
Temporal,fr3_walking_xyz,run_01,789,0,0,1284,372,372
Temporal,fr3_walking_xyz,run_01,790,0,0,1410,757,757
Temporal,fr3_walking_xyz,run_01,791,0,0,1522,490,490
Temporal,fr3_walking_xyz,run_01,792,0,0,1286,497,497
Temporal,fr3_walking_xyz,run_01,793,0,0,1458,599,599
Temporal,fr3_walking_xyz,run_01,794,0,0,1466,878,878
Temporal,fr3_walking_xyz,run_01,795,0,0,1401,802,802
Temporal,fr3_walking_xyz,run_01,796,0,0,1942,1044,1044
Temporal,fr3_walking_xyz,run_01,797,0,0,2174,1118,1118
Temporal,fr3_walking_xyz,run_01,798,0,0,1940,1032,1032
Temporal,fr3_walking_xyz,run_01,799,0,0,1977,1034,1034
Temporal,fr3_walking_xyz,run_01,800,0,0,1937,988,988
Temporal,fr3_walking_xyz,run_01,801,0,0,1971,978,978
Temporal,fr3_walking_xyz,run_01,802,0,0,2001,1007,1007
Temporal,fr3_walking_xyz,run_01,803,0,0,1712,852,852
Temporal,fr3_walking_xyz,run_01,804,0,0,1824,854,854
Temporal,fr3_walking_xyz,run_01,805,0,0,2005,961,961
Temporal,fr3_walking_xyz,run_01,806,0,0,1791,862,862
Temporal,fr3_walking_xyz,run_01,807,0,0,1959,954,954
Temporal,fr3_walking_xyz,run_01,808,0,0,1909,905,905
Temporal,fr3_walking_xyz,run_01,809,0,0,2037,930,930
Temporal,fr3_walking_xyz,run_01,810,0,0,2066,922,922
Temporal,fr3_walking_xyz,run_01,811,0,0,2003,892,892
Temporal,fr3_walking_xyz,run_01,812,0,0,2235,1001,1001
Temporal,fr3_walking_xyz,run_01,813,0,0,2234,1000,1000
Temporal,fr3_walking_xyz,run_01,814,0,0,2238,1012,1012
Temporal,fr3_walking_xyz,run_01,815,0,0,2199,1037,1037
Temporal,fr3_walking_xyz,run_01,816,0,0,2218,1110,1110
Temporal,fr3_walking_xyz,run_01,817,0,0,2124,1091,1091
Temporal,fr3_walking_xyz,run_01,818,0,0,2045,1092,1092
Temporal,fr3_walking_xyz,run_01,819,0,0,2070,1152,1152
Temporal,fr3_walking_xyz,run_01,820,0,0,2112,1152,1152
Temporal,fr3_walking_xyz,run_01,821,0,0,2043,1170,1170
Temporal,fr3_walking_xyz,run_01,822,0,0,2295,1326,1326
Temporal,fr3_walking_xyz,run_01,823,0,0,2251,1312,1312
Temporal,fr3_walking_xyz,run_01,824,0,0,2294,1312,1312
Temporal,fr3_walking_xyz,run_01,825,0,0,2057,1177,1177
Temporal,fr3_walking_xyz,run_01,826,0,0,1928,1084,1084
Temporal,fr3_walking_xyz,run_02,1,0,0,251,14,14
Temporal,fr3_walking_xyz,run_02,2,0,0,449,7,7
Temporal,fr3_walking_xyz,run_02,3,0,0,473,12,12
Temporal,fr3_walking_xyz,run_02,4,0,0,443,11,11
Temporal,fr3_walking_xyz,run_02,5,0,0,459,18,18
Temporal,fr3_walking_xyz,run_02,6,0,0,457,9,9
Temporal,fr3_walking_xyz,run_02,7,0,0,467,12,12
Temporal,fr3_walking_xyz,run_02,8,0,0,396,2,2
Temporal,fr3_walking_xyz,run_02,9,0,0,374,5,5
Temporal,fr3_walking_xyz,run_02,10,0,0,472,16,16
Temporal,fr3_walking_xyz,run_02,11,0,0,431,22,22
Temporal,fr3_walking_xyz,run_02,12,0,0,579,43,43
Temporal,fr3_walking_xyz,run_02,13,0,0,463,16,16
Temporal,fr3_walking_xyz,run_02,14,0,0,586,22,22
Temporal,fr3_walking_xyz,run_02,15,0,0,476,32,32
Temporal,fr3_walking_xyz,run_02,16,0,0,542,199,199
Temporal,fr3_walking_xyz,run_02,17,0,0,443,142,142
Temporal,fr3_walking_xyz,run_02,18,0,0,516,145,145
Temporal,fr3_walking_xyz,run_02,19,0,0,516,145,145
Temporal,fr3_walking_xyz,run_02,20,0,0,407,100,100
Temporal,fr3_walking_xyz,run_02,21,0,0,475,100,100
Temporal,fr3_walking_xyz,run_02,22,0,0,481,99,99
Temporal,fr3_walking_xyz,run_02,23,0,0,430,90,90
Temporal,fr3_walking_xyz,run_02,24,0,0,501,88,88
Temporal,fr3_walking_xyz,run_02,25,0,0,490,79,79
Temporal,fr3_walking_xyz,run_02,26,0,0,534,97,97
Temporal,fr3_walking_xyz,run_02,27,0,0,474,83,83
Temporal,fr3_walking_xyz,run_02,28,0,0,525,74,74
Temporal,fr3_walking_xyz,run_02,29,0,0,540,75,75
Temporal,fr3_walking_xyz,run_02,30,0,0,509,69,69
Temporal,fr3_walking_xyz,run_02,31,0,0,434,65,65
Temporal,fr3_walking_xyz,run_02,32,0,0,476,69,69
Temporal,fr3_walking_xyz,run_02,33,0,0,548,96,96
Temporal,fr3_walking_xyz,run_02,34,0,0,500,94,94
Temporal,fr3_walking_xyz,run_02,35,0,0,554,92,92
Temporal,fr3_walking_xyz,run_02,36,0,0,500,115,115
Temporal,fr3_walking_xyz,run_02,37,0,0,507,104,104
Temporal,fr3_walking_xyz,run_02,38,0,0,493,84,84
Temporal,fr3_walking_xyz,run_02,39,0,0,548,93,93
Temporal,fr3_walking_xyz,run_02,40,0,0,485,93,93
Temporal,fr3_walking_xyz,run_02,41,0,0,520,114,114
Temporal,fr3_walking_xyz,run_02,42,0,0,485,108,108
Temporal,fr3_walking_xyz,run_02,43,0,0,537,104,104
Temporal,fr3_walking_xyz,run_02,44,0,0,499,105,105
Temporal,fr3_walking_xyz,run_02,45,0,0,555,106,106
Temporal,fr3_walking_xyz,run_02,46,0,0,478,81,81
Temporal,fr3_walking_xyz,run_02,47,0,0,483,73,73
Temporal,fr3_walking_xyz,run_02,48,0,0,550,83,83
Temporal,fr3_walking_xyz,run_02,49,0,0,525,93,93
Temporal,fr3_walking_xyz,run_02,50,0,0,601,140,140
Temporal,fr3_walking_xyz,run_02,51,0,0,542,113,113
Temporal,fr3_walking_xyz,run_02,52,0,0,539,119,119
Temporal,fr3_walking_xyz,run_02,53,0,0,514,109,109
Temporal,fr3_walking_xyz,run_02,54,0,0,499,105,105
Temporal,fr3_walking_xyz,run_02,55,0,0,558,102,102
Temporal,fr3_walking_xyz,run_02,56,0,0,586,133,133
Temporal,fr3_walking_xyz,run_02,57,0,0,582,105,105
Temporal,fr3_walking_xyz,run_02,58,0,0,540,99,99
Temporal,fr3_walking_xyz,run_02,59,0,0,547,89,89
Temporal,fr3_walking_xyz,run_02,60,0,0,486,84,84
Temporal,fr3_walking_xyz,run_02,61,0,0,534,85,85
Temporal,fr3_walking_xyz,run_02,62,0,0,541,85,85
Temporal,fr3_walking_xyz,run_02,63,0,0,560,81,81
Temporal,fr3_walking_xyz,run_02,64,0,0,557,93,93
Temporal,fr3_walking_xyz,run_02,65,0,0,550,96,96
Temporal,fr3_walking_xyz,run_02,66,0,0,553,95,95
Temporal,fr3_walking_xyz,run_02,67,0,0,578,90,90
Temporal,fr3_walking_xyz,run_02,68,0,0,486,80,80
Temporal,fr3_walking_xyz,run_02,69,0,0,553,85,85
Temporal,fr3_walking_xyz,run_02,70,0,0,559,90,90
Temporal,fr3_walking_xyz,run_02,71,0,0,496,81,81
Temporal,fr3_walking_xyz,run_02,72,0,0,580,86,86
Temporal,fr3_walking_xyz,run_02,73,0,0,554,89,89
Temporal,fr3_walking_xyz,run_02,74,0,0,592,134,134
Temporal,fr3_walking_xyz,run_02,75,0,0,565,136,136
Temporal,fr3_walking_xyz,run_02,76,0,0,581,128,128
Temporal,fr3_walking_xyz,run_02,77,0,0,559,140,140
Temporal,fr3_walking_xyz,run_02,78,0,0,643,142,142
Temporal,fr3_walking_xyz,run_02,79,0,0,566,151,151
Temporal,fr3_walking_xyz,run_02,80,0,0,544,134,134
Temporal,fr3_walking_xyz,run_02,81,0,0,546,136,136
Temporal,fr3_walking_xyz,run_02,82,0,0,563,131,131
Temporal,fr3_walking_xyz,run_02,83,0,0,552,129,129
Temporal,fr3_walking_xyz,run_02,84,0,0,607,137,137
Temporal,fr3_walking_xyz,run_02,85,0,0,585,142,142
Temporal,fr3_walking_xyz,run_02,86,0,0,605,131,131
Temporal,fr3_walking_xyz,run_02,87,0,0,629,134,134
Temporal,fr3_walking_xyz,run_02,88,0,0,613,147,147
Temporal,fr3_walking_xyz,run_02,89,0,0,591,156,156
Temporal,fr3_walking_xyz,run_02,90,0,0,585,143,143
Temporal,fr3_walking_xyz,run_02,91,0,0,632,141,141
Temporal,fr3_walking_xyz,run_02,92,0,0,598,131,131
Temporal,fr3_walking_xyz,run_02,93,0,0,615,128,128
Temporal,fr3_walking_xyz,run_02,94,0,0,585,137,137
Temporal,fr3_walking_xyz,run_02,95,0,0,597,131,131
Temporal,fr3_walking_xyz,run_02,96,0,0,620,120,120
Temporal,fr3_walking_xyz,run_02,97,0,0,687,122,122
Temporal,fr3_walking_xyz,run_02,98,0,0,685,137,137
Temporal,fr3_walking_xyz,run_02,99,0,0,701,139,139
Temporal,fr3_walking_xyz,run_02,100,0,0,714,139,139
Temporal,fr3_walking_xyz,run_02,101,0,0,671,136,136
Temporal,fr3_walking_xyz,run_02,102,0,0,726,134,134
Temporal,fr3_walking_xyz,run_02,103,0,0,753,144,144
Temporal,fr3_walking_xyz,run_02,104,0,0,823,137,137
Temporal,fr3_walking_xyz,run_02,105,0,0,795,132,132
Temporal,fr3_walking_xyz,run_02,106,0,0,760,135,135
Temporal,fr3_walking_xyz,run_02,107,0,0,758,140,140
Temporal,fr3_walking_xyz,run_02,108,0,0,812,177,177
Temporal,fr3_walking_xyz,run_02,109,0,0,717,170,170
Temporal,fr3_walking_xyz,run_02,110,0,0,781,182,182
Temporal,fr3_walking_xyz,run_02,111,0,0,726,145,145
Temporal,fr3_walking_xyz,run_02,112,0,0,723,152,152
Temporal,fr3_walking_xyz,run_02,113,0,0,682,132,132
Temporal,fr3_walking_xyz,run_02,114,0,0,697,145,145
Temporal,fr3_walking_xyz,run_02,115,0,0,722,155,155
Temporal,fr3_walking_xyz,run_02,116,0,0,731,147,147
Temporal,fr3_walking_xyz,run_02,117,0,0,716,147,147
Temporal,fr3_walking_xyz,run_02,118,0,0,731,152,152
Temporal,fr3_walking_xyz,run_02,119,0,0,770,151,151
Temporal,fr3_walking_xyz,run_02,120,0,0,699,146,146
Temporal,fr3_walking_xyz,run_02,121,0,0,699,143,143
Temporal,fr3_walking_xyz,run_02,122,0,0,748,143,143
Temporal,fr3_walking_xyz,run_02,123,0,0,735,185,185
Temporal,fr3_walking_xyz,run_02,124,0,0,725,183,183
Temporal,fr3_walking_xyz,run_02,125,0,0,771,182,182
Temporal,fr3_walking_xyz,run_02,126,0,0,752,185,185
Temporal,fr3_walking_xyz,run_02,127,0,0,740,201,201
Temporal,fr3_walking_xyz,run_02,128,0,0,760,192,192
Temporal,fr3_walking_xyz,run_02,129,0,0,768,211,211
Temporal,fr3_walking_xyz,run_02,130,0,0,784,242,242
Temporal,fr3_walking_xyz,run_02,131,0,0,795,227,227
Temporal,fr3_walking_xyz,run_02,132,0,0,784,230,230
Temporal,fr3_walking_xyz,run_02,133,0,0,657,197,197
Temporal,fr3_walking_xyz,run_02,134,0,0,659,191,191
Temporal,fr3_walking_xyz,run_02,135,0,0,660,228,228
Temporal,fr3_walking_xyz,run_02,136,0,0,695,250,250
Temporal,fr3_walking_xyz,run_02,137,0,0,658,246,246
Temporal,fr3_walking_xyz,run_02,138,0,0,753,292,292
Temporal,fr3_walking_xyz,run_02,139,0,0,744,272,272
Temporal,fr3_walking_xyz,run_02,140,0,0,718,271,271
Temporal,fr3_walking_xyz,run_02,141,0,0,806,259,259
Temporal,fr3_walking_xyz,run_02,142,0,0,668,216,216
Temporal,fr3_walking_xyz,run_02,143,0,0,747,248,248
Temporal,fr3_walking_xyz,run_02,144,0,0,661,185,185
Temporal,fr3_walking_xyz,run_02,145,0,0,724,176,176
Temporal,fr3_walking_xyz,run_02,146,0,0,702,157,157
Temporal,fr3_walking_xyz,run_02,147,0,0,731,160,160
Temporal,fr3_walking_xyz,run_02,148,0,0,699,165,165
Temporal,fr3_walking_xyz,run_02,149,0,0,759,150,150
Temporal,fr3_walking_xyz,run_02,150,0,0,749,142,142
Temporal,fr3_walking_xyz,run_02,151,0,0,760,108,108
Temporal,fr3_walking_xyz,run_02,152,0,0,719,82,82
Temporal,fr3_walking_xyz,run_02,153,0,0,719,72,72
Temporal,fr3_walking_xyz,run_02,154,0,0,696,67,67
Temporal,fr3_walking_xyz,run_02,155,0,0,757,67,67
Temporal,fr3_walking_xyz,run_02,156,0,0,841,79,79
Temporal,fr3_walking_xyz,run_02,157,0,0,810,76,76
Temporal,fr3_walking_xyz,run_02,158,0,0,854,108,108
Temporal,fr3_walking_xyz,run_02,159,0,0,814,163,163
Temporal,fr3_walking_xyz,run_02,160,0,0,696,128,128
Temporal,fr3_walking_xyz,run_02,161,0,0,695,136,136
Temporal,fr3_walking_xyz,run_02,162,0,0,755,217,217
Temporal,fr3_walking_xyz,run_02,163,0,0,740,245,245
Temporal,fr3_walking_xyz,run_02,164,0,0,752,289,289
Temporal,fr3_walking_xyz,run_02,165,0,0,810,309,309
Temporal,fr3_walking_xyz,run_02,166,0,0,825,302,302
Temporal,fr3_walking_xyz,run_02,167,0,0,773,288,288
Temporal,fr3_walking_xyz,run_02,168,0,0,788,280,280
Temporal,fr3_walking_xyz,run_02,169,0,0,805,348,348
Temporal,fr3_walking_xyz,run_02,170,0,0,883,408,408
Temporal,fr3_walking_xyz,run_02,171,0,0,887,378,378
Temporal,fr3_walking_xyz,run_02,172,0,0,792,395,395
Temporal,fr3_walking_xyz,run_02,173,0,0,699,370,370
Temporal,fr3_walking_xyz,run_02,174,0,0,737,422,422
Temporal,fr3_walking_xyz,run_02,175,0,0,740,409,409
Temporal,fr3_walking_xyz,run_02,176,0,0,726,397,397
Temporal,fr3_walking_xyz,run_02,177,0,0,730,395,395
Temporal,fr3_walking_xyz,run_02,178,0,0,740,397,397
Temporal,fr3_walking_xyz,run_02,179,0,0,730,390,390
Temporal,fr3_walking_xyz,run_02,180,0,0,715,374,374
Temporal,fr3_walking_xyz,run_02,181,0,0,761,370,370
Temporal,fr3_walking_xyz,run_02,182,0,0,770,362,362
Temporal,fr3_walking_xyz,run_02,183,0,0,763,343,343
Temporal,fr3_walking_xyz,run_02,184,0,0,786,340,340
Temporal,fr3_walking_xyz,run_02,185,0,0,744,271,271
Temporal,fr3_walking_xyz,run_02,186,0,0,792,307,307
Temporal,fr3_walking_xyz,run_02,187,0,0,754,269,269
Temporal,fr3_walking_xyz,run_02,188,0,0,787,272,272
Temporal,fr3_walking_xyz,run_02,189,0,0,740,270,270
Temporal,fr3_walking_xyz,run_02,190,0,0,753,272,272
Temporal,fr3_walking_xyz,run_02,191,0,0,828,277,277
Temporal,fr3_walking_xyz,run_02,192,0,0,835,268,268
Temporal,fr3_walking_xyz,run_02,193,0,0,838,264,264
Temporal,fr3_walking_xyz,run_02,194,0,0,836,258,258
Temporal,fr3_walking_xyz,run_02,195,0,0,1039,317,317
Temporal,fr3_walking_xyz,run_02,196,0,0,1070,303,303
Temporal,fr3_walking_xyz,run_02,197,0,0,1126,223,223
Temporal,fr3_walking_xyz,run_02,198,0,0,1229,181,181
Temporal,fr3_walking_xyz,run_02,199,0,0,1227,215,215
Temporal,fr3_walking_xyz,run_02,200,0,0,1318,171,171
Temporal,fr3_walking_xyz,run_02,201,0,0,1184,150,150
Temporal,fr3_walking_xyz,run_02,202,0,0,1258,153,153
Temporal,fr3_walking_xyz,run_02,203,0,0,1263,166,166
Temporal,fr3_walking_xyz,run_02,204,0,0,1254,183,183
Temporal,fr3_walking_xyz,run_02,205,0,0,1370,314,314
Temporal,fr3_walking_xyz,run_02,206,0,0,1215,403,403
Temporal,fr3_walking_xyz,run_02,207,0,0,1292,367,367
Temporal,fr3_walking_xyz,run_02,208,0,0,1278,350,350
Temporal,fr3_walking_xyz,run_02,209,0,0,1262,367,367
Temporal,fr3_walking_xyz,run_02,210,0,0,1449,478,478
Temporal,fr3_walking_xyz,run_02,211,0,0,1414,459,459
Temporal,fr3_walking_xyz,run_02,212,0,0,1460,487,487
Temporal,fr3_walking_xyz,run_02,213,0,0,1431,460,460
Temporal,fr3_walking_xyz,run_02,214,0,0,1398,475,475
Temporal,fr3_walking_xyz,run_02,215,0,0,1468,505,505
Temporal,fr3_walking_xyz,run_02,216,0,0,1582,653,653
Temporal,fr3_walking_xyz,run_02,217,0,0,1541,639,639
Temporal,fr3_walking_xyz,run_02,218,0,0,1616,628,628
Temporal,fr3_walking_xyz,run_02,219,0,0,1570,603,603
Temporal,fr3_walking_xyz,run_02,220,0,0,1621,649,649
Temporal,fr3_walking_xyz,run_02,221,0,0,1680,816,816
Temporal,fr3_walking_xyz,run_02,222,0,0,1637,736,736
Temporal,fr3_walking_xyz,run_02,223,0,0,1668,767,767
Temporal,fr3_walking_xyz,run_02,224,0,0,1648,755,755
Temporal,fr3_walking_xyz,run_02,225,0,0,1717,732,732
Temporal,fr3_walking_xyz,run_02,226,0,0,1691,713,713
Temporal,fr3_walking_xyz,run_02,227,0,0,1770,715,715
Temporal,fr3_walking_xyz,run_02,228,0,0,1753,709,709
Temporal,fr3_walking_xyz,run_02,229,0,0,1757,693,693
Temporal,fr3_walking_xyz,run_02,230,0,0,1806,696,696
Temporal,fr3_walking_xyz,run_02,231,0,0,1748,780,780
Temporal,fr3_walking_xyz,run_02,232,0,0,1740,770,770
Temporal,fr3_walking_xyz,run_02,233,0,0,1695,806,806
Temporal,fr3_walking_xyz,run_02,234,0,0,1676,887,887
Temporal,fr3_walking_xyz,run_02,235,0,0,1676,882,882
Temporal,fr3_walking_xyz,run_02,236,0,0,1649,876,876
Temporal,fr3_walking_xyz,run_02,237,0,0,1676,858,858
Temporal,fr3_walking_xyz,run_02,238,0,0,1664,825,825
Temporal,fr3_walking_xyz,run_02,239,0,0,1674,814,814
Temporal,fr3_walking_xyz,run_02,240,0,0,1708,797,797
Temporal,fr3_walking_xyz,run_02,241,0,0,1690,745,745
Temporal,fr3_walking_xyz,run_02,242,0,0,1675,747,747
Temporal,fr3_walking_xyz,run_02,243,0,0,1716,704,704
Temporal,fr3_walking_xyz,run_02,244,0,0,1735,680,680
Temporal,fr3_walking_xyz,run_02,245,0,0,1669,671,671
Temporal,fr3_walking_xyz,run_02,246,0,0,1710,671,671
Temporal,fr3_walking_xyz,run_02,247,0,0,1758,670,670
Temporal,fr3_walking_xyz,run_02,248,0,0,1609,574,574
Temporal,fr3_walking_xyz,run_02,249,0,0,1615,565,565
Temporal,fr3_walking_xyz,run_02,250,0,0,1628,565,565
Temporal,fr3_walking_xyz,run_02,251,0,0,1405,477,477
Temporal,fr3_walking_xyz,run_02,252,0,0,1443,434,434
Temporal,fr3_walking_xyz,run_02,253,0,0,1450,411,411
Temporal,fr3_walking_xyz,run_02,254,0,0,1509,401,401
Temporal,fr3_walking_xyz,run_02,255,0,0,1392,362,362
Temporal,fr3_walking_xyz,run_02,256,0,0,1444,338,338
Temporal,fr3_walking_xyz,run_02,257,0,0,1414,303,303
Temporal,fr3_walking_xyz,run_02,258,0,0,1449,289,289
Temporal,fr3_walking_xyz,run_02,259,0,0,1429,274,274
Temporal,fr3_walking_xyz,run_02,260,0,0,1378,212,212
Temporal,fr3_walking_xyz,run_02,261,0,0,1369,197,197
Temporal,fr3_walking_xyz,run_02,262,0,0,1354,187,187
Temporal,fr3_walking_xyz,run_02,263,0,0,1347,178,178
Temporal,fr3_walking_xyz,run_02,264,0,0,1279,142,142
Temporal,fr3_walking_xyz,run_02,265,0,0,1276,118,118
Temporal,fr3_walking_xyz,run_02,266,0,0,1229,61,61
Temporal,fr3_walking_xyz,run_02,267,0,0,1231,32,32
Temporal,fr3_walking_xyz,run_02,268,0,0,1240,0,0
Temporal,fr3_walking_xyz,run_02,269,0,0,1248,0,0
Temporal,fr3_walking_xyz,run_02,270,0,0,1256,0,0
Temporal,fr3_walking_xyz,run_02,271,0,0,1271,0,0
Temporal,fr3_walking_xyz,run_02,272,0,0,1227,0,0
Temporal,fr3_walking_xyz,run_02,273,0,0,1205,0,0
Temporal,fr3_walking_xyz,run_02,274,0,0,1250,0,0
Temporal,fr3_walking_xyz,run_02,275,0,0,1247,0,0
Temporal,fr3_walking_xyz,run_02,276,0,0,1253,0,0
Temporal,fr3_walking_xyz,run_02,277,0,0,1299,0,0
Temporal,fr3_walking_xyz,run_02,278,0,0,1357,0,0
Temporal,fr3_walking_xyz,run_02,279,0,0,1305,0,0
Temporal,fr3_walking_xyz,run_02,280,0,0,1289,0,0
Temporal,fr3_walking_xyz,run_02,281,0,0,1293,0,0
Temporal,fr3_walking_xyz,run_02,282,0,0,1310,0,0
Temporal,fr3_walking_xyz,run_02,283,0,0,1304,0,0
Temporal,fr3_walking_xyz,run_02,284,0,0,1284,0,0
Temporal,fr3_walking_xyz,run_02,285,0,0,1270,0,0
Temporal,fr3_walking_xyz,run_02,286,0,0,1261,0,0
Temporal,fr3_walking_xyz,run_02,287,0,0,1245,0,0
Temporal,fr3_walking_xyz,run_02,288,0,0,1238,0,0
Temporal,fr3_walking_xyz,run_02,289,0,0,1241,0,0
Temporal,fr3_walking_xyz,run_02,290,0,0,1188,0,0
Temporal,fr3_walking_xyz,run_02,291,0,0,1136,0,0
Temporal,fr3_walking_xyz,run_02,292,0,0,1130,0,0
Temporal,fr3_walking_xyz,run_02,293,0,0,1167,0,0
Temporal,fr3_walking_xyz,run_02,294,0,0,1126,0,0
Temporal,fr3_walking_xyz,run_02,295,0,0,1096,0,0
Temporal,fr3_walking_xyz,run_02,296,0,0,1093,0,0
Temporal,fr3_walking_xyz,run_02,297,0,0,1107,0,0
Temporal,fr3_walking_xyz,run_02,298,0,0,1118,0,0
Temporal,fr3_walking_xyz,run_02,299,0,0,1058,0,0
Temporal,fr3_walking_xyz,run_02,300,0,0,1070,0,0
Temporal,fr3_walking_xyz,run_02,301,0,0,1036,0,0
Temporal,fr3_walking_xyz,run_02,302,0,0,1046,0,0
Temporal,fr3_walking_xyz,run_02,303,0,0,1049,0,0
Temporal,fr3_walking_xyz,run_02,304,0,0,1074,0,0
Temporal,fr3_walking_xyz,run_02,305,0,0,1101,0,0
Temporal,fr3_walking_xyz,run_02,306,0,0,976,0,0
Temporal,fr3_walking_xyz,run_02,307,0,0,1033,0,0
Temporal,fr3_walking_xyz,run_02,308,0,0,1084,0,0
Temporal,fr3_walking_xyz,run_02,309,0,0,1083,0,0
Temporal,fr3_walking_xyz,run_02,310,0,0,1142,0,0
Temporal,fr3_walking_xyz,run_02,311,0,0,1153,0,0
Temporal,fr3_walking_xyz,run_02,312,0,0,1222,0,0
Temporal,fr3_walking_xyz,run_02,313,0,0,1197,0,0
Temporal,fr3_walking_xyz,run_02,314,0,0,1251,0,0
Temporal,fr3_walking_xyz,run_02,315,0,0,1298,0,0
Temporal,fr3_walking_xyz,run_02,316,0,0,1310,0,0
Temporal,fr3_walking_xyz,run_02,317,0,0,1363,0,0
Temporal,fr3_walking_xyz,run_02,318,0,0,1387,0,0
Temporal,fr3_walking_xyz,run_02,319,0,0,1402,0,0
Temporal,fr3_walking_xyz,run_02,320,0,0,1429,0,0
Temporal,fr3_walking_xyz,run_02,321,0,0,1425,0,0
Temporal,fr3_walking_xyz,run_02,322,0,0,1489,0,0
Temporal,fr3_walking_xyz,run_02,323,0,0,1533,0,0
Temporal,fr3_walking_xyz,run_02,324,0,0,1524,0,0
Temporal,fr3_walking_xyz,run_02,325,0,0,1537,0,0
Temporal,fr3_walking_xyz,run_02,326,0,0,1534,0,0
Temporal,fr3_walking_xyz,run_02,327,0,0,1549,0,0
Temporal,fr3_walking_xyz,run_02,328,0,0,1535,0,0
Temporal,fr3_walking_xyz,run_02,329,0,0,1528,0,0
Temporal,fr3_walking_xyz,run_02,330,0,0,1528,0,0
Temporal,fr3_walking_xyz,run_02,331,0,0,1531,0,0
Temporal,fr3_walking_xyz,run_02,332,0,0,1549,0,0
Temporal,fr3_walking_xyz,run_02,333,0,0,1579,0,0
Temporal,fr3_walking_xyz,run_02,334,0,0,1563,0,0
Temporal,fr3_walking_xyz,run_02,335,0,0,1559,0,0
Temporal,fr3_walking_xyz,run_02,336,0,0,1579,0,0
Temporal,fr3_walking_xyz,run_02,337,0,0,1586,0,0
Temporal,fr3_walking_xyz,run_02,338,0,0,1596,0,0
Temporal,fr3_walking_xyz,run_02,339,0,0,1613,0,0
Temporal,fr3_walking_xyz,run_02,340,0,0,1614,0,0
Temporal,fr3_walking_xyz,run_02,341,0,0,1603,0,0
Temporal,fr3_walking_xyz,run_02,342,0,0,1614,0,0
Temporal,fr3_walking_xyz,run_02,343,0,0,1581,0,0
Temporal,fr3_walking_xyz,run_02,344,0,0,1584,0,0
Temporal,fr3_walking_xyz,run_02,345,0,0,1577,0,0
Temporal,fr3_walking_xyz,run_02,346,0,0,1559,0,0
Temporal,fr3_walking_xyz,run_02,347,0,0,1562,0,0
Temporal,fr3_walking_xyz,run_02,348,0,0,1593,0,0
Temporal,fr3_walking_xyz,run_02,349,0,0,1575,0,0
Temporal,fr3_walking_xyz,run_02,350,0,0,1541,0,0
Temporal,fr3_walking_xyz,run_02,351,0,0,1569,0,0
Temporal,fr3_walking_xyz,run_02,352,0,0,1550,0,0
Temporal,fr3_walking_xyz,run_02,353,0,0,1530,0,0
Temporal,fr3_walking_xyz,run_02,354,0,0,1550,0,0
Temporal,fr3_walking_xyz,run_02,355,0,0,1485,48,48
Temporal,fr3_walking_xyz,run_02,356,0,0,1482,7,7
Temporal,fr3_walking_xyz,run_02,357,0,0,1485,42,42
Temporal,fr3_walking_xyz,run_02,358,0,0,1484,42,42
Temporal,fr3_walking_xyz,run_02,359,0,0,1496,43,43
Temporal,fr3_walking_xyz,run_02,360,0,0,1477,42,42
Temporal,fr3_walking_xyz,run_02,361,0,0,1465,42,42
Temporal,fr3_walking_xyz,run_02,362,0,0,1481,42,42
Temporal,fr3_walking_xyz,run_02,363,0,0,1480,26,26
Temporal,fr3_walking_xyz,run_02,364,0,0,1539,25,25
Temporal,fr3_walking_xyz,run_02,365,0,0,1527,25,25
Temporal,fr3_walking_xyz,run_02,366,0,0,1536,24,24
Temporal,fr3_walking_xyz,run_02,367,0,0,1525,22,22
Temporal,fr3_walking_xyz,run_02,368,0,0,1519,19,19
Temporal,fr3_walking_xyz,run_02,369,0,0,1539,19,19
Temporal,fr3_walking_xyz,run_02,370,0,0,1480,39,39
Temporal,fr3_walking_xyz,run_02,371,0,0,1480,15,15
Temporal,fr3_walking_xyz,run_02,372,0,0,1506,14,14
Temporal,fr3_walking_xyz,run_02,373,0,0,1574,6,6
Temporal,fr3_walking_xyz,run_02,374,0,0,1496,0,0
Temporal,fr3_walking_xyz,run_02,375,0,0,1520,0,0
Temporal,fr3_walking_xyz,run_02,376,0,0,1507,0,0
Temporal,fr3_walking_xyz,run_02,377,0,0,1507,0,0
Temporal,fr3_walking_xyz,run_02,378,0,0,1478,0,0
Temporal,fr3_walking_xyz,run_02,379,0,0,1577,0,0
Temporal,fr3_walking_xyz,run_02,380,0,0,1654,0,0
Temporal,fr3_walking_xyz,run_02,381,0,0,1734,0,0
Temporal,fr3_walking_xyz,run_02,382,0,0,1719,0,0
Temporal,fr3_walking_xyz,run_02,383,0,0,1727,0,0
Temporal,fr3_walking_xyz,run_02,384,0,0,1741,0,0
Temporal,fr3_walking_xyz,run_02,385,0,0,1694,0,0
Temporal,fr3_walking_xyz,run_02,386,0,0,1940,0,0
Temporal,fr3_walking_xyz,run_02,387,0,0,1931,0,0
Temporal,fr3_walking_xyz,run_02,388,0,0,1959,0,0
Temporal,fr3_walking_xyz,run_02,389,0,0,1767,234,234
Temporal,fr3_walking_xyz,run_02,390,0,0,1900,210,210
Temporal,fr3_walking_xyz,run_02,391,0,0,1883,301,301
Temporal,fr3_walking_xyz,run_02,392,0,0,1721,204,204
Temporal,fr3_walking_xyz,run_02,393,0,0,1544,95,95
Temporal,fr3_walking_xyz,run_02,394,0,0,1863,401,401
Temporal,fr3_walking_xyz,run_02,395,0,0,1697,354,354
Temporal,fr3_walking_xyz,run_02,396,0,0,1482,374,374
Temporal,fr3_walking_xyz,run_02,397,0,0,1650,371,371
Temporal,fr3_walking_xyz,run_02,398,0,0,1468,279,279
Temporal,fr3_walking_xyz,run_02,399,0,0,1562,321,321
Temporal,fr3_walking_xyz,run_02,400,0,0,1379,240,240
Temporal,fr3_walking_xyz,run_02,401,0,0,1529,294,294
Temporal,fr3_walking_xyz,run_02,402,0,0,1411,212,212
Temporal,fr3_walking_xyz,run_02,403,0,0,1416,207,207
Temporal,fr3_walking_xyz,run_02,404,0,0,1545,243,243
Temporal,fr3_walking_xyz,run_02,405,0,0,1492,185,185
Temporal,fr3_walking_xyz,run_02,406,0,0,1860,265,265
Temporal,fr3_walking_xyz,run_02,407,0,0,1831,199,199
Temporal,fr3_walking_xyz,run_02,408,0,0,1763,203,203
Temporal,fr3_walking_xyz,run_02,409,0,0,1829,126,126
Temporal,fr3_walking_xyz,run_02,410,0,0,1722,133,133
Temporal,fr3_walking_xyz,run_02,411,0,0,1851,182,182
Temporal,fr3_walking_xyz,run_02,412,0,0,1708,221,221
Temporal,fr3_walking_xyz,run_02,413,0,0,1827,333,333
Temporal,fr3_walking_xyz,run_02,414,0,0,1640,313,313
Temporal,fr3_walking_xyz,run_02,415,0,0,1810,495,495
Temporal,fr3_walking_xyz,run_02,416,0,0,1964,638,638
Temporal,fr3_walking_xyz,run_02,417,0,0,1753,562,562
Temporal,fr3_walking_xyz,run_02,418,0,0,1988,658,658
Temporal,fr3_walking_xyz,run_02,419,0,0,1734,484,484
Temporal,fr3_walking_xyz,run_02,420,0,0,2060,614,614
Temporal,fr3_walking_xyz,run_02,421,0,0,1943,580,580
Temporal,fr3_walking_xyz,run_02,422,0,0,1982,439,439
Temporal,fr3_walking_xyz,run_02,423,0,0,2195,548,548
Temporal,fr3_walking_xyz,run_02,424,0,0,2284,631,631
Temporal,fr3_walking_xyz,run_02,425,0,0,2306,687,687
Temporal,fr3_walking_xyz,run_02,426,0,0,2298,704,704
Temporal,fr3_walking_xyz,run_02,427,0,0,1713,100,100
Temporal,fr3_walking_xyz,run_02,428,0,0,2506,742,742
Temporal,fr3_walking_xyz,run_02,429,0,0,2310,716,716
Temporal,fr3_walking_xyz,run_02,430,0,0,2530,726,726
Temporal,fr3_walking_xyz,run_02,431,0,0,2344,715,715
Temporal,fr3_walking_xyz,run_02,432,0,0,1732,134,134
Temporal,fr3_walking_xyz,run_02,433,0,0,1962,187,187
Temporal,fr3_walking_xyz,run_02,434,0,0,1847,315,315
Temporal,fr3_walking_xyz,run_02,435,0,0,1671,381,381
Temporal,fr3_walking_xyz,run_02,436,0,0,1757,500,500
Temporal,fr3_walking_xyz,run_02,437,0,0,1731,688,688
Temporal,fr3_walking_xyz,run_02,438,0,0,1635,690,690
Temporal,fr3_walking_xyz,run_02,439,0,0,1416,577,577
Temporal,fr3_walking_xyz,run_02,440,0,0,1400,583,583
Temporal,fr3_walking_xyz,run_02,441,0,0,1419,604,604
Temporal,fr3_walking_xyz,run_02,442,0,0,1357,574,574
Temporal,fr3_walking_xyz,run_02,443,0,0,1250,478,478
Temporal,fr3_walking_xyz,run_02,444,0,0,1307,486,486
Temporal,fr3_walking_xyz,run_02,445,0,0,1445,484,484
Temporal,fr3_walking_xyz,run_02,446,0,0,1407,513,513
Temporal,fr3_walking_xyz,run_02,447,0,0,1038,265,265
Temporal,fr3_walking_xyz,run_02,448,0,0,1080,330,330
Temporal,fr3_walking_xyz,run_02,449,0,0,1078,393,393
Temporal,fr3_walking_xyz,run_02,450,0,0,1123,409,409
Temporal,fr3_walking_xyz,run_02,451,0,0,1149,399,399
Temporal,fr3_walking_xyz,run_02,452,0,0,1115,385,385
Temporal,fr3_walking_xyz,run_02,453,0,0,1133,380,380
Temporal,fr3_walking_xyz,run_02,454,0,0,1125,369,369
Temporal,fr3_walking_xyz,run_02,455,0,0,1110,353,353
Temporal,fr3_walking_xyz,run_02,456,0,0,1025,357,357
Temporal,fr3_walking_xyz,run_02,457,0,0,1127,331,331
Temporal,fr3_walking_xyz,run_02,458,0,0,1035,265,265
Temporal,fr3_walking_xyz,run_02,459,0,0,1037,246,246
Temporal,fr3_walking_xyz,run_02,460,0,0,1014,201,201
Temporal,fr3_walking_xyz,run_02,461,0,0,1009,184,184
Temporal,fr3_walking_xyz,run_02,462,0,0,1032,168,168
Temporal,fr3_walking_xyz,run_02,463,0,0,1203,250,250
Temporal,fr3_walking_xyz,run_02,464,0,0,1280,212,212
Temporal,fr3_walking_xyz,run_02,465,0,0,1270,200,200
Temporal,fr3_walking_xyz,run_02,466,0,0,1307,203,203
Temporal,fr3_walking_xyz,run_02,467,0,0,1305,204,204
Temporal,fr3_walking_xyz,run_02,468,0,0,1003,162,162
Temporal,fr3_walking_xyz,run_02,469,0,0,1045,169,169
Temporal,fr3_walking_xyz,run_02,470,0,0,1332,199,199
Temporal,fr3_walking_xyz,run_02,471,0,0,1301,178,178
Temporal,fr3_walking_xyz,run_02,472,0,0,1309,167,167
Temporal,fr3_walking_xyz,run_02,473,0,0,1331,170,170
Temporal,fr3_walking_xyz,run_02,474,0,0,1249,166,166
Temporal,fr3_walking_xyz,run_02,475,0,0,1341,182,182
Temporal,fr3_walking_xyz,run_02,476,0,0,1372,166,166
Temporal,fr3_walking_xyz,run_02,477,0,0,1395,153,153
Temporal,fr3_walking_xyz,run_02,478,0,0,1172,145,145
Temporal,fr3_walking_xyz,run_02,479,0,0,1127,114,114
Temporal,fr3_walking_xyz,run_02,480,0,0,1334,82,82
Temporal,fr3_walking_xyz,run_02,481,0,0,1600,31,31
Temporal,fr3_walking_xyz,run_02,482,0,0,1297,21,21
Temporal,fr3_walking_xyz,run_02,483,0,0,1605,22,22
Temporal,fr3_walking_xyz,run_02,484,0,0,1568,19,19
Temporal,fr3_walking_xyz,run_02,485,0,0,1588,19,19
Temporal,fr3_walking_xyz,run_02,486,0,0,1617,21,21
Temporal,fr3_walking_xyz,run_02,487,0,0,1317,21,21
Temporal,fr3_walking_xyz,run_02,488,0,0,1352,20,20
Temporal,fr3_walking_xyz,run_02,489,0,0,1212,6,6
Temporal,fr3_walking_xyz,run_02,490,0,0,1254,4,4
Temporal,fr3_walking_xyz,run_02,491,0,0,1226,3,3
Temporal,fr3_walking_xyz,run_02,492,0,0,1581,3,3
Temporal,fr3_walking_xyz,run_02,493,0,0,1574,3,3
Temporal,fr3_walking_xyz,run_02,494,0,0,1604,2,2
Temporal,fr3_walking_xyz,run_02,495,0,0,1547,1,1
Temporal,fr3_walking_xyz,run_02,496,0,0,1571,4,4
Temporal,fr3_walking_xyz,run_02,497,0,0,1605,1,1
Temporal,fr3_walking_xyz,run_02,498,0,0,1784,6,6
Temporal,fr3_walking_xyz,run_02,499,0,0,1691,6,6
Temporal,fr3_walking_xyz,run_02,500,0,0,1769,1,1
Temporal,fr3_walking_xyz,run_02,501,0,0,1790,1,1
Temporal,fr3_walking_xyz,run_02,502,0,0,1693,1,1
Temporal,fr3_walking_xyz,run_02,503,0,0,1600,0,0
Temporal,fr3_walking_xyz,run_02,504,0,0,1637,19,19
Temporal,fr3_walking_xyz,run_02,505,0,0,1851,30,30
Temporal,fr3_walking_xyz,run_02,506,0,0,1974,28,28
Temporal,fr3_walking_xyz,run_02,507,0,0,2007,41,41
Temporal,fr3_walking_xyz,run_02,508,0,0,2243,40,40
Temporal,fr3_walking_xyz,run_02,509,0,0,2174,56,56
Temporal,fr3_walking_xyz,run_02,510,0,0,2264,62,62
Temporal,fr3_walking_xyz,run_02,511,0,0,2136,55,55
Temporal,fr3_walking_xyz,run_02,512,0,0,2231,72,72
Temporal,fr3_walking_xyz,run_02,513,0,0,2181,92,92
Temporal,fr3_walking_xyz,run_02,514,0,0,2178,124,124
Temporal,fr3_walking_xyz,run_02,515,0,0,2111,116,116
Temporal,fr3_walking_xyz,run_02,516,0,0,2095,94,94
Temporal,fr3_walking_xyz,run_02,517,0,0,2050,121,121
Temporal,fr3_walking_xyz,run_02,518,0,0,2053,152,152
Temporal,fr3_walking_xyz,run_02,519,0,0,2110,191,191
Temporal,fr3_walking_xyz,run_02,520,0,0,2220,278,278
Temporal,fr3_walking_xyz,run_02,521,0,0,2149,356,356
Temporal,fr3_walking_xyz,run_02,522,0,0,2141,471,471
Temporal,fr3_walking_xyz,run_02,523,0,0,2078,565,565
Temporal,fr3_walking_xyz,run_02,524,0,0,2038,512,512
Temporal,fr3_walking_xyz,run_02,525,0,0,1933,519,519
Temporal,fr3_walking_xyz,run_02,526,0,0,2003,515,515
Temporal,fr3_walking_xyz,run_02,527,0,0,2053,490,490
Temporal,fr3_walking_xyz,run_02,528,0,0,1984,486,486
Temporal,fr3_walking_xyz,run_02,529,0,0,1969,479,479
Temporal,fr3_walking_xyz,run_02,530,0,0,1940,479,479
Temporal,fr3_walking_xyz,run_02,531,0,0,1876,458,458
Temporal,fr3_walking_xyz,run_02,532,0,0,2076,485,485
Temporal,fr3_walking_xyz,run_02,533,0,0,2068,476,476
Temporal,fr3_walking_xyz,run_02,534,0,0,1997,462,462
Temporal,fr3_walking_xyz,run_02,535,0,0,2053,466,466
Temporal,fr3_walking_xyz,run_02,536,0,0,2028,450,450
Temporal,fr3_walking_xyz,run_02,537,0,0,2118,439,439
Temporal,fr3_walking_xyz,run_02,538,0,0,2136,486,486
Temporal,fr3_walking_xyz,run_02,539,0,0,2134,458,458
Temporal,fr3_walking_xyz,run_02,540,0,0,2025,410,410
Temporal,fr3_walking_xyz,run_02,541,0,0,1943,401,401
Temporal,fr3_walking_xyz,run_02,542,0,0,1957,398,398
Temporal,fr3_walking_xyz,run_02,543,0,0,2088,406,406
Temporal,fr3_walking_xyz,run_02,544,0,0,2073,381,381
Temporal,fr3_walking_xyz,run_02,545,0,0,2051,362,362
Temporal,fr3_walking_xyz,run_02,546,0,0,2008,346,346
Temporal,fr3_walking_xyz,run_02,547,0,0,2086,353,353
Temporal,fr3_walking_xyz,run_02,548,0,0,2065,345,345
Temporal,fr3_walking_xyz,run_02,549,0,0,2026,345,345
Temporal,fr3_walking_xyz,run_02,550,0,0,2134,341,341
Temporal,fr3_walking_xyz,run_02,551,0,0,2075,323,323
Temporal,fr3_walking_xyz,run_02,552,0,0,1962,318,318
Temporal,fr3_walking_xyz,run_02,553,0,0,1971,283,283
Temporal,fr3_walking_xyz,run_02,554,0,0,2019,313,313
Temporal,fr3_walking_xyz,run_02,555,0,0,2137,452,452
Temporal,fr3_walking_xyz,run_02,556,0,0,2104,412,412
Temporal,fr3_walking_xyz,run_02,557,0,0,2203,439,439
Temporal,fr3_walking_xyz,run_02,558,0,0,2166,448,448
Temporal,fr3_walking_xyz,run_02,559,0,0,2113,401,401
Temporal,fr3_walking_xyz,run_02,560,0,0,2195,439,439
Temporal,fr3_walking_xyz,run_02,561,0,0,2303,437,437
Temporal,fr3_walking_xyz,run_02,562,0,0,2246,467,467
Temporal,fr3_walking_xyz,run_02,563,0,0,2211,473,473
Temporal,fr3_walking_xyz,run_02,564,0,0,2101,451,451
Temporal,fr3_walking_xyz,run_02,565,0,0,2116,405,405
Temporal,fr3_walking_xyz,run_02,566,0,0,2361,494,494
Temporal,fr3_walking_xyz,run_02,567,0,0,2372,488,488
Temporal,fr3_walking_xyz,run_02,568,0,0,2287,471,471
Temporal,fr3_walking_xyz,run_02,569,0,0,2149,438,438
Temporal,fr3_walking_xyz,run_02,570,0,0,2209,430,430
Temporal,fr3_walking_xyz,run_02,571,0,0,2189,507,507
Temporal,fr3_walking_xyz,run_02,572,0,0,2125,399,399
Temporal,fr3_walking_xyz,run_02,573,0,0,2094,401,401
Temporal,fr3_walking_xyz,run_02,574,0,0,2164,389,389
Temporal,fr3_walking_xyz,run_02,575,0,0,1812,397,397
Temporal,fr3_walking_xyz,run_02,576,0,0,2306,464,464
Temporal,fr3_walking_xyz,run_02,577,0,0,1891,365,365
Temporal,fr3_walking_xyz,run_02,578,0,0,2024,365,365
Temporal,fr3_walking_xyz,run_02,579,0,0,2048,337,337
Temporal,fr3_walking_xyz,run_02,580,0,0,1890,324,324
Temporal,fr3_walking_xyz,run_02,581,0,0,2058,371,371
Temporal,fr3_walking_xyz,run_02,582,0,0,1928,334,334
Temporal,fr3_walking_xyz,run_02,583,0,0,1856,352,352
Temporal,fr3_walking_xyz,run_02,584,0,0,1734,199,199
Temporal,fr3_walking_xyz,run_02,585,0,0,1678,227,227
Temporal,fr3_walking_xyz,run_02,586,0,0,1507,78,78
Temporal,fr3_walking_xyz,run_02,587,0,0,1388,78,78
Temporal,fr3_walking_xyz,run_02,588,0,0,1524,161,161
Temporal,fr3_walking_xyz,run_02,589,0,0,1518,182,182
Temporal,fr3_walking_xyz,run_02,590,0,0,1369,289,289
Temporal,fr3_walking_xyz,run_02,591,0,0,1378,277,277
Temporal,fr3_walking_xyz,run_02,592,0,0,1404,338,338
Temporal,fr3_walking_xyz,run_02,593,0,0,1411,347,347
Temporal,fr3_walking_xyz,run_02,594,0,0,1369,369,369
Temporal,fr3_walking_xyz,run_02,595,0,0,919,186,186
Temporal,fr3_walking_xyz,run_02,596,0,0,1587,749,749
Temporal,fr3_walking_xyz,run_02,597,0,0,1743,896,896
Temporal,fr3_walking_xyz,run_02,598,0,0,1987,782,782
Temporal,fr3_walking_xyz,run_02,599,0,0,1915,758,758
Temporal,fr3_walking_xyz,run_02,600,0,0,1636,698,698
Temporal,fr3_walking_xyz,run_02,601,0,0,1889,781,781
Temporal,fr3_walking_xyz,run_02,602,0,0,1662,749,749
Temporal,fr3_walking_xyz,run_02,603,0,0,1419,591,591
Temporal,fr3_walking_xyz,run_02,604,0,0,1411,600,600
Temporal,fr3_walking_xyz,run_02,605,0,0,1461,616,616
Temporal,fr3_walking_xyz,run_02,606,0,0,1726,829,829
Temporal,fr3_walking_xyz,run_02,607,0,0,1634,716,716
Temporal,fr3_walking_xyz,run_02,608,0,0,1378,470,470
Temporal,fr3_walking_xyz,run_02,609,0,0,1530,573,573
Temporal,fr3_walking_xyz,run_02,610,0,0,1384,534,534
Temporal,fr3_walking_xyz,run_02,611,0,0,1865,834,834
Temporal,fr3_walking_xyz,run_02,612,0,0,1385,512,512
Temporal,fr3_walking_xyz,run_02,613,0,0,1578,576,576
Temporal,fr3_walking_xyz,run_02,614,0,0,1772,656,656
Temporal,fr3_walking_xyz,run_02,615,0,0,1844,778,778
Temporal,fr3_walking_xyz,run_02,616,0,0,1463,663,663
Temporal,fr3_walking_xyz,run_02,617,0,0,1386,587,587
Temporal,fr3_walking_xyz,run_02,618,0,0,1452,675,675
Temporal,fr3_walking_xyz,run_02,619,0,0,1000,346,346
Temporal,fr3_walking_xyz,run_02,620,0,0,1418,617,617
Temporal,fr3_walking_xyz,run_02,621,0,0,1241,569,569
Temporal,fr3_walking_xyz,run_02,622,0,0,911,341,341
Temporal,fr3_walking_xyz,run_02,623,0,0,1289,568,568
Temporal,fr3_walking_xyz,run_02,624,0,0,1517,586,586
Temporal,fr3_walking_xyz,run_02,625,0,0,1029,291,291
Temporal,fr3_walking_xyz,run_02,626,0,0,1108,366,366
Temporal,fr3_walking_xyz,run_02,627,0,0,959,403,403
Temporal,fr3_walking_xyz,run_02,628,0,0,965,477,477
Temporal,fr3_walking_xyz,run_02,629,0,0,899,323,323
Temporal,fr3_walking_xyz,run_02,630,0,0,1132,454,454
Temporal,fr3_walking_xyz,run_02,631,0,0,1125,453,453
Temporal,fr3_walking_xyz,run_02,632,0,0,912,334,334
Temporal,fr3_walking_xyz,run_02,633,0,0,945,386,386
Temporal,fr3_walking_xyz,run_02,634,0,0,1098,462,462
Temporal,fr3_walking_xyz,run_02,635,0,0,1063,441,441
Temporal,fr3_walking_xyz,run_02,636,0,0,1024,450,450
Temporal,fr3_walking_xyz,run_02,637,0,0,1115,461,461
Temporal,fr3_walking_xyz,run_02,638,0,0,1056,415,415
Temporal,fr3_walking_xyz,run_02,639,0,0,1150,453,453
Temporal,fr3_walking_xyz,run_02,640,0,0,1149,443,443
Temporal,fr3_walking_xyz,run_02,641,0,0,1189,445,445
Temporal,fr3_walking_xyz,run_02,642,0,0,1144,415,415
Temporal,fr3_walking_xyz,run_02,643,0,0,1179,365,365
Temporal,fr3_walking_xyz,run_02,644,0,0,1161,352,352
Temporal,fr3_walking_xyz,run_02,645,0,0,1429,460,460
Temporal,fr3_walking_xyz,run_02,646,0,0,1276,418,418
Temporal,fr3_walking_xyz,run_02,647,0,0,1467,453,453
Temporal,fr3_walking_xyz,run_02,648,0,0,1567,464,464
Temporal,fr3_walking_xyz,run_02,649,0,0,1344,411,411
Temporal,fr3_walking_xyz,run_02,650,0,0,1241,382,382
Temporal,fr3_walking_xyz,run_02,651,0,0,1399,412,412
Temporal,fr3_walking_xyz,run_02,652,0,0,1466,414,414
Temporal,fr3_walking_xyz,run_02,653,0,0,1497,425,425
Temporal,fr3_walking_xyz,run_02,654,0,0,1323,421,421
Temporal,fr3_walking_xyz,run_02,655,0,0,1287,387,387
Temporal,fr3_walking_xyz,run_02,656,0,0,1320,408,408
Temporal,fr3_walking_xyz,run_02,657,0,0,1433,421,421
Temporal,fr3_walking_xyz,run_02,658,0,0,1450,464,464
Temporal,fr3_walking_xyz,run_02,659,0,0,1573,451,451
Temporal,fr3_walking_xyz,run_02,660,0,0,1780,468,468
Temporal,fr3_walking_xyz,run_02,661,0,0,1578,442,442
Temporal,fr3_walking_xyz,run_02,662,0,0,1633,468,468
Temporal,fr3_walking_xyz,run_02,663,0,0,1668,452,452
Temporal,fr3_walking_xyz,run_02,664,0,0,1432,215,215
Temporal,fr3_walking_xyz,run_02,665,0,0,1759,447,447
Temporal,fr3_walking_xyz,run_02,666,0,0,1558,463,463
Temporal,fr3_walking_xyz,run_02,667,0,0,1686,526,526
Temporal,fr3_walking_xyz,run_02,668,0,0,1489,398,398
Temporal,fr3_walking_xyz,run_02,669,0,0,1778,613,613
Temporal,fr3_walking_xyz,run_02,670,0,0,1708,554,554
Temporal,fr3_walking_xyz,run_02,671,0,0,1667,509,509
Temporal,fr3_walking_xyz,run_02,672,0,0,1613,339,339
Temporal,fr3_walking_xyz,run_02,673,0,0,1705,334,334
Temporal,fr3_walking_xyz,run_02,674,0,0,1791,435,435
Temporal,fr3_walking_xyz,run_02,675,0,0,1767,341,341
Temporal,fr3_walking_xyz,run_02,676,0,0,1769,324,324
Temporal,fr3_walking_xyz,run_02,677,0,0,1844,360,360
Temporal,fr3_walking_xyz,run_02,678,0,0,1713,233,233
Temporal,fr3_walking_xyz,run_02,679,0,0,1806,233,233
Temporal,fr3_walking_xyz,run_02,680,0,0,1908,327,327
Temporal,fr3_walking_xyz,run_02,681,0,0,2002,394,394
Temporal,fr3_walking_xyz,run_02,682,0,0,1834,301,301
Temporal,fr3_walking_xyz,run_02,683,0,0,2138,567,567
Temporal,fr3_walking_xyz,run_02,684,0,0,1964,561,561
Temporal,fr3_walking_xyz,run_02,685,0,0,1927,771,771
Temporal,fr3_walking_xyz,run_02,686,0,0,1942,739,739
Temporal,fr3_walking_xyz,run_02,687,0,0,2065,891,891
Temporal,fr3_walking_xyz,run_02,688,0,0,1971,820,820
Temporal,fr3_walking_xyz,run_02,689,0,0,1959,836,836
Temporal,fr3_walking_xyz,run_02,690,0,0,1941,869,869
Temporal,fr3_walking_xyz,run_02,691,0,0,1948,862,862
Temporal,fr3_walking_xyz,run_02,692,0,0,2072,948,948
Temporal,fr3_walking_xyz,run_02,693,0,0,2161,1024,1024
Temporal,fr3_walking_xyz,run_02,694,0,0,2007,893,893
Temporal,fr3_walking_xyz,run_02,695,0,0,2085,953,953
Temporal,fr3_walking_xyz,run_02,696,0,0,2025,952,952
Temporal,fr3_walking_xyz,run_02,697,0,0,2056,994,994
Temporal,fr3_walking_xyz,run_02,698,0,0,2010,965,965
Temporal,fr3_walking_xyz,run_02,699,0,0,2043,965,965
Temporal,fr3_walking_xyz,run_02,700,0,0,2083,980,980
Temporal,fr3_walking_xyz,run_02,701,0,0,2099,1046,1046
Temporal,fr3_walking_xyz,run_02,702,0,0,2119,1142,1142
Temporal,fr3_walking_xyz,run_02,703,0,0,2146,1146,1146
Temporal,fr3_walking_xyz,run_02,704,0,0,2151,1120,1120
Temporal,fr3_walking_xyz,run_02,705,0,0,2149,1116,1116
Temporal,fr3_walking_xyz,run_02,706,0,0,2158,1104,1104
Temporal,fr3_walking_xyz,run_02,707,0,0,2123,1119,1119
Temporal,fr3_walking_xyz,run_02,708,0,0,2169,1134,1134
Temporal,fr3_walking_xyz,run_02,709,0,0,2184,1138,1138
Temporal,fr3_walking_xyz,run_02,710,0,0,2183,1124,1124
Temporal,fr3_walking_xyz,run_02,711,0,0,2227,1111,1111
Temporal,fr3_walking_xyz,run_02,712,0,0,2274,1127,1127
Temporal,fr3_walking_xyz,run_02,713,0,0,2294,1125,1125
Temporal,fr3_walking_xyz,run_02,714,0,0,2327,1143,1143
Temporal,fr3_walking_xyz,run_02,715,0,0,2344,1125,1125
Temporal,fr3_walking_xyz,run_02,716,0,0,2312,1155,1155
Temporal,fr3_walking_xyz,run_02,717,0,0,2350,1196,1196
Temporal,fr3_walking_xyz,run_02,718,0,0,2405,1253,1253
Temporal,fr3_walking_xyz,run_02,719,0,0,2373,1185,1185
Temporal,fr3_walking_xyz,run_02,720,0,0,2393,1220,1220
Temporal,fr3_walking_xyz,run_02,721,0,0,2464,1319,1319
Temporal,fr3_walking_xyz,run_02,722,0,0,2434,1355,1355
Temporal,fr3_walking_xyz,run_02,723,0,0,2423,1305,1305
Temporal,fr3_walking_xyz,run_02,724,0,0,2424,1325,1325
Temporal,fr3_walking_xyz,run_02,725,0,0,2475,1408,1408
Temporal,fr3_walking_xyz,run_02,726,0,0,2382,1362,1362
Temporal,fr3_walking_xyz,run_02,727,0,0,2419,1388,1388
Temporal,fr3_walking_xyz,run_02,728,0,0,2445,1456,1456
Temporal,fr3_walking_xyz,run_02,729,0,0,2482,1454,1454
Temporal,fr3_walking_xyz,run_02,730,0,0,2357,1293,1293
Temporal,fr3_walking_xyz,run_02,731,0,0,2372,1308,1308
Temporal,fr3_walking_xyz,run_02,732,0,0,2266,1326,1326
Temporal,fr3_walking_xyz,run_02,733,0,0,1754,780,780
Temporal,fr3_walking_xyz,run_02,734,0,0,1897,975,975
Temporal,fr3_walking_xyz,run_02,735,0,0,2407,1422,1422
Temporal,fr3_walking_xyz,run_02,736,0,0,2442,1450,1450
Temporal,fr3_walking_xyz,run_02,737,0,0,1872,858,858
Temporal,fr3_walking_xyz,run_02,738,0,0,1503,479,479
Temporal,fr3_walking_xyz,run_02,739,0,0,2215,1191,1191
Temporal,fr3_walking_xyz,run_02,740,0,0,1491,457,457
Temporal,fr3_walking_xyz,run_02,741,0,0,2249,1158,1158
Temporal,fr3_walking_xyz,run_02,742,0,0,1380,436,436
Temporal,fr3_walking_xyz,run_02,743,0,0,1510,457,457
Temporal,fr3_walking_xyz,run_02,744,0,0,1421,457,457
Temporal,fr3_walking_xyz,run_02,745,0,0,2263,1194,1194
Temporal,fr3_walking_xyz,run_02,746,0,0,1866,890,890
Temporal,fr3_walking_xyz,run_02,747,0,0,1941,901,901
Temporal,fr3_walking_xyz,run_02,748,0,0,1394,475,475
Temporal,fr3_walking_xyz,run_02,749,0,0,1604,613,613
Temporal,fr3_walking_xyz,run_02,750,0,0,1820,787,787
Temporal,fr3_walking_xyz,run_02,751,0,0,1619,624,624
Temporal,fr3_walking_xyz,run_02,752,0,0,1194,365,365
Temporal,fr3_walking_xyz,run_02,753,0,0,1147,361,361
Temporal,fr3_walking_xyz,run_02,754,0,0,1515,696,696
Temporal,fr3_walking_xyz,run_02,755,0,0,1532,707,707
Temporal,fr3_walking_xyz,run_02,756,0,0,1528,717,717
Temporal,fr3_walking_xyz,run_02,757,0,0,1536,712,712
Temporal,fr3_walking_xyz,run_02,758,0,0,1585,716,716
Temporal,fr3_walking_xyz,run_02,759,0,0,1544,691,691
Temporal,fr3_walking_xyz,run_02,760,0,0,1645,658,658
Temporal,fr3_walking_xyz,run_02,761,0,0,1534,620,620
Temporal,fr3_walking_xyz,run_02,762,0,0,1615,626,626
Temporal,fr3_walking_xyz,run_02,763,0,0,1624,603,603
Temporal,fr3_walking_xyz,run_02,764,0,0,1282,218,218
Temporal,fr3_walking_xyz,run_02,765,0,0,1294,236,236
Temporal,fr3_walking_xyz,run_02,766,0,0,1780,609,609
Temporal,fr3_walking_xyz,run_02,767,0,0,1375,243,243
Temporal,fr3_walking_xyz,run_02,768,0,0,1360,250,250
Temporal,fr3_walking_xyz,run_02,769,0,0,1783,619,619
Temporal,fr3_walking_xyz,run_02,770,0,0,1509,700,700
Temporal,fr3_walking_xyz,run_02,771,0,0,1621,732,732
Temporal,fr3_walking_xyz,run_02,772,0,0,1631,697,697
Temporal,fr3_walking_xyz,run_02,773,0,0,1698,723,723
Temporal,fr3_walking_xyz,run_02,774,0,0,1613,687,687
Temporal,fr3_walking_xyz,run_02,775,0,0,1622,686,686
Temporal,fr3_walking_xyz,run_02,776,0,0,1498,642,642
Temporal,fr3_walking_xyz,run_02,777,0,0,1182,294,294
Temporal,fr3_walking_xyz,run_02,778,0,0,1208,313,313
Temporal,fr3_walking_xyz,run_02,779,0,0,1658,630,630
Temporal,fr3_walking_xyz,run_02,780,0,0,1560,622,622
Temporal,fr3_walking_xyz,run_02,781,0,0,1710,629,629
Temporal,fr3_walking_xyz,run_02,782,0,0,1729,652,652
Temporal,fr3_walking_xyz,run_02,783,0,0,1668,619,619
Temporal,fr3_walking_xyz,run_02,784,0,0,1365,322,322
Temporal,fr3_walking_xyz,run_02,785,0,0,1462,393,393
Temporal,fr3_walking_xyz,run_02,786,0,0,1506,437,437
Temporal,fr3_walking_xyz,run_02,787,0,0,1913,664,664
Temporal,fr3_walking_xyz,run_02,788,0,0,1557,424,424
Temporal,fr3_walking_xyz,run_02,789,0,0,1723,488,488
Temporal,fr3_walking_xyz,run_02,790,0,0,1703,931,931
Temporal,fr3_walking_xyz,run_02,791,0,0,2319,871,871
Temporal,fr3_walking_xyz,run_02,792,0,0,2400,989,989
Temporal,fr3_walking_xyz,run_02,793,0,0,1814,865,865
Temporal,fr3_walking_xyz,run_02,794,0,0,1933,1263,1263
Temporal,fr3_walking_xyz,run_02,795,0,0,1478,868,868
Temporal,fr3_walking_xyz,run_02,796,0,0,1934,1208,1208
Temporal,fr3_walking_xyz,run_02,797,0,0,1937,1190,1190
Temporal,fr3_walking_xyz,run_02,798,0,0,1522,892,892
Temporal,fr3_walking_xyz,run_02,799,0,0,1454,849,849
Temporal,fr3_walking_xyz,run_02,800,0,0,1332,771,771
Temporal,fr3_walking_xyz,run_02,801,0,0,1455,758,758
Temporal,fr3_walking_xyz,run_02,802,0,0,1432,743,743
Temporal,fr3_walking_xyz,run_02,803,0,0,1442,728,728
Temporal,fr3_walking_xyz,run_02,804,0,0,1459,743,743
Temporal,fr3_walking_xyz,run_02,805,0,0,1469,757,757
Temporal,fr3_walking_xyz,run_02,806,0,0,1430,740,740
Temporal,fr3_walking_xyz,run_02,807,0,0,1449,747,747
Temporal,fr3_walking_xyz,run_02,808,0,0,1278,698,698
Temporal,fr3_walking_xyz,run_02,809,0,0,1385,696,696
Temporal,fr3_walking_xyz,run_02,810,0,0,1421,704,704
Temporal,fr3_walking_xyz,run_02,811,0,0,1541,792,792
Temporal,fr3_walking_xyz,run_02,812,0,0,1431,771,771
Temporal,fr3_walking_xyz,run_02,813,0,0,1484,732,732
Temporal,fr3_walking_xyz,run_02,814,0,0,1573,812,812
Temporal,fr3_walking_xyz,run_02,815,0,0,1549,817,817
Temporal,fr3_walking_xyz,run_02,816,0,0,1533,837,837
Temporal,fr3_walking_xyz,run_02,817,0,0,1465,819,819
Temporal,fr3_walking_xyz,run_02,818,0,0,1464,854,854
Temporal,fr3_walking_xyz,run_02,819,0,0,1348,797,797
Temporal,fr3_walking_xyz,run_02,820,0,0,1306,754,754
Temporal,fr3_walking_xyz,run_02,821,0,0,1329,786,786
Temporal,fr3_walking_xyz,run_02,822,0,0,1234,741,741
Temporal,fr3_walking_xyz,run_02,823,0,0,1281,758,758
Temporal,fr3_walking_xyz,run_02,824,0,0,1199,751,751
Temporal,fr3_walking_xyz,run_02,825,0,0,1177,697,697
Temporal,fr3_walking_xyz,run_02,826,0,0,1176,698,698
Temporal,fr3_walking_xyz,run_03,1,0,0,251,14,14
Temporal,fr3_walking_xyz,run_03,2,0,0,449,7,7
Temporal,fr3_walking_xyz,run_03,3,0,0,473,12,12
Temporal,fr3_walking_xyz,run_03,4,0,0,443,11,11
Temporal,fr3_walking_xyz,run_03,5,0,0,459,18,18
Temporal,fr3_walking_xyz,run_03,6,0,0,457,9,9
Temporal,fr3_walking_xyz,run_03,7,0,0,467,12,12
Temporal,fr3_walking_xyz,run_03,8,0,0,396,2,2
Temporal,fr3_walking_xyz,run_03,9,0,0,374,5,5
Temporal,fr3_walking_xyz,run_03,10,0,0,473,16,16
Temporal,fr3_walking_xyz,run_03,11,0,0,434,22,22
Temporal,fr3_walking_xyz,run_03,12,0,0,577,42,42
Temporal,fr3_walking_xyz,run_03,13,0,0,467,16,16
Temporal,fr3_walking_xyz,run_03,14,0,0,590,22,22
Temporal,fr3_walking_xyz,run_03,15,0,0,457,31,31
Temporal,fr3_walking_xyz,run_03,16,0,0,547,203,203
Temporal,fr3_walking_xyz,run_03,17,0,0,431,140,140
Temporal,fr3_walking_xyz,run_03,18,0,0,510,141,141
Temporal,fr3_walking_xyz,run_03,19,0,0,506,141,141
Temporal,fr3_walking_xyz,run_03,20,0,0,398,99,99
Temporal,fr3_walking_xyz,run_03,21,0,0,466,97,97
Temporal,fr3_walking_xyz,run_03,22,0,0,469,96,96
Temporal,fr3_walking_xyz,run_03,23,0,0,421,87,87
Temporal,fr3_walking_xyz,run_03,24,0,0,486,85,85
Temporal,fr3_walking_xyz,run_03,25,0,0,479,77,77
Temporal,fr3_walking_xyz,run_03,26,0,0,523,95,95
Temporal,fr3_walking_xyz,run_03,27,0,0,466,80,80
Temporal,fr3_walking_xyz,run_03,28,0,0,518,71,71
Temporal,fr3_walking_xyz,run_03,29,0,0,532,71,71
Temporal,fr3_walking_xyz,run_03,30,0,0,503,68,68
Temporal,fr3_walking_xyz,run_03,31,0,0,428,60,60
Temporal,fr3_walking_xyz,run_03,32,0,0,456,68,68
Temporal,fr3_walking_xyz,run_03,33,0,0,526,90,90
Temporal,fr3_walking_xyz,run_03,34,0,0,556,102,102
Temporal,fr3_walking_xyz,run_03,35,0,0,504,85,85
Temporal,fr3_walking_xyz,run_03,36,0,0,497,114,114
Temporal,fr3_walking_xyz,run_03,37,0,0,485,104,104
Temporal,fr3_walking_xyz,run_03,38,0,0,538,88,88
Temporal,fr3_walking_xyz,run_03,39,0,0,555,95,95
Temporal,fr3_walking_xyz,run_03,40,0,0,538,90,90
Temporal,fr3_walking_xyz,run_03,41,0,0,523,110,110
Temporal,fr3_walking_xyz,run_03,42,0,0,502,106,106
Temporal,fr3_walking_xyz,run_03,43,0,0,544,102,102
Temporal,fr3_walking_xyz,run_03,44,0,0,553,107,107
Temporal,fr3_walking_xyz,run_03,45,0,0,546,105,105
Temporal,fr3_walking_xyz,run_03,46,0,0,442,69,69
Temporal,fr3_walking_xyz,run_03,47,0,0,450,64,64
Temporal,fr3_walking_xyz,run_03,48,0,0,530,73,73
Temporal,fr3_walking_xyz,run_03,49,0,0,497,82,82
Temporal,fr3_walking_xyz,run_03,50,0,0,573,125,125
Temporal,fr3_walking_xyz,run_03,51,0,0,509,99,99
Temporal,fr3_walking_xyz,run_03,52,0,0,499,108,108
Temporal,fr3_walking_xyz,run_03,53,0,0,519,92,92
Temporal,fr3_walking_xyz,run_03,54,0,0,506,91,91
Temporal,fr3_walking_xyz,run_03,55,0,0,535,89,89
Temporal,fr3_walking_xyz,run_03,56,0,0,565,120,120
Temporal,fr3_walking_xyz,run_03,57,0,0,516,91,91
Temporal,fr3_walking_xyz,run_03,58,0,0,557,89,89
Temporal,fr3_walking_xyz,run_03,59,0,0,495,77,77
Temporal,fr3_walking_xyz,run_03,60,0,0,529,71,71
Temporal,fr3_walking_xyz,run_03,61,0,0,535,65,65
Temporal,fr3_walking_xyz,run_03,62,0,0,507,67,67
Temporal,fr3_walking_xyz,run_03,63,0,0,558,69,69
Temporal,fr3_walking_xyz,run_03,64,0,0,566,80,80
Temporal,fr3_walking_xyz,run_03,65,0,0,556,80,80
Temporal,fr3_walking_xyz,run_03,66,0,0,558,78,78
Temporal,fr3_walking_xyz,run_03,67,0,0,589,73,73
Temporal,fr3_walking_xyz,run_03,68,0,0,478,67,67
Temporal,fr3_walking_xyz,run_03,69,0,0,558,76,76
Temporal,fr3_walking_xyz,run_03,70,0,0,546,84,84
Temporal,fr3_walking_xyz,run_03,71,0,0,499,72,72
Temporal,fr3_walking_xyz,run_03,72,0,0,565,77,77
Temporal,fr3_walking_xyz,run_03,73,0,0,529,82,82
Temporal,fr3_walking_xyz,run_03,74,0,0,597,130,130
Temporal,fr3_walking_xyz,run_03,75,0,0,550,131,131
Temporal,fr3_walking_xyz,run_03,76,0,0,611,133,133
Temporal,fr3_walking_xyz,run_03,77,0,0,592,140,140
Temporal,fr3_walking_xyz,run_03,78,0,0,644,140,140
Temporal,fr3_walking_xyz,run_03,79,0,0,622,146,146
Temporal,fr3_walking_xyz,run_03,80,0,0,646,159,159
Temporal,fr3_walking_xyz,run_03,81,0,0,552,138,138
Temporal,fr3_walking_xyz,run_03,82,0,0,553,128,128
Temporal,fr3_walking_xyz,run_03,83,0,0,598,122,122
Temporal,fr3_walking_xyz,run_03,84,0,0,621,130,130
Temporal,fr3_walking_xyz,run_03,85,0,0,653,142,142
Temporal,fr3_walking_xyz,run_03,86,0,0,587,122,122
Temporal,fr3_walking_xyz,run_03,87,0,0,568,114,114
Temporal,fr3_walking_xyz,run_03,88,0,0,579,132,132
Temporal,fr3_walking_xyz,run_03,89,0,0,555,137,137
Temporal,fr3_walking_xyz,run_03,90,0,0,563,124,124
Temporal,fr3_walking_xyz,run_03,91,0,0,607,119,119
Temporal,fr3_walking_xyz,run_03,92,0,0,582,113,113
Temporal,fr3_walking_xyz,run_03,93,0,0,613,113,113
Temporal,fr3_walking_xyz,run_03,94,0,0,608,119,119
Temporal,fr3_walking_xyz,run_03,95,0,0,610,115,115
Temporal,fr3_walking_xyz,run_03,96,0,0,631,103,103
Temporal,fr3_walking_xyz,run_03,97,0,0,687,105,105
Temporal,fr3_walking_xyz,run_03,98,0,0,688,119,119
Temporal,fr3_walking_xyz,run_03,99,0,0,674,119,119
Temporal,fr3_walking_xyz,run_03,100,0,0,696,119,119
Temporal,fr3_walking_xyz,run_03,101,0,0,725,112,112
Temporal,fr3_walking_xyz,run_03,102,0,0,667,111,111
Temporal,fr3_walking_xyz,run_03,103,0,0,737,126,126
Temporal,fr3_walking_xyz,run_03,104,0,0,787,119,119
Temporal,fr3_walking_xyz,run_03,105,0,0,731,110,110
Temporal,fr3_walking_xyz,run_03,106,0,0,693,115,115
Temporal,fr3_walking_xyz,run_03,107,0,0,731,126,126
Temporal,fr3_walking_xyz,run_03,108,0,0,827,158,158
Temporal,fr3_walking_xyz,run_03,109,0,0,751,160,160
Temporal,fr3_walking_xyz,run_03,110,0,0,740,158,158
Temporal,fr3_walking_xyz,run_03,111,0,0,764,155,155
Temporal,fr3_walking_xyz,run_03,112,0,0,719,147,147
Temporal,fr3_walking_xyz,run_03,113,0,0,687,125,125
Temporal,fr3_walking_xyz,run_03,114,0,0,694,143,143
Temporal,fr3_walking_xyz,run_03,115,0,0,741,160,160
Temporal,fr3_walking_xyz,run_03,116,0,0,732,143,143
Temporal,fr3_walking_xyz,run_03,117,0,0,740,142,142
Temporal,fr3_walking_xyz,run_03,118,0,0,717,142,142
Temporal,fr3_walking_xyz,run_03,119,0,0,721,145,145
Temporal,fr3_walking_xyz,run_03,120,0,0,756,143,143
Temporal,fr3_walking_xyz,run_03,121,0,0,724,138,138
Temporal,fr3_walking_xyz,run_03,122,0,0,741,139,139
Temporal,fr3_walking_xyz,run_03,123,0,0,720,178,178
Temporal,fr3_walking_xyz,run_03,124,0,0,698,178,178
Temporal,fr3_walking_xyz,run_03,125,0,0,729,179,179
Temporal,fr3_walking_xyz,run_03,126,0,0,704,181,181
Temporal,fr3_walking_xyz,run_03,127,0,0,744,199,199
Temporal,fr3_walking_xyz,run_03,128,0,0,749,191,191
Temporal,fr3_walking_xyz,run_03,129,0,0,771,214,214
Temporal,fr3_walking_xyz,run_03,130,0,0,772,243,243
Temporal,fr3_walking_xyz,run_03,131,0,0,749,220,220
Temporal,fr3_walking_xyz,run_03,132,0,0,796,230,230
Temporal,fr3_walking_xyz,run_03,133,0,0,801,242,242
Temporal,fr3_walking_xyz,run_03,134,0,0,751,225,225
Temporal,fr3_walking_xyz,run_03,135,0,0,778,261,261
Temporal,fr3_walking_xyz,run_03,136,0,0,765,290,290
Temporal,fr3_walking_xyz,run_03,137,0,0,739,291,291
Temporal,fr3_walking_xyz,run_03,138,0,0,785,327,327
Temporal,fr3_walking_xyz,run_03,139,0,0,818,309,309
Temporal,fr3_walking_xyz,run_03,140,0,0,841,304,304
Temporal,fr3_walking_xyz,run_03,141,0,0,631,148,148
Temporal,fr3_walking_xyz,run_03,142,0,0,635,152,152
Temporal,fr3_walking_xyz,run_03,143,0,0,605,154,154
Temporal,fr3_walking_xyz,run_03,144,0,0,606,155,155
Temporal,fr3_walking_xyz,run_03,145,0,0,610,139,139
Temporal,fr3_walking_xyz,run_03,146,0,0,602,126,126
Temporal,fr3_walking_xyz,run_03,147,0,0,587,107,107
Temporal,fr3_walking_xyz,run_03,148,0,0,615,119,119
Temporal,fr3_walking_xyz,run_03,149,0,0,580,100,100
Temporal,fr3_walking_xyz,run_03,150,0,0,590,90,90
Temporal,fr3_walking_xyz,run_03,151,0,0,601,66,66
Temporal,fr3_walking_xyz,run_03,152,0,0,642,58,58
Temporal,fr3_walking_xyz,run_03,153,0,0,641,60,60
Temporal,fr3_walking_xyz,run_03,154,0,0,617,55,55
Temporal,fr3_walking_xyz,run_03,155,0,0,710,54,54
Temporal,fr3_walking_xyz,run_03,156,0,0,682,65,65
Temporal,fr3_walking_xyz,run_03,157,0,0,714,63,63
Temporal,fr3_walking_xyz,run_03,158,0,0,743,81,81
Temporal,fr3_walking_xyz,run_03,159,0,0,802,143,143
Temporal,fr3_walking_xyz,run_03,160,0,0,853,184,184
Temporal,fr3_walking_xyz,run_03,161,0,0,791,192,192
Temporal,fr3_walking_xyz,run_03,162,0,0,805,277,277
Temporal,fr3_walking_xyz,run_03,163,0,0,885,325,325
Temporal,fr3_walking_xyz,run_03,164,0,0,919,357,357
Temporal,fr3_walking_xyz,run_03,165,0,0,988,394,394
Temporal,fr3_walking_xyz,run_03,166,0,0,993,396,396
Temporal,fr3_walking_xyz,run_03,167,0,0,956,397,397
Temporal,fr3_walking_xyz,run_03,168,0,0,917,387,387
Temporal,fr3_walking_xyz,run_03,169,0,0,961,461,461
Temporal,fr3_walking_xyz,run_03,170,0,0,1018,528,528
Temporal,fr3_walking_xyz,run_03,171,0,0,1020,493,493
Temporal,fr3_walking_xyz,run_03,172,0,0,1022,589,589
Temporal,fr3_walking_xyz,run_03,173,0,0,903,490,490
Temporal,fr3_walking_xyz,run_03,174,0,0,782,518,518
Temporal,fr3_walking_xyz,run_03,175,0,0,832,515,515
Temporal,fr3_walking_xyz,run_03,176,0,0,813,498,498
Temporal,fr3_walking_xyz,run_03,177,0,0,821,497,497
Temporal,fr3_walking_xyz,run_03,178,0,0,827,497,497
Temporal,fr3_walking_xyz,run_03,179,0,0,824,494,494
Temporal,fr3_walking_xyz,run_03,180,0,0,826,479,479
Temporal,fr3_walking_xyz,run_03,181,0,0,869,473,473
Temporal,fr3_walking_xyz,run_03,182,0,0,876,468,468
Temporal,fr3_walking_xyz,run_03,183,0,0,885,452,452
Temporal,fr3_walking_xyz,run_03,184,0,0,974,450,450
Temporal,fr3_walking_xyz,run_03,185,0,0,970,443,443
Temporal,fr3_walking_xyz,run_03,186,0,0,948,420,420
Temporal,fr3_walking_xyz,run_03,187,0,0,930,433,433
Temporal,fr3_walking_xyz,run_03,188,0,0,937,434,434
Temporal,fr3_walking_xyz,run_03,189,0,0,903,436,436
Temporal,fr3_walking_xyz,run_03,190,0,0,907,437,437
Temporal,fr3_walking_xyz,run_03,191,0,0,1027,453,453
Temporal,fr3_walking_xyz,run_03,192,0,0,1034,441,441
Temporal,fr3_walking_xyz,run_03,193,0,0,1019,409,409
Temporal,fr3_walking_xyz,run_03,194,0,0,1040,404,404
Temporal,fr3_walking_xyz,run_03,195,0,0,1097,428,428
Temporal,fr3_walking_xyz,run_03,196,0,0,1209,396,396
Temporal,fr3_walking_xyz,run_03,197,0,0,1248,260,260
Temporal,fr3_walking_xyz,run_03,198,0,0,1308,216,216
Temporal,fr3_walking_xyz,run_03,199,0,0,1348,237,237
Temporal,fr3_walking_xyz,run_03,200,0,0,1431,198,198
Temporal,fr3_walking_xyz,run_03,201,0,0,1367,177,177
Temporal,fr3_walking_xyz,run_03,202,0,0,1412,175,175
Temporal,fr3_walking_xyz,run_03,203,0,0,1460,183,183
Temporal,fr3_walking_xyz,run_03,204,0,0,1534,220,220
Temporal,fr3_walking_xyz,run_03,205,0,0,1468,325,325
Temporal,fr3_walking_xyz,run_03,206,0,0,1576,532,532
Temporal,fr3_walking_xyz,run_03,207,0,0,1582,444,444
Temporal,fr3_walking_xyz,run_03,208,0,0,1523,422,422
Temporal,fr3_walking_xyz,run_03,209,0,0,1620,457,457
Temporal,fr3_walking_xyz,run_03,210,0,0,1665,550,550
Temporal,fr3_walking_xyz,run_03,211,0,0,1735,549,549
Temporal,fr3_walking_xyz,run_03,212,0,0,1814,595,595
Temporal,fr3_walking_xyz,run_03,213,0,0,1693,584,584
Temporal,fr3_walking_xyz,run_03,214,0,0,1706,612,612
Temporal,fr3_walking_xyz,run_03,215,0,0,1800,648,648
Temporal,fr3_walking_xyz,run_03,216,0,0,1825,803,803
Temporal,fr3_walking_xyz,run_03,217,0,0,1839,822,822
Temporal,fr3_walking_xyz,run_03,218,0,0,1827,768,768
Temporal,fr3_walking_xyz,run_03,219,0,0,1866,762,762
Temporal,fr3_walking_xyz,run_03,220,0,0,1846,797,797
Temporal,fr3_walking_xyz,run_03,221,0,0,1873,992,992
Temporal,fr3_walking_xyz,run_03,222,0,0,1853,909,909
Temporal,fr3_walking_xyz,run_03,223,0,0,1880,934,934
Temporal,fr3_walking_xyz,run_03,224,0,0,1862,934,934
Temporal,fr3_walking_xyz,run_03,225,0,0,1905,910,910
Temporal,fr3_walking_xyz,run_03,226,0,0,1959,894,894
Temporal,fr3_walking_xyz,run_03,227,0,0,1964,888,888
Temporal,fr3_walking_xyz,run_03,228,0,0,2011,898,898
Temporal,fr3_walking_xyz,run_03,229,0,0,2004,864,864
Temporal,fr3_walking_xyz,run_03,230,0,0,1934,844,844
Temporal,fr3_walking_xyz,run_03,231,0,0,1970,944,944
Temporal,fr3_walking_xyz,run_03,232,0,0,1938,927,927
Temporal,fr3_walking_xyz,run_03,233,0,0,1826,941,941
Temporal,fr3_walking_xyz,run_03,234,0,0,1823,1046,1046
Temporal,fr3_walking_xyz,run_03,235,0,0,1894,1048,1048
Temporal,fr3_walking_xyz,run_03,236,0,0,1864,1022,1022
Temporal,fr3_walking_xyz,run_03,237,0,0,1808,993,993
Temporal,fr3_walking_xyz,run_03,238,0,0,1843,965,965
Temporal,fr3_walking_xyz,run_03,239,0,0,1824,950,950
Temporal,fr3_walking_xyz,run_03,240,0,0,1841,922,922
Temporal,fr3_walking_xyz,run_03,241,0,0,1805,866,866
Temporal,fr3_walking_xyz,run_03,242,0,0,1791,849,849
Temporal,fr3_walking_xyz,run_03,243,0,0,1788,800,800
Temporal,fr3_walking_xyz,run_03,244,0,0,1819,771,771
Temporal,fr3_walking_xyz,run_03,245,0,0,1827,753,753
Temporal,fr3_walking_xyz,run_03,246,0,0,1740,687,687
Temporal,fr3_walking_xyz,run_03,247,0,0,1820,689,689
Temporal,fr3_walking_xyz,run_03,248,0,0,1738,675,675
Temporal,fr3_walking_xyz,run_03,249,0,0,1760,683,683
Temporal,fr3_walking_xyz,run_03,250,0,0,1823,691,691
Temporal,fr3_walking_xyz,run_03,251,0,0,1841,687,687
Temporal,fr3_walking_xyz,run_03,252,0,0,1855,611,611
Temporal,fr3_walking_xyz,run_03,253,0,0,1821,576,576
Temporal,fr3_walking_xyz,run_03,254,0,0,1858,562,562
Temporal,fr3_walking_xyz,run_03,255,0,0,1878,548,548
Temporal,fr3_walking_xyz,run_03,256,0,0,1880,500,500
Temporal,fr3_walking_xyz,run_03,257,0,0,1842,445,445
Temporal,fr3_walking_xyz,run_03,258,0,0,1827,435,435
Temporal,fr3_walking_xyz,run_03,259,0,0,1781,408,408
Temporal,fr3_walking_xyz,run_03,260,0,0,1716,325,325
Temporal,fr3_walking_xyz,run_03,261,0,0,1678,299,299
Temporal,fr3_walking_xyz,run_03,262,0,0,1667,293,293
Temporal,fr3_walking_xyz,run_03,263,0,0,1623,269,269
Temporal,fr3_walking_xyz,run_03,264,0,0,1560,212,212
Temporal,fr3_walking_xyz,run_03,265,0,0,1563,177,177
Temporal,fr3_walking_xyz,run_03,266,0,0,1545,112,112
Temporal,fr3_walking_xyz,run_03,267,0,0,1517,52,52
Temporal,fr3_walking_xyz,run_03,268,0,0,1530,0,0
Temporal,fr3_walking_xyz,run_03,269,0,0,1561,0,0
Temporal,fr3_walking_xyz,run_03,270,0,0,1549,0,0
Temporal,fr3_walking_xyz,run_03,271,0,0,1525,0,0
Temporal,fr3_walking_xyz,run_03,272,0,0,1517,0,0
Temporal,fr3_walking_xyz,run_03,273,0,0,1496,0,0
Temporal,fr3_walking_xyz,run_03,274,0,0,1505,0,0
Temporal,fr3_walking_xyz,run_03,275,0,0,1520,0,0
Temporal,fr3_walking_xyz,run_03,276,0,0,1527,0,0
Temporal,fr3_walking_xyz,run_03,277,0,0,1542,0,0
Temporal,fr3_walking_xyz,run_03,278,0,0,1613,0,0
Temporal,fr3_walking_xyz,run_03,279,0,0,1613,0,0
Temporal,fr3_walking_xyz,run_03,280,0,0,1592,0,0
Temporal,fr3_walking_xyz,run_03,281,0,0,1553,0,0
Temporal,fr3_walking_xyz,run_03,282,0,0,1543,0,0
Temporal,fr3_walking_xyz,run_03,283,0,0,1499,0,0
Temporal,fr3_walking_xyz,run_03,284,0,0,1498,0,0
Temporal,fr3_walking_xyz,run_03,285,0,0,1548,0,0
Temporal,fr3_walking_xyz,run_03,286,0,0,1516,0,0
Temporal,fr3_walking_xyz,run_03,287,0,0,1496,0,0
Temporal,fr3_walking_xyz,run_03,288,0,0,1511,0,0
Temporal,fr3_walking_xyz,run_03,289,0,0,1477,0,0
Temporal,fr3_walking_xyz,run_03,290,0,0,1371,0,0
Temporal,fr3_walking_xyz,run_03,291,0,0,1358,0,0
Temporal,fr3_walking_xyz,run_03,292,0,0,1345,0,0
Temporal,fr3_walking_xyz,run_03,293,0,0,1360,0,0
Temporal,fr3_walking_xyz,run_03,294,0,0,1355,0,0
Temporal,fr3_walking_xyz,run_03,295,0,0,1303,0,0
Temporal,fr3_walking_xyz,run_03,296,0,0,1284,0,0
Temporal,fr3_walking_xyz,run_03,297,0,0,1274,0,0
Temporal,fr3_walking_xyz,run_03,298,0,0,1263,0,0
Temporal,fr3_walking_xyz,run_03,299,0,0,1235,0,0
Temporal,fr3_walking_xyz,run_03,300,0,0,1232,0,0
Temporal,fr3_walking_xyz,run_03,301,0,0,1218,0,0
Temporal,fr3_walking_xyz,run_03,302,0,0,1238,0,0
Temporal,fr3_walking_xyz,run_03,303,0,0,1261,0,0
Temporal,fr3_walking_xyz,run_03,304,0,0,1292,0,0
Temporal,fr3_walking_xyz,run_03,305,0,0,1338,0,0
Temporal,fr3_walking_xyz,run_03,306,0,0,1067,0,0
Temporal,fr3_walking_xyz,run_03,307,0,0,1115,0,0
Temporal,fr3_walking_xyz,run_03,308,0,0,1177,0,0
Temporal,fr3_walking_xyz,run_03,309,0,0,1167,0,0
Temporal,fr3_walking_xyz,run_03,310,0,0,1246,0,0
Temporal,fr3_walking_xyz,run_03,311,0,0,1251,0,0
Temporal,fr3_walking_xyz,run_03,312,0,0,1268,0,0
Temporal,fr3_walking_xyz,run_03,313,0,0,1265,0,0
Temporal,fr3_walking_xyz,run_03,314,0,0,1319,0,0
Temporal,fr3_walking_xyz,run_03,315,0,0,1391,0,0
Temporal,fr3_walking_xyz,run_03,316,0,0,1434,0,0
Temporal,fr3_walking_xyz,run_03,317,0,0,1491,0,0
Temporal,fr3_walking_xyz,run_03,318,0,0,1488,0,0
Temporal,fr3_walking_xyz,run_03,319,0,0,1503,0,0
Temporal,fr3_walking_xyz,run_03,320,0,0,1509,0,0
Temporal,fr3_walking_xyz,run_03,321,0,0,1600,0,0
Temporal,fr3_walking_xyz,run_03,322,0,0,1639,0,0
Temporal,fr3_walking_xyz,run_03,323,0,0,1653,0,0
Temporal,fr3_walking_xyz,run_03,324,0,0,1651,0,0
Temporal,fr3_walking_xyz,run_03,325,0,0,1679,0,0
Temporal,fr3_walking_xyz,run_03,326,0,0,1674,0,0
Temporal,fr3_walking_xyz,run_03,327,0,0,1714,0,0
Temporal,fr3_walking_xyz,run_03,328,0,0,1708,0,0
Temporal,fr3_walking_xyz,run_03,329,0,0,1681,0,0
Temporal,fr3_walking_xyz,run_03,330,0,0,1674,0,0
Temporal,fr3_walking_xyz,run_03,331,0,0,1682,0,0
Temporal,fr3_walking_xyz,run_03,332,0,0,1692,0,0
Temporal,fr3_walking_xyz,run_03,333,0,0,1695,0,0
Temporal,fr3_walking_xyz,run_03,334,0,0,1695,0,0
Temporal,fr3_walking_xyz,run_03,335,0,0,1706,0,0
Temporal,fr3_walking_xyz,run_03,336,0,0,1703,0,0
Temporal,fr3_walking_xyz,run_03,337,0,0,1709,0,0
Temporal,fr3_walking_xyz,run_03,338,0,0,1703,0,0
Temporal,fr3_walking_xyz,run_03,339,0,0,1707,0,0
Temporal,fr3_walking_xyz,run_03,340,0,0,1693,0,0
Temporal,fr3_walking_xyz,run_03,341,0,0,1704,0,0
Temporal,fr3_walking_xyz,run_03,342,0,0,1761,0,0
Temporal,fr3_walking_xyz,run_03,343,0,0,1724,0,0
Temporal,fr3_walking_xyz,run_03,344,0,0,1713,0,0
Temporal,fr3_walking_xyz,run_03,345,0,0,1722,0,0
Temporal,fr3_walking_xyz,run_03,346,0,0,1689,0,0
Temporal,fr3_walking_xyz,run_03,347,0,0,1697,0,0
Temporal,fr3_walking_xyz,run_03,348,0,0,1718,0,0
Temporal,fr3_walking_xyz,run_03,349,0,0,1709,0,0
Temporal,fr3_walking_xyz,run_03,350,0,0,1676,0,0
Temporal,fr3_walking_xyz,run_03,351,0,0,1695,0,0
Temporal,fr3_walking_xyz,run_03,352,0,0,1673,0,0
Temporal,fr3_walking_xyz,run_03,353,0,0,1665,0,0
Temporal,fr3_walking_xyz,run_03,354,0,0,1672,0,0
Temporal,fr3_walking_xyz,run_03,355,0,0,1569,43,43
Temporal,fr3_walking_xyz,run_03,356,0,0,1571,8,8
Temporal,fr3_walking_xyz,run_03,357,0,0,1574,40,40
Temporal,fr3_walking_xyz,run_03,358,0,0,1570,39,39
Temporal,fr3_walking_xyz,run_03,359,0,0,1574,39,39
Temporal,fr3_walking_xyz,run_03,360,0,0,1550,39,39
Temporal,fr3_walking_xyz,run_03,361,0,0,1564,39,39
Temporal,fr3_walking_xyz,run_03,362,0,0,1574,39,39
Temporal,fr3_walking_xyz,run_03,363,0,0,1622,25,25
Temporal,fr3_walking_xyz,run_03,364,0,0,1599,25,25
Temporal,fr3_walking_xyz,run_03,365,0,0,1618,25,25
Temporal,fr3_walking_xyz,run_03,366,0,0,1641,25,25
Temporal,fr3_walking_xyz,run_03,367,0,0,1607,21,21
Temporal,fr3_walking_xyz,run_03,368,0,0,1606,20,20
Temporal,fr3_walking_xyz,run_03,369,0,0,1628,20,20
Temporal,fr3_walking_xyz,run_03,370,0,0,1622,40,40
Temporal,fr3_walking_xyz,run_03,371,0,0,1631,19,19
Temporal,fr3_walking_xyz,run_03,372,0,0,1667,18,18
Temporal,fr3_walking_xyz,run_03,373,0,0,1628,9,9
Temporal,fr3_walking_xyz,run_03,374,0,0,1617,3,3
Temporal,fr3_walking_xyz,run_03,375,0,0,1600,0,0
Temporal,fr3_walking_xyz,run_03,376,0,0,1656,0,0
Temporal,fr3_walking_xyz,run_03,377,0,0,1661,0,0
Temporal,fr3_walking_xyz,run_03,378,0,0,1645,0,0
Temporal,fr3_walking_xyz,run_03,379,0,0,1673,0,0
Temporal,fr3_walking_xyz,run_03,380,0,0,1755,0,0
Temporal,fr3_walking_xyz,run_03,381,0,0,1864,0,0
Temporal,fr3_walking_xyz,run_03,382,0,0,1921,0,0
Temporal,fr3_walking_xyz,run_03,383,0,0,1931,0,0
Temporal,fr3_walking_xyz,run_03,384,0,0,1899,0,0
Temporal,fr3_walking_xyz,run_03,385,0,0,1933,0,0
Temporal,fr3_walking_xyz,run_03,386,0,0,1968,0,0
Temporal,fr3_walking_xyz,run_03,387,0,0,1907,0,0
Temporal,fr3_walking_xyz,run_03,388,0,0,1932,0,0
Temporal,fr3_walking_xyz,run_03,389,0,0,2028,270,270
Temporal,fr3_walking_xyz,run_03,390,0,0,1896,225,225
Temporal,fr3_walking_xyz,run_03,391,0,0,2072,383,383
Temporal,fr3_walking_xyz,run_03,392,0,0,1668,230,230
Temporal,fr3_walking_xyz,run_03,393,0,0,1821,153,153
Temporal,fr3_walking_xyz,run_03,394,0,0,1936,415,415
Temporal,fr3_walking_xyz,run_03,395,0,0,1749,365,365
Temporal,fr3_walking_xyz,run_03,396,0,0,1843,597,597
Temporal,fr3_walking_xyz,run_03,397,0,0,1769,472,472
Temporal,fr3_walking_xyz,run_03,398,0,0,1270,218,218
Temporal,fr3_walking_xyz,run_03,399,0,0,1436,304,304
Temporal,fr3_walking_xyz,run_03,400,0,0,1790,364,364
Temporal,fr3_walking_xyz,run_03,401,0,0,1468,314,314
Temporal,fr3_walking_xyz,run_03,402,0,0,1669,356,356
Temporal,fr3_walking_xyz,run_03,403,0,0,1325,186,186
Temporal,fr3_walking_xyz,run_03,404,0,0,1550,240,240
Temporal,fr3_walking_xyz,run_03,405,0,0,1435,168,168
Temporal,fr3_walking_xyz,run_03,406,0,0,1401,162,162
Temporal,fr3_walking_xyz,run_03,407,0,0,1570,159,159
Temporal,fr3_walking_xyz,run_03,408,0,0,1513,148,148
Temporal,fr3_walking_xyz,run_03,409,0,0,1737,153,153
Temporal,fr3_walking_xyz,run_03,410,0,0,1858,209,209
Temporal,fr3_walking_xyz,run_03,411,0,0,1818,232,232
Temporal,fr3_walking_xyz,run_03,412,0,0,1913,268,268
Temporal,fr3_walking_xyz,run_03,413,0,0,1878,346,346
Temporal,fr3_walking_xyz,run_03,414,0,0,2063,439,439
Temporal,fr3_walking_xyz,run_03,415,0,0,2006,556,556
Temporal,fr3_walking_xyz,run_03,416,0,0,1852,553,553
Temporal,fr3_walking_xyz,run_03,417,0,0,1829,534,534
Temporal,fr3_walking_xyz,run_03,418,0,0,2013,579,579
Temporal,fr3_walking_xyz,run_03,419,0,0,1940,522,522
Temporal,fr3_walking_xyz,run_03,420,0,0,1958,490,490
Temporal,fr3_walking_xyz,run_03,421,0,0,1666,372,372
Temporal,fr3_walking_xyz,run_03,422,0,0,2029,451,451
Temporal,fr3_walking_xyz,run_03,423,0,0,2118,533,533
Temporal,fr3_walking_xyz,run_03,424,0,0,2323,611,611
Temporal,fr3_walking_xyz,run_03,425,0,0,2329,646,646
Temporal,fr3_walking_xyz,run_03,426,0,0,1659,196,196
Temporal,fr3_walking_xyz,run_03,427,0,0,1963,258,258
Temporal,fr3_walking_xyz,run_03,428,0,0,1560,118,118
Temporal,fr3_walking_xyz,run_03,429,0,0,1801,132,132
Temporal,fr3_walking_xyz,run_03,430,0,0,1946,216,216
Temporal,fr3_walking_xyz,run_03,431,0,0,1819,142,142
Temporal,fr3_walking_xyz,run_03,432,0,0,1825,251,251
Temporal,fr3_walking_xyz,run_03,433,0,0,2399,627,627
Temporal,fr3_walking_xyz,run_03,434,0,0,1771,306,306
Temporal,fr3_walking_xyz,run_03,435,0,0,1623,410,410
Temporal,fr3_walking_xyz,run_03,436,0,0,1763,568,568
Temporal,fr3_walking_xyz,run_03,437,0,0,1113,317,317
Temporal,fr3_walking_xyz,run_03,438,0,0,1143,361,361
Temporal,fr3_walking_xyz,run_03,439,0,0,932,279,279
Temporal,fr3_walking_xyz,run_03,440,0,0,909,253,253
Temporal,fr3_walking_xyz,run_03,441,0,0,981,286,286
Temporal,fr3_walking_xyz,run_03,442,0,0,859,241,241
Temporal,fr3_walking_xyz,run_03,443,0,0,834,240,240
Temporal,fr3_walking_xyz,run_03,444,0,0,913,222,222
Temporal,fr3_walking_xyz,run_03,445,0,0,1028,221,221
Temporal,fr3_walking_xyz,run_03,446,0,0,1005,213,213
Temporal,fr3_walking_xyz,run_03,447,0,0,1019,260,260
Temporal,fr3_walking_xyz,run_03,448,0,0,1040,288,288
Temporal,fr3_walking_xyz,run_03,449,0,0,990,311,311
Temporal,fr3_walking_xyz,run_03,450,0,0,1016,316,316
Temporal,fr3_walking_xyz,run_03,451,0,0,1039,315,315
Temporal,fr3_walking_xyz,run_03,452,0,0,1011,301,301
Temporal,fr3_walking_xyz,run_03,453,0,0,1019,290,290
Temporal,fr3_walking_xyz,run_03,454,0,0,1020,280,280
Temporal,fr3_walking_xyz,run_03,455,0,0,995,266,266
Temporal,fr3_walking_xyz,run_03,456,0,0,812,213,213
Temporal,fr3_walking_xyz,run_03,457,0,0,920,197,197
Temporal,fr3_walking_xyz,run_03,458,0,0,925,184,184
Temporal,fr3_walking_xyz,run_03,459,0,0,922,171,171
Temporal,fr3_walking_xyz,run_03,460,0,0,899,153,153
Temporal,fr3_walking_xyz,run_03,461,0,0,898,120,120
Temporal,fr3_walking_xyz,run_03,462,0,0,805,116,116
Temporal,fr3_walking_xyz,run_03,463,0,0,920,93,93
Temporal,fr3_walking_xyz,run_03,464,0,0,921,102,102
Temporal,fr3_walking_xyz,run_03,465,0,0,914,89,89
Temporal,fr3_walking_xyz,run_03,466,0,0,914,93,93
Temporal,fr3_walking_xyz,run_03,467,0,0,913,104,104
Temporal,fr3_walking_xyz,run_03,468,0,0,902,102,102
Temporal,fr3_walking_xyz,run_03,469,0,0,925,117,117
Temporal,fr3_walking_xyz,run_03,470,0,0,942,114,114
Temporal,fr3_walking_xyz,run_03,471,0,0,880,105,105
Temporal,fr3_walking_xyz,run_03,472,0,0,920,103,103
Temporal,fr3_walking_xyz,run_03,473,0,0,944,124,124
Temporal,fr3_walking_xyz,run_03,474,0,0,995,132,132
Temporal,fr3_walking_xyz,run_03,475,0,0,989,141,141
Temporal,fr3_walking_xyz,run_03,476,0,0,983,133,133
Temporal,fr3_walking_xyz,run_03,477,0,0,896,108,108
Temporal,fr3_walking_xyz,run_03,478,0,0,1020,99,99
Temporal,fr3_walking_xyz,run_03,479,0,0,1023,98,98
Temporal,fr3_walking_xyz,run_03,480,0,0,1050,76,76
Temporal,fr3_walking_xyz,run_03,481,0,0,1029,33,33
Temporal,fr3_walking_xyz,run_03,482,0,0,1025,27,27
Temporal,fr3_walking_xyz,run_03,483,0,0,1042,23,23
Temporal,fr3_walking_xyz,run_03,484,0,0,1010,17,17
Temporal,fr3_walking_xyz,run_03,485,0,0,1016,14,14
Temporal,fr3_walking_xyz,run_03,486,0,0,1034,18,18
Temporal,fr3_walking_xyz,run_03,487,0,0,1032,11,11
Temporal,fr3_walking_xyz,run_03,488,0,0,1626,10,10
Temporal,fr3_walking_xyz,run_03,489,0,0,1583,10,10
Temporal,fr3_walking_xyz,run_03,490,0,0,1912,13,13
Temporal,fr3_walking_xyz,run_03,491,0,0,1674,7,7
Temporal,fr3_walking_xyz,run_03,492,0,0,1296,3,3
Temporal,fr3_walking_xyz,run_03,493,0,0,1355,3,3
Temporal,fr3_walking_xyz,run_03,494,0,0,1167,3,3
Temporal,fr3_walking_xyz,run_03,495,0,0,1199,2,2
Temporal,fr3_walking_xyz,run_03,496,0,0,1072,1,1
Temporal,fr3_walking_xyz,run_03,497,0,0,1353,1,1
Temporal,fr3_walking_xyz,run_03,498,0,0,1676,1,1
Temporal,fr3_walking_xyz,run_03,499,0,0,1788,4,4
Temporal,fr3_walking_xyz,run_03,500,0,0,1720,1,1
Temporal,fr3_walking_xyz,run_03,501,0,0,1804,1,1
Temporal,fr3_walking_xyz,run_03,502,0,0,1971,1,1
Temporal,fr3_walking_xyz,run_03,503,0,0,1924,0,0
Temporal,fr3_walking_xyz,run_03,504,0,0,2131,22,22
Temporal,fr3_walking_xyz,run_03,505,0,0,2260,25,25
Temporal,fr3_walking_xyz,run_03,506,0,0,1910,37,37
Temporal,fr3_walking_xyz,run_03,507,0,0,1963,56,56
Temporal,fr3_walking_xyz,run_03,508,0,0,1911,46,46
Temporal,fr3_walking_xyz,run_03,509,0,0,1956,61,61
Temporal,fr3_walking_xyz,run_03,510,0,0,2011,45,45
Temporal,fr3_walking_xyz,run_03,511,0,0,1951,82,82
Temporal,fr3_walking_xyz,run_03,512,0,0,1984,62,62
Temporal,fr3_walking_xyz,run_03,513,0,0,2053,104,104
Temporal,fr3_walking_xyz,run_03,514,0,0,2077,131,131
Temporal,fr3_walking_xyz,run_03,515,0,0,2284,168,168
Temporal,fr3_walking_xyz,run_03,516,0,0,2277,177,177
Temporal,fr3_walking_xyz,run_03,517,0,0,2184,191,191
Temporal,fr3_walking_xyz,run_03,518,0,0,2078,223,223
Temporal,fr3_walking_xyz,run_03,519,0,0,2210,293,293
Temporal,fr3_walking_xyz,run_03,520,0,0,2204,356,356
Temporal,fr3_walking_xyz,run_03,521,0,0,2169,411,411
Temporal,fr3_walking_xyz,run_03,522,0,0,2171,548,548
Temporal,fr3_walking_xyz,run_03,523,0,0,2065,601,601
Temporal,fr3_walking_xyz,run_03,524,0,0,2053,598,598
Temporal,fr3_walking_xyz,run_03,525,0,0,2129,612,612
Temporal,fr3_walking_xyz,run_03,526,0,0,2021,585,585
Temporal,fr3_walking_xyz,run_03,527,0,0,2119,587,587
Temporal,fr3_walking_xyz,run_03,528,0,0,2117,573,573
Temporal,fr3_walking_xyz,run_03,529,0,0,2123,593,593
Temporal,fr3_walking_xyz,run_03,530,0,0,2027,584,584
Temporal,fr3_walking_xyz,run_03,531,0,0,2029,571,571
Temporal,fr3_walking_xyz,run_03,532,0,0,2074,563,563
Temporal,fr3_walking_xyz,run_03,533,0,0,2045,543,543
Temporal,fr3_walking_xyz,run_03,534,0,0,1992,521,521
Temporal,fr3_walking_xyz,run_03,535,0,0,2009,513,513
Temporal,fr3_walking_xyz,run_03,536,0,0,2054,513,513
Temporal,fr3_walking_xyz,run_03,537,0,0,2124,506,506
Temporal,fr3_walking_xyz,run_03,538,0,0,2160,517,517
Temporal,fr3_walking_xyz,run_03,539,0,0,2127,505,505
Temporal,fr3_walking_xyz,run_03,540,0,0,2044,481,481
Temporal,fr3_walking_xyz,run_03,541,0,0,2116,518,518
Temporal,fr3_walking_xyz,run_03,542,0,0,2177,498,498
Temporal,fr3_walking_xyz,run_03,543,0,0,2217,484,484
Temporal,fr3_walking_xyz,run_03,544,0,0,2233,442,442
Temporal,fr3_walking_xyz,run_03,545,0,0,2163,417,417
Temporal,fr3_walking_xyz,run_03,546,0,0,2250,417,417
Temporal,fr3_walking_xyz,run_03,547,0,0,2273,405,405
Temporal,fr3_walking_xyz,run_03,548,0,0,2186,387,387
Temporal,fr3_walking_xyz,run_03,549,0,0,1994,337,337
Temporal,fr3_walking_xyz,run_03,550,0,0,2069,342,342
Temporal,fr3_walking_xyz,run_03,551,0,0,2169,353,353
Temporal,fr3_walking_xyz,run_03,552,0,0,1979,321,321
Temporal,fr3_walking_xyz,run_03,553,0,0,1887,280,280
Temporal,fr3_walking_xyz,run_03,554,0,0,1998,303,303
Temporal,fr3_walking_xyz,run_03,555,0,0,2074,462,462
Temporal,fr3_walking_xyz,run_03,556,0,0,2085,429,429
Temporal,fr3_walking_xyz,run_03,557,0,0,2107,426,426
Temporal,fr3_walking_xyz,run_03,558,0,0,2173,461,461
Temporal,fr3_walking_xyz,run_03,559,0,0,2286,466,466
Temporal,fr3_walking_xyz,run_03,560,0,0,2325,524,524
Temporal,fr3_walking_xyz,run_03,561,0,0,2301,462,462
Temporal,fr3_walking_xyz,run_03,562,0,0,2115,409,409
Temporal,fr3_walking_xyz,run_03,563,0,0,2183,494,494
Temporal,fr3_walking_xyz,run_03,564,0,0,2034,474,474
Temporal,fr3_walking_xyz,run_03,565,0,0,2131,480,480
Temporal,fr3_walking_xyz,run_03,566,0,0,2186,494,494
Temporal,fr3_walking_xyz,run_03,567,0,0,2420,521,521
Temporal,fr3_walking_xyz,run_03,568,0,0,2400,502,502
Temporal,fr3_walking_xyz,run_03,569,0,0,2451,533,533
Temporal,fr3_walking_xyz,run_03,570,0,0,2354,508,508
Temporal,fr3_walking_xyz,run_03,571,0,0,2465,631,631
Temporal,fr3_walking_xyz,run_03,572,0,0,2475,593,593
Temporal,fr3_walking_xyz,run_03,573,0,0,2057,525,525
Temporal,fr3_walking_xyz,run_03,574,0,0,2323,508,508
Temporal,fr3_walking_xyz,run_03,575,0,0,2259,577,577
Temporal,fr3_walking_xyz,run_03,576,0,0,2201,533,533
Temporal,fr3_walking_xyz,run_03,577,0,0,2439,576,576
Temporal,fr3_walking_xyz,run_03,578,0,0,2741,632,632
Temporal,fr3_walking_xyz,run_03,579,0,0,2663,620,620
Temporal,fr3_walking_xyz,run_03,580,0,0,2704,606,606
Temporal,fr3_walking_xyz,run_03,581,0,0,2466,549,549
Temporal,fr3_walking_xyz,run_03,582,0,0,2397,556,556
Temporal,fr3_walking_xyz,run_03,583,0,0,2470,578,578
Temporal,fr3_walking_xyz,run_03,584,0,0,2527,578,578
Temporal,fr3_walking_xyz,run_03,585,0,0,2516,683,683
Temporal,fr3_walking_xyz,run_03,586,0,0,2715,847,847
Temporal,fr3_walking_xyz,run_03,587,0,0,2958,912,912
Temporal,fr3_walking_xyz,run_03,588,0,0,2886,1041,1041
Temporal,fr3_walking_xyz,run_03,589,0,0,2503,909,909
Temporal,fr3_walking_xyz,run_03,590,0,0,1521,346,346
Temporal,fr3_walking_xyz,run_03,591,0,0,2912,1377,1377
Temporal,fr3_walking_xyz,run_03,592,0,0,2991,1499,1499
Temporal,fr3_walking_xyz,run_03,593,0,0,3016,1519,1519
Temporal,fr3_walking_xyz,run_03,594,0,0,1884,886,886
Temporal,fr3_walking_xyz,run_03,595,0,0,1604,634,634
Temporal,fr3_walking_xyz,run_03,596,0,0,1342,572,572
Temporal,fr3_walking_xyz,run_03,597,0,0,2006,1095,1095
Temporal,fr3_walking_xyz,run_03,598,0,0,1591,718,718
Temporal,fr3_walking_xyz,run_03,599,0,0,1503,686,686
Temporal,fr3_walking_xyz,run_03,600,0,0,1720,782,782
Temporal,fr3_walking_xyz,run_03,601,0,0,2039,1080,1080
Temporal,fr3_walking_xyz,run_03,602,0,0,1808,838,838
Temporal,fr3_walking_xyz,run_03,603,0,0,2167,1063,1063
Temporal,fr3_walking_xyz,run_03,604,0,0,2164,1132,1132
Temporal,fr3_walking_xyz,run_03,605,0,0,2062,1076,1076
Temporal,fr3_walking_xyz,run_03,606,0,0,2090,1186,1186
Temporal,fr3_walking_xyz,run_03,607,0,0,2230,1165,1165
Temporal,fr3_walking_xyz,run_03,608,0,0,2095,1078,1078
Temporal,fr3_walking_xyz,run_03,609,0,0,2370,1155,1155
Temporal,fr3_walking_xyz,run_03,610,0,0,2381,1150,1150
Temporal,fr3_walking_xyz,run_03,611,0,0,2139,1055,1055
Temporal,fr3_walking_xyz,run_03,612,0,0,2121,1030,1030
Temporal,fr3_walking_xyz,run_03,613,0,0,2231,1029,1029
Temporal,fr3_walking_xyz,run_03,614,0,0,2151,912,912
Temporal,fr3_walking_xyz,run_03,615,0,0,2186,934,934
Temporal,fr3_walking_xyz,run_03,616,0,0,1677,700,700
Temporal,fr3_walking_xyz,run_03,617,0,0,2176,964,964
Temporal,fr3_walking_xyz,run_03,618,0,0,1311,376,376
Temporal,fr3_walking_xyz,run_03,619,0,0,1918,887,887
Temporal,fr3_walking_xyz,run_03,620,0,0,1256,400,400
Temporal,fr3_walking_xyz,run_03,621,0,0,941,355,355
Temporal,fr3_walking_xyz,run_03,622,0,0,1733,815,815
Temporal,fr3_walking_xyz,run_03,623,0,0,1905,896,896
Temporal,fr3_walking_xyz,run_03,624,0,0,1452,719,719
Temporal,fr3_walking_xyz,run_03,625,0,0,1629,762,762
Temporal,fr3_walking_xyz,run_03,626,0,0,1382,515,515
Temporal,fr3_walking_xyz,run_03,627,0,0,1138,493,493
Temporal,fr3_walking_xyz,run_03,628,0,0,1429,714,714
Temporal,fr3_walking_xyz,run_03,629,0,0,1256,568,568
Temporal,fr3_walking_xyz,run_03,630,0,0,1412,607,607
Temporal,fr3_walking_xyz,run_03,631,0,0,1615,660,660
Temporal,fr3_walking_xyz,run_03,632,0,0,1389,582,582
Temporal,fr3_walking_xyz,run_03,633,0,0,1541,720,720
Temporal,fr3_walking_xyz,run_03,634,0,0,1542,653,653
Temporal,fr3_walking_xyz,run_03,635,0,0,1524,652,652
Temporal,fr3_walking_xyz,run_03,636,0,0,1587,674,674
Temporal,fr3_walking_xyz,run_03,637,0,0,1783,838,838
Temporal,fr3_walking_xyz,run_03,638,0,0,1302,516,516
Temporal,fr3_walking_xyz,run_03,639,0,0,1570,601,601
Temporal,fr3_walking_xyz,run_03,640,0,0,1897,850,850
Temporal,fr3_walking_xyz,run_03,641,0,0,1663,625,625
Temporal,fr3_walking_xyz,run_03,642,0,0,1415,522,522
Temporal,fr3_walking_xyz,run_03,643,0,0,1486,529,529
Temporal,fr3_walking_xyz,run_03,644,0,0,1720,590,590
Temporal,fr3_walking_xyz,run_03,645,0,0,1596,543,543
Temporal,fr3_walking_xyz,run_03,646,0,0,1586,520,520
Temporal,fr3_walking_xyz,run_03,647,0,0,1560,518,518
Temporal,fr3_walking_xyz,run_03,648,0,0,1368,441,441
Temporal,fr3_walking_xyz,run_03,649,0,0,1252,364,364
Temporal,fr3_walking_xyz,run_03,650,0,0,1165,325,325
Temporal,fr3_walking_xyz,run_03,651,0,0,1183,354,354
Temporal,fr3_walking_xyz,run_03,652,0,0,1144,288,288
Temporal,fr3_walking_xyz,run_03,653,0,0,1370,289,289
Temporal,fr3_walking_xyz,run_03,654,0,0,1555,329,329
Temporal,fr3_walking_xyz,run_03,655,0,0,1539,292,292
Temporal,fr3_walking_xyz,run_03,656,0,0,1215,246,246
Temporal,fr3_walking_xyz,run_03,657,0,0,1364,251,251
Temporal,fr3_walking_xyz,run_03,658,0,0,1487,314,314
Temporal,fr3_walking_xyz,run_03,659,0,0,1450,293,293
Temporal,fr3_walking_xyz,run_03,660,0,0,1399,240,240
Temporal,fr3_walking_xyz,run_03,661,0,0,1512,254,254
Temporal,fr3_walking_xyz,run_03,662,0,0,1576,269,269
Temporal,fr3_walking_xyz,run_03,663,0,0,1574,302,302
Temporal,fr3_walking_xyz,run_03,664,0,0,1491,220,220
Temporal,fr3_walking_xyz,run_03,665,0,0,1514,225,225
Temporal,fr3_walking_xyz,run_03,666,0,0,1529,347,347
Temporal,fr3_walking_xyz,run_03,667,0,0,1450,289,289
Temporal,fr3_walking_xyz,run_03,668,0,0,1535,299,299
Temporal,fr3_walking_xyz,run_03,669,0,0,1445,281,281
Temporal,fr3_walking_xyz,run_03,670,0,0,1949,457,457
Temporal,fr3_walking_xyz,run_03,671,0,0,1619,262,262
Temporal,fr3_walking_xyz,run_03,672,0,0,1561,229,229
Temporal,fr3_walking_xyz,run_03,673,0,0,1651,246,246
Temporal,fr3_walking_xyz,run_03,674,0,0,1672,249,249
Temporal,fr3_walking_xyz,run_03,675,0,0,1751,235,235
Temporal,fr3_walking_xyz,run_03,676,0,0,1795,241,241
Temporal,fr3_walking_xyz,run_03,677,0,0,1844,268,268
Temporal,fr3_walking_xyz,run_03,678,0,0,1946,252,252
Temporal,fr3_walking_xyz,run_03,679,0,0,2083,322,322
Temporal,fr3_walking_xyz,run_03,680,0,0,2192,338,338
Temporal,fr3_walking_xyz,run_03,681,0,0,2295,480,480
Temporal,fr3_walking_xyz,run_03,682,0,0,2217,452,452
Temporal,fr3_walking_xyz,run_03,683,0,0,2235,542,542
Temporal,fr3_walking_xyz,run_03,684,0,0,2203,652,652
Temporal,fr3_walking_xyz,run_03,685,0,0,2241,892,892
Temporal,fr3_walking_xyz,run_03,686,0,0,2161,803,803
Temporal,fr3_walking_xyz,run_03,687,0,0,2239,919,919
Temporal,fr3_walking_xyz,run_03,688,0,0,2054,827,827
Temporal,fr3_walking_xyz,run_03,689,0,0,2111,837,837
Temporal,fr3_walking_xyz,run_03,690,0,0,2047,875,875
Temporal,fr3_walking_xyz,run_03,691,0,0,2067,856,856
Temporal,fr3_walking_xyz,run_03,692,0,0,2087,869,869
Temporal,fr3_walking_xyz,run_03,693,0,0,2113,903,903
Temporal,fr3_walking_xyz,run_03,694,0,0,2364,991,991
Temporal,fr3_walking_xyz,run_03,695,0,0,2204,957,957
Temporal,fr3_walking_xyz,run_03,696,0,0,2219,1025,1025
Temporal,fr3_walking_xyz,run_03,697,0,0,2255,1097,1097
Temporal,fr3_walking_xyz,run_03,698,0,0,2251,1165,1165
Temporal,fr3_walking_xyz,run_03,699,0,0,2203,1101,1101
Temporal,fr3_walking_xyz,run_03,700,0,0,2238,1096,1096
Temporal,fr3_walking_xyz,run_03,701,0,0,2217,1153,1153
Temporal,fr3_walking_xyz,run_03,702,0,0,2249,1278,1278
Temporal,fr3_walking_xyz,run_03,703,0,0,2254,1263,1263
Temporal,fr3_walking_xyz,run_03,704,0,0,2296,1232,1232
Temporal,fr3_walking_xyz,run_03,705,0,0,2289,1179,1179
Temporal,fr3_walking_xyz,run_03,706,0,0,2246,1177,1177
Temporal,fr3_walking_xyz,run_03,707,0,0,2256,1215,1215
Temporal,fr3_walking_xyz,run_03,708,0,0,2351,1268,1268
Temporal,fr3_walking_xyz,run_03,709,0,0,2302,1206,1206
Temporal,fr3_walking_xyz,run_03,710,0,0,2351,1192,1192
Temporal,fr3_walking_xyz,run_03,711,0,0,2370,1176,1176
Temporal,fr3_walking_xyz,run_03,712,0,0,2460,1245,1245
Temporal,fr3_walking_xyz,run_03,713,0,0,2483,1244,1244
Temporal,fr3_walking_xyz,run_03,714,0,0,2482,1252,1252
Temporal,fr3_walking_xyz,run_03,715,0,0,2454,1201,1201
Temporal,fr3_walking_xyz,run_03,716,0,0,2460,1205,1205
Temporal,fr3_walking_xyz,run_03,717,0,0,2480,1266,1266
Temporal,fr3_walking_xyz,run_03,718,0,0,2526,1347,1347
Temporal,fr3_walking_xyz,run_03,719,0,0,2562,1308,1308
Temporal,fr3_walking_xyz,run_03,720,0,0,2486,1327,1327
Temporal,fr3_walking_xyz,run_03,721,0,0,2215,1081,1081
Temporal,fr3_walking_xyz,run_03,722,0,0,2502,1404,1404
Temporal,fr3_walking_xyz,run_03,723,0,0,2493,1407,1407
Temporal,fr3_walking_xyz,run_03,724,0,0,2550,1451,1451
Temporal,fr3_walking_xyz,run_03,725,0,0,2507,1483,1483
Temporal,fr3_walking_xyz,run_03,726,0,0,2528,1487,1487
Temporal,fr3_walking_xyz,run_03,727,0,0,2563,1514,1514
Temporal,fr3_walking_xyz,run_03,728,0,0,2550,1576,1576
Temporal,fr3_walking_xyz,run_03,729,0,0,2525,1565,1565
Temporal,fr3_walking_xyz,run_03,730,0,0,2572,1577,1577
Temporal,fr3_walking_xyz,run_03,731,0,0,2594,1587,1587
Temporal,fr3_walking_xyz,run_03,732,0,0,2590,1622,1622
Temporal,fr3_walking_xyz,run_03,733,0,0,2517,1586,1586
Temporal,fr3_walking_xyz,run_03,734,0,0,2545,1573,1573
Temporal,fr3_walking_xyz,run_03,735,0,0,2503,1565,1565
Temporal,fr3_walking_xyz,run_03,736,0,0,2527,1543,1543
Temporal,fr3_walking_xyz,run_03,737,0,0,2507,1477,1477
Temporal,fr3_walking_xyz,run_03,738,0,0,2572,1488,1488
Temporal,fr3_walking_xyz,run_03,739,0,0,1886,807,807
Temporal,fr3_walking_xyz,run_03,740,0,0,2034,881,881
Temporal,fr3_walking_xyz,run_03,741,0,0,1602,637,637
Temporal,fr3_walking_xyz,run_03,742,0,0,2464,1397,1397
Temporal,fr3_walking_xyz,run_03,743,0,0,1985,986,986
Temporal,fr3_walking_xyz,run_03,744,0,0,1969,849,849
Temporal,fr3_walking_xyz,run_03,745,0,0,2031,1019,1019
Temporal,fr3_walking_xyz,run_03,746,0,0,2269,1187,1187
Temporal,fr3_walking_xyz,run_03,747,0,0,2245,1149,1149
Temporal,fr3_walking_xyz,run_03,748,0,0,2122,1055,1055
Temporal,fr3_walking_xyz,run_03,749,0,0,1944,980,980
Temporal,fr3_walking_xyz,run_03,750,0,0,1965,1004,1004
Temporal,fr3_walking_xyz,run_03,751,0,0,1989,1026,1026
Temporal,fr3_walking_xyz,run_03,752,0,0,1968,998,998
Temporal,fr3_walking_xyz,run_03,753,0,0,2105,1109,1109
Temporal,fr3_walking_xyz,run_03,754,0,0,2083,1061,1061
Temporal,fr3_walking_xyz,run_03,755,0,0,1896,940,940
Temporal,fr3_walking_xyz,run_03,756,0,0,2017,1075,1075
Temporal,fr3_walking_xyz,run_03,757,0,0,2021,1064,1064
Temporal,fr3_walking_xyz,run_03,758,0,0,2011,1014,1014
Temporal,fr3_walking_xyz,run_03,759,0,0,1765,693,693
Temporal,fr3_walking_xyz,run_03,760,0,0,1865,783,783
Temporal,fr3_walking_xyz,run_03,761,0,0,1846,734,734
Temporal,fr3_walking_xyz,run_03,762,0,0,1727,619,619
Temporal,fr3_walking_xyz,run_03,763,0,0,2182,856,856
Temporal,fr3_walking_xyz,run_03,764,0,0,2188,915,915
Temporal,fr3_walking_xyz,run_03,765,0,0,2176,934,934
Temporal,fr3_walking_xyz,run_03,766,0,0,2181,921,921
Temporal,fr3_walking_xyz,run_03,767,0,0,2181,894,894
Temporal,fr3_walking_xyz,run_03,768,0,0,2140,881,881
Temporal,fr3_walking_xyz,run_03,769,0,0,2052,823,823
Temporal,fr3_walking_xyz,run_03,770,0,0,1840,718,718
Temporal,fr3_walking_xyz,run_03,771,0,0,2075,922,922
Temporal,fr3_walking_xyz,run_03,772,0,0,2074,909,909
Temporal,fr3_walking_xyz,run_03,773,0,0,1858,855,855
Temporal,fr3_walking_xyz,run_03,774,0,0,1945,860,860
Temporal,fr3_walking_xyz,run_03,775,0,0,1795,806,806
Temporal,fr3_walking_xyz,run_03,776,0,0,1897,783,783
Temporal,fr3_walking_xyz,run_03,777,0,0,1624,716,716
Temporal,fr3_walking_xyz,run_03,778,0,0,1777,700,700
Temporal,fr3_walking_xyz,run_03,779,0,0,1660,650,650
Temporal,fr3_walking_xyz,run_03,780,0,0,1766,651,651
Temporal,fr3_walking_xyz,run_03,781,0,0,1707,655,655
Temporal,fr3_walking_xyz,run_03,782,0,0,1882,698,698
Temporal,fr3_walking_xyz,run_03,783,0,0,1798,669,669
Temporal,fr3_walking_xyz,run_03,784,0,0,1877,652,652
Temporal,fr3_walking_xyz,run_03,785,0,0,1956,723,723
Temporal,fr3_walking_xyz,run_03,786,0,0,1694,553,553
Temporal,fr3_walking_xyz,run_03,787,0,0,1835,551,551
Temporal,fr3_walking_xyz,run_03,788,0,0,1708,527,527
Temporal,fr3_walking_xyz,run_03,789,0,0,1879,545,545
Temporal,fr3_walking_xyz,run_03,790,0,0,1877,1082,1082
Temporal,fr3_walking_xyz,run_03,791,0,0,1346,417,417
Temporal,fr3_walking_xyz,run_03,792,0,0,1466,521,521
Temporal,fr3_walking_xyz,run_03,793,0,0,1473,605,605
Temporal,fr3_walking_xyz,run_03,794,0,0,1581,917,917
Temporal,fr3_walking_xyz,run_03,795,0,0,1433,817,817
Temporal,fr3_walking_xyz,run_03,796,0,0,1543,819,819
Temporal,fr3_walking_xyz,run_03,797,0,0,1536,797,797
Temporal,fr3_walking_xyz,run_03,798,0,0,1280,666,666
Temporal,fr3_walking_xyz,run_03,799,0,0,1962,1107,1107
Temporal,fr3_walking_xyz,run_03,800,0,0,1934,1070,1070
Temporal,fr3_walking_xyz,run_03,801,0,0,1980,1076,1076
Temporal,fr3_walking_xyz,run_03,802,0,0,1988,1073,1073
Temporal,fr3_walking_xyz,run_03,803,0,0,1875,1055,1055
Temporal,fr3_walking_xyz,run_03,804,0,0,2007,1064,1064
Temporal,fr3_walking_xyz,run_03,805,0,0,2023,1075,1075
Temporal,fr3_walking_xyz,run_03,806,0,0,2077,1127,1127
Temporal,fr3_walking_xyz,run_03,807,0,0,1837,1000,1000
Temporal,fr3_walking_xyz,run_03,808,0,0,2114,1128,1128
Temporal,fr3_walking_xyz,run_03,809,0,0,2141,1140,1140
Temporal,fr3_walking_xyz,run_03,810,0,0,2181,1130,1130
Temporal,fr3_walking_xyz,run_03,811,0,0,2051,1121,1121
Temporal,fr3_walking_xyz,run_03,812,0,0,2197,1121,1121
Temporal,fr3_walking_xyz,run_03,813,0,0,2493,1189,1189
Temporal,fr3_walking_xyz,run_03,814,0,0,2191,1127,1127
Temporal,fr3_walking_xyz,run_03,815,0,0,2121,1078,1078
Temporal,fr3_walking_xyz,run_03,816,0,0,1940,1028,1028
Temporal,fr3_walking_xyz,run_03,817,0,0,1959,1058,1058
Temporal,fr3_walking_xyz,run_03,818,0,0,1941,1109,1109
Temporal,fr3_walking_xyz,run_03,819,0,0,2031,1202,1202
Temporal,fr3_walking_xyz,run_03,820,0,0,1842,1103,1103
Temporal,fr3_walking_xyz,run_03,821,0,0,1907,1124,1124
Temporal,fr3_walking_xyz,run_03,822,0,0,1838,1108,1108
Temporal,fr3_walking_xyz,run_03,823,0,0,1871,1140,1140
Temporal,fr3_walking_xyz,run_03,824,0,0,1930,1186,1186
Temporal,fr3_walking_xyz,run_03,825,0,0,1856,1118,1118
Temporal,fr3_walking_xyz,run_03,826,0,0,2155,1235,1235
Temporal,fr3_walking_xyz,run_04,1,0,0,251,14,14
Temporal,fr3_walking_xyz,run_04,2,0,0,449,7,7
Temporal,fr3_walking_xyz,run_04,3,0,0,473,12,12
Temporal,fr3_walking_xyz,run_04,4,0,0,443,11,11
Temporal,fr3_walking_xyz,run_04,5,0,0,459,18,18
Temporal,fr3_walking_xyz,run_04,6,0,0,457,9,9
Temporal,fr3_walking_xyz,run_04,7,0,0,467,12,12
Temporal,fr3_walking_xyz,run_04,8,0,0,396,2,2
Temporal,fr3_walking_xyz,run_04,9,0,0,377,5,5
Temporal,fr3_walking_xyz,run_04,10,0,0,475,14,14
Temporal,fr3_walking_xyz,run_04,11,0,0,433,21,21
Temporal,fr3_walking_xyz,run_04,12,0,0,573,42,42
Temporal,fr3_walking_xyz,run_04,13,0,0,456,17,17
Temporal,fr3_walking_xyz,run_04,14,0,0,581,23,23
Temporal,fr3_walking_xyz,run_04,15,0,0,451,31,31
Temporal,fr3_walking_xyz,run_04,16,0,0,542,195,195
Temporal,fr3_walking_xyz,run_04,17,0,0,423,134,134
Temporal,fr3_walking_xyz,run_04,18,0,0,511,136,136
Temporal,fr3_walking_xyz,run_04,19,0,0,502,134,134
Temporal,fr3_walking_xyz,run_04,20,0,0,399,89,89
Temporal,fr3_walking_xyz,run_04,21,0,0,461,89,89
Temporal,fr3_walking_xyz,run_04,22,0,0,464,89,89
Temporal,fr3_walking_xyz,run_04,23,0,0,413,81,81
Temporal,fr3_walking_xyz,run_04,24,0,0,487,80,80
Temporal,fr3_walking_xyz,run_04,25,0,0,485,71,71
Temporal,fr3_walking_xyz,run_04,26,0,0,467,84,84
Temporal,fr3_walking_xyz,run_04,27,0,0,527,85,85
Temporal,fr3_walking_xyz,run_04,28,0,0,517,70,70
Temporal,fr3_walking_xyz,run_04,29,0,0,546,72,72
Temporal,fr3_walking_xyz,run_04,30,0,0,529,74,74
Temporal,fr3_walking_xyz,run_04,31,0,0,418,57,57
Temporal,fr3_walking_xyz,run_04,32,0,0,465,66,66
Temporal,fr3_walking_xyz,run_04,33,0,0,544,93,93
Temporal,fr3_walking_xyz,run_04,34,0,0,501,91,91
Temporal,fr3_walking_xyz,run_04,35,0,0,548,86,86
Temporal,fr3_walking_xyz,run_04,36,0,0,495,110,110
Temporal,fr3_walking_xyz,run_04,37,0,0,484,99,99
Temporal,fr3_walking_xyz,run_04,38,0,0,479,83,83
Temporal,fr3_walking_xyz,run_04,39,0,0,523,85,85
Temporal,fr3_walking_xyz,run_04,40,0,0,463,86,86
Temporal,fr3_walking_xyz,run_04,41,0,0,502,107,107
Temporal,fr3_walking_xyz,run_04,42,0,0,467,105,105
Temporal,fr3_walking_xyz,run_04,43,0,0,522,102,102
Temporal,fr3_walking_xyz,run_04,44,0,0,477,103,103
Temporal,fr3_walking_xyz,run_04,45,0,0,546,101,101
Temporal,fr3_walking_xyz,run_04,46,0,0,471,79,79
Temporal,fr3_walking_xyz,run_04,47,0,0,465,70,70
Temporal,fr3_walking_xyz,run_04,48,0,0,539,81,81
Temporal,fr3_walking_xyz,run_04,49,0,0,510,90,90
Temporal,fr3_walking_xyz,run_04,50,0,0,587,136,136
Temporal,fr3_walking_xyz,run_04,51,0,0,508,107,107
Temporal,fr3_walking_xyz,run_04,52,0,0,493,116,116
Temporal,fr3_walking_xyz,run_04,53,0,0,543,116,116
Temporal,fr3_walking_xyz,run_04,54,0,0,485,105,105
Temporal,fr3_walking_xyz,run_04,55,0,0,498,99,99
Temporal,fr3_walking_xyz,run_04,56,0,0,572,130,130
Temporal,fr3_walking_xyz,run_04,57,0,0,557,101,101
Temporal,fr3_walking_xyz,run_04,58,0,0,555,95,95
Temporal,fr3_walking_xyz,run_04,59,0,0,480,85,85
Temporal,fr3_walking_xyz,run_04,60,0,0,513,78,78
Temporal,fr3_walking_xyz,run_04,61,0,0,486,76,76
Temporal,fr3_walking_xyz,run_04,62,0,0,488,72,72
Temporal,fr3_walking_xyz,run_04,63,0,0,557,74,74
Temporal,fr3_walking_xyz,run_04,64,0,0,495,78,78
Temporal,fr3_walking_xyz,run_04,65,0,0,544,84,84
Temporal,fr3_walking_xyz,run_04,66,0,0,546,82,82
Temporal,fr3_walking_xyz,run_04,67,0,0,576,78,78
Temporal,fr3_walking_xyz,run_04,68,0,0,460,75,75
Temporal,fr3_walking_xyz,run_04,69,0,0,531,81,81
Temporal,fr3_walking_xyz,run_04,70,0,0,542,84,84
Temporal,fr3_walking_xyz,run_04,71,0,0,487,75,75
Temporal,fr3_walking_xyz,run_04,72,0,0,564,79,79
Temporal,fr3_walking_xyz,run_04,73,0,0,563,92,92
Temporal,fr3_walking_xyz,run_04,74,0,0,514,114,114
Temporal,fr3_walking_xyz,run_04,75,0,0,578,121,121
Temporal,fr3_walking_xyz,run_04,76,0,0,527,113,113
Temporal,fr3_walking_xyz,run_04,77,0,0,492,112,112
Temporal,fr3_walking_xyz,run_04,78,0,0,566,113,113
Temporal,fr3_walking_xyz,run_04,79,0,0,491,124,124
Temporal,fr3_walking_xyz,run_04,80,0,0,580,141,141
Temporal,fr3_walking_xyz,run_04,81,0,0,514,125,125
Temporal,fr3_walking_xyz,run_04,82,0,0,520,116,116
Temporal,fr3_walking_xyz,run_04,83,0,0,505,104,104
Temporal,fr3_walking_xyz,run_04,84,0,0,560,113,113
Temporal,fr3_walking_xyz,run_04,85,0,0,591,126,126
Temporal,fr3_walking_xyz,run_04,86,0,0,550,110,110
Temporal,fr3_walking_xyz,run_04,87,0,0,596,115,115
Temporal,fr3_walking_xyz,run_04,88,0,0,574,131,131
Temporal,fr3_walking_xyz,run_04,89,0,0,554,133,133
Temporal,fr3_walking_xyz,run_04,90,0,0,542,123,123
Temporal,fr3_walking_xyz,run_04,91,0,0,591,119,119
Temporal,fr3_walking_xyz,run_04,92,0,0,537,101,101
Temporal,fr3_walking_xyz,run_04,93,0,0,587,103,103
Temporal,fr3_walking_xyz,run_04,94,0,0,577,111,111
Temporal,fr3_walking_xyz,run_04,95,0,0,575,108,108
Temporal,fr3_walking_xyz,run_04,96,0,0,656,108,108
Temporal,fr3_walking_xyz,run_04,97,0,0,636,96,96
Temporal,fr3_walking_xyz,run_04,98,0,0,593,102,102
Temporal,fr3_walking_xyz,run_04,99,0,0,658,106,106
Temporal,fr3_walking_xyz,run_04,100,0,0,671,107,107
Temporal,fr3_walking_xyz,run_04,101,0,0,675,104,104
Temporal,fr3_walking_xyz,run_04,102,0,0,621,102,102
Temporal,fr3_walking_xyz,run_04,103,0,0,707,114,114
Temporal,fr3_walking_xyz,run_04,104,0,0,769,110,110
Temporal,fr3_walking_xyz,run_04,105,0,0,725,104,104
Temporal,fr3_walking_xyz,run_04,106,0,0,749,112,112
Temporal,fr3_walking_xyz,run_04,107,0,0,728,119,119
Temporal,fr3_walking_xyz,run_04,108,0,0,756,158,158
Temporal,fr3_walking_xyz,run_04,109,0,0,687,142,142
Temporal,fr3_walking_xyz,run_04,110,0,0,730,152,152
Temporal,fr3_walking_xyz,run_04,111,0,0,691,111,111
Temporal,fr3_walking_xyz,run_04,112,0,0,719,128,128
Temporal,fr3_walking_xyz,run_04,113,0,0,684,112,112
Temporal,fr3_walking_xyz,run_04,114,0,0,680,118,118
Temporal,fr3_walking_xyz,run_04,115,0,0,656,131,131
Temporal,fr3_walking_xyz,run_04,116,0,0,703,124,124
Temporal,fr3_walking_xyz,run_04,117,0,0,698,122,122
Temporal,fr3_walking_xyz,run_04,118,0,0,678,122,122
Temporal,fr3_walking_xyz,run_04,119,0,0,723,122,122
Temporal,fr3_walking_xyz,run_04,120,0,0,715,122,122
Temporal,fr3_walking_xyz,run_04,121,0,0,720,121,121
Temporal,fr3_walking_xyz,run_04,122,0,0,683,122,122
Temporal,fr3_walking_xyz,run_04,123,0,0,687,159,159
Temporal,fr3_walking_xyz,run_04,124,0,0,676,152,152
Temporal,fr3_walking_xyz,run_04,125,0,0,601,116,116
Temporal,fr3_walking_xyz,run_04,126,0,0,585,120,120
Temporal,fr3_walking_xyz,run_04,127,0,0,596,137,137
Temporal,fr3_walking_xyz,run_04,128,0,0,641,134,134
Temporal,fr3_walking_xyz,run_04,129,0,0,612,151,151
Temporal,fr3_walking_xyz,run_04,130,0,0,615,167,167
Temporal,fr3_walking_xyz,run_04,131,0,0,614,160,160
Temporal,fr3_walking_xyz,run_04,132,0,0,651,164,164
Temporal,fr3_walking_xyz,run_04,133,0,0,645,177,177
Temporal,fr3_walking_xyz,run_04,134,0,0,626,159,159
Temporal,fr3_walking_xyz,run_04,135,0,0,615,191,191
Temporal,fr3_walking_xyz,run_04,136,0,0,604,207,207
Temporal,fr3_walking_xyz,run_04,137,0,0,677,226,226
Temporal,fr3_walking_xyz,run_04,138,0,0,678,250,250
Temporal,fr3_walking_xyz,run_04,139,0,0,660,229,229
Temporal,fr3_walking_xyz,run_04,140,0,0,648,185,185
Temporal,fr3_walking_xyz,run_04,141,0,0,749,183,183
Temporal,fr3_walking_xyz,run_04,142,0,0,677,183,183
Temporal,fr3_walking_xyz,run_04,143,0,0,720,224,224
Temporal,fr3_walking_xyz,run_04,144,0,0,665,181,181
Temporal,fr3_walking_xyz,run_04,145,0,0,700,175,175
Temporal,fr3_walking_xyz,run_04,146,0,0,706,167,167
Temporal,fr3_walking_xyz,run_04,147,0,0,645,143,143
Temporal,fr3_walking_xyz,run_04,148,0,0,660,154,154
Temporal,fr3_walking_xyz,run_04,149,0,0,730,138,138
Temporal,fr3_walking_xyz,run_04,150,0,0,674,126,126
Temporal,fr3_walking_xyz,run_04,151,0,0,687,102,102
Temporal,fr3_walking_xyz,run_04,152,0,0,696,92,92
Temporal,fr3_walking_xyz,run_04,153,0,0,692,81,81
Temporal,fr3_walking_xyz,run_04,154,0,0,658,73,73
Temporal,fr3_walking_xyz,run_04,155,0,0,706,73,73
Temporal,fr3_walking_xyz,run_04,156,0,0,785,81,81
Temporal,fr3_walking_xyz,run_04,157,0,0,753,79,79
Temporal,fr3_walking_xyz,run_04,158,0,0,748,100,100
Temporal,fr3_walking_xyz,run_04,159,0,0,800,159,159
Temporal,fr3_walking_xyz,run_04,160,0,0,788,216,216
Temporal,fr3_walking_xyz,run_04,161,0,0,793,253,253
Temporal,fr3_walking_xyz,run_04,162,0,0,787,289,289
Temporal,fr3_walking_xyz,run_04,163,0,0,826,313,313
Temporal,fr3_walking_xyz,run_04,164,0,0,893,371,371
Temporal,fr3_walking_xyz,run_04,165,0,0,895,410,410
Temporal,fr3_walking_xyz,run_04,166,0,0,921,409,409
Temporal,fr3_walking_xyz,run_04,167,0,0,865,399,399
Temporal,fr3_walking_xyz,run_04,168,0,0,818,370,370
Temporal,fr3_walking_xyz,run_04,169,0,0,878,448,448
Temporal,fr3_walking_xyz,run_04,170,0,0,929,491,491
Temporal,fr3_walking_xyz,run_04,171,0,0,936,463,463
Temporal,fr3_walking_xyz,run_04,172,0,0,852,504,504
Temporal,fr3_walking_xyz,run_04,173,0,0,858,511,511
Temporal,fr3_walking_xyz,run_04,174,0,0,735,524,524
Temporal,fr3_walking_xyz,run_04,175,0,0,777,519,519
Temporal,fr3_walking_xyz,run_04,176,0,0,766,509,509
Temporal,fr3_walking_xyz,run_04,177,0,0,777,509,509
Temporal,fr3_walking_xyz,run_04,178,0,0,788,512,512
Temporal,fr3_walking_xyz,run_04,179,0,0,779,502,502
Temporal,fr3_walking_xyz,run_04,180,0,0,786,490,490
Temporal,fr3_walking_xyz,run_04,181,0,0,827,488,488
Temporal,fr3_walking_xyz,run_04,182,0,0,853,475,475
Temporal,fr3_walking_xyz,run_04,183,0,0,877,463,463
Temporal,fr3_walking_xyz,run_04,184,0,0,887,461,461
Temporal,fr3_walking_xyz,run_04,185,0,0,924,455,455
Temporal,fr3_walking_xyz,run_04,186,0,0,879,445,445
Temporal,fr3_walking_xyz,run_04,187,0,0,930,447,447
Temporal,fr3_walking_xyz,run_04,188,0,0,940,455,455
Temporal,fr3_walking_xyz,run_04,189,0,0,882,451,451
Temporal,fr3_walking_xyz,run_04,190,0,0,897,451,451
Temporal,fr3_walking_xyz,run_04,191,0,0,918,446,446
Temporal,fr3_walking_xyz,run_04,192,0,0,1039,496,496
Temporal,fr3_walking_xyz,run_04,193,0,0,1070,470,470
Temporal,fr3_walking_xyz,run_04,194,0,0,1100,455,455
Temporal,fr3_walking_xyz,run_04,195,0,0,1157,449,449
Temporal,fr3_walking_xyz,run_04,196,0,0,1300,419,419
Temporal,fr3_walking_xyz,run_04,197,0,0,1311,271,271
Temporal,fr3_walking_xyz,run_04,198,0,0,1348,198,198
Temporal,fr3_walking_xyz,run_04,199,0,0,1442,238,238
Temporal,fr3_walking_xyz,run_04,200,0,0,1327,181,181
Temporal,fr3_walking_xyz,run_04,201,0,0,1335,165,165
Temporal,fr3_walking_xyz,run_04,202,0,0,1387,167,167
Temporal,fr3_walking_xyz,run_04,203,0,0,1513,186,186
Temporal,fr3_walking_xyz,run_04,204,0,0,1553,206,206
Temporal,fr3_walking_xyz,run_04,205,0,0,1543,316,316
Temporal,fr3_walking_xyz,run_04,206,0,0,1601,507,507
Temporal,fr3_walking_xyz,run_04,207,0,0,1668,452,452
Temporal,fr3_walking_xyz,run_04,208,0,0,1619,453,453
Temporal,fr3_walking_xyz,run_04,209,0,0,1591,484,484
Temporal,fr3_walking_xyz,run_04,210,0,0,1722,602,602
Temporal,fr3_walking_xyz,run_04,211,0,0,1662,567,567
Temporal,fr3_walking_xyz,run_04,212,0,0,1777,621,621
Temporal,fr3_walking_xyz,run_04,213,0,0,1754,610,610
Temporal,fr3_walking_xyz,run_04,214,0,0,1659,623,623
Temporal,fr3_walking_xyz,run_04,215,0,0,1792,651,651
Temporal,fr3_walking_xyz,run_04,216,0,0,1750,753,753
Temporal,fr3_walking_xyz,run_04,217,0,0,1801,789,789
Temporal,fr3_walking_xyz,run_04,218,0,0,1794,759,759
Temporal,fr3_walking_xyz,run_04,219,0,0,1867,745,745
Temporal,fr3_walking_xyz,run_04,220,0,0,1824,758,758
Temporal,fr3_walking_xyz,run_04,221,0,0,1874,943,943
Temporal,fr3_walking_xyz,run_04,222,0,0,1891,898,898
Temporal,fr3_walking_xyz,run_04,223,0,0,1834,877,877
Temporal,fr3_walking_xyz,run_04,224,0,0,1904,881,881
Temporal,fr3_walking_xyz,run_04,225,0,0,1904,861,861
Temporal,fr3_walking_xyz,run_04,226,0,0,2014,863,863
Temporal,fr3_walking_xyz,run_04,227,0,0,2014,852,852
Temporal,fr3_walking_xyz,run_04,228,0,0,2058,846,846
Temporal,fr3_walking_xyz,run_04,229,0,0,2014,815,815
Temporal,fr3_walking_xyz,run_04,230,0,0,2054,856,856
Temporal,fr3_walking_xyz,run_04,231,0,0,2024,917,917
Temporal,fr3_walking_xyz,run_04,232,0,0,1951,884,884
Temporal,fr3_walking_xyz,run_04,233,0,0,1918,943,943
Temporal,fr3_walking_xyz,run_04,234,0,0,1919,1024,1024
Temporal,fr3_walking_xyz,run_04,235,0,0,1900,988,988
Temporal,fr3_walking_xyz,run_04,236,0,0,1911,997,997
Temporal,fr3_walking_xyz,run_04,237,0,0,1899,966,966
Temporal,fr3_walking_xyz,run_04,238,0,0,1914,948,948
Temporal,fr3_walking_xyz,run_04,239,0,0,1894,932,932
Temporal,fr3_walking_xyz,run_04,240,0,0,1932,915,915
Temporal,fr3_walking_xyz,run_04,241,0,0,1868,832,832
Temporal,fr3_walking_xyz,run_04,242,0,0,1929,840,840
Temporal,fr3_walking_xyz,run_04,243,0,0,1877,772,772
Temporal,fr3_walking_xyz,run_04,244,0,0,1868,728,728
Temporal,fr3_walking_xyz,run_04,245,0,0,1916,725,725
Temporal,fr3_walking_xyz,run_04,246,0,0,1901,719,719
Temporal,fr3_walking_xyz,run_04,247,0,0,1963,724,724
Temporal,fr3_walking_xyz,run_04,248,0,0,1892,727,727
Temporal,fr3_walking_xyz,run_04,249,0,0,1909,722,722
Temporal,fr3_walking_xyz,run_04,250,0,0,1952,735,735
Temporal,fr3_walking_xyz,run_04,251,0,0,1956,729,729
Temporal,fr3_walking_xyz,run_04,252,0,0,1971,661,661
Temporal,fr3_walking_xyz,run_04,253,0,0,1967,607,607
Temporal,fr3_walking_xyz,run_04,254,0,0,1974,590,590
Temporal,fr3_walking_xyz,run_04,255,0,0,2009,569,569
Temporal,fr3_walking_xyz,run_04,256,0,0,1954,515,515
Temporal,fr3_walking_xyz,run_04,257,0,0,1943,462,462
Temporal,fr3_walking_xyz,run_04,258,0,0,1906,440,440
Temporal,fr3_walking_xyz,run_04,259,0,0,1885,395,395
Temporal,fr3_walking_xyz,run_04,260,0,0,1829,311,311
Temporal,fr3_walking_xyz,run_04,261,0,0,1793,293,293
Temporal,fr3_walking_xyz,run_04,262,0,0,1757,279,279
Temporal,fr3_walking_xyz,run_04,263,0,0,1738,257,257
Temporal,fr3_walking_xyz,run_04,264,0,0,1668,204,204
Temporal,fr3_walking_xyz,run_04,265,0,0,1664,173,173
Temporal,fr3_walking_xyz,run_04,266,0,0,1646,112,112
Temporal,fr3_walking_xyz,run_04,267,0,0,1626,50,50
Temporal,fr3_walking_xyz,run_04,268,0,0,1607,0,0
Temporal,fr3_walking_xyz,run_04,269,0,0,1636,0,0
Temporal,fr3_walking_xyz,run_04,270,0,0,1649,0,0
Temporal,fr3_walking_xyz,run_04,271,0,0,1621,0,0
Temporal,fr3_walking_xyz,run_04,272,0,0,1628,0,0
Temporal,fr3_walking_xyz,run_04,273,0,0,1607,0,0
Temporal,fr3_walking_xyz,run_04,274,0,0,1595,0,0
Temporal,fr3_walking_xyz,run_04,275,0,0,1608,0,0
Temporal,fr3_walking_xyz,run_04,276,0,0,1630,0,0
Temporal,fr3_walking_xyz,run_04,277,0,0,1662,0,0
Temporal,fr3_walking_xyz,run_04,278,0,0,1670,0,0
Temporal,fr3_walking_xyz,run_04,279,0,0,1669,0,0
Temporal,fr3_walking_xyz,run_04,280,0,0,1637,0,0
Temporal,fr3_walking_xyz,run_04,281,0,0,1673,0,0
Temporal,fr3_walking_xyz,run_04,282,0,0,1667,0,0
Temporal,fr3_walking_xyz,run_04,283,0,0,1625,0,0
Temporal,fr3_walking_xyz,run_04,284,0,0,1619,0,0
Temporal,fr3_walking_xyz,run_04,285,0,0,1609,0,0
Temporal,fr3_walking_xyz,run_04,286,0,0,1589,0,0
Temporal,fr3_walking_xyz,run_04,287,0,0,1563,0,0
Temporal,fr3_walking_xyz,run_04,288,0,0,1591,0,0
Temporal,fr3_walking_xyz,run_04,289,0,0,1582,0,0
Temporal,fr3_walking_xyz,run_04,290,0,0,1513,0,0
Temporal,fr3_walking_xyz,run_04,291,0,0,1385,0,0
Temporal,fr3_walking_xyz,run_04,292,0,0,1408,0,0
Temporal,fr3_walking_xyz,run_04,293,0,0,1423,0,0
Temporal,fr3_walking_xyz,run_04,294,0,0,1389,0,0
Temporal,fr3_walking_xyz,run_04,295,0,0,1400,0,0
Temporal,fr3_walking_xyz,run_04,296,0,0,1345,0,0
Temporal,fr3_walking_xyz,run_04,297,0,0,1327,0,0
Temporal,fr3_walking_xyz,run_04,298,0,0,1320,0,0
Temporal,fr3_walking_xyz,run_04,299,0,0,1267,0,0
Temporal,fr3_walking_xyz,run_04,300,0,0,1261,0,0
Temporal,fr3_walking_xyz,run_04,301,0,0,1269,0,0
Temporal,fr3_walking_xyz,run_04,302,0,0,1293,0,0
Temporal,fr3_walking_xyz,run_04,303,0,0,1305,0,0
Temporal,fr3_walking_xyz,run_04,304,0,0,1349,0,0
Temporal,fr3_walking_xyz,run_04,305,0,0,1373,0,0
Temporal,fr3_walking_xyz,run_04,306,0,0,1157,0,0
Temporal,fr3_walking_xyz,run_04,307,0,0,1200,0,0
Temporal,fr3_walking_xyz,run_04,308,0,0,1257,0,0
Temporal,fr3_walking_xyz,run_04,309,0,0,1258,0,0
Temporal,fr3_walking_xyz,run_04,310,0,0,1348,0,0
Temporal,fr3_walking_xyz,run_04,311,0,0,1350,0,0
Temporal,fr3_walking_xyz,run_04,312,0,0,1384,0,0
Temporal,fr3_walking_xyz,run_04,313,0,0,1401,0,0
Temporal,fr3_walking_xyz,run_04,314,0,0,1451,0,0
Temporal,fr3_walking_xyz,run_04,315,0,0,1520,0,0
Temporal,fr3_walking_xyz,run_04,316,0,0,1567,0,0
Temporal,fr3_walking_xyz,run_04,317,0,0,1615,0,0
Temporal,fr3_walking_xyz,run_04,318,0,0,1593,0,0
Temporal,fr3_walking_xyz,run_04,319,0,0,1640,0,0
Temporal,fr3_walking_xyz,run_04,320,0,0,1721,0,0
Temporal,fr3_walking_xyz,run_04,321,0,0,1746,0,0
Temporal,fr3_walking_xyz,run_04,322,0,0,1798,0,0
Temporal,fr3_walking_xyz,run_04,323,0,0,1831,0,0
Temporal,fr3_walking_xyz,run_04,324,0,0,1830,0,0
Temporal,fr3_walking_xyz,run_04,325,0,0,1837,0,0
Temporal,fr3_walking_xyz,run_04,326,0,0,1831,0,0
Temporal,fr3_walking_xyz,run_04,327,0,0,1848,0,0
Temporal,fr3_walking_xyz,run_04,328,0,0,1825,0,0
Temporal,fr3_walking_xyz,run_04,329,0,0,1812,0,0
Temporal,fr3_walking_xyz,run_04,330,0,0,1824,0,0
Temporal,fr3_walking_xyz,run_04,331,0,0,1842,0,0
Temporal,fr3_walking_xyz,run_04,332,0,0,1876,0,0
Temporal,fr3_walking_xyz,run_04,333,0,0,1862,0,0
Temporal,fr3_walking_xyz,run_04,334,0,0,1874,0,0
Temporal,fr3_walking_xyz,run_04,335,0,0,1882,0,0
Temporal,fr3_walking_xyz,run_04,336,0,0,1886,0,0
Temporal,fr3_walking_xyz,run_04,337,0,0,1931,0,0
Temporal,fr3_walking_xyz,run_04,338,0,0,1874,0,0
Temporal,fr3_walking_xyz,run_04,339,0,0,1861,0,0
Temporal,fr3_walking_xyz,run_04,340,0,0,1875,0,0
Temporal,fr3_walking_xyz,run_04,341,0,0,1904,0,0
Temporal,fr3_walking_xyz,run_04,342,0,0,1940,0,0
Temporal,fr3_walking_xyz,run_04,343,0,0,1893,0,0
Temporal,fr3_walking_xyz,run_04,344,0,0,1872,0,0
Temporal,fr3_walking_xyz,run_04,345,0,0,1892,0,0
Temporal,fr3_walking_xyz,run_04,346,0,0,1869,0,0
Temporal,fr3_walking_xyz,run_04,347,0,0,1869,0,0
Temporal,fr3_walking_xyz,run_04,348,0,0,1890,0,0
Temporal,fr3_walking_xyz,run_04,349,0,0,1873,0,0
Temporal,fr3_walking_xyz,run_04,350,0,0,1850,0,0
Temporal,fr3_walking_xyz,run_04,351,0,0,1877,0,0
Temporal,fr3_walking_xyz,run_04,352,0,0,1847,0,0
Temporal,fr3_walking_xyz,run_04,353,0,0,1847,0,0
Temporal,fr3_walking_xyz,run_04,354,0,0,1858,0,0
Temporal,fr3_walking_xyz,run_04,355,0,0,1858,55,55
Temporal,fr3_walking_xyz,run_04,356,0,0,1840,8,8
Temporal,fr3_walking_xyz,run_04,357,0,0,1702,48,48
Temporal,fr3_walking_xyz,run_04,358,0,0,1718,45,45
Temporal,fr3_walking_xyz,run_04,359,0,0,1726,45,45
Temporal,fr3_walking_xyz,run_04,360,0,0,1717,45,45
Temporal,fr3_walking_xyz,run_04,361,0,0,1703,45,45
Temporal,fr3_walking_xyz,run_04,362,0,0,1707,44,44
Temporal,fr3_walking_xyz,run_04,363,0,0,1758,29,29
Temporal,fr3_walking_xyz,run_04,364,0,0,1746,28,28
Temporal,fr3_walking_xyz,run_04,365,0,0,1781,28,28
Temporal,fr3_walking_xyz,run_04,366,0,0,1744,28,28
Temporal,fr3_walking_xyz,run_04,367,0,0,1760,24,24
Temporal,fr3_walking_xyz,run_04,368,0,0,1771,21,21
Temporal,fr3_walking_xyz,run_04,369,0,0,1781,21,21
Temporal,fr3_walking_xyz,run_04,370,0,0,1741,37,37
Temporal,fr3_walking_xyz,run_04,371,0,0,1766,18,18
Temporal,fr3_walking_xyz,run_04,372,0,0,1760,18,18
Temporal,fr3_walking_xyz,run_04,373,0,0,1802,8,8
Temporal,fr3_walking_xyz,run_04,374,0,0,1815,2,2
Temporal,fr3_walking_xyz,run_04,375,0,0,1833,0,0
Temporal,fr3_walking_xyz,run_04,376,0,0,1811,0,0
Temporal,fr3_walking_xyz,run_04,377,0,0,1824,0,0
Temporal,fr3_walking_xyz,run_04,378,0,0,1760,0,0
Temporal,fr3_walking_xyz,run_04,379,0,0,1695,0,0
Temporal,fr3_walking_xyz,run_04,380,0,0,1924,0,0
Temporal,fr3_walking_xyz,run_04,381,0,0,2004,0,0
Temporal,fr3_walking_xyz,run_04,382,0,0,2053,0,0
Temporal,fr3_walking_xyz,run_04,383,0,0,2085,0,0
Temporal,fr3_walking_xyz,run_04,384,0,0,2103,0,0
Temporal,fr3_walking_xyz,run_04,385,0,0,1739,0,0
Temporal,fr3_walking_xyz,run_04,386,0,0,1872,0,0
Temporal,fr3_walking_xyz,run_04,387,0,0,1917,0,0
Temporal,fr3_walking_xyz,run_04,388,0,0,1965,0,0
Temporal,fr3_walking_xyz,run_04,389,0,0,2091,295,295
Temporal,fr3_walking_xyz,run_04,390,0,0,1858,235,235
Temporal,fr3_walking_xyz,run_04,391,0,0,1781,333,333
Temporal,fr3_walking_xyz,run_04,392,0,0,1587,195,195
Temporal,fr3_walking_xyz,run_04,393,0,0,1621,118,118
Temporal,fr3_walking_xyz,run_04,394,0,0,2007,404,404
Temporal,fr3_walking_xyz,run_04,395,0,0,1821,306,306
Temporal,fr3_walking_xyz,run_04,396,0,0,1323,326,326
Temporal,fr3_walking_xyz,run_04,397,0,0,1518,356,356
Temporal,fr3_walking_xyz,run_04,398,0,0,1284,229,229
Temporal,fr3_walking_xyz,run_04,399,0,0,1427,300,300
Temporal,fr3_walking_xyz,run_04,400,0,0,1434,258,258
Temporal,fr3_walking_xyz,run_04,401,0,0,1419,271,271
Temporal,fr3_walking_xyz,run_04,402,0,0,1514,293,293
Temporal,fr3_walking_xyz,run_04,403,0,0,1458,233,233
Temporal,fr3_walking_xyz,run_04,404,0,0,1505,246,246
Temporal,fr3_walking_xyz,run_04,405,0,0,1633,209,209
Temporal,fr3_walking_xyz,run_04,406,0,0,1555,217,217
Temporal,fr3_walking_xyz,run_04,407,0,0,1426,70,70
Temporal,fr3_walking_xyz,run_04,408,0,0,1645,82,82
Temporal,fr3_walking_xyz,run_04,409,0,0,1561,78,78
Temporal,fr3_walking_xyz,run_04,410,0,0,1763,89,89
Temporal,fr3_walking_xyz,run_04,411,0,0,2244,315,315
Temporal,fr3_walking_xyz,run_04,412,0,0,2143,346,346
Temporal,fr3_walking_xyz,run_04,413,0,0,1920,424,424
Temporal,fr3_walking_xyz,run_04,414,0,0,1976,407,407
Temporal,fr3_walking_xyz,run_04,415,0,0,1857,464,464
Temporal,fr3_walking_xyz,run_04,416,0,0,1723,500,500
Temporal,fr3_walking_xyz,run_04,417,0,0,1884,567,567
Temporal,fr3_walking_xyz,run_04,418,0,0,1981,586,586
Temporal,fr3_walking_xyz,run_04,419,0,0,2015,630,630
Temporal,fr3_walking_xyz,run_04,420,0,0,2048,530,530
Temporal,fr3_walking_xyz,run_04,421,0,0,1882,502,502
Temporal,fr3_walking_xyz,run_04,422,0,0,2155,525,525
Temporal,fr3_walking_xyz,run_04,423,0,0,2167,565,565
Temporal,fr3_walking_xyz,run_04,424,0,0,2352,632,632
Temporal,fr3_walking_xyz,run_04,425,0,0,2488,785,785
Temporal,fr3_walking_xyz,run_04,426,0,0,2435,761,761
Temporal,fr3_walking_xyz,run_04,427,0,0,2647,790,790
Temporal,fr3_walking_xyz,run_04,428,0,0,1794,179,179
Temporal,fr3_walking_xyz,run_04,429,0,0,1577,107,107
Temporal,fr3_walking_xyz,run_04,430,0,0,1889,184,184
Temporal,fr3_walking_xyz,run_04,431,0,0,1958,187,187
Temporal,fr3_walking_xyz,run_04,432,0,0,1819,193,193
Temporal,fr3_walking_xyz,run_04,433,0,0,2205,420,420
Temporal,fr3_walking_xyz,run_04,434,0,0,1972,371,371
Temporal,fr3_walking_xyz,run_04,435,0,0,1718,388,388
Temporal,fr3_walking_xyz,run_04,436,0,0,1749,526,526
Temporal,fr3_walking_xyz,run_04,437,0,0,1517,584,584
Temporal,fr3_walking_xyz,run_04,438,0,0,1593,682,682
Temporal,fr3_walking_xyz,run_04,439,0,0,1490,635,635
Temporal,fr3_walking_xyz,run_04,440,0,0,1491,645,645
Temporal,fr3_walking_xyz,run_04,441,0,0,1288,485,485
Temporal,fr3_walking_xyz,run_04,442,0,0,1371,589,589
Temporal,fr3_walking_xyz,run_04,443,0,0,1375,636,636
Temporal,fr3_walking_xyz,run_04,444,0,0,1436,562,562
Temporal,fr3_walking_xyz,run_04,445,0,0,1567,559,559
Temporal,fr3_walking_xyz,run_04,446,0,0,1559,600,600
Temporal,fr3_walking_xyz,run_04,447,0,0,1197,426,426
Temporal,fr3_walking_xyz,run_04,448,0,0,1300,465,465
Temporal,fr3_walking_xyz,run_04,449,0,0,1264,509,509
Temporal,fr3_walking_xyz,run_04,450,0,0,1291,519,519
Temporal,fr3_walking_xyz,run_04,451,0,0,1336,514,514
Temporal,fr3_walking_xyz,run_04,452,0,0,1311,498,498
Temporal,fr3_walking_xyz,run_04,453,0,0,1325,490,490
Temporal,fr3_walking_xyz,run_04,454,0,0,1310,472,472
Temporal,fr3_walking_xyz,run_04,455,0,0,1286,446,446
Temporal,fr3_walking_xyz,run_04,456,0,0,1274,389,389
Temporal,fr3_walking_xyz,run_04,457,0,0,1325,376,376
Temporal,fr3_walking_xyz,run_04,458,0,0,1170,337,337
Temporal,fr3_walking_xyz,run_04,459,0,0,1273,311,311
Temporal,fr3_walking_xyz,run_04,460,0,0,1079,213,213
Temporal,fr3_walking_xyz,run_04,461,0,0,1193,236,236
Temporal,fr3_walking_xyz,run_04,462,0,0,1169,217,217
Temporal,fr3_walking_xyz,run_04,463,0,0,1721,176,176
Temporal,fr3_walking_xyz,run_04,464,0,0,1455,190,190
Temporal,fr3_walking_xyz,run_04,465,0,0,1855,237,237
Temporal,fr3_walking_xyz,run_04,466,0,0,2055,259,259
Temporal,fr3_walking_xyz,run_04,467,0,0,1944,241,241
Temporal,fr3_walking_xyz,run_04,468,0,0,1533,184,184
Temporal,fr3_walking_xyz,run_04,469,0,0,1548,162,162
Temporal,fr3_walking_xyz,run_04,470,0,0,1696,182,182
Temporal,fr3_walking_xyz,run_04,471,0,0,1521,139,139
Temporal,fr3_walking_xyz,run_04,472,0,0,1654,157,157
Temporal,fr3_walking_xyz,run_04,473,0,0,1640,152,152
Temporal,fr3_walking_xyz,run_04,474,0,0,1506,131,131
Temporal,fr3_walking_xyz,run_04,475,0,0,1736,173,173
Temporal,fr3_walking_xyz,run_04,476,0,0,1730,139,139
Temporal,fr3_walking_xyz,run_04,477,0,0,1654,124,124
Temporal,fr3_walking_xyz,run_04,478,0,0,1768,153,153
Temporal,fr3_walking_xyz,run_04,479,0,0,1732,143,143
Temporal,fr3_walking_xyz,run_04,480,0,0,1747,131,131
Temporal,fr3_walking_xyz,run_04,481,0,0,1705,52,52
Temporal,fr3_walking_xyz,run_04,482,0,0,1961,57,57
Temporal,fr3_walking_xyz,run_04,483,0,0,1750,28,28
Temporal,fr3_walking_xyz,run_04,484,0,0,2024,49,49
Temporal,fr3_walking_xyz,run_04,485,0,0,2003,31,31
Temporal,fr3_walking_xyz,run_04,486,0,0,1892,22,22
Temporal,fr3_walking_xyz,run_04,487,0,0,1942,16,16
Temporal,fr3_walking_xyz,run_04,488,0,0,2269,31,31
Temporal,fr3_walking_xyz,run_04,489,0,0,2305,31,31
Temporal,fr3_walking_xyz,run_04,490,0,0,2150,23,23
Temporal,fr3_walking_xyz,run_04,491,0,0,2074,23,23
Temporal,fr3_walking_xyz,run_04,492,0,0,1937,16,16
Temporal,fr3_walking_xyz,run_04,493,0,0,2065,18,18
Temporal,fr3_walking_xyz,run_04,494,0,0,2126,20,20
Temporal,fr3_walking_xyz,run_04,495,0,0,2198,24,24
Temporal,fr3_walking_xyz,run_04,496,0,0,2162,21,21
Temporal,fr3_walking_xyz,run_04,497,0,0,2268,20,20
Temporal,fr3_walking_xyz,run_04,498,0,0,2178,19,19
Temporal,fr3_walking_xyz,run_04,499,0,0,2100,12,12
Temporal,fr3_walking_xyz,run_04,500,0,0,2121,10,10
Temporal,fr3_walking_xyz,run_04,501,0,0,2122,10,10
Temporal,fr3_walking_xyz,run_04,502,0,0,2170,6,6
Temporal,fr3_walking_xyz,run_04,503,0,0,2247,5,5
Temporal,fr3_walking_xyz,run_04,504,0,0,2221,10,10
Temporal,fr3_walking_xyz,run_04,505,0,0,2211,15,15
Temporal,fr3_walking_xyz,run_04,506,0,0,2011,11,11
Temporal,fr3_walking_xyz,run_04,507,0,0,2009,34,34
Temporal,fr3_walking_xyz,run_04,508,0,0,2565,51,51
Temporal,fr3_walking_xyz,run_04,509,0,0,2352,43,43
Temporal,fr3_walking_xyz,run_04,510,0,0,2425,74,74
Temporal,fr3_walking_xyz,run_04,511,0,0,2139,92,92
Temporal,fr3_walking_xyz,run_04,512,0,0,2171,86,86
Temporal,fr3_walking_xyz,run_04,513,0,0,2187,96,96
Temporal,fr3_walking_xyz,run_04,514,0,0,2156,123,123
Temporal,fr3_walking_xyz,run_04,515,0,0,2070,127,127
Temporal,fr3_walking_xyz,run_04,516,0,0,2075,102,102
Temporal,fr3_walking_xyz,run_04,517,0,0,2076,135,135
Temporal,fr3_walking_xyz,run_04,518,0,0,2075,164,164
Temporal,fr3_walking_xyz,run_04,519,0,0,2130,207,207
Temporal,fr3_walking_xyz,run_04,520,0,0,1882,222,222
Temporal,fr3_walking_xyz,run_04,521,0,0,1969,315,315
Temporal,fr3_walking_xyz,run_04,522,0,0,1932,402,402
Temporal,fr3_walking_xyz,run_04,523,0,0,1718,417,417
Temporal,fr3_walking_xyz,run_04,524,0,0,1750,424,424
Temporal,fr3_walking_xyz,run_04,525,0,0,1772,404,404
Temporal,fr3_walking_xyz,run_04,526,0,0,1792,427,427
Temporal,fr3_walking_xyz,run_04,527,0,0,1788,415,415
Temporal,fr3_walking_xyz,run_04,528,0,0,1698,400,400
Temporal,fr3_walking_xyz,run_04,529,0,0,1710,412,412
Temporal,fr3_walking_xyz,run_04,530,0,0,1776,404,404
Temporal,fr3_walking_xyz,run_04,531,0,0,1671,372,372
Temporal,fr3_walking_xyz,run_04,532,0,0,1715,384,384
Temporal,fr3_walking_xyz,run_04,533,0,0,1608,358,358
Temporal,fr3_walking_xyz,run_04,534,0,0,1570,345,345
Temporal,fr3_walking_xyz,run_04,535,0,0,1707,356,356
Temporal,fr3_walking_xyz,run_04,536,0,0,1758,369,369
Temporal,fr3_walking_xyz,run_04,537,0,0,1730,342,342
Temporal,fr3_walking_xyz,run_04,538,0,0,1839,379,379
Temporal,fr3_walking_xyz,run_04,539,0,0,1759,355,355
Temporal,fr3_walking_xyz,run_04,540,0,0,1681,353,353
Temporal,fr3_walking_xyz,run_04,541,0,0,1736,343,343
Temporal,fr3_walking_xyz,run_04,542,0,0,1836,350,350
Temporal,fr3_walking_xyz,run_04,543,0,0,1836,338,338
Temporal,fr3_walking_xyz,run_04,544,0,0,1912,330,330
Temporal,fr3_walking_xyz,run_04,545,0,0,1874,316,316
Temporal,fr3_walking_xyz,run_04,546,0,0,1751,299,299
Temporal,fr3_walking_xyz,run_04,547,0,0,1853,270,270
Temporal,fr3_walking_xyz,run_04,548,0,0,1662,235,235
Temporal,fr3_walking_xyz,run_04,549,0,0,1783,248,248
Temporal,fr3_walking_xyz,run_04,550,0,0,1658,233,233
Temporal,fr3_walking_xyz,run_04,551,0,0,1799,220,220
Temporal,fr3_walking_xyz,run_04,552,0,0,1472,186,186
Temporal,fr3_walking_xyz,run_04,553,0,0,1593,157,157
Temporal,fr3_walking_xyz,run_04,554,0,0,1419,166,166
Temporal,fr3_walking_xyz,run_04,555,0,0,1558,286,286
Temporal,fr3_walking_xyz,run_04,556,0,0,1655,263,263
Temporal,fr3_walking_xyz,run_04,557,0,0,1730,289,289
Temporal,fr3_walking_xyz,run_04,558,0,0,1891,330,330
Temporal,fr3_walking_xyz,run_04,559,0,0,1691,313,313
Temporal,fr3_walking_xyz,run_04,560,0,0,1600,296,296
Temporal,fr3_walking_xyz,run_04,561,0,0,1766,303,303
Temporal,fr3_walking_xyz,run_04,562,0,0,1560,244,244
Temporal,fr3_walking_xyz,run_04,563,0,0,1761,272,272
Temporal,fr3_walking_xyz,run_04,564,0,0,1778,273,273
Temporal,fr3_walking_xyz,run_04,565,0,0,1750,250,250
Temporal,fr3_walking_xyz,run_04,566,0,0,1623,218,218
Temporal,fr3_walking_xyz,run_04,567,0,0,1690,214,214
Temporal,fr3_walking_xyz,run_04,568,0,0,1695,290,290
Temporal,fr3_walking_xyz,run_04,569,0,0,1622,279,279
Temporal,fr3_walking_xyz,run_04,570,0,0,1703,230,230
Temporal,fr3_walking_xyz,run_04,571,0,0,1518,265,265
Temporal,fr3_walking_xyz,run_04,572,0,0,1784,281,281
Temporal,fr3_walking_xyz,run_04,573,0,0,1723,274,274
Temporal,fr3_walking_xyz,run_04,574,0,0,1642,263,263
Temporal,fr3_walking_xyz,run_04,575,0,0,1720,309,309
Temporal,fr3_walking_xyz,run_04,576,0,0,1779,299,299
Temporal,fr3_walking_xyz,run_04,577,0,0,1665,248,248
Temporal,fr3_walking_xyz,run_04,578,0,0,1771,210,210
Temporal,fr3_walking_xyz,run_04,579,0,0,1692,205,205
Temporal,fr3_walking_xyz,run_04,580,0,0,1981,253,253
Temporal,fr3_walking_xyz,run_04,581,0,0,1914,278,278
Temporal,fr3_walking_xyz,run_04,582,0,0,1956,284,284
Temporal,fr3_walking_xyz,run_04,583,0,0,1821,284,284
Temporal,fr3_walking_xyz,run_04,584,0,0,1737,252,252
Temporal,fr3_walking_xyz,run_04,585,0,0,1511,153,153
Temporal,fr3_walking_xyz,run_04,586,0,0,1635,248,248
Temporal,fr3_walking_xyz,run_04,587,0,0,1789,228,228
Temporal,fr3_walking_xyz,run_04,588,0,0,1996,377,377
Temporal,fr3_walking_xyz,run_04,589,0,0,1776,357,357
Temporal,fr3_walking_xyz,run_04,590,0,0,2073,667,667
Temporal,fr3_walking_xyz,run_04,591,0,0,2061,639,639
Temporal,fr3_walking_xyz,run_04,592,0,0,1924,610,610
Temporal,fr3_walking_xyz,run_04,593,0,0,1753,565,565
Temporal,fr3_walking_xyz,run_04,594,0,0,1496,579,579
Temporal,fr3_walking_xyz,run_04,595,0,0,1542,623,623
Temporal,fr3_walking_xyz,run_04,596,0,0,1649,715,715
Temporal,fr3_walking_xyz,run_04,597,0,0,1896,805,805
Temporal,fr3_walking_xyz,run_04,598,0,0,1966,807,807
Temporal,fr3_walking_xyz,run_04,599,0,0,1783,659,659
Temporal,fr3_walking_xyz,run_04,600,0,0,1498,602,602
Temporal,fr3_walking_xyz,run_04,601,0,0,1411,641,641
Temporal,fr3_walking_xyz,run_04,602,0,0,1554,659,659
Temporal,fr3_walking_xyz,run_04,603,0,0,2006,814,814
Temporal,fr3_walking_xyz,run_04,604,0,0,1711,747,747
Temporal,fr3_walking_xyz,run_04,605,0,0,1753,730,730
Temporal,fr3_walking_xyz,run_04,606,0,0,1875,901,901
Temporal,fr3_walking_xyz,run_04,607,0,0,1880,856,856
Temporal,fr3_walking_xyz,run_04,608,0,0,1567,771,771
Temporal,fr3_walking_xyz,run_04,609,0,0,1721,783,783
Temporal,fr3_walking_xyz,run_04,610,0,0,1682,778,778
Temporal,fr3_walking_xyz,run_04,611,0,0,1440,699,699
Temporal,fr3_walking_xyz,run_04,612,0,0,930,343,343
Temporal,fr3_walking_xyz,run_04,613,0,0,1589,659,659
Temporal,fr3_walking_xyz,run_04,614,0,0,1569,630,630
Temporal,fr3_walking_xyz,run_04,615,0,0,1497,659,659
Temporal,fr3_walking_xyz,run_04,616,0,0,1500,645,645
Temporal,fr3_walking_xyz,run_04,617,0,0,1408,485,485
Temporal,fr3_walking_xyz,run_04,618,0,0,1366,485,485
Temporal,fr3_walking_xyz,run_04,619,0,0,1078,474,474
Temporal,fr3_walking_xyz,run_04,620,0,0,1177,429,429
Temporal,fr3_walking_xyz,run_04,621,0,0,1423,710,710
Temporal,fr3_walking_xyz,run_04,622,0,0,1302,608,608
Temporal,fr3_walking_xyz,run_04,623,0,0,1042,492,492
Temporal,fr3_walking_xyz,run_04,624,0,0,1293,532,532
Temporal,fr3_walking_xyz,run_04,625,0,0,1505,646,646
Temporal,fr3_walking_xyz,run_04,626,0,0,1225,543,543
Temporal,fr3_walking_xyz,run_04,627,0,0,1147,551,551
Temporal,fr3_walking_xyz,run_04,628,0,0,1172,608,608
Temporal,fr3_walking_xyz,run_04,629,0,0,1118,540,540
Temporal,fr3_walking_xyz,run_04,630,0,0,1197,562,562
Temporal,fr3_walking_xyz,run_04,631,0,0,1148,455,455
Temporal,fr3_walking_xyz,run_04,632,0,0,1416,647,647
Temporal,fr3_walking_xyz,run_04,633,0,0,1236,623,623
Temporal,fr3_walking_xyz,run_04,634,0,0,1241,590,590
Temporal,fr3_walking_xyz,run_04,635,0,0,958,374,374
Temporal,fr3_walking_xyz,run_04,636,0,0,1006,407,407
Temporal,fr3_walking_xyz,run_04,637,0,0,1058,488,488
Temporal,fr3_walking_xyz,run_04,638,0,0,1052,349,349
Temporal,fr3_walking_xyz,run_04,639,0,0,1257,560,560
Temporal,fr3_walking_xyz,run_04,640,0,0,1444,595,595
Temporal,fr3_walking_xyz,run_04,641,0,0,1533,641,641
Temporal,fr3_walking_xyz,run_04,642,0,0,1534,624,624
Temporal,fr3_walking_xyz,run_04,643,0,0,1568,602,602
Temporal,fr3_walking_xyz,run_04,644,0,0,1722,643,643
Temporal,fr3_walking_xyz,run_04,645,0,0,1739,661,661
Temporal,fr3_walking_xyz,run_04,646,0,0,1707,627,627
Temporal,fr3_walking_xyz,run_04,647,0,0,1975,777,777
Temporal,fr3_walking_xyz,run_04,648,0,0,1799,650,650
Temporal,fr3_walking_xyz,run_04,649,0,0,1793,637,637
Temporal,fr3_walking_xyz,run_04,650,0,0,1811,624,624
Temporal,fr3_walking_xyz,run_04,651,0,0,1810,589,589
Temporal,fr3_walking_xyz,run_04,652,0,0,1678,548,548
Temporal,fr3_walking_xyz,run_04,653,0,0,1875,692,692
Temporal,fr3_walking_xyz,run_04,654,0,0,1734,626,626
Temporal,fr3_walking_xyz,run_04,655,0,0,1785,540,540
Temporal,fr3_walking_xyz,run_04,656,0,0,1995,679,679
Temporal,fr3_walking_xyz,run_04,657,0,0,1827,480,480
Temporal,fr3_walking_xyz,run_04,658,0,0,1905,498,498
Temporal,fr3_walking_xyz,run_04,659,0,0,1931,526,526
Temporal,fr3_walking_xyz,run_04,660,0,0,1964,590,590
Temporal,fr3_walking_xyz,run_04,661,0,0,2078,622,622
Temporal,fr3_walking_xyz,run_04,662,0,0,1960,520,520
Temporal,fr3_walking_xyz,run_04,663,0,0,2163,559,559
Temporal,fr3_walking_xyz,run_04,664,0,0,1905,387,387
Temporal,fr3_walking_xyz,run_04,665,0,0,1979,496,496
Temporal,fr3_walking_xyz,run_04,666,0,0,2020,729,729
Temporal,fr3_walking_xyz,run_04,667,0,0,1878,577,577
Temporal,fr3_walking_xyz,run_04,668,0,0,2037,635,635
Temporal,fr3_walking_xyz,run_04,669,0,0,2096,706,706
Temporal,fr3_walking_xyz,run_04,670,0,0,2173,718,718
Temporal,fr3_walking_xyz,run_04,671,0,0,1919,516,516
Temporal,fr3_walking_xyz,run_04,672,0,0,2250,598,598
Temporal,fr3_walking_xyz,run_04,673,0,0,2344,627,627
Temporal,fr3_walking_xyz,run_04,674,0,0,2046,428,428
Temporal,fr3_walking_xyz,run_04,675,0,0,1788,268,268
Temporal,fr3_walking_xyz,run_04,676,0,0,2103,391,391
Temporal,fr3_walking_xyz,run_04,677,0,0,2539,614,614
Temporal,fr3_walking_xyz,run_04,678,0,0,2630,588,588
Temporal,fr3_walking_xyz,run_04,679,0,0,2188,385,385
Temporal,fr3_walking_xyz,run_04,680,0,0,2509,562,562
Temporal,fr3_walking_xyz,run_04,681,0,0,2174,439,439
Temporal,fr3_walking_xyz,run_04,682,0,0,2194,448,448
Temporal,fr3_walking_xyz,run_04,683,0,0,2565,789,789
Temporal,fr3_walking_xyz,run_04,684,0,0,2507,905,905
Temporal,fr3_walking_xyz,run_04,685,0,0,2533,1154,1154
Temporal,fr3_walking_xyz,run_04,686,0,0,2164,815,815
Temporal,fr3_walking_xyz,run_04,687,0,0,2136,877,877
Temporal,fr3_walking_xyz,run_04,688,0,0,2138,912,912
Temporal,fr3_walking_xyz,run_04,689,0,0,2173,942,942
Temporal,fr3_walking_xyz,run_04,690,0,0,2066,898,898
Temporal,fr3_walking_xyz,run_04,691,0,0,2081,865,865
Temporal,fr3_walking_xyz,run_04,692,0,0,2218,981,981
Temporal,fr3_walking_xyz,run_04,693,0,0,2236,1013,1013
Temporal,fr3_walking_xyz,run_04,694,0,0,2271,1010,1010
Temporal,fr3_walking_xyz,run_04,695,0,0,2285,1049,1049
Temporal,fr3_walking_xyz,run_04,696,0,0,2313,1143,1143
Temporal,fr3_walking_xyz,run_04,697,0,0,2243,1187,1187
Temporal,fr3_walking_xyz,run_04,698,0,0,2312,1268,1268
Temporal,fr3_walking_xyz,run_04,699,0,0,2288,1264,1264
Temporal,fr3_walking_xyz,run_04,700,0,0,2210,1163,1163
Temporal,fr3_walking_xyz,run_04,701,0,0,2179,1190,1190
Temporal,fr3_walking_xyz,run_04,702,0,0,2330,1361,1361
Temporal,fr3_walking_xyz,run_04,703,0,0,2215,1238,1238
Temporal,fr3_walking_xyz,run_04,704,0,0,2357,1303,1303
Temporal,fr3_walking_xyz,run_04,705,0,0,2386,1300,1300
Temporal,fr3_walking_xyz,run_04,706,0,0,2365,1299,1299
Temporal,fr3_walking_xyz,run_04,707,0,0,2442,1348,1348
Temporal,fr3_walking_xyz,run_04,708,0,0,2300,1261,1261
Temporal,fr3_walking_xyz,run_04,709,0,0,2326,1258,1258
Temporal,fr3_walking_xyz,run_04,710,0,0,2473,1334,1334
Temporal,fr3_walking_xyz,run_04,711,0,0,2329,1208,1208
Temporal,fr3_walking_xyz,run_04,712,0,0,2314,1161,1161
Temporal,fr3_walking_xyz,run_04,713,0,0,2541,1317,1317
Temporal,fr3_walking_xyz,run_04,714,0,0,2563,1366,1366
Temporal,fr3_walking_xyz,run_04,715,0,0,2400,1214,1214
Temporal,fr3_walking_xyz,run_04,716,0,0,2369,1190,1190
Temporal,fr3_walking_xyz,run_04,717,0,0,2306,1140,1140
Temporal,fr3_walking_xyz,run_04,718,0,0,1924,871,871
Temporal,fr3_walking_xyz,run_04,719,0,0,2059,886,886
Temporal,fr3_walking_xyz,run_04,720,0,0,2683,1419,1419
Temporal,fr3_walking_xyz,run_04,721,0,0,2655,1480,1480
Temporal,fr3_walking_xyz,run_04,722,0,0,2627,1512,1512
Temporal,fr3_walking_xyz,run_04,723,0,0,2313,1200,1200
Temporal,fr3_walking_xyz,run_04,724,0,0,2685,1529,1529
Temporal,fr3_walking_xyz,run_04,725,0,0,2755,1628,1628
Temporal,fr3_walking_xyz,run_04,726,0,0,2263,1184,1184
Temporal,fr3_walking_xyz,run_04,727,0,0,2301,1296,1296
Temporal,fr3_walking_xyz,run_04,728,0,0,1816,956,956
Temporal,fr3_walking_xyz,run_04,729,0,0,1855,949,949
Temporal,fr3_walking_xyz,run_04,730,0,0,1922,972,972
Temporal,fr3_walking_xyz,run_04,731,0,0,2685,1566,1566
Temporal,fr3_walking_xyz,run_04,732,0,0,2437,1449,1449
Temporal,fr3_walking_xyz,run_04,733,0,0,2419,1431,1431
Temporal,fr3_walking_xyz,run_04,734,0,0,2462,1426,1426
Temporal,fr3_walking_xyz,run_04,735,0,0,2447,1436,1436
Temporal,fr3_walking_xyz,run_04,736,0,0,2008,958,958
Temporal,fr3_walking_xyz,run_04,737,0,0,1915,918,918
Temporal,fr3_walking_xyz,run_04,738,0,0,1866,942,942
Temporal,fr3_walking_xyz,run_04,739,0,0,1814,910,910
Temporal,fr3_walking_xyz,run_04,740,0,0,1916,913,913
Temporal,fr3_walking_xyz,run_04,741,0,0,1897,890,890
Temporal,fr3_walking_xyz,run_04,742,0,0,1818,827,827
Temporal,fr3_walking_xyz,run_04,743,0,0,1347,414,414
Temporal,fr3_walking_xyz,run_04,744,0,0,1826,818,818
Temporal,fr3_walking_xyz,run_04,745,0,0,1674,727,727
Temporal,fr3_walking_xyz,run_04,746,0,0,1483,568,568
Temporal,fr3_walking_xyz,run_04,747,0,0,1533,611,611
Temporal,fr3_walking_xyz,run_04,748,0,0,1528,651,651
Temporal,fr3_walking_xyz,run_04,749,0,0,1580,676,676
Temporal,fr3_walking_xyz,run_04,750,0,0,1607,659,659
Temporal,fr3_walking_xyz,run_04,751,0,0,1480,603,603
Temporal,fr3_walking_xyz,run_04,752,0,0,1316,546,546
Temporal,fr3_walking_xyz,run_04,753,0,0,1379,570,570
Temporal,fr3_walking_xyz,run_04,754,0,0,1437,599,599
Temporal,fr3_walking_xyz,run_04,755,0,0,1368,567,567
Temporal,fr3_walking_xyz,run_04,756,0,0,1364,591,591
Temporal,fr3_walking_xyz,run_04,757,0,0,1590,742,742
Temporal,fr3_walking_xyz,run_04,758,0,0,1617,715,715
Temporal,fr3_walking_xyz,run_04,759,0,0,1408,545,545
Temporal,fr3_walking_xyz,run_04,760,0,0,1484,508,508
Temporal,fr3_walking_xyz,run_04,761,0,0,1381,433,433
Temporal,fr3_walking_xyz,run_04,762,0,0,1499,434,434
Temporal,fr3_walking_xyz,run_04,763,0,0,1677,556,556
Temporal,fr3_walking_xyz,run_04,764,0,0,1918,621,621
Temporal,fr3_walking_xyz,run_04,765,0,0,1587,418,418
Temporal,fr3_walking_xyz,run_04,766,0,0,1650,420,420
Temporal,fr3_walking_xyz,run_04,767,0,0,1690,455,455
Temporal,fr3_walking_xyz,run_04,768,0,0,1681,457,457
Temporal,fr3_walking_xyz,run_04,769,0,0,1611,467,467
Temporal,fr3_walking_xyz,run_04,770,0,0,1621,608,608
Temporal,fr3_walking_xyz,run_04,771,0,0,1504,507,507
Temporal,fr3_walking_xyz,run_04,772,0,0,1561,540,540
Temporal,fr3_walking_xyz,run_04,773,0,0,1564,575,575
Temporal,fr3_walking_xyz,run_04,774,0,0,1550,564,564
Temporal,fr3_walking_xyz,run_04,775,0,0,1480,576,576
Temporal,fr3_walking_xyz,run_04,776,0,0,1552,548,548
Temporal,fr3_walking_xyz,run_04,777,0,0,1369,495,495
Temporal,fr3_walking_xyz,run_04,778,0,0,1362,381,381
Temporal,fr3_walking_xyz,run_04,779,0,0,1412,471,471
Temporal,fr3_walking_xyz,run_04,780,0,0,1528,477,477
Temporal,fr3_walking_xyz,run_04,781,0,0,1445,472,472
Temporal,fr3_walking_xyz,run_04,782,0,0,1559,493,493
Temporal,fr3_walking_xyz,run_04,783,0,0,1534,465,465
Temporal,fr3_walking_xyz,run_04,784,0,0,1624,480,480
Temporal,fr3_walking_xyz,run_04,785,0,0,1692,559,559
Temporal,fr3_walking_xyz,run_04,786,0,0,1793,606,606
Temporal,fr3_walking_xyz,run_04,787,0,0,1784,579,579
Temporal,fr3_walking_xyz,run_04,788,0,0,1574,519,519
Temporal,fr3_walking_xyz,run_04,789,0,0,1728,549,549
Temporal,fr3_walking_xyz,run_04,790,0,0,1774,1031,1031
Temporal,fr3_walking_xyz,run_04,791,0,0,1698,638,638
Temporal,fr3_walking_xyz,run_04,792,0,0,1758,734,734
Temporal,fr3_walking_xyz,run_04,793,0,0,1756,785,785
Temporal,fr3_walking_xyz,run_04,794,0,0,1770,1103,1103
Temporal,fr3_walking_xyz,run_04,795,0,0,1784,1079,1079
Temporal,fr3_walking_xyz,run_04,796,0,0,1837,1098,1098
Temporal,fr3_walking_xyz,run_04,797,0,0,1813,1078,1078
Temporal,fr3_walking_xyz,run_04,798,0,0,1822,1107,1107
Temporal,fr3_walking_xyz,run_04,799,0,0,1614,953,953
Temporal,fr3_walking_xyz,run_04,800,0,0,1477,904,904
Temporal,fr3_walking_xyz,run_04,801,0,0,1633,922,922
Temporal,fr3_walking_xyz,run_04,802,0,0,1626,912,912
Temporal,fr3_walking_xyz,run_04,803,0,0,1642,906,906
Temporal,fr3_walking_xyz,run_04,804,0,0,1759,980,980
Temporal,fr3_walking_xyz,run_04,805,0,0,1775,988,988
Temporal,fr3_walking_xyz,run_04,806,0,0,2039,1044,1044
Temporal,fr3_walking_xyz,run_04,807,0,0,1622,855,855
Temporal,fr3_walking_xyz,run_04,808,0,0,1926,936,936
Temporal,fr3_walking_xyz,run_04,809,0,0,2083,911,911
Temporal,fr3_walking_xyz,run_04,810,0,0,2087,893,893
Temporal,fr3_walking_xyz,run_04,811,0,0,2017,968,968
Temporal,fr3_walking_xyz,run_04,812,0,0,1977,946,946
Temporal,fr3_walking_xyz,run_04,813,0,0,2218,1002,1002
Temporal,fr3_walking_xyz,run_04,814,0,0,2497,1073,1073
Temporal,fr3_walking_xyz,run_04,815,0,0,2318,1078,1078
Temporal,fr3_walking_xyz,run_04,816,0,0,3090,1482,1482
Temporal,fr3_walking_xyz,run_04,817,0,0,2915,1420,1420
Temporal,fr3_walking_xyz,run_04,818,0,0,2508,1296,1296
Temporal,fr3_walking_xyz,run_04,819,0,0,2430,1371,1371
Temporal,fr3_walking_xyz,run_04,820,0,0,1733,939,939
Temporal,fr3_walking_xyz,run_04,821,0,0,1924,992,992
Temporal,fr3_walking_xyz,run_04,822,0,0,1724,863,863
Temporal,fr3_walking_xyz,run_04,823,0,0,2023,1142,1142
Temporal,fr3_walking_xyz,run_04,824,0,0,2081,1141,1141
Temporal,fr3_walking_xyz,run_04,825,0,0,2017,1069,1069
Temporal,fr3_walking_xyz,run_04,826,0,0,2127,1139,1139
Temporal,fr3_walking_xyz,run_05,1,0,0,251,14,14
Temporal,fr3_walking_xyz,run_05,2,0,0,449,7,7
Temporal,fr3_walking_xyz,run_05,3,0,0,473,12,12
Temporal,fr3_walking_xyz,run_05,4,0,0,443,11,11
Temporal,fr3_walking_xyz,run_05,5,0,0,459,18,18
Temporal,fr3_walking_xyz,run_05,6,0,0,457,9,9
Temporal,fr3_walking_xyz,run_05,7,0,0,467,12,12
Temporal,fr3_walking_xyz,run_05,8,0,0,396,2,2
Temporal,fr3_walking_xyz,run_05,9,0,0,377,5,5
Temporal,fr3_walking_xyz,run_05,10,0,0,474,14,14
Temporal,fr3_walking_xyz,run_05,11,0,0,437,23,23
Temporal,fr3_walking_xyz,run_05,12,0,0,578,40,40
Temporal,fr3_walking_xyz,run_05,13,0,0,463,16,16
Temporal,fr3_walking_xyz,run_05,14,0,0,587,22,22
Temporal,fr3_walking_xyz,run_05,15,0,0,467,30,30
Temporal,fr3_walking_xyz,run_05,16,0,0,554,196,196
Temporal,fr3_walking_xyz,run_05,17,0,0,439,137,137
Temporal,fr3_walking_xyz,run_05,18,0,0,514,136,136
Temporal,fr3_walking_xyz,run_05,19,0,0,508,135,135
Temporal,fr3_walking_xyz,run_05,20,0,0,500,136,136
Temporal,fr3_walking_xyz,run_05,21,0,0,514,132,132
Temporal,fr3_walking_xyz,run_05,22,0,0,383,85,85
Temporal,fr3_walking_xyz,run_05,23,0,0,448,87,87
Temporal,fr3_walking_xyz,run_05,24,0,0,422,81,81
Temporal,fr3_walking_xyz,run_05,25,0,0,472,75,75
Temporal,fr3_walking_xyz,run_05,26,0,0,525,92,92
Temporal,fr3_walking_xyz,run_05,27,0,0,469,80,80
Temporal,fr3_walking_xyz,run_05,28,0,0,532,71,71
Temporal,fr3_walking_xyz,run_05,29,0,0,548,74,74
Temporal,fr3_walking_xyz,run_05,30,0,0,520,70,70
Temporal,fr3_walking_xyz,run_05,31,0,0,426,65,65
Temporal,fr3_walking_xyz,run_05,32,0,0,479,71,71
Temporal,fr3_walking_xyz,run_05,33,0,0,548,94,94
Temporal,fr3_walking_xyz,run_05,34,0,0,518,94,94
Temporal,fr3_walking_xyz,run_05,35,0,0,556,89,89
Temporal,fr3_walking_xyz,run_05,36,0,0,494,113,113
Temporal,fr3_walking_xyz,run_05,37,0,0,488,103,103
Temporal,fr3_walking_xyz,run_05,38,0,0,473,79,79
Temporal,fr3_walking_xyz,run_05,39,0,0,521,86,86
Temporal,fr3_walking_xyz,run_05,40,0,0,475,96,96
Temporal,fr3_walking_xyz,run_05,41,0,0,461,93,93
Temporal,fr3_walking_xyz,run_05,42,0,0,480,109,109
Temporal,fr3_walking_xyz,run_05,43,0,0,535,107,107
Temporal,fr3_walking_xyz,run_05,44,0,0,493,104,104
Temporal,fr3_walking_xyz,run_05,45,0,0,548,106,106
Temporal,fr3_walking_xyz,run_05,46,0,0,469,81,81
Temporal,fr3_walking_xyz,run_05,47,0,0,464,76,76
Temporal,fr3_walking_xyz,run_05,48,0,0,538,83,83
Temporal,fr3_walking_xyz,run_05,49,0,0,512,97,97
Temporal,fr3_walking_xyz,run_05,50,0,0,600,138,138
Temporal,fr3_walking_xyz,run_05,51,0,0,551,113,113
Temporal,fr3_walking_xyz,run_05,52,0,0,503,121,121
Temporal,fr3_walking_xyz,run_05,53,0,0,445,95,95
Temporal,fr3_walking_xyz,run_05,54,0,0,455,91,91
Temporal,fr3_walking_xyz,run_05,55,0,0,529,88,88
Temporal,fr3_walking_xyz,run_05,56,0,0,577,119,119
Temporal,fr3_walking_xyz,run_05,57,0,0,552,92,92
Temporal,fr3_walking_xyz,run_05,58,0,0,480,84,84
Temporal,fr3_walking_xyz,run_05,59,0,0,504,72,72
Temporal,fr3_walking_xyz,run_05,60,0,0,508,72,72
Temporal,fr3_walking_xyz,run_05,61,0,0,448,70,70
Temporal,fr3_walking_xyz,run_05,62,0,0,472,68,68
Temporal,fr3_walking_xyz,run_05,63,0,0,528,69,69
Temporal,fr3_walking_xyz,run_05,64,0,0,525,84,84
Temporal,fr3_walking_xyz,run_05,65,0,0,550,88,88
Temporal,fr3_walking_xyz,run_05,66,0,0,538,85,85
Temporal,fr3_walking_xyz,run_05,67,0,0,460,73,73
Temporal,fr3_walking_xyz,run_05,68,0,0,521,74,74
Temporal,fr3_walking_xyz,run_05,69,0,0,532,78,78
Temporal,fr3_walking_xyz,run_05,70,0,0,544,81,81
Temporal,fr3_walking_xyz,run_05,71,0,0,495,69,69
Temporal,fr3_walking_xyz,run_05,72,0,0,552,74,74
Temporal,fr3_walking_xyz,run_05,73,0,0,531,80,80
Temporal,fr3_walking_xyz,run_05,74,0,0,593,126,126
Temporal,fr3_walking_xyz,run_05,75,0,0,532,122,122
Temporal,fr3_walking_xyz,run_05,76,0,0,603,124,124
Temporal,fr3_walking_xyz,run_05,77,0,0,568,126,126
Temporal,fr3_walking_xyz,run_05,78,0,0,610,126,126
Temporal,fr3_walking_xyz,run_05,79,0,0,554,131,131
Temporal,fr3_walking_xyz,run_05,80,0,0,610,146,146
Temporal,fr3_walking_xyz,run_05,81,0,0,571,135,135
Temporal,fr3_walking_xyz,run_05,82,0,0,531,118,118
Temporal,fr3_walking_xyz,run_05,83,0,0,536,112,112
Temporal,fr3_walking_xyz,run_05,84,0,0,577,123,123
Temporal,fr3_walking_xyz,run_05,85,0,0,641,135,135
Temporal,fr3_walking_xyz,run_05,86,0,0,585,113,113
Temporal,fr3_walking_xyz,run_05,87,0,0,638,126,126
Temporal,fr3_walking_xyz,run_05,88,0,0,573,118,118
Temporal,fr3_walking_xyz,run_05,89,0,0,572,132,132
Temporal,fr3_walking_xyz,run_05,90,0,0,538,124,124
Temporal,fr3_walking_xyz,run_05,91,0,0,573,119,119
Temporal,fr3_walking_xyz,run_05,92,0,0,542,104,104
Temporal,fr3_walking_xyz,run_05,93,0,0,589,100,100
Temporal,fr3_walking_xyz,run_05,94,0,0,546,110,110
Temporal,fr3_walking_xyz,run_05,95,0,0,561,106,106
Temporal,fr3_walking_xyz,run_05,96,0,0,613,96,96
Temporal,fr3_walking_xyz,run_05,97,0,0,660,97,97
Temporal,fr3_walking_xyz,run_05,98,0,0,671,107,107
Temporal,fr3_walking_xyz,run_05,99,0,0,698,110,110
Temporal,fr3_walking_xyz,run_05,100,0,0,621,108,108
Temporal,fr3_walking_xyz,run_05,101,0,0,682,108,108
Temporal,fr3_walking_xyz,run_05,102,0,0,663,101,101
Temporal,fr3_walking_xyz,run_05,103,0,0,728,113,113
Temporal,fr3_walking_xyz,run_05,104,0,0,761,110,110
Temporal,fr3_walking_xyz,run_05,105,0,0,726,102,102
Temporal,fr3_walking_xyz,run_05,106,0,0,746,104,104
Temporal,fr3_walking_xyz,run_05,107,0,0,699,111,111
Temporal,fr3_walking_xyz,run_05,108,0,0,775,146,146
Temporal,fr3_walking_xyz,run_05,109,0,0,714,133,133
Temporal,fr3_walking_xyz,run_05,110,0,0,738,140,140
Temporal,fr3_walking_xyz,run_05,111,0,0,754,140,140
Temporal,fr3_walking_xyz,run_05,112,0,0,690,120,120
Temporal,fr3_walking_xyz,run_05,113,0,0,691,99,99
Temporal,fr3_walking_xyz,run_05,114,0,0,669,117,117
Temporal,fr3_walking_xyz,run_05,115,0,0,676,131,131
Temporal,fr3_walking_xyz,run_05,116,0,0,666,115,115
Temporal,fr3_walking_xyz,run_05,117,0,0,696,114,114
Temporal,fr3_walking_xyz,run_05,118,0,0,696,115,115
Temporal,fr3_walking_xyz,run_05,119,0,0,701,118,118
Temporal,fr3_walking_xyz,run_05,120,0,0,700,116,116
Temporal,fr3_walking_xyz,run_05,121,0,0,688,115,115
Temporal,fr3_walking_xyz,run_05,122,0,0,604,100,100
Temporal,fr3_walking_xyz,run_05,123,0,0,606,133,133
Temporal,fr3_walking_xyz,run_05,124,0,0,619,132,132
Temporal,fr3_walking_xyz,run_05,125,0,0,662,132,132
Temporal,fr3_walking_xyz,run_05,126,0,0,658,137,137
Temporal,fr3_walking_xyz,run_05,127,0,0,625,140,140
Temporal,fr3_walking_xyz,run_05,128,0,0,628,132,132
Temporal,fr3_walking_xyz,run_05,129,0,0,617,152,152
Temporal,fr3_walking_xyz,run_05,130,0,0,622,167,167
Temporal,fr3_walking_xyz,run_05,131,0,0,617,155,155
Temporal,fr3_walking_xyz,run_05,132,0,0,651,160,160
Temporal,fr3_walking_xyz,run_05,133,0,0,637,160,160
Temporal,fr3_walking_xyz,run_05,134,0,0,610,156,156
Temporal,fr3_walking_xyz,run_05,135,0,0,649,188,188
Temporal,fr3_walking_xyz,run_05,136,0,0,616,206,206
Temporal,fr3_walking_xyz,run_05,137,0,0,622,210,210
Temporal,fr3_walking_xyz,run_05,138,0,0,650,247,247
Temporal,fr3_walking_xyz,run_05,139,0,0,664,225,225
Temporal,fr3_walking_xyz,run_05,140,0,0,661,183,183
Temporal,fr3_walking_xyz,run_05,141,0,0,752,177,177
Temporal,fr3_walking_xyz,run_05,142,0,0,643,176,176
Temporal,fr3_walking_xyz,run_05,143,0,0,729,216,216
Temporal,fr3_walking_xyz,run_05,144,0,0,720,191,191
Temporal,fr3_walking_xyz,run_05,145,0,0,713,177,177
Temporal,fr3_walking_xyz,run_05,146,0,0,680,151,151
Temporal,fr3_walking_xyz,run_05,147,0,0,701,139,139
Temporal,fr3_walking_xyz,run_05,148,0,0,716,152,152
Temporal,fr3_walking_xyz,run_05,149,0,0,703,128,128
Temporal,fr3_walking_xyz,run_05,150,0,0,724,138,138
Temporal,fr3_walking_xyz,run_05,151,0,0,676,93,93
Temporal,fr3_walking_xyz,run_05,152,0,0,691,79,79
Temporal,fr3_walking_xyz,run_05,153,0,0,702,70,70
Temporal,fr3_walking_xyz,run_05,154,0,0,672,65,65
Temporal,fr3_walking_xyz,run_05,155,0,0,715,65,65
Temporal,fr3_walking_xyz,run_05,156,0,0,768,74,74
Temporal,fr3_walking_xyz,run_05,157,0,0,845,74,74
Temporal,fr3_walking_xyz,run_05,158,0,0,816,93,93
Temporal,fr3_walking_xyz,run_05,159,0,0,902,154,154
Temporal,fr3_walking_xyz,run_05,160,0,0,834,168,168
Temporal,fr3_walking_xyz,run_05,161,0,0,838,194,194
Temporal,fr3_walking_xyz,run_05,162,0,0,878,259,259
Temporal,fr3_walking_xyz,run_05,163,0,0,952,321,321
Temporal,fr3_walking_xyz,run_05,164,0,0,1024,363,363
Temporal,fr3_walking_xyz,run_05,165,0,0,1070,416,416
Temporal,fr3_walking_xyz,run_05,166,0,0,1045,399,399
Temporal,fr3_walking_xyz,run_05,167,0,0,974,388,388
Temporal,fr3_walking_xyz,run_05,168,0,0,1008,406,406
Temporal,fr3_walking_xyz,run_05,169,0,0,992,462,462
Temporal,fr3_walking_xyz,run_05,170,0,0,1042,527,527
Temporal,fr3_walking_xyz,run_05,171,0,0,921,400,400
Temporal,fr3_walking_xyz,run_05,172,0,0,931,490,490
Temporal,fr3_walking_xyz,run_05,173,0,0,936,511,511
Temporal,fr3_walking_xyz,run_05,174,0,0,799,491,491
Temporal,fr3_walking_xyz,run_05,175,0,0,837,480,480
Temporal,fr3_walking_xyz,run_05,176,0,0,837,480,480
Temporal,fr3_walking_xyz,run_05,177,0,0,840,481,481
Temporal,fr3_walking_xyz,run_05,178,0,0,853,480,480
Temporal,fr3_walking_xyz,run_05,179,0,0,853,477,477
Temporal,fr3_walking_xyz,run_05,180,0,0,845,465,465
Temporal,fr3_walking_xyz,run_05,181,0,0,892,456,456
Temporal,fr3_walking_xyz,run_05,182,0,0,921,453,453
Temporal,fr3_walking_xyz,run_05,183,0,0,932,431,431
Temporal,fr3_walking_xyz,run_05,184,0,0,967,429,429
Temporal,fr3_walking_xyz,run_05,185,0,0,991,426,426
Temporal,fr3_walking_xyz,run_05,186,0,0,829,366,366
Temporal,fr3_walking_xyz,run_05,187,0,0,858,371,371
Temporal,fr3_walking_xyz,run_05,188,0,0,911,378,378
Temporal,fr3_walking_xyz,run_05,189,0,0,910,379,379
Temporal,fr3_walking_xyz,run_05,190,0,0,861,380,380
Temporal,fr3_walking_xyz,run_05,191,0,0,954,377,377
Temporal,fr3_walking_xyz,run_05,192,0,0,932,365,365
Temporal,fr3_walking_xyz,run_05,193,0,0,944,349,349
Temporal,fr3_walking_xyz,run_05,194,0,0,1000,351,351
Temporal,fr3_walking_xyz,run_05,195,0,0,1094,357,357
Temporal,fr3_walking_xyz,run_05,196,0,0,1126,343,343
Temporal,fr3_walking_xyz,run_05,197,0,0,1286,271,271
Temporal,fr3_walking_xyz,run_05,198,0,0,1401,206,206
Temporal,fr3_walking_xyz,run_05,199,0,0,1315,220,220
Temporal,fr3_walking_xyz,run_05,200,0,0,1380,179,179
Temporal,fr3_walking_xyz,run_05,201,0,0,1290,160,160
Temporal,fr3_walking_xyz,run_05,202,0,0,1406,167,167
Temporal,fr3_walking_xyz,run_05,203,0,0,1374,179,179
Temporal,fr3_walking_xyz,run_05,204,0,0,1497,207,207
Temporal,fr3_walking_xyz,run_05,205,0,0,1553,328,328
Temporal,fr3_walking_xyz,run_05,206,0,0,1488,518,518
Temporal,fr3_walking_xyz,run_05,207,0,0,1529,426,426
Temporal,fr3_walking_xyz,run_05,208,0,0,1568,419,419
Temporal,fr3_walking_xyz,run_05,209,0,0,1643,446,446
Temporal,fr3_walking_xyz,run_05,210,0,0,1696,585,585
Temporal,fr3_walking_xyz,run_05,211,0,0,1745,566,566
Temporal,fr3_walking_xyz,run_05,212,0,0,1623,575,575
Temporal,fr3_walking_xyz,run_05,213,0,0,1767,591,591
Temporal,fr3_walking_xyz,run_05,214,0,0,1701,614,614
Temporal,fr3_walking_xyz,run_05,215,0,0,1793,643,643
Temporal,fr3_walking_xyz,run_05,216,0,0,1815,785,785
Temporal,fr3_walking_xyz,run_05,217,0,0,1801,787,787
Temporal,fr3_walking_xyz,run_05,218,0,0,1846,778,778
Temporal,fr3_walking_xyz,run_05,219,0,0,1836,759,759
Temporal,fr3_walking_xyz,run_05,220,0,0,1848,763,763
Temporal,fr3_walking_xyz,run_05,221,0,0,1827,919,919
Temporal,fr3_walking_xyz,run_05,222,0,0,1887,882,882
Temporal,fr3_walking_xyz,run_05,223,0,0,1843,857,857
Temporal,fr3_walking_xyz,run_05,224,0,0,1889,888,888
Temporal,fr3_walking_xyz,run_05,225,0,0,1934,869,869
Temporal,fr3_walking_xyz,run_05,226,0,0,1908,836,836
Temporal,fr3_walking_xyz,run_05,227,0,0,1999,836,836
Temporal,fr3_walking_xyz,run_05,228,0,0,1967,835,835
Temporal,fr3_walking_xyz,run_05,229,0,0,1996,807,807
Temporal,fr3_walking_xyz,run_05,230,0,0,1995,811,811
Temporal,fr3_walking_xyz,run_05,231,0,0,1948,901,901
Temporal,fr3_walking_xyz,run_05,232,0,0,1906,897,897
Temporal,fr3_walking_xyz,run_05,233,0,0,1920,939,939
Temporal,fr3_walking_xyz,run_05,234,0,0,1875,1036,1036
Temporal,fr3_walking_xyz,run_05,235,0,0,1852,1006,1006
Temporal,fr3_walking_xyz,run_05,236,0,0,1829,1002,1002
Temporal,fr3_walking_xyz,run_05,237,0,0,1829,978,978
Temporal,fr3_walking_xyz,run_05,238,0,0,1844,943,943
Temporal,fr3_walking_xyz,run_05,239,0,0,1862,935,935
Temporal,fr3_walking_xyz,run_05,240,0,0,1908,906,906
Temporal,fr3_walking_xyz,run_05,241,0,0,1852,846,846
Temporal,fr3_walking_xyz,run_05,242,0,0,1859,847,847
Temporal,fr3_walking_xyz,run_05,243,0,0,1864,783,783
Temporal,fr3_walking_xyz,run_05,244,0,0,1899,762,762
Temporal,fr3_walking_xyz,run_05,245,0,0,1879,733,733
Temporal,fr3_walking_xyz,run_05,246,0,0,1946,734,734
Temporal,fr3_walking_xyz,run_05,247,0,0,1868,731,731
Temporal,fr3_walking_xyz,run_05,248,0,0,1907,734,734
Temporal,fr3_walking_xyz,run_05,249,0,0,1925,717,717
Temporal,fr3_walking_xyz,run_05,250,0,0,1929,730,730
Temporal,fr3_walking_xyz,run_05,251,0,0,1953,726,726
Temporal,fr3_walking_xyz,run_05,252,0,0,1952,662,662
Temporal,fr3_walking_xyz,run_05,253,0,0,1932,626,626
Temporal,fr3_walking_xyz,run_05,254,0,0,1971,607,607
Temporal,fr3_walking_xyz,run_05,255,0,0,1982,580,580
Temporal,fr3_walking_xyz,run_05,256,0,0,1964,540,540
Temporal,fr3_walking_xyz,run_05,257,0,0,1964,495,495
Temporal,fr3_walking_xyz,run_05,258,0,0,1922,466,466
Temporal,fr3_walking_xyz,run_05,259,0,0,1866,442,442
Temporal,fr3_walking_xyz,run_05,260,0,0,1843,336,336
Temporal,fr3_walking_xyz,run_05,261,0,0,1786,313,313
Temporal,fr3_walking_xyz,run_05,262,0,0,1774,296,296
Temporal,fr3_walking_xyz,run_05,263,0,0,1744,289,289
Temporal,fr3_walking_xyz,run_05,264,0,0,1672,228,228
Temporal,fr3_walking_xyz,run_05,265,0,0,1664,190,190
Temporal,fr3_walking_xyz,run_05,266,0,0,1641,129,129
Temporal,fr3_walking_xyz,run_05,267,0,0,1632,68,68
Temporal,fr3_walking_xyz,run_05,268,0,0,1614,0,0
Temporal,fr3_walking_xyz,run_05,269,0,0,1615,0,0
Temporal,fr3_walking_xyz,run_05,270,0,0,1640,0,0
Temporal,fr3_walking_xyz,run_05,271,0,0,1667,0,0
Temporal,fr3_walking_xyz,run_05,272,0,0,1582,0,0
Temporal,fr3_walking_xyz,run_05,273,0,0,1610,0,0
Temporal,fr3_walking_xyz,run_05,274,0,0,1637,0,0
Temporal,fr3_walking_xyz,run_05,275,0,0,1655,0,0
Temporal,fr3_walking_xyz,run_05,276,0,0,1671,0,0
Temporal,fr3_walking_xyz,run_05,277,0,0,1720,0,0
Temporal,fr3_walking_xyz,run_05,278,0,0,1805,0,0
Temporal,fr3_walking_xyz,run_05,279,0,0,1783,0,0
Temporal,fr3_walking_xyz,run_05,280,0,0,1771,0,0
Temporal,fr3_walking_xyz,run_05,281,0,0,1790,0,0
Temporal,fr3_walking_xyz,run_05,282,0,0,1734,0,0
Temporal,fr3_walking_xyz,run_05,283,0,0,1639,0,0
Temporal,fr3_walking_xyz,run_05,284,0,0,1676,0,0
Temporal,fr3_walking_xyz,run_05,285,0,0,1693,0,0
Temporal,fr3_walking_xyz,run_05,286,0,0,1653,0,0
Temporal,fr3_walking_xyz,run_05,287,0,0,1650,0,0
Temporal,fr3_walking_xyz,run_05,288,0,0,1657,0,0
Temporal,fr3_walking_xyz,run_05,289,0,0,1663,0,0
Temporal,fr3_walking_xyz,run_05,290,0,0,1596,0,0
Temporal,fr3_walking_xyz,run_05,291,0,0,1512,0,0
Temporal,fr3_walking_xyz,run_05,292,0,0,1515,0,0
Temporal,fr3_walking_xyz,run_05,293,0,0,1507,0,0
Temporal,fr3_walking_xyz,run_05,294,0,0,1499,0,0
Temporal,fr3_walking_xyz,run_05,295,0,0,1488,0,0
Temporal,fr3_walking_xyz,run_05,296,0,0,1414,0,0
Temporal,fr3_walking_xyz,run_05,297,0,0,1344,0,0
Temporal,fr3_walking_xyz,run_05,298,0,0,1348,0,0
Temporal,fr3_walking_xyz,run_05,299,0,0,1340,0,0
Temporal,fr3_walking_xyz,run_05,300,0,0,1291,0,0
Temporal,fr3_walking_xyz,run_05,301,0,0,1314,0,0
Temporal,fr3_walking_xyz,run_05,302,0,0,1274,0,0
Temporal,fr3_walking_xyz,run_05,303,0,0,1282,0,0
Temporal,fr3_walking_xyz,run_05,304,0,0,1326,0,0
Temporal,fr3_walking_xyz,run_05,305,0,0,1321,0,0
Temporal,fr3_walking_xyz,run_05,306,0,0,1172,0,0
Temporal,fr3_walking_xyz,run_05,307,0,0,1221,0,0
Temporal,fr3_walking_xyz,run_05,308,0,0,1265,0,0
Temporal,fr3_walking_xyz,run_05,309,0,0,1332,0,0
Temporal,fr3_walking_xyz,run_05,310,0,0,1379,0,0
Temporal,fr3_walking_xyz,run_05,311,0,0,1442,0,0
Temporal,fr3_walking_xyz,run_05,312,0,0,1381,0,0
Temporal,fr3_walking_xyz,run_05,313,0,0,1426,0,0
Temporal,fr3_walking_xyz,run_05,314,0,0,1459,0,0
Temporal,fr3_walking_xyz,run_05,315,0,0,1451,0,0
Temporal,fr3_walking_xyz,run_05,316,0,0,1524,0,0
Temporal,fr3_walking_xyz,run_05,317,0,0,1586,0,0
Temporal,fr3_walking_xyz,run_05,318,0,0,1559,0,0
Temporal,fr3_walking_xyz,run_05,319,0,0,1598,0,0
Temporal,fr3_walking_xyz,run_05,320,0,0,1669,0,0
Temporal,fr3_walking_xyz,run_05,321,0,0,1707,0,0
Temporal,fr3_walking_xyz,run_05,322,0,0,1724,0,0
Temporal,fr3_walking_xyz,run_05,323,0,0,1770,0,0
Temporal,fr3_walking_xyz,run_05,324,0,0,1749,0,0
Temporal,fr3_walking_xyz,run_05,325,0,0,1781,0,0
Temporal,fr3_walking_xyz,run_05,326,0,0,1766,0,0
Temporal,fr3_walking_xyz,run_05,327,0,0,1801,0,0
Temporal,fr3_walking_xyz,run_05,328,0,0,1810,0,0
Temporal,fr3_walking_xyz,run_05,329,0,0,1855,0,0
Temporal,fr3_walking_xyz,run_05,330,0,0,1797,0,0
Temporal,fr3_walking_xyz,run_05,331,0,0,1797,0,0
Temporal,fr3_walking_xyz,run_05,332,0,0,1792,0,0
Temporal,fr3_walking_xyz,run_05,333,0,0,1792,0,0
Temporal,fr3_walking_xyz,run_05,334,0,0,1807,0,0
Temporal,fr3_walking_xyz,run_05,335,0,0,1818,0,0
Temporal,fr3_walking_xyz,run_05,336,0,0,1818,0,0
Temporal,fr3_walking_xyz,run_05,337,0,0,1827,0,0
Temporal,fr3_walking_xyz,run_05,338,0,0,1819,0,0
Temporal,fr3_walking_xyz,run_05,339,0,0,1806,0,0
Temporal,fr3_walking_xyz,run_05,340,0,0,1823,0,0
Temporal,fr3_walking_xyz,run_05,341,0,0,1891,0,0
Temporal,fr3_walking_xyz,run_05,342,0,0,1895,0,0
Temporal,fr3_walking_xyz,run_05,343,0,0,1827,0,0
Temporal,fr3_walking_xyz,run_05,344,0,0,1802,0,0
Temporal,fr3_walking_xyz,run_05,345,0,0,1806,0,0
Temporal,fr3_walking_xyz,run_05,346,0,0,1784,0,0
Temporal,fr3_walking_xyz,run_05,347,0,0,1786,0,0
Temporal,fr3_walking_xyz,run_05,348,0,0,1816,0,0
Temporal,fr3_walking_xyz,run_05,349,0,0,1805,0,0
Temporal,fr3_walking_xyz,run_05,350,0,0,1767,0,0
Temporal,fr3_walking_xyz,run_05,351,0,0,1787,0,0
Temporal,fr3_walking_xyz,run_05,352,0,0,1781,0,0
Temporal,fr3_walking_xyz,run_05,353,0,0,1772,0,0
Temporal,fr3_walking_xyz,run_05,354,0,0,1777,0,0
Temporal,fr3_walking_xyz,run_05,355,0,0,1805,48,48
Temporal,fr3_walking_xyz,run_05,356,0,0,1796,8,8
Temporal,fr3_walking_xyz,run_05,357,0,0,1789,43,43
Temporal,fr3_walking_xyz,run_05,358,0,0,1661,41,41
Temporal,fr3_walking_xyz,run_05,359,0,0,1643,40,40
Temporal,fr3_walking_xyz,run_05,360,0,0,1642,40,40
Temporal,fr3_walking_xyz,run_05,361,0,0,1626,40,40
Temporal,fr3_walking_xyz,run_05,362,0,0,1638,40,40
Temporal,fr3_walking_xyz,run_05,363,0,0,1646,27,27
Temporal,fr3_walking_xyz,run_05,364,0,0,1655,27,27
Temporal,fr3_walking_xyz,run_05,365,0,0,1732,27,27
Temporal,fr3_walking_xyz,run_05,366,0,0,1738,27,27
Temporal,fr3_walking_xyz,run_05,367,0,0,1698,24,24
Temporal,fr3_walking_xyz,run_05,368,0,0,1674,18,18
Temporal,fr3_walking_xyz,run_05,369,0,0,1709,18,18
Temporal,fr3_walking_xyz,run_05,370,0,0,1699,34,34
Temporal,fr3_walking_xyz,run_05,371,0,0,1710,15,15
Temporal,fr3_walking_xyz,run_05,372,0,0,1770,15,15
Temporal,fr3_walking_xyz,run_05,373,0,0,1752,6,6
Temporal,fr3_walking_xyz,run_05,374,0,0,1735,0,0
Temporal,fr3_walking_xyz,run_05,375,0,0,1778,0,0
Temporal,fr3_walking_xyz,run_05,376,0,0,1577,0,0
Temporal,fr3_walking_xyz,run_05,377,0,0,1657,0,0
Temporal,fr3_walking_xyz,run_05,378,0,0,1608,0,0
Temporal,fr3_walking_xyz,run_05,379,0,0,1698,0,0
Temporal,fr3_walking_xyz,run_05,380,0,0,1723,0,0
Temporal,fr3_walking_xyz,run_05,381,0,0,1712,0,0
Temporal,fr3_walking_xyz,run_05,382,0,0,1888,0,0
Temporal,fr3_walking_xyz,run_05,383,0,0,1915,0,0
Temporal,fr3_walking_xyz,run_05,384,0,0,1922,0,0
Temporal,fr3_walking_xyz,run_05,385,0,0,1988,0,0
Temporal,fr3_walking_xyz,run_05,386,0,0,1959,0,0
Temporal,fr3_walking_xyz,run_05,387,0,0,1945,0,0
Temporal,fr3_walking_xyz,run_05,388,0,0,1937,0,0
Temporal,fr3_walking_xyz,run_05,389,0,0,1885,226,226
Temporal,fr3_walking_xyz,run_05,390,0,0,1905,209,209
Temporal,fr3_walking_xyz,run_05,391,0,0,2064,369,369
Temporal,fr3_walking_xyz,run_05,392,0,0,1604,214,214
Temporal,fr3_walking_xyz,run_05,393,0,0,1749,133,133
Temporal,fr3_walking_xyz,run_05,394,0,0,1819,356,356
Temporal,fr3_walking_xyz,run_05,395,0,0,2014,386,386
Temporal,fr3_walking_xyz,run_05,396,0,0,1601,519,519
Temporal,fr3_walking_xyz,run_05,397,0,0,1693,431,431
Temporal,fr3_walking_xyz,run_05,398,0,0,1468,232,232
Temporal,fr3_walking_xyz,run_05,399,0,0,1262,273,273
Temporal,fr3_walking_xyz,run_05,400,0,0,1418,214,214
Temporal,fr3_walking_xyz,run_05,401,0,0,1609,294,294
Temporal,fr3_walking_xyz,run_05,402,0,0,1520,233,233
Temporal,fr3_walking_xyz,run_05,403,0,0,1548,198,198
Temporal,fr3_walking_xyz,run_05,404,0,0,1665,197,197
Temporal,fr3_walking_xyz,run_05,405,0,0,1674,236,236
Temporal,fr3_walking_xyz,run_05,406,0,0,1728,173,173
Temporal,fr3_walking_xyz,run_05,407,0,0,1694,158,158
Temporal,fr3_walking_xyz,run_05,408,0,0,1769,162,162
Temporal,fr3_walking_xyz,run_05,409,0,0,1721,150,150
Temporal,fr3_walking_xyz,run_05,410,0,0,1844,123,123
Temporal,fr3_walking_xyz,run_05,411,0,0,1681,152,152
Temporal,fr3_walking_xyz,run_05,412,0,0,1829,214,214
Temporal,fr3_walking_xyz,run_05,413,0,0,1603,213,213
Temporal,fr3_walking_xyz,run_05,414,0,0,1814,325,325
Temporal,fr3_walking_xyz,run_05,415,0,0,1927,524,524
Temporal,fr3_walking_xyz,run_05,416,0,0,1946,611,611
Temporal,fr3_walking_xyz,run_05,417,0,0,1887,586,586
Temporal,fr3_walking_xyz,run_05,418,0,0,1894,547,547
Temporal,fr3_walking_xyz,run_05,419,0,0,1955,620,620
Temporal,fr3_walking_xyz,run_05,420,0,0,2119,667,667
Temporal,fr3_walking_xyz,run_05,421,0,0,2186,625,625
Temporal,fr3_walking_xyz,run_05,422,0,0,2123,603,603
Temporal,fr3_walking_xyz,run_05,423,0,0,2317,614,614
Temporal,fr3_walking_xyz,run_05,424,0,0,2389,682,682
Temporal,fr3_walking_xyz,run_05,425,0,0,2375,726,726
Temporal,fr3_walking_xyz,run_05,426,0,0,2318,731,731
Temporal,fr3_walking_xyz,run_05,427,0,0,2596,760,760
Temporal,fr3_walking_xyz,run_05,428,0,0,1671,103,103
Temporal,fr3_walking_xyz,run_05,429,0,0,1761,227,227
Temporal,fr3_walking_xyz,run_05,430,0,0,1958,249,249
Temporal,fr3_walking_xyz,run_05,431,0,0,1809,248,248
Temporal,fr3_walking_xyz,run_05,432,0,0,1734,109,109
Temporal,fr3_walking_xyz,run_05,433,0,0,1963,219,219
Temporal,fr3_walking_xyz,run_05,434,0,0,1922,368,368
Temporal,fr3_walking_xyz,run_05,435,0,0,1662,413,413
Temporal,fr3_walking_xyz,run_05,436,0,0,1785,559,559
Temporal,fr3_walking_xyz,run_05,437,0,0,1543,652,652
Temporal,fr3_walking_xyz,run_05,438,0,0,1472,651,651
Temporal,fr3_walking_xyz,run_05,439,0,0,1517,668,668
Temporal,fr3_walking_xyz,run_05,440,0,0,1036,373,373
Temporal,fr3_walking_xyz,run_05,441,0,0,1131,396,396
Temporal,fr3_walking_xyz,run_05,442,0,0,1064,397,397
Temporal,fr3_walking_xyz,run_05,443,0,0,1008,392,392
Temporal,fr3_walking_xyz,run_05,444,0,0,1051,360,360
Temporal,fr3_walking_xyz,run_05,445,0,0,1186,355,355
Temporal,fr3_walking_xyz,run_05,446,0,0,1174,369,369
Temporal,fr3_walking_xyz,run_05,447,0,0,1168,429,429
Temporal,fr3_walking_xyz,run_05,448,0,0,1197,438,438
Temporal,fr3_walking_xyz,run_05,449,0,0,1155,467,467
Temporal,fr3_walking_xyz,run_05,450,0,0,1172,470,470
Temporal,fr3_walking_xyz,run_05,451,0,0,1187,463,463
Temporal,fr3_walking_xyz,run_05,452,0,0,1170,451,451
Temporal,fr3_walking_xyz,run_05,453,0,0,1169,444,444
Temporal,fr3_walking_xyz,run_05,454,0,0,1161,428,428
Temporal,fr3_walking_xyz,run_05,455,0,0,1150,416,416
Temporal,fr3_walking_xyz,run_05,456,0,0,954,356,356
Temporal,fr3_walking_xyz,run_05,457,0,0,1048,331,331
Temporal,fr3_walking_xyz,run_05,458,0,0,1055,320,320
Temporal,fr3_walking_xyz,run_05,459,0,0,996,244,244
Temporal,fr3_walking_xyz,run_05,460,0,0,977,216,216
Temporal,fr3_walking_xyz,run_05,461,0,0,1388,267,267
Temporal,fr3_walking_xyz,run_05,462,0,0,973,199,199
Temporal,fr3_walking_xyz,run_05,463,0,0,1016,170,170
Temporal,fr3_walking_xyz,run_05,464,0,0,1036,167,167
Temporal,fr3_walking_xyz,run_05,465,0,0,1024,155,155
Temporal,fr3_walking_xyz,run_05,466,0,0,1044,155,155
Temporal,fr3_walking_xyz,run_05,467,0,0,1037,163,163
Temporal,fr3_walking_xyz,run_05,468,0,0,918,94,94
Temporal,fr3_walking_xyz,run_05,469,0,0,1325,167,167
Temporal,fr3_walking_xyz,run_05,470,0,0,1316,159,159
Temporal,fr3_walking_xyz,run_05,471,0,0,1453,124,124
Temporal,fr3_walking_xyz,run_05,472,0,0,1464,127,127
Temporal,fr3_walking_xyz,run_05,473,0,0,1893,188,188
Temporal,fr3_walking_xyz,run_05,474,0,0,1029,175,175
Temporal,fr3_walking_xyz,run_05,475,0,0,1621,133,133
Temporal,fr3_walking_xyz,run_05,476,0,0,1520,84,84
Temporal,fr3_walking_xyz,run_05,477,0,0,1928,137,137
Temporal,fr3_walking_xyz,run_05,478,0,0,2002,132,132
Temporal,fr3_walking_xyz,run_05,479,0,0,2023,123,123
Temporal,fr3_walking_xyz,run_05,480,0,0,2139,103,103
Temporal,fr3_walking_xyz,run_05,481,0,0,1625,29,29
Temporal,fr3_walking_xyz,run_05,482,0,0,1686,32,32
Temporal,fr3_walking_xyz,run_05,483,0,0,1814,33,33
Temporal,fr3_walking_xyz,run_05,484,0,0,1624,29,29
Temporal,fr3_walking_xyz,run_05,485,0,0,1738,33,33
Temporal,fr3_walking_xyz,run_05,486,0,0,1666,52,52
Temporal,fr3_walking_xyz,run_05,487,0,0,1678,40,40
Temporal,fr3_walking_xyz,run_05,488,0,0,1812,30,30
Temporal,fr3_walking_xyz,run_05,489,0,0,1677,27,27
Temporal,fr3_walking_xyz,run_05,490,0,0,1845,27,27
Temporal,fr3_walking_xyz,run_05,491,0,0,1509,27,27
Temporal,fr3_walking_xyz,run_05,492,0,0,1593,26,26
Temporal,fr3_walking_xyz,run_05,493,0,0,1608,26,26
Temporal,fr3_walking_xyz,run_05,494,0,0,1518,18,18
Temporal,fr3_walking_xyz,run_05,495,0,0,1459,16,16
Temporal,fr3_walking_xyz,run_05,496,0,0,1767,30,30
Temporal,fr3_walking_xyz,run_05,497,0,0,1847,20,20
Temporal,fr3_walking_xyz,run_05,498,0,0,1692,24,24
Temporal,fr3_walking_xyz,run_05,499,0,0,1873,21,21
Temporal,fr3_walking_xyz,run_05,500,0,0,2027,22,22
Temporal,fr3_walking_xyz,run_05,501,0,0,2136,21,21
Temporal,fr3_walking_xyz,run_05,502,0,0,2275,18,18
Temporal,fr3_walking_xyz,run_05,503,0,0,2136,20,20
Temporal,fr3_walking_xyz,run_05,504,0,0,2001,35,35
Temporal,fr3_walking_xyz,run_05,505,0,0,2534,44,44
Temporal,fr3_walking_xyz,run_05,506,0,0,2208,36,36
Temporal,fr3_walking_xyz,run_05,507,0,0,2044,30,30
Temporal,fr3_walking_xyz,run_05,508,0,0,2477,53,53
Temporal,fr3_walking_xyz,run_05,509,0,0,2319,39,39
Temporal,fr3_walking_xyz,run_05,510,0,0,2405,69,69
Temporal,fr3_walking_xyz,run_05,511,0,0,2231,69,69
Temporal,fr3_walking_xyz,run_05,512,0,0,2384,75,75
Temporal,fr3_walking_xyz,run_05,513,0,0,2390,112,112
Temporal,fr3_walking_xyz,run_05,514,0,0,2424,163,163
Temporal,fr3_walking_xyz,run_05,515,0,0,2492,185,185
Temporal,fr3_walking_xyz,run_05,516,0,0,2483,176,176
Temporal,fr3_walking_xyz,run_05,517,0,0,2577,218,218
Temporal,fr3_walking_xyz,run_05,518,0,0,2507,259,259
Temporal,fr3_walking_xyz,run_05,519,0,0,2557,289,289
Temporal,fr3_walking_xyz,run_05,520,0,0,2501,345,345
Temporal,fr3_walking_xyz,run_05,521,0,0,2435,409,409
Temporal,fr3_walking_xyz,run_05,522,0,0,2465,552,552
Temporal,fr3_walking_xyz,run_05,523,0,0,2089,512,512
Temporal,fr3_walking_xyz,run_05,524,0,0,2010,470,470
Temporal,fr3_walking_xyz,run_05,525,0,0,2139,473,473
Temporal,fr3_walking_xyz,run_05,526,0,0,2176,494,494
Temporal,fr3_walking_xyz,run_05,527,0,0,2171,479,479
Temporal,fr3_walking_xyz,run_05,528,0,0,2142,470,470
Temporal,fr3_walking_xyz,run_05,529,0,0,2069,477,477
Temporal,fr3_walking_xyz,run_05,530,0,0,1992,450,450
Temporal,fr3_walking_xyz,run_05,531,0,0,2000,460,460
Temporal,fr3_walking_xyz,run_05,532,0,0,1982,434,434
Temporal,fr3_walking_xyz,run_05,533,0,0,1945,429,429
Temporal,fr3_walking_xyz,run_05,534,0,0,1944,405,405
Temporal,fr3_walking_xyz,run_05,535,0,0,1957,403,403
Temporal,fr3_walking_xyz,run_05,536,0,0,1966,390,390
Temporal,fr3_walking_xyz,run_05,537,0,0,1947,366,366
Temporal,fr3_walking_xyz,run_05,538,0,0,1798,403,403
Temporal,fr3_walking_xyz,run_05,539,0,0,1828,395,395
Temporal,fr3_walking_xyz,run_05,540,0,0,2020,378,378
Temporal,fr3_walking_xyz,run_05,541,0,0,1903,362,362
Temporal,fr3_walking_xyz,run_05,542,0,0,1938,360,360
Temporal,fr3_walking_xyz,run_05,543,0,0,1996,350,350
Temporal,fr3_walking_xyz,run_05,544,0,0,1904,358,358
Temporal,fr3_walking_xyz,run_05,545,0,0,2008,317,317
Temporal,fr3_walking_xyz,run_05,546,0,0,1821,299,299
Temporal,fr3_walking_xyz,run_05,547,0,0,2028,301,301
Temporal,fr3_walking_xyz,run_05,548,0,0,2052,296,296
Temporal,fr3_walking_xyz,run_05,549,0,0,2139,304,304
Temporal,fr3_walking_xyz,run_05,550,0,0,1950,287,287
Temporal,fr3_walking_xyz,run_05,551,0,0,2023,279,279
Temporal,fr3_walking_xyz,run_05,552,0,0,2177,323,323
Temporal,fr3_walking_xyz,run_05,553,0,0,2252,304,304
Temporal,fr3_walking_xyz,run_05,554,0,0,1939,311,311
Temporal,fr3_walking_xyz,run_05,555,0,0,1893,417,417
Temporal,fr3_walking_xyz,run_05,556,0,0,2271,387,387
Temporal,fr3_walking_xyz,run_05,557,0,0,1952,372,372
Temporal,fr3_walking_xyz,run_05,558,0,0,1906,382,382
Temporal,fr3_walking_xyz,run_05,559,0,0,2035,407,407
Temporal,fr3_walking_xyz,run_05,560,0,0,1852,370,370
Temporal,fr3_walking_xyz,run_05,561,0,0,1859,351,351
Temporal,fr3_walking_xyz,run_05,562,0,0,1906,368,368
Temporal,fr3_walking_xyz,run_05,563,0,0,1919,356,356
Temporal,fr3_walking_xyz,run_05,564,0,0,1949,372,372
Temporal,fr3_walking_xyz,run_05,565,0,0,1966,326,326
Temporal,fr3_walking_xyz,run_05,566,0,0,1853,294,294
Temporal,fr3_walking_xyz,run_05,567,0,0,1973,339,339
Temporal,fr3_walking_xyz,run_05,568,0,0,2325,376,376
Temporal,fr3_walking_xyz,run_05,569,0,0,1922,339,339
Temporal,fr3_walking_xyz,run_05,570,0,0,1984,339,339
Temporal,fr3_walking_xyz,run_05,571,0,0,1938,402,402
Temporal,fr3_walking_xyz,run_05,572,0,0,2443,417,417
Temporal,fr3_walking_xyz,run_05,573,0,0,2287,392,392
Temporal,fr3_walking_xyz,run_05,574,0,0,1944,376,376
Temporal,fr3_walking_xyz,run_05,575,0,0,2103,418,418
Temporal,fr3_walking_xyz,run_05,576,0,0,2114,416,416
Temporal,fr3_walking_xyz,run_05,577,0,0,2007,380,380
Temporal,fr3_walking_xyz,run_05,578,0,0,2107,385,385
Temporal,fr3_walking_xyz,run_05,579,0,0,2055,386,386
Temporal,fr3_walking_xyz,run_05,580,0,0,2175,403,403
Temporal,fr3_walking_xyz,run_05,581,0,0,2088,429,429
Temporal,fr3_walking_xyz,run_05,582,0,0,2470,549,549
Temporal,fr3_walking_xyz,run_05,583,0,0,2467,573,573
Temporal,fr3_walking_xyz,run_05,584,0,0,1526,57,57
Temporal,fr3_walking_xyz,run_05,585,0,0,2156,327,327
Temporal,fr3_walking_xyz,run_05,586,0,0,2085,364,364
Temporal,fr3_walking_xyz,run_05,587,0,0,1436,90,90
Temporal,fr3_walking_xyz,run_05,588,0,0,1475,158,158
Temporal,fr3_walking_xyz,run_05,589,0,0,1577,202,202
Temporal,fr3_walking_xyz,run_05,590,0,0,1555,348,348
Temporal,fr3_walking_xyz,run_05,591,0,0,1482,321,321
Temporal,fr3_walking_xyz,run_05,592,0,0,1753,528,528
Temporal,fr3_walking_xyz,run_05,593,0,0,1568,433,433
Temporal,fr3_walking_xyz,run_05,594,0,0,1709,545,545
Temporal,fr3_walking_xyz,run_05,595,0,0,1004,231,231
Temporal,fr3_walking_xyz,run_05,596,0,0,1690,788,788
Temporal,fr3_walking_xyz,run_05,597,0,0,1583,741,741
Temporal,fr3_walking_xyz,run_05,598,0,0,1789,857,857
Temporal,fr3_walking_xyz,run_05,599,0,0,992,262,262
Temporal,fr3_walking_xyz,run_05,600,0,0,1237,394,394
Temporal,fr3_walking_xyz,run_05,601,0,0,1353,529,529
Temporal,fr3_walking_xyz,run_05,602,0,0,1243,393,393
Temporal,fr3_walking_xyz,run_05,603,0,0,1469,689,689
Temporal,fr3_walking_xyz,run_05,604,0,0,1047,377,377
Temporal,fr3_walking_xyz,run_05,605,0,0,1026,350,350
Temporal,fr3_walking_xyz,run_05,606,0,0,843,297,297
Temporal,fr3_walking_xyz,run_05,607,0,0,1556,819,819
Temporal,fr3_walking_xyz,run_05,608,0,0,1398,712,712
Temporal,fr3_walking_xyz,run_05,609,0,0,1612,839,839
Temporal,fr3_walking_xyz,run_05,610,0,0,1534,773,773
Temporal,fr3_walking_xyz,run_05,611,0,0,1505,733,733
Temporal,fr3_walking_xyz,run_05,612,0,0,1302,661,661
Temporal,fr3_walking_xyz,run_05,613,0,0,1398,666,666
Temporal,fr3_walking_xyz,run_05,614,0,0,1180,492,492
Temporal,fr3_walking_xyz,run_05,615,0,0,1630,751,751
Temporal,fr3_walking_xyz,run_05,616,0,0,1493,702,702
Temporal,fr3_walking_xyz,run_05,617,0,0,1573,678,678
Temporal,fr3_walking_xyz,run_05,618,0,0,1407,709,709
Temporal,fr3_walking_xyz,run_05,619,0,0,1425,759,759
Temporal,fr3_walking_xyz,run_05,620,0,0,1407,756,756
Temporal,fr3_walking_xyz,run_05,621,0,0,1676,843,843
Temporal,fr3_walking_xyz,run_05,622,0,0,1535,794,794
Temporal,fr3_walking_xyz,run_05,623,0,0,1298,703,703
Temporal,fr3_walking_xyz,run_05,624,0,0,1300,695,695
Temporal,fr3_walking_xyz,run_05,625,0,0,1270,534,534
Temporal,fr3_walking_xyz,run_05,626,0,0,1133,469,469
Temporal,fr3_walking_xyz,run_05,627,0,0,1141,490,490
Temporal,fr3_walking_xyz,run_05,628,0,0,1180,579,579
Temporal,fr3_walking_xyz,run_05,629,0,0,1028,473,473
Temporal,fr3_walking_xyz,run_05,630,0,0,1183,543,543
Temporal,fr3_walking_xyz,run_05,631,0,0,1190,541,541
Temporal,fr3_walking_xyz,run_05,632,0,0,1186,535,535
Temporal,fr3_walking_xyz,run_05,633,0,0,1169,570,570
Temporal,fr3_walking_xyz,run_05,634,0,0,1215,587,587
Temporal,fr3_walking_xyz,run_05,635,0,0,1076,514,514
Temporal,fr3_walking_xyz,run_05,636,0,0,1127,546,546
Temporal,fr3_walking_xyz,run_05,637,0,0,1204,573,573
Temporal,fr3_walking_xyz,run_05,638,0,0,998,377,377
Temporal,fr3_walking_xyz,run_05,639,0,0,1209,553,553
Temporal,fr3_walking_xyz,run_05,640,0,0,1219,550,550
Temporal,fr3_walking_xyz,run_05,641,0,0,1009,380,380
Temporal,fr3_walking_xyz,run_05,642,0,0,1069,434,434
Temporal,fr3_walking_xyz,run_05,643,0,0,1238,511,511
Temporal,fr3_walking_xyz,run_05,644,0,0,1256,510,510
Temporal,fr3_walking_xyz,run_05,645,0,0,1483,514,514
Temporal,fr3_walking_xyz,run_05,646,0,0,1502,499,499
Temporal,fr3_walking_xyz,run_05,647,0,0,1359,494,494
Temporal,fr3_walking_xyz,run_05,648,0,0,1488,569,569
Temporal,fr3_walking_xyz,run_05,649,0,0,1514,523,523
Temporal,fr3_walking_xyz,run_05,650,0,0,1519,502,502
Temporal,fr3_walking_xyz,run_05,651,0,0,1533,494,494
Temporal,fr3_walking_xyz,run_05,652,0,0,1704,502,502
Temporal,fr3_walking_xyz,run_05,653,0,0,1729,506,506
Temporal,fr3_walking_xyz,run_05,654,0,0,1813,562,562
Temporal,fr3_walking_xyz,run_05,655,0,0,1675,534,534
Temporal,fr3_walking_xyz,run_05,656,0,0,1747,462,462
Temporal,fr3_walking_xyz,run_05,657,0,0,1672,344,344
Temporal,fr3_walking_xyz,run_05,658,0,0,1602,432,432
Temporal,fr3_walking_xyz,run_05,659,0,0,1667,453,453
Temporal,fr3_walking_xyz,run_05,660,0,0,1598,408,408
Temporal,fr3_walking_xyz,run_05,661,0,0,1826,526,526
Temporal,fr3_walking_xyz,run_05,662,0,0,1828,514,514
Temporal,fr3_walking_xyz,run_05,663,0,0,1793,390,390
Temporal,fr3_walking_xyz,run_05,664,0,0,1515,220,220
Temporal,fr3_walking_xyz,run_05,665,0,0,1473,204,204
Temporal,fr3_walking_xyz,run_05,666,0,0,1793,624,624
Temporal,fr3_walking_xyz,run_05,667,0,0,1777,507,507
Temporal,fr3_walking_xyz,run_05,668,0,0,1807,520,520
Temporal,fr3_walking_xyz,run_05,669,0,0,1818,516,516
Temporal,fr3_walking_xyz,run_05,670,0,0,1832,505,505
Temporal,fr3_walking_xyz,run_05,671,0,0,1868,526,526
Temporal,fr3_walking_xyz,run_05,672,0,0,2035,549,549
Temporal,fr3_walking_xyz,run_05,673,0,0,1736,353,353
Temporal,fr3_walking_xyz,run_05,674,0,0,1848,376,376
Temporal,fr3_walking_xyz,run_05,675,0,0,1827,352,352
Temporal,fr3_walking_xyz,run_05,676,0,0,1938,368,368
Temporal,fr3_walking_xyz,run_05,677,0,0,1916,357,357
Temporal,fr3_walking_xyz,run_05,678,0,0,1976,335,335
Temporal,fr3_walking_xyz,run_05,679,0,0,2037,332,332
Temporal,fr3_walking_xyz,run_05,680,0,0,2059,343,343
Temporal,fr3_walking_xyz,run_05,681,0,0,1893,347,347
Temporal,fr3_walking_xyz,run_05,682,0,0,1885,334,334
Temporal,fr3_walking_xyz,run_05,683,0,0,2012,469,469
Temporal,fr3_walking_xyz,run_05,684,0,0,2015,612,612
Temporal,fr3_walking_xyz,run_05,685,0,0,2089,856,856
Temporal,fr3_walking_xyz,run_05,686,0,0,2010,770,770
Temporal,fr3_walking_xyz,run_05,687,0,0,2088,883,883
Temporal,fr3_walking_xyz,run_05,688,0,0,2082,913,913
Temporal,fr3_walking_xyz,run_05,689,0,0,2118,947,947
Temporal,fr3_walking_xyz,run_05,690,0,0,2059,948,948
Temporal,fr3_walking_xyz,run_05,691,0,0,2035,926,926
Temporal,fr3_walking_xyz,run_05,692,0,0,2029,909,909
Temporal,fr3_walking_xyz,run_05,693,0,0,2085,938,938
Temporal,fr3_walking_xyz,run_05,694,0,0,2208,1006,1006
Temporal,fr3_walking_xyz,run_05,695,0,0,2090,929,929
Temporal,fr3_walking_xyz,run_05,696,0,0,1984,957,957
Temporal,fr3_walking_xyz,run_05,697,0,0,2235,1234,1234
Temporal,fr3_walking_xyz,run_05,698,0,0,2127,1172,1172
Temporal,fr3_walking_xyz,run_05,699,0,0,2075,1126,1126
Temporal,fr3_walking_xyz,run_05,700,0,0,2256,1229,1229
Temporal,fr3_walking_xyz,run_05,701,0,0,2161,1203,1203
Temporal,fr3_walking_xyz,run_05,702,0,0,2114,1198,1198
Temporal,fr3_walking_xyz,run_05,703,0,0,2245,1259,1259
Temporal,fr3_walking_xyz,run_05,704,0,0,2230,1220,1220
Temporal,fr3_walking_xyz,run_05,705,0,0,2266,1242,1242
Temporal,fr3_walking_xyz,run_05,706,0,0,2542,1396,1396
Temporal,fr3_walking_xyz,run_05,707,0,0,2577,1440,1440
Temporal,fr3_walking_xyz,run_05,708,0,0,2561,1460,1460
Temporal,fr3_walking_xyz,run_05,709,0,0,2595,1459,1459
Temporal,fr3_walking_xyz,run_05,710,0,0,2642,1448,1448
Temporal,fr3_walking_xyz,run_05,711,0,0,2632,1424,1424
Temporal,fr3_walking_xyz,run_05,712,0,0,2846,1480,1480
Temporal,fr3_walking_xyz,run_05,713,0,0,2725,1439,1439
Temporal,fr3_walking_xyz,run_05,714,0,0,2711,1425,1425
Temporal,fr3_walking_xyz,run_05,715,0,0,2715,1404,1404
Temporal,fr3_walking_xyz,run_05,716,0,0,2745,1436,1436
Temporal,fr3_walking_xyz,run_05,717,0,0,2762,1468,1468
Temporal,fr3_walking_xyz,run_05,718,0,0,3259,1749,1749
Temporal,fr3_walking_xyz,run_05,719,0,0,2826,1451,1451
Temporal,fr3_walking_xyz,run_05,720,0,0,3135,1633,1633
Temporal,fr3_walking_xyz,run_05,721,0,0,2897,1500,1500
Temporal,fr3_walking_xyz,run_05,722,0,0,3027,1558,1558
Temporal,fr3_walking_xyz,run_05,723,0,0,2905,1528,1528
Temporal,fr3_walking_xyz,run_05,724,0,0,2941,1564,1564
Temporal,fr3_walking_xyz,run_05,725,0,0,2950,1644,1644
Temporal,fr3_walking_xyz,run_05,726,0,0,2475,1217,1217
Temporal,fr3_walking_xyz,run_05,727,0,0,2566,1289,1289
Temporal,fr3_walking_xyz,run_05,728,0,0,3171,1884,1884
Temporal,fr3_walking_xyz,run_05,729,0,0,2635,1353,1353
Temporal,fr3_walking_xyz,run_05,730,0,0,3423,1978,1978
Temporal,fr3_walking_xyz,run_05,731,0,0,3130,1866,1866
Temporal,fr3_walking_xyz,run_05,732,0,0,3243,1998,1998
Temporal,fr3_walking_xyz,run_05,733,0,0,2756,1461,1461
Temporal,fr3_walking_xyz,run_05,734,0,0,2102,1030,1030
Temporal,fr3_walking_xyz,run_05,735,0,0,2327,1204,1204
Temporal,fr3_walking_xyz,run_05,736,0,0,2082,1030,1030
Temporal,fr3_walking_xyz,run_05,737,0,0,2092,999,999
Temporal,fr3_walking_xyz,run_05,738,0,0,2109,1062,1062
Temporal,fr3_walking_xyz,run_05,739,0,0,2343,1153,1153
Temporal,fr3_walking_xyz,run_05,740,0,0,2257,1101,1101
Temporal,fr3_walking_xyz,run_05,741,0,0,1754,690,690
Temporal,fr3_walking_xyz,run_05,742,0,0,1866,767,767
Temporal,fr3_walking_xyz,run_05,743,0,0,2212,1025,1025
Temporal,fr3_walking_xyz,run_05,744,0,0,2198,1003,1003
Temporal,fr3_walking_xyz,run_05,745,0,0,2422,1162,1162
Temporal,fr3_walking_xyz,run_05,746,0,0,2094,1005,1005
Temporal,fr3_walking_xyz,run_05,747,0,0,1856,717,717
Temporal,fr3_walking_xyz,run_05,748,0,0,1886,826,826
Temporal,fr3_walking_xyz,run_05,749,0,0,2129,1041,1041
Temporal,fr3_walking_xyz,run_05,750,0,0,2151,1116,1116
Temporal,fr3_walking_xyz,run_05,751,0,0,2367,1215,1215
Temporal,fr3_walking_xyz,run_05,752,0,0,2238,1114,1114
Temporal,fr3_walking_xyz,run_05,753,0,0,1883,790,790
Temporal,fr3_walking_xyz,run_05,754,0,0,2149,1044,1044
Temporal,fr3_walking_xyz,run_05,755,0,0,2038,933,933
Temporal,fr3_walking_xyz,run_05,756,0,0,2199,1071,1071
Temporal,fr3_walking_xyz,run_05,757,0,0,2271,1130,1130
Temporal,fr3_walking_xyz,run_05,758,0,0,1941,793,793
Temporal,fr3_walking_xyz,run_05,759,0,0,2123,855,855
Temporal,fr3_walking_xyz,run_05,760,0,0,2212,930,930
Temporal,fr3_walking_xyz,run_05,761,0,0,2242,896,896
Temporal,fr3_walking_xyz,run_05,762,0,0,2252,894,894
Temporal,fr3_walking_xyz,run_05,763,0,0,2394,871,871
Temporal,fr3_walking_xyz,run_05,764,0,0,2102,683,683
Temporal,fr3_walking_xyz,run_05,765,0,0,2285,794,794
Temporal,fr3_walking_xyz,run_05,766,0,0,2253,935,935
Temporal,fr3_walking_xyz,run_05,767,0,0,2378,897,897
Temporal,fr3_walking_xyz,run_05,768,0,0,2409,941,941
Temporal,fr3_walking_xyz,run_05,769,0,0,2551,1060,1060
Temporal,fr3_walking_xyz,run_05,770,0,0,2653,1299,1299
Temporal,fr3_walking_xyz,run_05,771,0,0,2526,1202,1202
Temporal,fr3_walking_xyz,run_05,772,0,0,2484,1175,1175
Temporal,fr3_walking_xyz,run_05,773,0,0,2461,1207,1207
Temporal,fr3_walking_xyz,run_05,774,0,0,2336,1060,1060
Temporal,fr3_walking_xyz,run_05,775,0,0,2172,943,943
Temporal,fr3_walking_xyz,run_05,776,0,0,2063,841,841
Temporal,fr3_walking_xyz,run_05,777,0,0,1856,714,714
Temporal,fr3_walking_xyz,run_05,778,0,0,1845,678,678
Temporal,fr3_walking_xyz,run_05,779,0,0,1839,668,668
Temporal,fr3_walking_xyz,run_05,780,0,0,1869,668,668
Temporal,fr3_walking_xyz,run_05,781,0,0,1898,675,675
Temporal,fr3_walking_xyz,run_05,782,0,0,2087,807,807
Temporal,fr3_walking_xyz,run_05,783,0,0,1886,692,692
Temporal,fr3_walking_xyz,run_05,784,0,0,2390,922,922
Temporal,fr3_walking_xyz,run_05,785,0,0,2173,814,814
Temporal,fr3_walking_xyz,run_05,786,0,0,2512,964,964
Temporal,fr3_walking_xyz,run_05,787,0,0,2348,892,892
Temporal,fr3_walking_xyz,run_05,788,0,0,2891,1171,1171
Temporal,fr3_walking_xyz,run_05,789,0,0,2931,1085,1085
Temporal,fr3_walking_xyz,run_05,790,0,0,2881,1737,1737
Temporal,fr3_walking_xyz,run_05,791,0,0,3254,1421,1421
Temporal,fr3_walking_xyz,run_05,792,0,0,2965,1286,1286
Temporal,fr3_walking_xyz,run_05,793,0,0,3013,1474,1474
Temporal,fr3_walking_xyz,run_05,794,0,0,3111,1998,1998
Temporal,fr3_walking_xyz,run_05,795,0,0,2983,1815,1815
Temporal,fr3_walking_xyz,run_05,796,0,0,2785,1689,1689
Temporal,fr3_walking_xyz,run_05,797,0,0,2895,1730,1730
Temporal,fr3_walking_xyz,run_05,798,0,0,2836,1697,1697
Temporal,fr3_walking_xyz,run_05,799,0,0,3340,1912,1912
Temporal,fr3_walking_xyz,run_05,800,0,0,3492,1999,1999
Temporal,fr3_walking_xyz,run_05,801,0,0,3301,1768,1768
Temporal,fr3_walking_xyz,run_05,802,0,0,3195,1736,1736
Temporal,fr3_walking_xyz,run_05,803,0,0,2937,1601,1601
Temporal,fr3_walking_xyz,run_05,804,0,0,3466,1901,1901
Temporal,fr3_walking_xyz,run_05,805,0,0,3525,1918,1918
Temporal,fr3_walking_xyz,run_05,806,0,0,3469,1896,1896
Temporal,fr3_walking_xyz,run_05,807,0,0,3186,1703,1703
Temporal,fr3_walking_xyz,run_05,808,0,0,3487,1787,1787
Temporal,fr3_walking_xyz,run_05,809,0,0,3315,1703,1703
Temporal,fr3_walking_xyz,run_05,810,0,0,3230,1717,1717
Temporal,fr3_walking_xyz,run_05,811,0,0,3470,1840,1840
Temporal,fr3_walking_xyz,run_05,812,0,0,3643,1913,1913
Temporal,fr3_walking_xyz,run_05,813,0,0,3701,1881,1881
Temporal,fr3_walking_xyz,run_05,814,0,0,3645,1934,1934
Temporal,fr3_walking_xyz,run_05,815,0,0,3992,2180,2180
Temporal,fr3_walking_xyz,run_05,816,0,0,3947,2181,2181
Temporal,fr3_walking_xyz,run_05,817,0,0,3890,2154,2154
Temporal,fr3_walking_xyz,run_05,818,0,0,3061,1658,1658
Temporal,fr3_walking_xyz,run_05,819,0,0,3364,2000,2000
Temporal,fr3_walking_xyz,run_05,820,0,0,3356,1990,1990
Temporal,fr3_walking_xyz,run_05,821,0,0,3787,2281,2281
Temporal,fr3_walking_xyz,run_05,822,0,0,3346,2033,2033
Temporal,fr3_walking_xyz,run_05,823,0,0,3494,2128,2128
Temporal,fr3_walking_xyz,run_05,824,0,0,3455,2071,2071
Temporal,fr3_walking_xyz,run_05,825,0,0,3092,1777,1777
Temporal,fr3_walking_xyz,run_05,826,0,0,3315,1933,1933
Temporal,fr3_walking_rpy,run_01,1,0,0,236,8,8
Temporal,fr3_walking_rpy,run_01,2,0,0,448,8,8
Temporal,fr3_walking_rpy,run_01,3,0,0,533,252,252
Temporal,fr3_walking_rpy,run_01,4,0,0,403,175,175
Temporal,fr3_walking_rpy,run_01,5,0,0,225,45,45
Temporal,fr3_walking_rpy,run_01,6,0,0,263,45,45
Temporal,fr3_walking_rpy,run_01,7,0,0,274,48,48
Temporal,fr3_walking_rpy,run_01,8,0,0,226,32,32
Temporal,fr3_walking_rpy,run_01,9,0,0,247,31,31
Temporal,fr3_walking_rpy,run_01,10,0,0,266,35,35
Temporal,fr3_walking_rpy,run_01,11,0,0,266,40,40
Temporal,fr3_walking_rpy,run_01,12,0,0,268,50,50
Temporal,fr3_walking_rpy,run_01,13,0,0,281,42,42
Temporal,fr3_walking_rpy,run_01,14,0,0,319,56,56
Temporal,fr3_walking_rpy,run_01,15,0,0,335,73,73
Temporal,fr3_walking_rpy,run_01,16,0,0,345,63,63
Temporal,fr3_walking_rpy,run_01,17,0,0,371,73,73
Temporal,fr3_walking_rpy,run_01,18,0,0,424,72,72
Temporal,fr3_walking_rpy,run_01,19,0,0,470,136,136
Temporal,fr3_walking_rpy,run_01,20,0,0,451,151,151
Temporal,fr3_walking_rpy,run_01,21,0,0,420,120,120
Temporal,fr3_walking_rpy,run_01,22,0,0,429,117,117
Temporal,fr3_walking_rpy,run_01,23,0,0,645,182,182
Temporal,fr3_walking_rpy,run_01,24,0,0,568,267,267
Temporal,fr3_walking_rpy,run_01,25,0,0,566,271,271
Temporal,fr3_walking_rpy,run_01,26,0,0,492,198,198
Temporal,fr3_walking_rpy,run_01,27,0,0,512,197,197
Temporal,fr3_walking_rpy,run_01,28,0,0,490,174,174
Temporal,fr3_walking_rpy,run_01,29,0,0,483,163,163
Temporal,fr3_walking_rpy,run_01,30,0,0,495,186,186
Temporal,fr3_walking_rpy,run_01,31,0,0,473,169,169
Temporal,fr3_walking_rpy,run_01,32,0,0,403,315,315
Temporal,fr3_walking_rpy,run_01,33,0,0,431,250,250
Temporal,fr3_walking_rpy,run_01,34,0,0,430,302,302
Temporal,fr3_walking_rpy,run_01,35,0,0,97,70,70
Temporal,fr3_walking_rpy,run_01,37,0,0,109,40,40
Temporal,fr3_walking_rpy,run_01,39,0,0,89,28,28
Temporal,fr3_walking_rpy,run_01,40,0,0,96,28,28
Temporal,fr3_walking_rpy,run_01,41,0,0,96,33,33
Temporal,fr3_walking_rpy,run_01,42,0,0,108,44,44
Temporal,fr3_walking_rpy,run_01,46,0,0,107,22,22
Temporal,fr3_walking_rpy,run_01,48,0,0,104,27,27
Temporal,fr3_walking_rpy,run_01,49,0,0,105,25,25
Temporal,fr3_walking_rpy,run_01,52,0,0,93,17,17
Temporal,fr3_walking_rpy,run_01,53,0,0,106,15,15
Temporal,fr3_walking_rpy,run_01,55,0,0,206,26,26
Temporal,fr3_walking_rpy,run_01,57,0,0,172,24,24
Temporal,fr3_walking_rpy,run_01,60,0,0,91,17,17
Temporal,fr3_walking_rpy,run_01,61,0,0,142,17,17
Temporal,fr3_walking_rpy,run_01,62,0,0,82,14,14
Temporal,fr3_walking_rpy,run_01,64,0,0,82,17,17
Temporal,fr3_walking_rpy,run_01,65,0,0,77,13,13
Temporal,fr3_walking_rpy,run_01,67,0,0,76,13,13
Temporal,fr3_walking_rpy,run_01,86,0,0,201,56,56
Temporal,fr3_walking_rpy,run_01,87,0,0,99,32,32
Temporal,fr3_walking_rpy,run_01,88,0,0,102,33,33
Temporal,fr3_walking_rpy,run_01,90,0,0,78,19,19
Temporal,fr3_walking_rpy,run_01,92,0,0,109,35,35
Temporal,fr3_walking_rpy,run_01,93,0,0,82,19,19
Temporal,fr3_walking_rpy,run_01,94,0,0,100,37,37
Temporal,fr3_walking_rpy,run_01,96,0,0,102,35,35
Temporal,fr3_walking_rpy,run_01,102,0,0,101,44,44
Temporal,fr3_walking_rpy,run_01,105,0,0,93,69,69
Temporal,fr3_walking_rpy,run_01,287,0,0,89,57,57
Temporal,fr3_walking_rpy,run_01,292,0,0,71,16,16
Temporal,fr3_walking_rpy,run_01,293,0,0,92,31,31
Temporal,fr3_walking_rpy,run_01,296,0,0,90,34,34
Temporal,fr3_walking_rpy,run_01,298,0,0,70,17,17
Temporal,fr3_walking_rpy,run_01,300,0,0,93,32,32
Temporal,fr3_walking_rpy,run_01,302,0,0,90,28,28
Temporal,fr3_walking_rpy,run_01,310,0,0,85,6,6
Temporal,fr3_walking_rpy,run_01,311,0,8,487,24,24
Temporal,fr3_walking_rpy,run_01,312,0,6,993,28,28
Temporal,fr3_walking_rpy,run_01,313,0,0,1426,27,27
Temporal,fr3_walking_rpy,run_01,314,0,0,1505,25,25
Temporal,fr3_walking_rpy,run_01,315,0,0,1460,25,25
Temporal,fr3_walking_rpy,run_01,316,0,0,1552,22,22
Temporal,fr3_walking_rpy,run_01,317,0,0,1482,20,20
Temporal,fr3_walking_rpy,run_01,318,0,0,1490,20,20
Temporal,fr3_walking_rpy,run_01,319,0,0,1473,21,21
Temporal,fr3_walking_rpy,run_01,320,0,0,1489,21,21
Temporal,fr3_walking_rpy,run_01,321,0,0,1507,16,16
Temporal,fr3_walking_rpy,run_01,322,0,0,1514,14,14
Temporal,fr3_walking_rpy,run_01,323,0,0,1526,15,15
Temporal,fr3_walking_rpy,run_01,324,0,0,1498,13,13
Temporal,fr3_walking_rpy,run_01,325,0,0,1545,14,14
Temporal,fr3_walking_rpy,run_01,326,0,0,1531,14,14
Temporal,fr3_walking_rpy,run_01,327,0,0,1489,13,13
Temporal,fr3_walking_rpy,run_01,328,0,0,1541,12,12
Temporal,fr3_walking_rpy,run_01,329,0,0,1517,11,11
Temporal,fr3_walking_rpy,run_01,330,0,0,1496,11,11
Temporal,fr3_walking_rpy,run_01,331,0,0,1519,11,11
Temporal,fr3_walking_rpy,run_01,332,0,0,1510,11,11
Temporal,fr3_walking_rpy,run_01,333,0,0,1503,91,91
Temporal,fr3_walking_rpy,run_01,334,0,0,1492,87,87
Temporal,fr3_walking_rpy,run_01,335,0,0,1514,83,83
Temporal,fr3_walking_rpy,run_01,336,0,0,1516,90,90
Temporal,fr3_walking_rpy,run_01,337,0,0,1487,83,83
Temporal,fr3_walking_rpy,run_01,338,0,0,1497,83,83
Temporal,fr3_walking_rpy,run_01,339,0,0,1502,88,88
Temporal,fr3_walking_rpy,run_01,340,0,0,1478,82,82
Temporal,fr3_walking_rpy,run_01,341,0,0,1493,82,82
Temporal,fr3_walking_rpy,run_01,342,0,0,1505,102,102
Temporal,fr3_walking_rpy,run_01,343,0,0,1493,84,84
Temporal,fr3_walking_rpy,run_01,344,0,0,1479,83,83
Temporal,fr3_walking_rpy,run_01,345,0,0,1500,83,83
Temporal,fr3_walking_rpy,run_01,346,0,0,1529,80,80
Temporal,fr3_walking_rpy,run_01,347,0,0,1497,79,79
Temporal,fr3_walking_rpy,run_01,348,0,0,1510,78,78
Temporal,fr3_walking_rpy,run_01,349,0,0,1521,73,73
Temporal,fr3_walking_rpy,run_01,350,0,0,1538,70,70
Temporal,fr3_walking_rpy,run_01,351,0,0,1523,63,63
Temporal,fr3_walking_rpy,run_01,352,0,0,1500,63,63
Temporal,fr3_walking_rpy,run_01,353,0,0,1513,61,61
Temporal,fr3_walking_rpy,run_01,354,0,0,1525,46,46
Temporal,fr3_walking_rpy,run_01,355,0,0,1556,40,40
Temporal,fr3_walking_rpy,run_01,356,0,0,1544,38,38
Temporal,fr3_walking_rpy,run_01,357,0,0,1494,38,38
Temporal,fr3_walking_rpy,run_01,358,0,0,1448,2,2
Temporal,fr3_walking_rpy,run_01,359,0,0,1398,0,0
Temporal,fr3_walking_rpy,run_01,360,0,0,1373,0,0
Temporal,fr3_walking_rpy,run_01,361,0,0,1380,0,0
Temporal,fr3_walking_rpy,run_01,362,0,0,1376,0,0
Temporal,fr3_walking_rpy,run_01,363,0,0,1327,0,0
Temporal,fr3_walking_rpy,run_01,364,0,0,1349,0,0
Temporal,fr3_walking_rpy,run_01,365,0,0,1396,0,0
Temporal,fr3_walking_rpy,run_01,366,0,0,1377,0,0
Temporal,fr3_walking_rpy,run_01,367,0,0,1343,0,0
Temporal,fr3_walking_rpy,run_01,368,0,0,1376,0,0
Temporal,fr3_walking_rpy,run_01,369,0,0,1367,0,0
Temporal,fr3_walking_rpy,run_01,370,0,0,1318,0,0
Temporal,fr3_walking_rpy,run_01,371,0,0,1309,0,0
Temporal,fr3_walking_rpy,run_01,372,0,0,1304,0,0
Temporal,fr3_walking_rpy,run_01,373,0,0,1214,0,0
Temporal,fr3_walking_rpy,run_01,374,0,0,1217,0,0
Temporal,fr3_walking_rpy,run_01,375,0,0,972,0,0
Temporal,fr3_walking_rpy,run_01,376,0,0,1174,0,0
Temporal,fr3_walking_rpy,run_01,377,0,0,1168,0,0
Temporal,fr3_walking_rpy,run_01,378,0,0,1038,0,0
Temporal,fr3_walking_rpy,run_01,379,0,0,1030,0,0
Temporal,fr3_walking_rpy,run_01,380,0,0,1058,0,0
Temporal,fr3_walking_rpy,run_01,381,0,0,1012,0,0
Temporal,fr3_walking_rpy,run_01,382,0,0,991,0,0
Temporal,fr3_walking_rpy,run_01,383,0,0,1002,0,0
Temporal,fr3_walking_rpy,run_01,384,0,0,986,0,0
Temporal,fr3_walking_rpy,run_01,385,0,0,990,0,0
Temporal,fr3_walking_rpy,run_01,386,0,0,1028,0,0
Temporal,fr3_walking_rpy,run_01,387,0,0,1026,0,0
Temporal,fr3_walking_rpy,run_01,388,0,0,1038,0,0
Temporal,fr3_walking_rpy,run_01,389,0,0,1055,0,0
Temporal,fr3_walking_rpy,run_01,390,0,0,1111,0,0
Temporal,fr3_walking_rpy,run_01,391,0,0,766,0,0
Temporal,fr3_walking_rpy,run_01,392,0,0,986,0,0
Temporal,fr3_walking_rpy,run_01,393,0,0,1052,0,0
Temporal,fr3_walking_rpy,run_01,394,0,0,1051,0,0
Temporal,fr3_walking_rpy,run_01,395,0,0,989,1,1
Temporal,fr3_walking_rpy,run_01,396,0,0,1239,1,1
Temporal,fr3_walking_rpy,run_01,397,0,0,1198,1,1
Temporal,fr3_walking_rpy,run_01,398,0,0,1034,1,1
Temporal,fr3_walking_rpy,run_01,399,0,0,1289,0,0
Temporal,fr3_walking_rpy,run_01,400,0,0,1253,0,0
Temporal,fr3_walking_rpy,run_01,401,0,0,1313,0,0
Temporal,fr3_walking_rpy,run_01,402,0,0,1280,69,69
Temporal,fr3_walking_rpy,run_01,403,0,0,1027,90,90
Temporal,fr3_walking_rpy,run_01,404,0,0,1166,223,223
Temporal,fr3_walking_rpy,run_01,405,0,0,886,116,116
Temporal,fr3_walking_rpy,run_01,406,0,0,962,112,112
Temporal,fr3_walking_rpy,run_01,407,0,0,1009,116,116
Temporal,fr3_walking_rpy,run_01,408,0,0,1018,120,120
Temporal,fr3_walking_rpy,run_01,409,0,0,950,131,131
Temporal,fr3_walking_rpy,run_01,410,0,0,1035,198,198
Temporal,fr3_walking_rpy,run_01,411,0,0,942,173,173
Temporal,fr3_walking_rpy,run_01,412,0,0,931,150,150
Temporal,fr3_walking_rpy,run_01,413,0,0,944,151,151
Temporal,fr3_walking_rpy,run_01,414,0,0,922,150,150
Temporal,fr3_walking_rpy,run_01,415,0,0,950,168,168
Temporal,fr3_walking_rpy,run_01,416,0,0,895,154,154
Temporal,fr3_walking_rpy,run_01,417,0,0,869,126,126
Temporal,fr3_walking_rpy,run_01,418,0,0,887,116,116
Temporal,fr3_walking_rpy,run_01,419,0,0,890,111,111
Temporal,fr3_walking_rpy,run_01,420,0,0,882,119,119
Temporal,fr3_walking_rpy,run_01,421,0,0,858,137,137
Temporal,fr3_walking_rpy,run_01,422,0,0,851,149,149
Temporal,fr3_walking_rpy,run_01,423,0,0,908,186,186
Temporal,fr3_walking_rpy,run_01,424,0,0,683,143,143
Temporal,fr3_walking_rpy,run_01,425,0,0,760,149,149
Temporal,fr3_walking_rpy,run_01,426,0,0,635,130,130
Temporal,fr3_walking_rpy,run_01,427,0,0,638,139,139
Temporal,fr3_walking_rpy,run_01,428,0,0,568,172,172
Temporal,fr3_walking_rpy,run_01,429,0,0,638,185,185
Temporal,fr3_walking_rpy,run_01,430,0,0,624,186,186
Temporal,fr3_walking_rpy,run_01,431,0,0,619,200,200
Temporal,fr3_walking_rpy,run_01,432,0,0,638,208,208
Temporal,fr3_walking_rpy,run_01,433,0,0,617,217,217
Temporal,fr3_walking_rpy,run_01,434,0,0,615,231,231
Temporal,fr3_walking_rpy,run_01,435,0,0,614,264,264
Temporal,fr3_walking_rpy,run_01,436,0,0,559,254,254
Temporal,fr3_walking_rpy,run_01,437,0,0,628,280,280
Temporal,fr3_walking_rpy,run_01,438,0,0,627,272,272
Temporal,fr3_walking_rpy,run_01,439,0,0,649,298,298
Temporal,fr3_walking_rpy,run_01,440,0,0,670,333,333
Temporal,fr3_walking_rpy,run_01,441,0,0,669,387,387
Temporal,fr3_walking_rpy,run_01,442,0,0,663,378,378
Temporal,fr3_walking_rpy,run_01,443,0,0,714,390,390
Temporal,fr3_walking_rpy,run_01,444,0,0,718,396,396
Temporal,fr3_walking_rpy,run_01,445,0,0,722,396,396
Temporal,fr3_walking_rpy,run_01,446,0,0,756,423,423
Temporal,fr3_walking_rpy,run_01,447,0,0,770,433,433
Temporal,fr3_walking_rpy,run_01,448,0,0,772,427,427
Temporal,fr3_walking_rpy,run_01,449,0,0,784,426,426
Temporal,fr3_walking_rpy,run_01,450,0,0,768,413,413
Temporal,fr3_walking_rpy,run_01,451,0,0,785,407,407
Temporal,fr3_walking_rpy,run_01,452,0,0,800,396,396
Temporal,fr3_walking_rpy,run_01,453,0,0,850,414,414
Temporal,fr3_walking_rpy,run_01,454,0,0,993,395,395
Temporal,fr3_walking_rpy,run_01,455,0,0,1060,368,368
Temporal,fr3_walking_rpy,run_01,456,0,0,1083,345,345
Temporal,fr3_walking_rpy,run_01,457,0,0,1151,338,338
Temporal,fr3_walking_rpy,run_01,458,0,0,1194,317,317
Temporal,fr3_walking_rpy,run_01,459,0,0,1268,291,291
Temporal,fr3_walking_rpy,run_01,460,0,0,1357,280,280
Temporal,fr3_walking_rpy,run_01,461,0,0,1469,247,247
Temporal,fr3_walking_rpy,run_01,462,0,0,1257,225,225
Temporal,fr3_walking_rpy,run_01,463,0,0,1411,178,178
Temporal,fr3_walking_rpy,run_01,464,0,0,1460,145,145
Temporal,fr3_walking_rpy,run_01,465,0,0,1501,116,116
Temporal,fr3_walking_rpy,run_01,466,0,0,1303,102,102
Temporal,fr3_walking_rpy,run_01,467,0,0,1534,81,81
Temporal,fr3_walking_rpy,run_01,468,0,0,1481,45,45
Temporal,fr3_walking_rpy,run_01,469,0,0,1511,29,29
Temporal,fr3_walking_rpy,run_01,470,0,0,1576,29,29
Temporal,fr3_walking_rpy,run_01,471,0,0,1626,17,17
Temporal,fr3_walking_rpy,run_01,472,0,0,1599,14,14
Temporal,fr3_walking_rpy,run_01,473,0,0,1652,8,8
Temporal,fr3_walking_rpy,run_01,474,0,0,1633,1,1
Temporal,fr3_walking_rpy,run_01,475,0,0,1557,0,0
Temporal,fr3_walking_rpy,run_01,476,0,0,1586,0,0
Temporal,fr3_walking_rpy,run_01,477,0,0,1627,0,0
Temporal,fr3_walking_rpy,run_01,478,0,0,1649,0,0
Temporal,fr3_walking_rpy,run_01,479,0,0,1625,0,0
Temporal,fr3_walking_rpy,run_01,480,0,0,1696,0,0
Temporal,fr3_walking_rpy,run_01,481,0,0,1592,0,0
Temporal,fr3_walking_rpy,run_01,482,0,0,1576,0,0
Temporal,fr3_walking_rpy,run_01,483,0,0,1657,0,0
Temporal,fr3_walking_rpy,run_01,484,0,0,1643,0,0
Temporal,fr3_walking_rpy,run_01,485,0,0,1631,0,0
Temporal,fr3_walking_rpy,run_01,486,0,0,1645,0,0
Temporal,fr3_walking_rpy,run_01,487,0,0,1610,0,0
Temporal,fr3_walking_rpy,run_01,488,0,0,1590,0,0
Temporal,fr3_walking_rpy,run_01,489,0,0,1636,0,0
Temporal,fr3_walking_rpy,run_01,490,0,0,1639,0,0
Temporal,fr3_walking_rpy,run_01,491,0,0,1671,0,0
Temporal,fr3_walking_rpy,run_01,492,0,0,1646,0,0
Temporal,fr3_walking_rpy,run_01,493,0,0,1599,0,0
Temporal,fr3_walking_rpy,run_01,494,0,0,1640,0,0
Temporal,fr3_walking_rpy,run_01,495,0,0,1509,0,0
Temporal,fr3_walking_rpy,run_01,496,0,0,1506,0,0
Temporal,fr3_walking_rpy,run_01,497,0,0,1562,0,0
Temporal,fr3_walking_rpy,run_01,498,0,0,1666,0,0
Temporal,fr3_walking_rpy,run_01,499,0,0,1531,0,0
Temporal,fr3_walking_rpy,run_01,500,0,0,1360,0,0
Temporal,fr3_walking_rpy,run_01,501,0,0,1631,0,0
Temporal,fr3_walking_rpy,run_01,502,0,0,1740,0,0
Temporal,fr3_walking_rpy,run_01,503,0,0,1574,0,0
Temporal,fr3_walking_rpy,run_01,504,0,0,1642,0,0
Temporal,fr3_walking_rpy,run_01,505,0,0,1524,0,0
Temporal,fr3_walking_rpy,run_01,506,0,0,1561,0,0
Temporal,fr3_walking_rpy,run_01,507,0,0,1738,0,0
Temporal,fr3_walking_rpy,run_01,508,0,0,1682,0,0
Temporal,fr3_walking_rpy,run_01,509,0,0,1637,0,0
Temporal,fr3_walking_rpy,run_01,510,0,0,1521,0,0
Temporal,fr3_walking_rpy,run_01,511,0,0,1601,0,0
Temporal,fr3_walking_rpy,run_01,512,0,0,1664,0,0
Temporal,fr3_walking_rpy,run_01,513,0,0,1601,0,0
Temporal,fr3_walking_rpy,run_01,514,0,0,1595,0,0
Temporal,fr3_walking_rpy,run_01,515,0,0,1455,0,0
Temporal,fr3_walking_rpy,run_01,516,0,0,1462,0,0
Temporal,fr3_walking_rpy,run_01,517,0,0,1398,0,0
Temporal,fr3_walking_rpy,run_01,518,0,0,1381,0,0
Temporal,fr3_walking_rpy,run_01,519,0,0,1365,0,0
Temporal,fr3_walking_rpy,run_01,520,0,0,1355,0,0
Temporal,fr3_walking_rpy,run_01,521,0,0,1370,0,0
Temporal,fr3_walking_rpy,run_01,522,0,0,1173,0,0
Temporal,fr3_walking_rpy,run_01,523,0,0,1483,0,0
Temporal,fr3_walking_rpy,run_01,524,0,0,1483,0,0
Temporal,fr3_walking_rpy,run_01,525,0,0,1448,0,0
Temporal,fr3_walking_rpy,run_01,526,0,0,1540,0,0
Temporal,fr3_walking_rpy,run_01,527,0,0,1543,0,0
Temporal,fr3_walking_rpy,run_01,528,0,0,1498,0,0
Temporal,fr3_walking_rpy,run_01,529,0,0,1224,87,87
Temporal,fr3_walking_rpy,run_01,530,0,0,1539,65,65
Temporal,fr3_walking_rpy,run_01,531,0,0,1480,293,293
Temporal,fr3_walking_rpy,run_01,532,0,0,1359,93,93
Temporal,fr3_walking_rpy,run_01,533,0,0,1477,90,90
Temporal,fr3_walking_rpy,run_01,534,0,0,1429,89,89
Temporal,fr3_walking_rpy,run_01,535,0,0,1386,298,298
Temporal,fr3_walking_rpy,run_01,536,0,0,1309,199,199
Temporal,fr3_walking_rpy,run_01,537,0,0,1264,187,187
Temporal,fr3_walking_rpy,run_01,538,0,0,924,45,45
Temporal,fr3_walking_rpy,run_01,539,0,0,1336,42,42
Temporal,fr3_walking_rpy,run_01,540,0,0,1330,34,34
Temporal,fr3_walking_rpy,run_01,541,0,0,1318,369,369
Temporal,fr3_walking_rpy,run_01,542,0,0,1200,230,230
Temporal,fr3_walking_rpy,run_01,543,0,0,1209,254,254
Temporal,fr3_walking_rpy,run_01,544,0,0,1211,255,255
Temporal,fr3_walking_rpy,run_01,545,0,0,799,108,108
Temporal,fr3_walking_rpy,run_01,546,0,0,1075,118,118
Temporal,fr3_walking_rpy,run_01,547,0,0,1035,130,130
Temporal,fr3_walking_rpy,run_01,548,0,0,1101,104,104
Temporal,fr3_walking_rpy,run_01,549,0,0,1142,128,128
Temporal,fr3_walking_rpy,run_01,550,0,0,715,27,27
Temporal,fr3_walking_rpy,run_01,551,0,0,983,25,25
Temporal,fr3_walking_rpy,run_01,552,0,0,889,22,22
Temporal,fr3_walking_rpy,run_01,553,0,0,1387,156,156
Temporal,fr3_walking_rpy,run_01,554,0,0,981,19,19
Temporal,fr3_walking_rpy,run_01,555,0,0,1387,22,22
Temporal,fr3_walking_rpy,run_01,556,0,0,1342,60,60
Temporal,fr3_walking_rpy,run_01,557,0,0,1097,134,134
Temporal,fr3_walking_rpy,run_01,558,0,0,1373,178,178
Temporal,fr3_walking_rpy,run_01,559,0,0,1075,177,177
Temporal,fr3_walking_rpy,run_01,560,0,0,1450,168,168
Temporal,fr3_walking_rpy,run_01,561,0,0,1484,185,185
Temporal,fr3_walking_rpy,run_01,562,0,0,1228,154,154
Temporal,fr3_walking_rpy,run_01,563,0,0,1652,175,175
Temporal,fr3_walking_rpy,run_01,564,0,0,1744,193,193
Temporal,fr3_walking_rpy,run_01,565,0,0,1651,176,176
Temporal,fr3_walking_rpy,run_01,566,0,0,1995,192,192
Temporal,fr3_walking_rpy,run_01,567,0,0,1688,173,173
Temporal,fr3_walking_rpy,run_01,568,0,0,2058,175,175
Temporal,fr3_walking_rpy,run_01,569,0,0,1649,129,129
Temporal,fr3_walking_rpy,run_01,570,0,0,1948,114,114
Temporal,fr3_walking_rpy,run_01,571,0,0,1727,207,207
Temporal,fr3_walking_rpy,run_01,572,0,0,2078,168,168
Temporal,fr3_walking_rpy,run_01,573,0,0,2255,157,157
Temporal,fr3_walking_rpy,run_01,574,0,0,2176,429,429
Temporal,fr3_walking_rpy,run_01,575,0,0,2082,292,292
Temporal,fr3_walking_rpy,run_01,576,0,0,1990,253,253
Temporal,fr3_walking_rpy,run_01,577,0,0,2015,259,259
Temporal,fr3_walking_rpy,run_01,578,0,0,1724,190,190
Temporal,fr3_walking_rpy,run_01,579,0,0,1995,202,202
Temporal,fr3_walking_rpy,run_01,580,0,0,1810,193,193
Temporal,fr3_walking_rpy,run_01,581,0,0,2293,467,467
Temporal,fr3_walking_rpy,run_01,582,0,0,2281,461,461
Temporal,fr3_walking_rpy,run_01,583,0,0,1967,218,218
Temporal,fr3_walking_rpy,run_01,584,0,0,2183,216,216
Temporal,fr3_walking_rpy,run_01,585,0,0,2079,208,208
Temporal,fr3_walking_rpy,run_01,586,0,0,2237,220,220
Temporal,fr3_walking_rpy,run_01,587,0,0,1952,191,191
Temporal,fr3_walking_rpy,run_01,588,0,0,1609,42,42
Temporal,fr3_walking_rpy,run_01,589,0,0,1882,78,78
Temporal,fr3_walking_rpy,run_01,590,0,0,1936,206,206
Temporal,fr3_walking_rpy,run_01,591,0,0,2154,250,250
Temporal,fr3_walking_rpy,run_01,592,0,0,1683,126,126
Temporal,fr3_walking_rpy,run_01,593,0,0,1704,129,129
Temporal,fr3_walking_rpy,run_01,594,0,0,2245,295,295
Temporal,fr3_walking_rpy,run_01,595,0,0,1579,265,265
Temporal,fr3_walking_rpy,run_01,596,0,0,1660,315,315
Temporal,fr3_walking_rpy,run_01,597,0,0,1527,374,374
Temporal,fr3_walking_rpy,run_01,598,0,0,1452,388,388
Temporal,fr3_walking_rpy,run_01,599,0,0,892,259,259
Temporal,fr3_walking_rpy,run_01,600,0,0,1010,294,294
Temporal,fr3_walking_rpy,run_01,601,0,0,981,245,245
Temporal,fr3_walking_rpy,run_01,602,0,0,1004,292,292
Temporal,fr3_walking_rpy,run_01,603,0,0,1066,309,309
Temporal,fr3_walking_rpy,run_01,604,0,0,899,263,263
Temporal,fr3_walking_rpy,run_01,605,0,0,1011,290,290
Temporal,fr3_walking_rpy,run_01,606,0,0,1036,331,331
Temporal,fr3_walking_rpy,run_01,607,0,0,910,328,328
Temporal,fr3_walking_rpy,run_01,608,0,0,901,302,302
Temporal,fr3_walking_rpy,run_01,609,0,0,1026,473,473
Temporal,fr3_walking_rpy,run_01,610,0,0,963,462,462
Temporal,fr3_walking_rpy,run_01,611,0,0,1108,480,480
Temporal,fr3_walking_rpy,run_01,612,0,0,1039,376,376
Temporal,fr3_walking_rpy,run_01,613,0,0,1059,377,377
Temporal,fr3_walking_rpy,run_01,614,0,0,1065,379,379
Temporal,fr3_walking_rpy,run_01,615,0,0,1078,377,377
Temporal,fr3_walking_rpy,run_01,616,0,0,1098,378,378
Temporal,fr3_walking_rpy,run_01,617,0,0,1118,379,379
Temporal,fr3_walking_rpy,run_01,618,0,0,1113,380,380
Temporal,fr3_walking_rpy,run_01,619,0,0,1131,370,370
Temporal,fr3_walking_rpy,run_01,620,0,0,1885,814,814
Temporal,fr3_walking_rpy,run_01,621,0,0,1874,759,759
Temporal,fr3_walking_rpy,run_01,622,0,0,1697,653,653
Temporal,fr3_walking_rpy,run_01,623,0,0,1923,676,676
Temporal,fr3_walking_rpy,run_01,624,0,0,1942,639,639
Temporal,fr3_walking_rpy,run_01,625,0,0,1471,450,450
Temporal,fr3_walking_rpy,run_01,626,0,0,2064,585,585
Temporal,fr3_walking_rpy,run_01,627,0,0,2039,496,496
Temporal,fr3_walking_rpy,run_01,628,0,0,1948,436,436
Temporal,fr3_walking_rpy,run_01,629,0,0,1991,457,457
Temporal,fr3_walking_rpy,run_01,630,0,0,2121,478,478
Temporal,fr3_walking_rpy,run_01,631,0,0,2158,489,489
Temporal,fr3_walking_rpy,run_01,632,0,0,2084,430,430
Temporal,fr3_walking_rpy,run_01,633,0,0,2111,433,433
Temporal,fr3_walking_rpy,run_01,634,0,0,2133,418,418
Temporal,fr3_walking_rpy,run_01,635,0,0,2219,411,411
Temporal,fr3_walking_rpy,run_01,636,0,0,2115,382,382
Temporal,fr3_walking_rpy,run_01,637,0,0,1976,361,361
Temporal,fr3_walking_rpy,run_01,638,0,0,2300,390,390
Temporal,fr3_walking_rpy,run_01,639,0,0,2240,388,388
Temporal,fr3_walking_rpy,run_01,640,0,0,2201,370,370
Temporal,fr3_walking_rpy,run_01,641,0,0,2262,352,352
Temporal,fr3_walking_rpy,run_01,642,0,0,1934,221,221
Temporal,fr3_walking_rpy,run_01,643,0,0,1885,205,205
Temporal,fr3_walking_rpy,run_01,644,0,0,1982,179,179
Temporal,fr3_walking_rpy,run_01,645,0,0,2042,201,201
Temporal,fr3_walking_rpy,run_01,646,0,0,2010,201,201
Temporal,fr3_walking_rpy,run_01,647,0,0,2031,182,182
Temporal,fr3_walking_rpy,run_01,648,0,0,2035,85,85
Temporal,fr3_walking_rpy,run_01,649,0,0,2059,72,72
Temporal,fr3_walking_rpy,run_01,650,0,0,1698,23,23
Temporal,fr3_walking_rpy,run_01,651,0,0,2189,49,49
Temporal,fr3_walking_rpy,run_01,652,0,0,1896,10,10
Temporal,fr3_walking_rpy,run_01,653,0,0,2121,192,192
Temporal,fr3_walking_rpy,run_01,654,0,0,2048,136,136
Temporal,fr3_walking_rpy,run_01,655,0,0,2070,147,147
Temporal,fr3_walking_rpy,run_01,656,0,0,1768,62,62
Temporal,fr3_walking_rpy,run_01,657,0,0,1909,119,119
Temporal,fr3_walking_rpy,run_01,658,0,0,2025,96,96
Temporal,fr3_walking_rpy,run_01,659,0,0,1893,120,120
Temporal,fr3_walking_rpy,run_01,660,0,0,1596,59,59
Temporal,fr3_walking_rpy,run_01,661,0,0,1699,72,72
Temporal,fr3_walking_rpy,run_01,662,0,0,1553,56,56
Temporal,fr3_walking_rpy,run_01,663,0,0,1731,64,64
Temporal,fr3_walking_rpy,run_01,664,0,0,1636,51,51
Temporal,fr3_walking_rpy,run_01,665,0,0,2172,166,166
Temporal,fr3_walking_rpy,run_01,666,0,0,1951,85,85
Temporal,fr3_walking_rpy,run_01,667,0,0,2166,68,68
Temporal,fr3_walking_rpy,run_01,668,0,0,2156,57,57
Temporal,fr3_walking_rpy,run_01,669,0,0,1818,39,39
Temporal,fr3_walking_rpy,run_01,670,0,0,2018,46,46
Temporal,fr3_walking_rpy,run_01,671,0,0,2005,44,44
Temporal,fr3_walking_rpy,run_01,672,0,0,2006,34,34
Temporal,fr3_walking_rpy,run_01,673,0,7,222,193,193
Temporal,fr3_walking_rpy,run_01,691,0,0,113,0,0
Temporal,fr3_walking_rpy,run_01,693,0,0,112,0,0
Temporal,fr3_walking_rpy,run_01,702,0,0,89,23,23
Temporal,fr3_walking_rpy,run_01,703,0,0,93,28,28
Temporal,fr3_walking_rpy,run_01,707,0,0,90,27,27
Temporal,fr3_walking_rpy,run_01,712,0,0,157,7,7
Temporal,fr3_walking_rpy,run_01,714,0,0,97,25,25
Temporal,fr3_walking_rpy,run_01,715,0,0,1081,27,27
Temporal,fr3_walking_rpy,run_01,716,0,0,897,81,81
Temporal,fr3_walking_rpy,run_01,717,0,0,1308,28,28
Temporal,fr3_walking_rpy,run_01,718,0,0,1679,27,27
Temporal,fr3_walking_rpy,run_01,719,0,0,1274,882,882
Temporal,fr3_walking_rpy,run_01,721,0,1,1165,84,84
Temporal,fr3_walking_rpy,run_01,722,0,0,984,684,684
Temporal,fr3_walking_rpy,run_01,723,0,0,1000,568,568
Temporal,fr3_walking_rpy,run_01,724,0,0,1422,641,641
Temporal,fr3_walking_rpy,run_01,725,0,0,1332,948,948
Temporal,fr3_walking_rpy,run_01,726,0,0,1090,688,688
Temporal,fr3_walking_rpy,run_01,727,0,0,1162,762,762
Temporal,fr3_walking_rpy,run_01,728,0,0,1155,710,710
Temporal,fr3_walking_rpy,run_01,729,0,0,1324,698,698
Temporal,fr3_walking_rpy,run_01,730,0,0,1268,648,648
Temporal,fr3_walking_rpy,run_01,731,0,0,1239,872,872
Temporal,fr3_walking_rpy,run_01,732,0,0,1040,641,641
Temporal,fr3_walking_rpy,run_01,733,0,0,1029,639,639
Temporal,fr3_walking_rpy,run_01,734,0,0,1137,631,631
Temporal,fr3_walking_rpy,run_01,735,0,0,1247,863,863
Temporal,fr3_walking_rpy,run_01,736,0,0,1070,644,644
Temporal,fr3_walking_rpy,run_01,737,0,0,1231,636,636
Temporal,fr3_walking_rpy,run_01,738,0,0,136,79,79
Temporal,fr3_walking_rpy,run_01,742,0,0,111,45,45
Temporal,fr3_walking_rpy,run_01,743,0,0,110,31,31
Temporal,fr3_walking_rpy,run_01,771,0,0,150,27,27
Temporal,fr3_walking_rpy,run_01,803,0,0,115,63,63
Temporal,fr3_walking_rpy,run_01,807,0,0,161,126,126
Temporal,fr3_walking_rpy,run_01,861,0,9,1875,0,0
Temporal,fr3_walking_rpy,run_01,862,0,4,0,0,0
Temporal,fr3_walking_rpy,run_01,863,0,0,2121,0,0
Temporal,fr3_walking_rpy,run_01,864,0,0,1682,0,0
Temporal,fr3_walking_rpy,run_01,865,0,0,1993,0,0
Temporal,fr3_walking_rpy,run_02,1,0,0,236,8,8
Temporal,fr3_walking_rpy,run_02,2,0,0,448,8,8
Temporal,fr3_walking_rpy,run_02,3,0,0,533,252,252
Temporal,fr3_walking_rpy,run_02,4,0,0,403,175,175
Temporal,fr3_walking_rpy,run_02,5,0,0,225,45,45
Temporal,fr3_walking_rpy,run_02,6,0,0,262,45,45
Temporal,fr3_walking_rpy,run_02,7,0,0,275,48,48
Temporal,fr3_walking_rpy,run_02,8,0,0,228,32,32
Temporal,fr3_walking_rpy,run_02,9,0,0,247,31,31
Temporal,fr3_walking_rpy,run_02,10,0,0,268,35,35
Temporal,fr3_walking_rpy,run_02,11,0,0,272,40,40
Temporal,fr3_walking_rpy,run_02,12,0,0,336,70,70
Temporal,fr3_walking_rpy,run_02,13,0,0,288,48,48
Temporal,fr3_walking_rpy,run_02,14,0,0,311,54,54
Temporal,fr3_walking_rpy,run_02,15,0,0,331,69,69
Temporal,fr3_walking_rpy,run_02,16,0,0,349,63,63
Temporal,fr3_walking_rpy,run_02,17,0,0,379,72,72
Temporal,fr3_walking_rpy,run_02,18,0,0,431,70,70
Temporal,fr3_walking_rpy,run_02,19,0,0,474,139,139
Temporal,fr3_walking_rpy,run_02,20,0,0,546,166,166
Temporal,fr3_walking_rpy,run_02,21,0,0,426,134,134
Temporal,fr3_walking_rpy,run_02,22,0,0,390,100,100
Temporal,fr3_walking_rpy,run_02,23,0,0,603,163,163
Temporal,fr3_walking_rpy,run_02,24,0,0,528,252,252
Temporal,fr3_walking_rpy,run_02,25,0,0,523,258,258
Temporal,fr3_walking_rpy,run_02,26,0,0,453,185,185
Temporal,fr3_walking_rpy,run_02,27,0,0,495,185,185
Temporal,fr3_walking_rpy,run_02,28,0,0,473,162,162
Temporal,fr3_walking_rpy,run_02,29,0,0,461,156,156
Temporal,fr3_walking_rpy,run_02,30,0,0,479,177,177
Temporal,fr3_walking_rpy,run_02,31,0,0,454,156,156
Temporal,fr3_walking_rpy,run_02,32,0,0,436,349,349
Temporal,fr3_walking_rpy,run_02,33,0,0,458,277,277
Temporal,fr3_walking_rpy,run_02,34,0,0,458,327,327
Temporal,fr3_walking_rpy,run_02,35,0,0,521,338,338
Temporal,fr3_walking_rpy,run_02,36,0,0,491,379,379
Temporal,fr3_walking_rpy,run_02,37,0,0,560,365,365
Temporal,fr3_walking_rpy,run_02,38,0,0,503,334,334
Temporal,fr3_walking_rpy,run_02,39,0,0,527,305,305
Temporal,fr3_walking_rpy,run_02,40,0,0,520,299,299
Temporal,fr3_walking_rpy,run_02,41,0,0,512,316,316
Temporal,fr3_walking_rpy,run_02,42,0,0,526,305,305
Temporal,fr3_walking_rpy,run_02,43,0,0,535,295,295
Temporal,fr3_walking_rpy,run_02,44,0,0,540,283,283
Temporal,fr3_walking_rpy,run_02,45,0,0,539,249,249
Temporal,fr3_walking_rpy,run_02,46,0,0,511,230,230
Temporal,fr3_walking_rpy,run_02,47,0,0,520,199,199
Temporal,fr3_walking_rpy,run_02,48,0,0,535,194,194
Temporal,fr3_walking_rpy,run_02,49,0,0,620,230,230
Temporal,fr3_walking_rpy,run_02,50,0,0,568,210,210
Temporal,fr3_walking_rpy,run_02,51,0,0,540,198,198
Temporal,fr3_walking_rpy,run_02,52,0,0,609,214,214
Temporal,fr3_walking_rpy,run_02,53,0,0,535,183,183
Temporal,fr3_walking_rpy,run_02,54,0,0,558,182,182
Temporal,fr3_walking_rpy,run_02,55,0,0,545,129,129
Temporal,fr3_walking_rpy,run_02,56,0,0,537,135,135
Temporal,fr3_walking_rpy,run_02,57,0,0,554,130,130
Temporal,fr3_walking_rpy,run_02,58,0,0,582,131,131
Temporal,fr3_walking_rpy,run_02,59,0,0,620,163,163
Temporal,fr3_walking_rpy,run_02,60,0,0,612,164,164
Temporal,fr3_walking_rpy,run_02,61,0,0,612,151,151
Temporal,fr3_walking_rpy,run_02,62,0,0,623,188,188
Temporal,fr3_walking_rpy,run_02,63,0,0,643,197,197
Temporal,fr3_walking_rpy,run_02,64,0,0,709,198,198
Temporal,fr3_walking_rpy,run_02,65,0,0,651,165,165
Temporal,fr3_walking_rpy,run_02,66,0,0,668,160,160
Temporal,fr3_walking_rpy,run_02,67,0,0,682,165,165
Temporal,fr3_walking_rpy,run_02,68,0,0,695,177,177
Temporal,fr3_walking_rpy,run_02,69,0,0,684,187,187
Temporal,fr3_walking_rpy,run_02,70,0,0,695,162,162
Temporal,fr3_walking_rpy,run_02,71,0,0,686,172,172
Temporal,fr3_walking_rpy,run_02,72,0,0,701,164,164
Temporal,fr3_walking_rpy,run_02,73,0,0,758,170,170
Temporal,fr3_walking_rpy,run_02,74,0,0,703,133,133
Temporal,fr3_walking_rpy,run_02,75,0,0,680,124,124
Temporal,fr3_walking_rpy,run_02,76,0,0,708,118,118
Temporal,fr3_walking_rpy,run_02,77,0,0,737,137,137
Temporal,fr3_walking_rpy,run_02,78,0,0,701,122,122
Temporal,fr3_walking_rpy,run_02,79,0,0,753,119,119
Temporal,fr3_walking_rpy,run_02,80,0,0,750,172,172
Temporal,fr3_walking_rpy,run_02,81,0,0,749,163,163
Temporal,fr3_walking_rpy,run_02,82,0,0,726,164,164
Temporal,fr3_walking_rpy,run_02,83,0,0,762,160,160
Temporal,fr3_walking_rpy,run_02,84,0,0,799,257,257
Temporal,fr3_walking_rpy,run_02,85,0,0,826,243,243
Temporal,fr3_walking_rpy,run_02,86,0,0,699,172,172
Temporal,fr3_walking_rpy,run_02,87,0,0,692,194,194
Temporal,fr3_walking_rpy,run_02,88,0,0,702,190,190
Temporal,fr3_walking_rpy,run_02,89,0,0,733,216,216
Temporal,fr3_walking_rpy,run_02,90,0,0,701,432,432
Temporal,fr3_walking_rpy,run_02,91,0,0,744,296,296
Temporal,fr3_walking_rpy,run_02,92,0,0,768,286,286
Temporal,fr3_walking_rpy,run_02,93,0,0,749,474,474
Temporal,fr3_walking_rpy,run_02,94,0,0,754,447,447
Temporal,fr3_walking_rpy,run_02,95,0,0,735,345,345
Temporal,fr3_walking_rpy,run_02,96,0,0,805,345,345
Temporal,fr3_walking_rpy,run_02,97,0,0,868,500,500
Temporal,fr3_walking_rpy,run_02,98,0,0,695,385,385
Temporal,fr3_walking_rpy,run_02,99,0,0,655,447,447
Temporal,fr3_walking_rpy,run_02,100,0,0,699,453,453
Temporal,fr3_walking_rpy,run_02,101,0,0,627,411,411
Temporal,fr3_walking_rpy,run_02,102,0,0,592,348,348
Temporal,fr3_walking_rpy,run_02,103,0,0,661,449,449
Temporal,fr3_walking_rpy,run_02,104,0,0,710,455,455
Temporal,fr3_walking_rpy,run_02,105,0,0,657,445,445
Temporal,fr3_walking_rpy,run_02,106,0,0,712,478,478
Temporal,fr3_walking_rpy,run_02,107,0,0,639,423,423
Temporal,fr3_walking_rpy,run_02,108,0,0,706,452,452
Temporal,fr3_walking_rpy,run_02,109,0,0,685,451,451
Temporal,fr3_walking_rpy,run_02,110,0,0,712,492,492
Temporal,fr3_walking_rpy,run_02,111,0,0,685,483,483
Temporal,fr3_walking_rpy,run_02,112,0,0,734,483,483
Temporal,fr3_walking_rpy,run_02,113,0,0,665,464,464
Temporal,fr3_walking_rpy,run_02,114,0,0,650,453,453
Temporal,fr3_walking_rpy,run_02,115,0,0,675,467,467
Temporal,fr3_walking_rpy,run_02,116,0,0,699,464,464
Temporal,fr3_walking_rpy,run_02,117,0,0,726,452,452
Temporal,fr3_walking_rpy,run_02,118,0,0,675,448,448
Temporal,fr3_walking_rpy,run_02,119,0,0,704,449,449
Temporal,fr3_walking_rpy,run_02,120,0,0,676,441,441
Temporal,fr3_walking_rpy,run_02,121,0,0,725,443,443
Temporal,fr3_walking_rpy,run_02,122,0,0,707,432,432
Temporal,fr3_walking_rpy,run_02,123,0,0,756,438,438
Temporal,fr3_walking_rpy,run_02,124,0,0,729,436,436
Temporal,fr3_walking_rpy,run_02,125,0,0,718,435,435
Temporal,fr3_walking_rpy,run_02,126,0,0,644,325,325
Temporal,fr3_walking_rpy,run_02,127,0,0,732,338,338
Temporal,fr3_walking_rpy,run_02,128,0,0,711,342,342
Temporal,fr3_walking_rpy,run_02,129,0,0,732,334,334
Temporal,fr3_walking_rpy,run_02,130,0,0,709,311,311
Temporal,fr3_walking_rpy,run_02,131,0,0,690,311,311
Temporal,fr3_walking_rpy,run_02,132,0,0,762,391,391
Temporal,fr3_walking_rpy,run_02,133,0,0,602,219,219
Temporal,fr3_walking_rpy,run_02,134,0,0,810,399,399
Temporal,fr3_walking_rpy,run_02,135,0,0,810,399,399
Temporal,fr3_walking_rpy,run_02,136,0,0,775,335,335
Temporal,fr3_walking_rpy,run_02,137,0,0,761,294,294
Temporal,fr3_walking_rpy,run_02,138,0,0,736,278,278
Temporal,fr3_walking_rpy,run_02,139,0,0,631,177,177
Temporal,fr3_walking_rpy,run_02,140,0,0,645,212,212
Temporal,fr3_walking_rpy,run_02,141,0,0,758,223,223
Temporal,fr3_walking_rpy,run_02,142,0,0,856,250,250
Temporal,fr3_walking_rpy,run_02,143,0,0,847,246,246
Temporal,fr3_walking_rpy,run_02,144,0,0,886,229,229
Temporal,fr3_walking_rpy,run_02,145,0,0,922,234,234
Temporal,fr3_walking_rpy,run_02,146,0,0,857,260,260
Temporal,fr3_walking_rpy,run_02,147,0,0,838,222,222
Temporal,fr3_walking_rpy,run_02,148,0,0,909,182,182
Temporal,fr3_walking_rpy,run_02,149,0,0,889,188,188
Temporal,fr3_walking_rpy,run_02,150,0,0,1014,283,283
Temporal,fr3_walking_rpy,run_02,151,0,0,922,247,247
Temporal,fr3_walking_rpy,run_02,152,0,0,873,209,209
Temporal,fr3_walking_rpy,run_02,153,0,0,875,236,236
Temporal,fr3_walking_rpy,run_02,154,0,0,903,235,235
Temporal,fr3_walking_rpy,run_02,155,0,0,820,187,187
Temporal,fr3_walking_rpy,run_02,156,0,0,760,145,145
Temporal,fr3_walking_rpy,run_02,157,0,0,791,141,141
Temporal,fr3_walking_rpy,run_02,158,0,0,820,169,169
Temporal,fr3_walking_rpy,run_02,159,0,0,796,186,186
Temporal,fr3_walking_rpy,run_02,160,0,0,830,224,224
Temporal,fr3_walking_rpy,run_02,161,0,0,714,183,183
Temporal,fr3_walking_rpy,run_02,162,0,0,745,206,206
Temporal,fr3_walking_rpy,run_02,163,0,0,667,200,200
Temporal,fr3_walking_rpy,run_02,164,0,0,594,186,186
Temporal,fr3_walking_rpy,run_02,165,0,0,661,220,220
Temporal,fr3_walking_rpy,run_02,166,0,0,649,217,217
Temporal,fr3_walking_rpy,run_02,167,0,0,658,220,220
Temporal,fr3_walking_rpy,run_02,168,0,0,676,223,223
Temporal,fr3_walking_rpy,run_02,169,0,0,673,230,230
Temporal,fr3_walking_rpy,run_02,170,0,0,620,206,206
Temporal,fr3_walking_rpy,run_02,171,0,0,671,213,213
Temporal,fr3_walking_rpy,run_02,172,0,0,669,214,214
Temporal,fr3_walking_rpy,run_02,173,0,0,685,225,225
Temporal,fr3_walking_rpy,run_02,174,0,0,706,229,229
Temporal,fr3_walking_rpy,run_02,175,0,0,688,220,220
Temporal,fr3_walking_rpy,run_02,176,0,0,753,222,222
Temporal,fr3_walking_rpy,run_02,177,0,0,742,229,229
Temporal,fr3_walking_rpy,run_02,178,0,0,743,238,238
Temporal,fr3_walking_rpy,run_02,179,0,0,756,232,232
Temporal,fr3_walking_rpy,run_02,180,0,0,803,230,230
Temporal,fr3_walking_rpy,run_02,181,0,0,903,228,228
Temporal,fr3_walking_rpy,run_02,182,0,0,956,239,239
Temporal,fr3_walking_rpy,run_02,183,0,0,986,249,249
Temporal,fr3_walking_rpy,run_02,184,0,0,1042,240,240
Temporal,fr3_walking_rpy,run_02,185,0,0,1105,248,248
Temporal,fr3_walking_rpy,run_02,186,0,0,1126,259,259
Temporal,fr3_walking_rpy,run_02,187,0,0,1130,219,219
Temporal,fr3_walking_rpy,run_02,188,0,0,1120,224,224
Temporal,fr3_walking_rpy,run_02,189,0,0,1179,227,227
Temporal,fr3_walking_rpy,run_02,190,0,0,1319,211,211
Temporal,fr3_walking_rpy,run_02,191,0,0,1209,198,198
Temporal,fr3_walking_rpy,run_02,192,0,0,1270,210,210
Temporal,fr3_walking_rpy,run_02,193,0,0,1334,181,181
Temporal,fr3_walking_rpy,run_02,194,0,0,1477,179,179
Temporal,fr3_walking_rpy,run_02,195,0,0,1274,186,186
Temporal,fr3_walking_rpy,run_02,196,0,0,1319,176,176
Temporal,fr3_walking_rpy,run_02,197,0,0,1356,183,183
Temporal,fr3_walking_rpy,run_02,198,0,0,1368,201,201
Temporal,fr3_walking_rpy,run_02,199,0,0,1284,193,193
Temporal,fr3_walking_rpy,run_02,200,0,0,1122,264,264
Temporal,fr3_walking_rpy,run_02,201,0,0,1177,178,178
Temporal,fr3_walking_rpy,run_02,202,0,0,1040,166,166
Temporal,fr3_walking_rpy,run_02,203,0,0,1091,146,146
Temporal,fr3_walking_rpy,run_02,204,0,0,1053,131,131
Temporal,fr3_walking_rpy,run_02,205,0,0,1200,142,142
Temporal,fr3_walking_rpy,run_02,206,0,0,1172,111,111
Temporal,fr3_walking_rpy,run_02,207,0,0,1069,85,85
Temporal,fr3_walking_rpy,run_02,208,0,0,1245,76,76
Temporal,fr3_walking_rpy,run_02,209,0,0,1262,39,39
Temporal,fr3_walking_rpy,run_02,210,0,0,1035,8,8
Temporal,fr3_walking_rpy,run_02,211,0,0,1161,6,6
Temporal,fr3_walking_rpy,run_02,212,0,0,1295,27,27
Temporal,fr3_walking_rpy,run_02,213,0,0,1417,56,56
Temporal,fr3_walking_rpy,run_02,214,0,0,1199,11,11
Temporal,fr3_walking_rpy,run_02,215,0,0,1374,38,38
Temporal,fr3_walking_rpy,run_02,216,0,0,1204,80,80
Temporal,fr3_walking_rpy,run_02,217,0,0,1318,122,122
Temporal,fr3_walking_rpy,run_02,218,0,0,1177,174,174
Temporal,fr3_walking_rpy,run_02,219,0,0,1131,215,215
Temporal,fr3_walking_rpy,run_02,220,0,0,1007,135,135
Temporal,fr3_walking_rpy,run_02,221,0,0,994,113,113
Temporal,fr3_walking_rpy,run_02,222,0,0,1038,119,119
Temporal,fr3_walking_rpy,run_02,223,0,0,971,113,113
Temporal,fr3_walking_rpy,run_02,224,0,0,938,105,105
Temporal,fr3_walking_rpy,run_02,225,0,0,1192,184,184
Temporal,fr3_walking_rpy,run_02,226,0,0,1007,102,102
Temporal,fr3_walking_rpy,run_02,227,0,0,1270,179,179
Temporal,fr3_walking_rpy,run_02,228,0,0,1074,98,98
Temporal,fr3_walking_rpy,run_02,229,0,0,1165,135,135
Temporal,fr3_walking_rpy,run_02,230,0,0,1061,126,126
Temporal,fr3_walking_rpy,run_02,231,0,0,1121,111,111
Temporal,fr3_walking_rpy,run_02,232,0,0,1380,191,191
Temporal,fr3_walking_rpy,run_02,233,0,0,1123,125,125
Temporal,fr3_walking_rpy,run_02,234,0,0,1183,139,139
Temporal,fr3_walking_rpy,run_02,235,0,0,1288,193,193
Temporal,fr3_walking_rpy,run_02,236,0,0,1281,178,178
Temporal,fr3_walking_rpy,run_02,237,0,0,1192,188,188
Temporal,fr3_walking_rpy,run_02,238,0,0,1048,111,111
Temporal,fr3_walking_rpy,run_02,239,0,0,1050,104,104
Temporal,fr3_walking_rpy,run_02,240,0,0,997,98,98
Temporal,fr3_walking_rpy,run_02,241,0,0,1014,200,200
Temporal,fr3_walking_rpy,run_02,242,0,0,967,174,174
Temporal,fr3_walking_rpy,run_02,243,0,0,897,161,161
Temporal,fr3_walking_rpy,run_02,244,0,0,916,161,161
Temporal,fr3_walking_rpy,run_02,245,0,0,869,160,160
Temporal,fr3_walking_rpy,run_02,246,0,0,883,154,154
Temporal,fr3_walking_rpy,run_02,247,0,0,849,149,149
Temporal,fr3_walking_rpy,run_02,248,0,0,842,138,138
Temporal,fr3_walking_rpy,run_02,249,0,0,824,138,138
Temporal,fr3_walking_rpy,run_02,250,0,0,847,134,134
Temporal,fr3_walking_rpy,run_02,251,0,0,853,132,132
Temporal,fr3_walking_rpy,run_02,252,0,0,842,129,129
Temporal,fr3_walking_rpy,run_02,253,0,0,813,113,113
Temporal,fr3_walking_rpy,run_02,254,0,0,830,105,105
Temporal,fr3_walking_rpy,run_02,255,0,0,840,107,107
Temporal,fr3_walking_rpy,run_02,256,0,0,832,125,125
Temporal,fr3_walking_rpy,run_02,257,0,0,819,104,104
Temporal,fr3_walking_rpy,run_02,258,0,0,848,103,103
Temporal,fr3_walking_rpy,run_02,259,0,0,892,123,123
Temporal,fr3_walking_rpy,run_02,260,0,0,932,151,151
Temporal,fr3_walking_rpy,run_02,261,0,0,941,151,151
Temporal,fr3_walking_rpy,run_02,262,0,0,999,145,145
Temporal,fr3_walking_rpy,run_02,263,0,0,949,130,130
Temporal,fr3_walking_rpy,run_02,264,0,0,973,152,152
Temporal,fr3_walking_rpy,run_02,265,0,0,1162,223,223
Temporal,fr3_walking_rpy,run_02,266,0,0,1478,353,353
Temporal,fr3_walking_rpy,run_02,267,0,0,1552,347,347
Temporal,fr3_walking_rpy,run_02,268,0,0,1725,418,418
Temporal,fr3_walking_rpy,run_02,269,0,0,1784,527,527
Temporal,fr3_walking_rpy,run_02,270,0,0,1432,461,461
Temporal,fr3_walking_rpy,run_02,271,0,0,1605,564,564
Temporal,fr3_walking_rpy,run_02,272,0,0,1483,361,361
Temporal,fr3_walking_rpy,run_02,273,0,0,1671,470,470
Temporal,fr3_walking_rpy,run_02,274,0,0,2297,937,937
Temporal,fr3_walking_rpy,run_02,275,0,0,2066,878,878
Temporal,fr3_walking_rpy,run_02,276,0,0,1771,900,900
Temporal,fr3_walking_rpy,run_02,277,0,0,2080,1255,1255
Temporal,fr3_walking_rpy,run_02,278,0,0,2038,1258,1258
Temporal,fr3_walking_rpy,run_02,279,0,0,2096,1373,1373
Temporal,fr3_walking_rpy,run_02,280,0,0,2075,1363,1363
Temporal,fr3_walking_rpy,run_02,281,0,0,2068,1437,1437
Temporal,fr3_walking_rpy,run_02,282,0,0,2111,1512,1512
Temporal,fr3_walking_rpy,run_02,283,0,0,2055,1424,1424
Temporal,fr3_walking_rpy,run_02,298,0,0,58,6,6
Temporal,fr3_walking_rpy,run_02,341,0,0,63,0,0
Temporal,fr3_walking_rpy,run_02,351,0,16,980,0,0
Temporal,fr3_walking_rpy,run_02,352,0,7,0,0,0
Temporal,fr3_walking_rpy,run_02,358,0,0,61,0,0
Temporal,fr3_walking_rpy,run_02,363,0,0,60,0,0
Temporal,fr3_walking_rpy,run_02,364,0,0,63,0,0
Temporal,fr3_walking_rpy,run_02,365,0,6,1246,0,0
Temporal,fr3_walking_rpy,run_02,366,0,5,1049,0,0
Temporal,fr3_walking_rpy,run_02,367,0,0,1826,0,0
Temporal,fr3_walking_rpy,run_02,368,0,0,1913,0,0
Temporal,fr3_walking_rpy,run_02,369,0,0,2101,27,27
Temporal,fr3_walking_rpy,run_02,370,0,0,2062,0,0
Temporal,fr3_walking_rpy,run_02,371,0,0,2113,0,0
Temporal,fr3_walking_rpy,run_02,372,0,0,1991,0,0
Temporal,fr3_walking_rpy,run_02,373,0,0,2041,30,30
Temporal,fr3_walking_rpy,run_02,374,0,0,1981,39,39
Temporal,fr3_walking_rpy,run_02,375,0,0,1962,42,42
Temporal,fr3_walking_rpy,run_02,376,0,0,1938,43,43
Temporal,fr3_walking_rpy,run_02,377,0,0,1950,44,44
Temporal,fr3_walking_rpy,run_02,378,0,0,1885,41,41
Temporal,fr3_walking_rpy,run_02,379,0,0,1989,44,44
Temporal,fr3_walking_rpy,run_02,380,0,0,1881,47,47
Temporal,fr3_walking_rpy,run_02,381,0,0,1864,46,46
Temporal,fr3_walking_rpy,run_02,382,0,0,1850,45,45
Temporal,fr3_walking_rpy,run_02,383,0,0,1869,44,44
Temporal,fr3_walking_rpy,run_02,384,0,0,1857,48,48
Temporal,fr3_walking_rpy,run_02,385,0,0,1859,44,44
Temporal,fr3_walking_rpy,run_02,386,0,0,1861,43,43
Temporal,fr3_walking_rpy,run_02,387,0,0,1869,43,43
Temporal,fr3_walking_rpy,run_02,388,0,0,1831,39,39
Temporal,fr3_walking_rpy,run_02,389,0,0,1911,37,37
Temporal,fr3_walking_rpy,run_02,390,0,0,2016,34,34
Temporal,fr3_walking_rpy,run_02,391,0,0,2009,32,32
Temporal,fr3_walking_rpy,run_02,392,0,0,1973,37,37
Temporal,fr3_walking_rpy,run_02,393,0,0,2023,39,39
Temporal,fr3_walking_rpy,run_02,394,0,0,2065,42,42
Temporal,fr3_walking_rpy,run_02,395,0,0,2063,50,50
Temporal,fr3_walking_rpy,run_02,396,0,0,1994,49,49
Temporal,fr3_walking_rpy,run_02,397,0,0,2148,43,43
Temporal,fr3_walking_rpy,run_02,398,0,0,1914,34,34
Temporal,fr3_walking_rpy,run_02,399,0,0,2163,35,35
Temporal,fr3_walking_rpy,run_02,400,0,0,2124,37,37
Temporal,fr3_walking_rpy,run_02,401,0,0,2125,35,35
Temporal,fr3_walking_rpy,run_02,402,0,0,1943,128,128
Temporal,fr3_walking_rpy,run_02,403,0,0,1944,231,231
Temporal,fr3_walking_rpy,run_02,404,0,0,1782,280,280
Temporal,fr3_walking_rpy,run_02,405,0,0,1627,251,251
Temporal,fr3_walking_rpy,run_02,406,0,0,1429,232,232
Temporal,fr3_walking_rpy,run_02,407,0,0,1559,268,268
Temporal,fr3_walking_rpy,run_02,408,0,0,1362,204,204
Temporal,fr3_walking_rpy,run_02,409,0,0,1292,238,238
Temporal,fr3_walking_rpy,run_02,410,0,0,1314,262,262
Temporal,fr3_walking_rpy,run_02,411,0,0,1232,245,245
Temporal,fr3_walking_rpy,run_02,412,0,0,1262,252,252
Temporal,fr3_walking_rpy,run_02,413,0,0,1258,273,273
Temporal,fr3_walking_rpy,run_02,414,0,0,1175,239,239
Temporal,fr3_walking_rpy,run_02,415,0,0,1226,262,262
Temporal,fr3_walking_rpy,run_02,416,0,0,1149,257,257
Temporal,fr3_walking_rpy,run_02,417,0,0,1083,227,227
Temporal,fr3_walking_rpy,run_02,418,0,0,1066,194,194
Temporal,fr3_walking_rpy,run_02,419,0,0,1018,199,199
Temporal,fr3_walking_rpy,run_02,420,0,0,1121,227,227
Temporal,fr3_walking_rpy,run_02,421,0,0,1136,240,240
Temporal,fr3_walking_rpy,run_02,422,0,0,1105,249,249
Temporal,fr3_walking_rpy,run_02,423,0,0,1126,256,256
Temporal,fr3_walking_rpy,run_02,424,0,0,964,246,246
Temporal,fr3_walking_rpy,run_02,425,0,0,1028,259,259
Temporal,fr3_walking_rpy,run_02,426,0,0,964,213,213
Temporal,fr3_walking_rpy,run_02,427,0,0,1029,288,288
Temporal,fr3_walking_rpy,run_02,428,0,0,1034,342,342
Temporal,fr3_walking_rpy,run_02,429,0,0,733,237,237
Temporal,fr3_walking_rpy,run_02,430,0,0,708,230,230
Temporal,fr3_walking_rpy,run_02,431,0,0,620,227,227
Temporal,fr3_walking_rpy,run_02,432,0,0,698,264,264
Temporal,fr3_walking_rpy,run_02,433,0,0,649,240,240
Temporal,fr3_walking_rpy,run_02,434,0,0,650,273,273
Temporal,fr3_walking_rpy,run_02,435,0,0,645,298,298
Temporal,fr3_walking_rpy,run_02,436,0,0,636,302,302
Temporal,fr3_walking_rpy,run_02,437,0,0,655,340,340
Temporal,fr3_walking_rpy,run_02,438,0,0,658,316,316
Temporal,fr3_walking_rpy,run_02,439,0,0,663,344,344
Temporal,fr3_walking_rpy,run_02,440,0,0,602,328,328
Temporal,fr3_walking_rpy,run_02,441,0,0,669,365,365
Temporal,fr3_walking_rpy,run_02,442,0,0,703,379,379
Temporal,fr3_walking_rpy,run_02,443,0,0,678,391,391
Temporal,fr3_walking_rpy,run_02,444,0,0,719,396,396
Temporal,fr3_walking_rpy,run_02,445,0,0,714,398,398
Temporal,fr3_walking_rpy,run_02,446,0,0,778,416,416
Temporal,fr3_walking_rpy,run_02,447,0,0,774,412,412
Temporal,fr3_walking_rpy,run_02,448,0,0,764,406,406
Temporal,fr3_walking_rpy,run_02,449,0,0,767,397,397
Temporal,fr3_walking_rpy,run_02,450,0,0,807,383,383
Temporal,fr3_walking_rpy,run_02,451,0,0,900,419,419
Temporal,fr3_walking_rpy,run_02,452,0,0,898,401,401
Temporal,fr3_walking_rpy,run_02,453,0,0,914,410,410
Temporal,fr3_walking_rpy,run_02,454,0,0,982,387,387
Temporal,fr3_walking_rpy,run_02,455,0,0,1055,368,368
Temporal,fr3_walking_rpy,run_02,456,0,0,1162,351,351
Temporal,fr3_walking_rpy,run_02,457,0,0,1209,318,318
Temporal,fr3_walking_rpy,run_02,458,0,0,1282,294,294
Temporal,fr3_walking_rpy,run_02,459,0,0,1289,249,249
Temporal,fr3_walking_rpy,run_02,460,0,0,1368,206,206
Temporal,fr3_walking_rpy,run_02,461,0,0,1474,186,186
Temporal,fr3_walking_rpy,run_02,462,0,0,1343,158,158
Temporal,fr3_walking_rpy,run_02,463,0,0,1643,127,127
Temporal,fr3_walking_rpy,run_02,464,0,0,1372,107,107
Temporal,fr3_walking_rpy,run_02,465,0,0,1709,98,98
Temporal,fr3_walking_rpy,run_02,466,0,0,1862,91,91
Temporal,fr3_walking_rpy,run_02,467,0,0,1738,81,81
Temporal,fr3_walking_rpy,run_02,468,0,0,1844,39,39
Temporal,fr3_walking_rpy,run_02,469,0,0,1696,18,18
Temporal,fr3_walking_rpy,run_02,470,0,0,1637,15,15
Temporal,fr3_walking_rpy,run_02,471,0,0,1745,9,9
Temporal,fr3_walking_rpy,run_02,472,0,0,1856,7,7
Temporal,fr3_walking_rpy,run_02,473,0,0,1878,4,4
Temporal,fr3_walking_rpy,run_02,474,0,0,1863,3,3
Temporal,fr3_walking_rpy,run_02,475,0,0,1902,3,3
Temporal,fr3_walking_rpy,run_02,476,0,0,1807,1,1
Temporal,fr3_walking_rpy,run_02,477,0,0,1890,1,1
Temporal,fr3_walking_rpy,run_02,478,0,0,1648,1,1
Temporal,fr3_walking_rpy,run_02,479,0,0,1960,0,0
Temporal,fr3_walking_rpy,run_02,480,0,0,1855,0,0
Temporal,fr3_walking_rpy,run_02,481,0,0,1957,0,0
Temporal,fr3_walking_rpy,run_02,482,0,0,1805,0,0
Temporal,fr3_walking_rpy,run_02,483,0,0,1878,0,0
Temporal,fr3_walking_rpy,run_02,484,0,0,1825,0,0
Temporal,fr3_walking_rpy,run_02,485,0,0,1800,0,0
Temporal,fr3_walking_rpy,run_02,486,0,0,1795,0,0
Temporal,fr3_walking_rpy,run_02,487,0,0,2173,0,0
Temporal,fr3_walking_rpy,run_02,488,0,0,1711,0,0
Temporal,fr3_walking_rpy,run_02,489,0,0,1706,0,0
Temporal,fr3_walking_rpy,run_02,490,0,0,1954,0,0
Temporal,fr3_walking_rpy,run_02,491,0,0,1919,0,0
Temporal,fr3_walking_rpy,run_02,492,0,0,2004,0,0
Temporal,fr3_walking_rpy,run_02,493,0,0,2015,0,0
Temporal,fr3_walking_rpy,run_02,494,0,0,1963,0,0
Temporal,fr3_walking_rpy,run_02,495,0,0,1893,0,0
Temporal,fr3_walking_rpy,run_02,496,0,0,1905,0,0
Temporal,fr3_walking_rpy,run_02,497,0,0,1809,0,0
Temporal,fr3_walking_rpy,run_02,498,0,0,1821,0,0
Temporal,fr3_walking_rpy,run_02,499,0,0,1745,0,0
Temporal,fr3_walking_rpy,run_02,500,0,0,1611,0,0
Temporal,fr3_walking_rpy,run_02,501,0,0,1519,0,0
Temporal,fr3_walking_rpy,run_02,502,0,0,1567,0,0
Temporal,fr3_walking_rpy,run_02,503,0,0,1507,0,0
Temporal,fr3_walking_rpy,run_02,504,0,0,1487,0,0
Temporal,fr3_walking_rpy,run_02,505,0,0,1560,0,0
Temporal,fr3_walking_rpy,run_02,506,0,0,1593,0,0
Temporal,fr3_walking_rpy,run_02,507,0,0,1613,0,0
Temporal,fr3_walking_rpy,run_02,508,0,0,1450,0,0
Temporal,fr3_walking_rpy,run_02,509,0,0,1440,0,0
Temporal,fr3_walking_rpy,run_02,510,0,0,1582,0,0
Temporal,fr3_walking_rpy,run_02,511,0,0,1533,0,0
Temporal,fr3_walking_rpy,run_02,512,0,0,1530,0,0
Temporal,fr3_walking_rpy,run_02,513,0,0,1656,0,0
Temporal,fr3_walking_rpy,run_02,514,0,0,1518,0,0
Temporal,fr3_walking_rpy,run_02,515,0,0,1389,0,0
Temporal,fr3_walking_rpy,run_02,516,0,0,1384,0,0
Temporal,fr3_walking_rpy,run_02,517,0,0,1338,0,0
Temporal,fr3_walking_rpy,run_02,518,0,0,1334,0,0
Temporal,fr3_walking_rpy,run_02,519,0,0,1306,0,0
Temporal,fr3_walking_rpy,run_02,520,0,0,1195,0,0
Temporal,fr3_walking_rpy,run_02,521,0,0,1145,0,0
Temporal,fr3_walking_rpy,run_02,522,0,0,1067,0,0
Temporal,fr3_walking_rpy,run_02,523,0,0,1362,0,0
Temporal,fr3_walking_rpy,run_02,524,0,0,1492,0,0
Temporal,fr3_walking_rpy,run_02,525,0,0,1386,0,0
Temporal,fr3_walking_rpy,run_02,526,0,0,1379,0,0
Temporal,fr3_walking_rpy,run_02,527,0,0,1341,0,0
Temporal,fr3_walking_rpy,run_02,528,0,0,1331,0,0
Temporal,fr3_walking_rpy,run_02,529,0,0,1354,98,98
Temporal,fr3_walking_rpy,run_02,530,0,0,1211,0,0
Temporal,fr3_walking_rpy,run_02,531,0,0,1240,217,217
Temporal,fr3_walking_rpy,run_02,532,0,0,1108,40,40
Temporal,fr3_walking_rpy,run_02,533,0,0,1225,40,40
Temporal,fr3_walking_rpy,run_02,534,0,0,1173,40,40
Temporal,fr3_walking_rpy,run_02,535,0,0,1216,213,213
Temporal,fr3_walking_rpy,run_02,536,0,0,885,31,31
Temporal,fr3_walking_rpy,run_02,537,0,0,1192,31,31
Temporal,fr3_walking_rpy,run_02,538,0,0,1269,31,31
Temporal,fr3_walking_rpy,run_02,539,0,0,1320,31,31
Temporal,fr3_walking_rpy,run_02,540,0,0,1330,24,24
Temporal,fr3_walking_rpy,run_02,541,0,0,1314,289,289
Temporal,fr3_walking_rpy,run_02,542,0,0,1155,130,130
Temporal,fr3_walking_rpy,run_02,543,0,0,1152,156,156
Temporal,fr3_walking_rpy,run_02,544,0,0,1145,149,149
Temporal,fr3_walking_rpy,run_02,545,0,0,1111,121,121
Temporal,fr3_walking_rpy,run_02,546,0,0,1120,132,132
Temporal,fr3_walking_rpy,run_02,547,0,0,669,31,31
Temporal,fr3_walking_rpy,run_02,548,0,0,972,31,31
Temporal,fr3_walking_rpy,run_02,549,0,0,1030,64,64
Temporal,fr3_walking_rpy,run_02,550,0,0,955,76,76
Temporal,fr3_walking_rpy,run_02,551,0,0,732,22,22
Temporal,fr3_walking_rpy,run_02,552,0,0,1064,22,22
Temporal,fr3_walking_rpy,run_02,553,0,0,1127,121,121
Temporal,fr3_walking_rpy,run_02,554,0,0,1459,121,121
Temporal,fr3_walking_rpy,run_02,555,0,0,1443,121,121
Temporal,fr3_walking_rpy,run_02,556,0,0,1190,148,148
Temporal,fr3_walking_rpy,run_02,557,0,0,1486,273,273
Temporal,fr3_walking_rpy,run_02,558,0,0,1027,164,164
Temporal,fr3_walking_rpy,run_02,559,0,0,1324,189,189
Temporal,fr3_walking_rpy,run_02,560,0,0,1367,175,175
Temporal,fr3_walking_rpy,run_02,561,0,0,1096,95,95
Temporal,fr3_walking_rpy,run_02,562,0,0,1477,143,143
Temporal,fr3_walking_rpy,run_02,563,0,0,1465,138,138
Temporal,fr3_walking_rpy,run_02,564,0,0,1385,134,134
Temporal,fr3_walking_rpy,run_02,565,0,0,1881,182,182
Temporal,fr3_walking_rpy,run_02,566,0,0,1801,193,193
Temporal,fr3_walking_rpy,run_02,567,0,0,1471,162,162
Temporal,fr3_walking_rpy,run_02,568,0,0,1862,167,167
Temporal,fr3_walking_rpy,run_02,569,0,0,1872,156,156
Temporal,fr3_walking_rpy,run_02,570,0,0,1280,89,89
Temporal,fr3_walking_rpy,run_02,571,0,0,1693,204,204
Temporal,fr3_walking_rpy,run_02,572,0,0,1659,102,102
Temporal,fr3_walking_rpy,run_02,573,0,0,1842,99,99
Temporal,fr3_walking_rpy,run_02,574,0,0,2001,350,350
Temporal,fr3_walking_rpy,run_02,575,0,0,1919,334,334
Temporal,fr3_walking_rpy,run_02,576,0,0,1946,335,335
Temporal,fr3_walking_rpy,run_02,577,0,0,1865,306,306
Temporal,fr3_walking_rpy,run_02,578,0,0,1916,302,302
Temporal,fr3_walking_rpy,run_02,579,0,0,1723,143,143
Temporal,fr3_walking_rpy,run_02,580,0,0,1756,130,130
Temporal,fr3_walking_rpy,run_02,581,0,0,1814,398,398
Temporal,fr3_walking_rpy,run_02,582,0,0,2101,397,397
Temporal,fr3_walking_rpy,run_02,583,0,0,2085,393,393
Temporal,fr3_walking_rpy,run_02,584,0,0,1726,138,138
Temporal,fr3_walking_rpy,run_02,585,0,0,1845,138,138
Temporal,fr3_walking_rpy,run_02,586,0,0,2024,150,150
Temporal,fr3_walking_rpy,run_02,587,0,0,1685,81,81
Temporal,fr3_walking_rpy,run_02,588,0,0,1837,79,79
Temporal,fr3_walking_rpy,run_02,589,0,0,1644,84,84
Temporal,fr3_walking_rpy,run_02,590,0,0,1825,89,89
Temporal,fr3_walking_rpy,run_02,591,0,0,1695,83,83
Temporal,fr3_walking_rpy,run_02,592,0,0,2065,259,259
Temporal,fr3_walking_rpy,run_02,593,0,0,1784,141,141
Temporal,fr3_walking_rpy,run_02,594,0,0,1974,230,230
Temporal,fr3_walking_rpy,run_02,595,0,0,1745,276,276
Temporal,fr3_walking_rpy,run_02,596,0,0,1633,298,298
Temporal,fr3_walking_rpy,run_02,597,0,0,1378,302,302
Temporal,fr3_walking_rpy,run_02,598,0,0,1365,368,368
Temporal,fr3_walking_rpy,run_02,599,0,0,1113,296,296
Temporal,fr3_walking_rpy,run_02,600,0,0,1167,288,288
Temporal,fr3_walking_rpy,run_02,601,0,0,1103,306,306
Temporal,fr3_walking_rpy,run_02,602,0,0,1174,387,387
Temporal,fr3_walking_rpy,run_02,603,0,0,1218,411,411
Temporal,fr3_walking_rpy,run_02,604,0,0,1057,353,353
Temporal,fr3_walking_rpy,run_02,605,0,0,1139,356,356
Temporal,fr3_walking_rpy,run_02,606,0,0,1169,417,417
Temporal,fr3_walking_rpy,run_02,607,0,0,1089,403,403
Temporal,fr3_walking_rpy,run_02,608,0,0,1180,470,470
Temporal,fr3_walking_rpy,run_02,609,0,0,1189,555,555
Temporal,fr3_walking_rpy,run_02,610,0,0,1267,599,599
Temporal,fr3_walking_rpy,run_02,611,0,0,1186,562,562
Temporal,fr3_walking_rpy,run_02,612,0,0,1127,416,416
Temporal,fr3_walking_rpy,run_02,613,0,0,1352,579,579
Temporal,fr3_walking_rpy,run_02,614,0,0,1338,556,556
Temporal,fr3_walking_rpy,run_02,615,0,0,1525,723,723
Temporal,fr3_walking_rpy,run_02,616,0,0,1247,452,452
Temporal,fr3_walking_rpy,run_02,617,0,0,1248,453,453
Temporal,fr3_walking_rpy,run_02,618,0,0,1103,409,409
Temporal,fr3_walking_rpy,run_02,619,0,0,1199,336,336
Temporal,fr3_walking_rpy,run_02,620,0,0,1234,335,335
Temporal,fr3_walking_rpy,run_02,621,0,0,1251,341,341
Temporal,fr3_walking_rpy,run_02,622,0,0,1299,332,332
Temporal,fr3_walking_rpy,run_02,623,0,0,1278,332,332
Temporal,fr3_walking_rpy,run_02,624,0,0,1306,318,318
Temporal,fr3_walking_rpy,run_02,625,0,0,1308,297,297
Temporal,fr3_walking_rpy,run_02,626,0,0,2057,502,502
Temporal,fr3_walking_rpy,run_02,627,0,0,2023,584,584
Temporal,fr3_walking_rpy,run_02,628,0,0,1967,623,623
Temporal,fr3_walking_rpy,run_02,629,0,0,2412,623,623
Temporal,fr3_walking_rpy,run_02,630,0,0,2306,514,514
Temporal,fr3_walking_rpy,run_02,631,0,0,2495,604,604
Temporal,fr3_walking_rpy,run_02,632,0,0,2591,594,594
Temporal,fr3_walking_rpy,run_02,633,0,0,2619,606,606
Temporal,fr3_walking_rpy,run_02,634,0,0,2403,559,559
Temporal,fr3_walking_rpy,run_02,635,0,0,2597,549,549
Temporal,fr3_walking_rpy,run_02,636,0,0,2615,524,524
Temporal,fr3_walking_rpy,run_02,637,0,0,2553,517,517
Temporal,fr3_walking_rpy,run_02,638,0,0,2588,509,509
Temporal,fr3_walking_rpy,run_02,639,0,0,2595,498,498
Temporal,fr3_walking_rpy,run_02,640,0,0,2309,406,406
Temporal,fr3_walking_rpy,run_02,641,0,0,2324,390,390
Temporal,fr3_walking_rpy,run_02,642,0,0,2081,299,299
Temporal,fr3_walking_rpy,run_02,643,0,0,2146,295,295
Temporal,fr3_walking_rpy,run_02,644,0,0,2285,299,299
Temporal,fr3_walking_rpy,run_02,645,0,0,2424,292,292
Temporal,fr3_walking_rpy,run_02,646,0,0,2137,248,248
Temporal,fr3_walking_rpy,run_02,647,0,0,2165,192,192
Temporal,fr3_walking_rpy,run_02,648,0,0,2321,149,149
Temporal,fr3_walking_rpy,run_02,649,0,0,2129,118,118
Temporal,fr3_walking_rpy,run_02,650,0,0,2085,74,74
Temporal,fr3_walking_rpy,run_02,651,0,0,2282,97,97
Temporal,fr3_walking_rpy,run_02,652,0,0,2416,71,71
Temporal,fr3_walking_rpy,run_02,653,0,0,2039,179,179
Temporal,fr3_walking_rpy,run_02,654,0,0,2365,153,153
Temporal,fr3_walking_rpy,run_02,655,0,0,2046,103,103
Temporal,fr3_walking_rpy,run_02,656,0,0,2272,108,108
Temporal,fr3_walking_rpy,run_02,657,0,0,2047,106,106
Temporal,fr3_walking_rpy,run_02,658,0,0,1755,82,82
Temporal,fr3_walking_rpy,run_02,659,0,0,1791,115,115
Temporal,fr3_walking_rpy,run_02,660,0,0,1780,98,98
Temporal,fr3_walking_rpy,run_02,661,0,0,2043,131,131
Temporal,fr3_walking_rpy,run_02,662,0,0,1682,76,76
Temporal,fr3_walking_rpy,run_02,663,0,0,1899,85,85
Temporal,fr3_walking_rpy,run_02,664,0,0,1934,73,73
Temporal,fr3_walking_rpy,run_02,665,0,0,1993,169,169
Temporal,fr3_walking_rpy,run_02,666,0,0,1806,85,85
Temporal,fr3_walking_rpy,run_02,667,0,0,2044,104,104
Temporal,fr3_walking_rpy,run_02,668,0,0,1834,79,79
Temporal,fr3_walking_rpy,run_02,669,0,0,1208,41,41
Temporal,fr3_walking_rpy,run_02,670,0,0,2046,70,70
Temporal,fr3_walking_rpy,run_02,671,0,0,2029,64,64
Temporal,fr3_walking_rpy,run_02,672,0,0,2013,42,42
Temporal,fr3_walking_rpy,run_02,673,0,11,239,208,208
Temporal,fr3_walking_rpy,run_02,691,0,0,124,0,0
Temporal,fr3_walking_rpy,run_02,698,0,0,87,0,0
Temporal,fr3_walking_rpy,run_02,702,0,0,112,33,33
Temporal,fr3_walking_rpy,run_02,706,0,0,113,20,20
Temporal,fr3_walking_rpy,run_02,707,0,0,194,21,21
Temporal,fr3_walking_rpy,run_02,710,0,0,110,25,25
Temporal,fr3_walking_rpy,run_02,713,0,0,120,19,19
Temporal,fr3_walking_rpy,run_02,715,0,0,339,2,2
Temporal,fr3_walking_rpy,run_02,716,0,0,145,32,32
Temporal,fr3_walking_rpy,run_02,718,0,0,113,14,14
Temporal,fr3_walking_rpy,run_02,722,0,0,924,599,599
Temporal,fr3_walking_rpy,run_02,724,0,0,107,23,23
Temporal,fr3_walking_rpy,run_02,725,0,0,107,20,20
Temporal,fr3_walking_rpy,run_02,729,0,0,117,2,2
Temporal,fr3_walking_rpy,run_02,730,0,0,97,15,15
Temporal,fr3_walking_rpy,run_02,731,0,0,97,13,13
Temporal,fr3_walking_rpy,run_02,732,0,0,84,5,5
Temporal,fr3_walking_rpy,run_02,733,0,0,95,12,12
Temporal,fr3_walking_rpy,run_02,734,0,0,141,1,1
Temporal,fr3_walking_rpy,run_02,735,0,0,90,9,9
Temporal,fr3_walking_rpy,run_02,737,0,0,59,0,0
Temporal,fr3_walking_rpy,run_02,738,0,0,119,1,1
Temporal,fr3_walking_rpy,run_02,745,0,0,151,38,38
Temporal,fr3_walking_rpy,run_02,746,0,0,151,33,33
Temporal,fr3_walking_rpy,run_02,749,0,0,157,20,20
Temporal,fr3_walking_rpy,run_02,753,0,0,129,16,16
Temporal,fr3_walking_rpy,run_02,754,0,0,153,26,26
Temporal,fr3_walking_rpy,run_02,757,0,0,124,1,1
Temporal,fr3_walking_rpy,run_02,763,0,0,129,40,40
Temporal,fr3_walking_rpy,run_02,766,0,0,128,33,33
Temporal,fr3_walking_rpy,run_02,767,0,0,128,33,33
Temporal,fr3_walking_rpy,run_03,1,0,0,236,8,8
Temporal,fr3_walking_rpy,run_03,2,0,0,448,8,8
Temporal,fr3_walking_rpy,run_03,3,0,0,533,252,252
Temporal,fr3_walking_rpy,run_03,4,0,0,403,175,175
Temporal,fr3_walking_rpy,run_03,5,0,0,225,45,45
Temporal,fr3_walking_rpy,run_03,6,0,0,263,45,45
Temporal,fr3_walking_rpy,run_03,7,0,0,275,48,48
Temporal,fr3_walking_rpy,run_03,8,0,0,226,32,32
Temporal,fr3_walking_rpy,run_03,9,0,0,247,31,31
Temporal,fr3_walking_rpy,run_03,10,0,0,266,35,35
Temporal,fr3_walking_rpy,run_03,11,0,0,270,41,41
Temporal,fr3_walking_rpy,run_03,12,0,0,332,71,71
Temporal,fr3_walking_rpy,run_03,13,0,0,290,49,49
Temporal,fr3_walking_rpy,run_03,14,0,0,317,59,59
Temporal,fr3_walking_rpy,run_03,15,0,0,343,75,75
Temporal,fr3_walking_rpy,run_03,16,0,0,359,68,68
Temporal,fr3_walking_rpy,run_03,17,0,0,373,77,77
Temporal,fr3_walking_rpy,run_03,18,0,0,423,75,75
Temporal,fr3_walking_rpy,run_03,19,0,0,466,139,139
Temporal,fr3_walking_rpy,run_03,20,0,0,444,151,151
Temporal,fr3_walking_rpy,run_03,21,0,0,420,122,122
Temporal,fr3_walking_rpy,run_03,22,0,0,431,119,119
Temporal,fr3_walking_rpy,run_03,23,0,0,645,184,184
Temporal,fr3_walking_rpy,run_03,24,0,0,576,276,276
Temporal,fr3_walking_rpy,run_03,25,0,0,567,276,276
Temporal,fr3_walking_rpy,run_03,26,0,0,479,195,195
Temporal,fr3_walking_rpy,run_03,27,0,0,513,198,198
Temporal,fr3_walking_rpy,run_03,28,0,0,492,171,171
Temporal,fr3_walking_rpy,run_03,29,0,0,489,163,163
Temporal,fr3_walking_rpy,run_03,30,0,0,486,185,185
Temporal,fr3_walking_rpy,run_03,31,0,0,468,172,172
Temporal,fr3_walking_rpy,run_03,32,0,0,472,373,373
Temporal,fr3_walking_rpy,run_03,35,0,0,125,51,51
Temporal,fr3_walking_rpy,run_03,37,0,0,132,46,46
Temporal,fr3_walking_rpy,run_03,38,0,0,73,27,27
Temporal,fr3_walking_rpy,run_03,39,0,0,88,21,21
Temporal,fr3_walking_rpy,run_03,40,0,0,94,30,30
Temporal,fr3_walking_rpy,run_03,41,0,0,97,35,35
Temporal,fr3_walking_rpy,run_03,44,0,0,78,22,22
Temporal,fr3_walking_rpy,run_03,46,0,0,115,28,28
Temporal,fr3_walking_rpy,run_03,50,0,0,93,31,31
Temporal,fr3_walking_rpy,run_03,51,0,0,92,29,29
Temporal,fr3_walking_rpy,run_03,52,0,7,361,141,141
Temporal,fr3_walking_rpy,run_03,53,0,3,374,135,135
Temporal,fr3_walking_rpy,run_03,54,0,0,452,144,144
Temporal,fr3_walking_rpy,run_03,55,0,0,477,139,139
Temporal,fr3_walking_rpy,run_03,56,0,0,486,146,146
Temporal,fr3_walking_rpy,run_03,57,0,0,489,142,142
Temporal,fr3_walking_rpy,run_03,58,0,0,531,159,159
Temporal,fr3_walking_rpy,run_03,59,0,0,559,172,172
Temporal,fr3_walking_rpy,run_03,60,0,0,563,157,157
Temporal,fr3_walking_rpy,run_03,61,0,0,534,147,147
Temporal,fr3_walking_rpy,run_03,62,0,0,587,193,193
Temporal,fr3_walking_rpy,run_03,63,0,0,563,168,168
Temporal,fr3_walking_rpy,run_03,64,0,0,575,167,167
Temporal,fr3_walking_rpy,run_03,65,0,0,568,160,160
Temporal,fr3_walking_rpy,run_03,66,0,0,579,156,156
Temporal,fr3_walking_rpy,run_03,67,0,0,575,172,172
Temporal,fr3_walking_rpy,run_03,68,0,0,567,168,168
Temporal,fr3_walking_rpy,run_03,69,0,0,568,186,186
Temporal,fr3_walking_rpy,run_03,70,0,0,576,168,168
Temporal,fr3_walking_rpy,run_03,71,0,0,589,183,183
Temporal,fr3_walking_rpy,run_03,72,0,0,589,188,188
Temporal,fr3_walking_rpy,run_03,73,0,0,596,189,189
Temporal,fr3_walking_rpy,run_03,74,0,0,597,189,189
Temporal,fr3_walking_rpy,run_03,75,0,0,581,175,175
Temporal,fr3_walking_rpy,run_03,76,0,0,609,178,178
Temporal,fr3_walking_rpy,run_03,77,0,0,605,192,192
Temporal,fr3_walking_rpy,run_03,78,0,0,568,183,183
Temporal,fr3_walking_rpy,run_03,80,0,0,152,25,25
Temporal,fr3_walking_rpy,run_03,81,0,0,126,27,27
Temporal,fr3_walking_rpy,run_03,82,0,0,137,23,23
Temporal,fr3_walking_rpy,run_03,83,0,6,489,189,189
Temporal,fr3_walking_rpy,run_03,84,0,1,485,197,197
Temporal,fr3_walking_rpy,run_03,85,0,0,588,203,203
Temporal,fr3_walking_rpy,run_03,86,0,0,600,208,208
Temporal,fr3_walking_rpy,run_03,87,0,0,614,228,228
Temporal,fr3_walking_rpy,run_03,88,0,0,608,214,214
Temporal,fr3_walking_rpy,run_03,89,0,0,631,251,251
Temporal,fr3_walking_rpy,run_03,90,0,0,155,94,94
Temporal,fr3_walking_rpy,run_03,91,0,0,103,50,50
Temporal,fr3_walking_rpy,run_03,92,0,0,132,33,33
Temporal,fr3_walking_rpy,run_03,94,0,9,568,288,288
Temporal,fr3_walking_rpy,run_03,96,0,0,124,15,15
Temporal,fr3_walking_rpy,run_03,97,0,0,126,15,15
Temporal,fr3_walking_rpy,run_03,98,0,0,129,20,20
Temporal,fr3_walking_rpy,run_03,99,0,0,123,94,94
Temporal,fr3_walking_rpy,run_03,100,0,0,123,96,96
Temporal,fr3_walking_rpy,run_03,103,0,0,108,86,86
Temporal,fr3_walking_rpy,run_03,105,0,0,113,86,86
Temporal,fr3_walking_rpy,run_03,285,0,0,100,58,58
Temporal,fr3_walking_rpy,run_03,287,0,0,95,60,60
Temporal,fr3_walking_rpy,run_03,292,0,0,81,14,14
Temporal,fr3_walking_rpy,run_03,293,0,0,150,42,42
Temporal,fr3_walking_rpy,run_03,298,0,0,148,40,40
Temporal,fr3_walking_rpy,run_03,300,0,0,92,27,27
Temporal,fr3_walking_rpy,run_03,301,0,0,94,29,29
Temporal,fr3_walking_rpy,run_03,302,0,0,84,13,13
Temporal,fr3_walking_rpy,run_03,311,0,7,626,53,53
Temporal,fr3_walking_rpy,run_03,314,0,0,90,13,13
Temporal,fr3_walking_rpy,run_03,316,0,0,88,0,0
Temporal,fr3_walking_rpy,run_03,317,0,0,86,2,2
Temporal,fr3_walking_rpy,run_03,318,0,0,84,0,0
Temporal,fr3_walking_rpy,run_03,319,0,0,160,25,25
Temporal,fr3_walking_rpy,run_03,320,0,0,70,6,6
Temporal,fr3_walking_rpy,run_03,321,0,0,78,10,10
Temporal,fr3_walking_rpy,run_03,322,0,0,86,2,2
Temporal,fr3_walking_rpy,run_03,324,0,0,114,0,0
Temporal,fr3_walking_rpy,run_03,325,0,0,92,2,2
Temporal,fr3_walking_rpy,run_03,328,0,0,82,1,1
Temporal,fr3_walking_rpy,run_03,329,0,0,600,14,14
Temporal,fr3_walking_rpy,run_03,337,0,0,603,44,44
Temporal,fr3_walking_rpy,run_03,338,0,0,598,43,43
Temporal,fr3_walking_rpy,run_03,339,0,0,1261,47,47
Temporal,fr3_walking_rpy,run_03,340,0,0,1292,43,43
Temporal,fr3_walking_rpy,run_03,341,0,0,1299,42,42
Temporal,fr3_walking_rpy,run_03,342,0,0,1307,58,58
Temporal,fr3_walking_rpy,run_03,343,0,0,1299,42,42
Temporal,fr3_walking_rpy,run_03,344,0,0,1317,41,41
Temporal,fr3_walking_rpy,run_03,345,0,0,1304,40,40
Temporal,fr3_walking_rpy,run_03,346,0,0,1316,40,40
Temporal,fr3_walking_rpy,run_03,347,0,0,1315,40,40
Temporal,fr3_walking_rpy,run_03,348,0,0,1285,40,40
Temporal,fr3_walking_rpy,run_03,349,0,0,1300,36,36
Temporal,fr3_walking_rpy,run_03,350,0,0,1326,35,35
Temporal,fr3_walking_rpy,run_03,351,0,0,1345,33,33
Temporal,fr3_walking_rpy,run_03,352,0,0,1284,32,32
Temporal,fr3_walking_rpy,run_03,353,0,0,1319,33,33
Temporal,fr3_walking_rpy,run_03,354,0,0,1243,33,33
Temporal,fr3_walking_rpy,run_03,355,0,0,1253,11,11
Temporal,fr3_walking_rpy,run_03,357,0,0,176,0,0
Temporal,fr3_walking_rpy,run_03,358,0,0,168,0,0
Temporal,fr3_walking_rpy,run_03,359,0,0,110,0,0
Temporal,fr3_walking_rpy,run_03,360,0,0,119,0,0
Temporal,fr3_walking_rpy,run_03,361,0,0,631,0,0
Temporal,fr3_walking_rpy,run_03,362,0,0,626,0,0
Temporal,fr3_walking_rpy,run_03,363,0,0,1089,0,0
Temporal,fr3_walking_rpy,run_03,364,0,0,1105,0,0
Temporal,fr3_walking_rpy,run_03,365,0,0,1186,0,0
Temporal,fr3_walking_rpy,run_03,366,0,0,1152,0,0
Temporal,fr3_walking_rpy,run_03,367,0,0,1098,0,0
Temporal,fr3_walking_rpy,run_03,368,0,0,1133,0,0
Temporal,fr3_walking_rpy,run_03,369,0,0,1155,0,0
Temporal,fr3_walking_rpy,run_03,370,0,0,1097,0,0
Temporal,fr3_walking_rpy,run_03,371,0,0,1092,0,0
Temporal,fr3_walking_rpy,run_03,372,0,0,1081,0,0
Temporal,fr3_walking_rpy,run_03,373,0,0,1013,0,0
Temporal,fr3_walking_rpy,run_03,374,0,0,1019,0,0
Temporal,fr3_walking_rpy,run_03,375,0,0,969,0,0
Temporal,fr3_walking_rpy,run_03,376,0,0,937,0,0
Temporal,fr3_walking_rpy,run_03,377,0,0,922,0,0
Temporal,fr3_walking_rpy,run_03,378,0,0,841,0,0
Temporal,fr3_walking_rpy,run_03,379,0,0,77,0,0
Temporal,fr3_walking_rpy,run_03,380,0,0,84,0,0
Temporal,fr3_walking_rpy,run_03,381,0,0,78,0,0
Temporal,fr3_walking_rpy,run_03,469,0,0,84,0,0
Temporal,fr3_walking_rpy,run_03,472,0,0,104,0,0
Temporal,fr3_walking_rpy,run_03,480,0,0,83,0,0
Temporal,fr3_walking_rpy,run_03,484,0,0,90,0,0
Temporal,fr3_walking_rpy,run_03,485,0,0,90,0,0
Temporal,fr3_walking_rpy,run_03,486,0,0,91,0,0
Temporal,fr3_walking_rpy,run_03,488,0,0,156,0,0
Temporal,fr3_walking_rpy,run_03,489,0,0,89,0,0
Temporal,fr3_walking_rpy,run_03,491,0,0,85,0,0
Temporal,fr3_walking_rpy,run_03,494,0,0,75,0,0
Temporal,fr3_walking_rpy,run_03,498,0,0,73,0,0
Temporal,fr3_walking_rpy,run_03,604,0,0,92,2,2
Temporal,fr3_walking_rpy,run_03,617,0,0,81,15,15
Temporal,fr3_walking_rpy,run_03,619,0,0,77,15,15
Temporal,fr3_walking_rpy,run_03,620,0,0,106,48,48
Temporal,fr3_walking_rpy,run_03,621,0,0,74,7,7
Temporal,fr3_walking_rpy,run_03,622,0,0,90,5,5
Temporal,fr3_walking_rpy,run_03,623,0,0,73,5,5
Temporal,fr3_walking_rpy,run_03,626,0,0,93,36,36
Temporal,fr3_walking_rpy,run_03,629,0,0,66,0,0
Temporal,fr3_walking_rpy,run_03,639,0,0,73,0,0
Temporal,fr3_walking_rpy,run_03,863,0,0,98,0,0
Temporal,fr3_walking_rpy,run_04,1,0,0,236,8,8
Temporal,fr3_walking_rpy,run_04,2,0,0,448,8,8
Temporal,fr3_walking_rpy,run_04,3,0,0,533,252,252
Temporal,fr3_walking_rpy,run_04,4,0,0,403,175,175
Temporal,fr3_walking_rpy,run_04,5,0,0,225,45,45
Temporal,fr3_walking_rpy,run_04,6,0,0,263,45,45
Temporal,fr3_walking_rpy,run_04,7,0,0,275,48,48
Temporal,fr3_walking_rpy,run_04,8,0,0,226,32,32
Temporal,fr3_walking_rpy,run_04,9,0,0,247,31,31
Temporal,fr3_walking_rpy,run_04,10,0,0,266,35,35
Temporal,fr3_walking_rpy,run_04,11,0,0,268,41,41
Temporal,fr3_walking_rpy,run_04,12,0,0,269,51,51
Temporal,fr3_walking_rpy,run_04,13,0,0,285,43,43
Temporal,fr3_walking_rpy,run_04,14,0,0,320,57,57
Temporal,fr3_walking_rpy,run_04,15,0,0,338,77,77
Temporal,fr3_walking_rpy,run_04,16,0,0,309,51,51
Temporal,fr3_walking_rpy,run_04,17,0,0,344,61,61
Temporal,fr3_walking_rpy,run_04,18,0,0,404,58,58
Temporal,fr3_walking_rpy,run_04,19,0,0,458,131,131
Temporal,fr3_walking_rpy,run_04,20,0,0,440,135,135
Temporal,fr3_walking_rpy,run_04,21,0,0,411,110,110
Temporal,fr3_walking_rpy,run_04,22,0,0,409,110,110
Temporal,fr3_walking_rpy,run_04,23,0,0,534,158,158
Temporal,fr3_walking_rpy,run_04,24,0,0,681,333,333
Temporal,fr3_walking_rpy,run_04,25,0,0,521,266,266
Temporal,fr3_walking_rpy,run_04,26,0,0,476,191,191
Temporal,fr3_walking_rpy,run_04,27,0,0,483,188,188
Temporal,fr3_walking_rpy,run_04,28,0,0,479,160,160
Temporal,fr3_walking_rpy,run_04,29,0,0,483,153,153
Temporal,fr3_walking_rpy,run_04,30,0,0,472,176,176
Temporal,fr3_walking_rpy,run_04,31,0,0,454,164,164
Temporal,fr3_walking_rpy,run_04,32,0,0,441,352,352
Temporal,fr3_walking_rpy,run_04,33,0,0,478,287,287
Temporal,fr3_walking_rpy,run_04,34,0,0,488,349,349
Temporal,fr3_walking_rpy,run_04,35,0,0,551,366,366
Temporal,fr3_walking_rpy,run_04,36,0,0,502,389,389
Temporal,fr3_walking_rpy,run_04,37,0,0,577,381,381
Temporal,fr3_walking_rpy,run_04,38,0,0,534,326,326
Temporal,fr3_walking_rpy,run_04,39,0,0,594,299,299
Temporal,fr3_walking_rpy,run_04,40,0,0,603,297,297
Temporal,fr3_walking_rpy,run_04,41,0,0,636,322,322
Temporal,fr3_walking_rpy,run_04,42,0,0,635,306,306
Temporal,fr3_walking_rpy,run_04,43,0,0,638,305,305
Temporal,fr3_walking_rpy,run_04,44,0,0,651,297,297
Temporal,fr3_walking_rpy,run_04,45,0,0,616,262,262
Temporal,fr3_walking_rpy,run_04,46,0,0,588,240,240
Temporal,fr3_walking_rpy,run_04,47,0,0,588,219,219
Temporal,fr3_walking_rpy,run_04,48,0,0,609,213,213
Temporal,fr3_walking_rpy,run_04,49,0,0,634,233,233
Temporal,fr3_walking_rpy,run_04,50,0,0,644,221,221
Temporal,fr3_walking_rpy,run_04,51,0,0,618,211,211
Temporal,fr3_walking_rpy,run_04,52,0,0,612,203,203
Temporal,fr3_walking_rpy,run_04,53,0,0,604,197,197
Temporal,fr3_walking_rpy,run_04,54,0,0,578,200,200
Temporal,fr3_walking_rpy,run_04,55,0,0,621,195,195
Temporal,fr3_walking_rpy,run_04,56,0,0,654,199,199
Temporal,fr3_walking_rpy,run_04,57,0,0,612,189,189
Temporal,fr3_walking_rpy,run_04,58,0,0,621,187,187
Temporal,fr3_walking_rpy,run_04,59,0,0,637,207,207
Temporal,fr3_walking_rpy,run_04,60,0,0,702,213,213
Temporal,fr3_walking_rpy,run_04,61,0,0,680,200,200
Temporal,fr3_walking_rpy,run_04,62,0,0,765,249,249
Temporal,fr3_walking_rpy,run_04,63,0,0,747,241,241
Temporal,fr3_walking_rpy,run_04,64,0,0,789,217,217
Temporal,fr3_walking_rpy,run_04,65,0,0,786,213,213
Temporal,fr3_walking_rpy,run_04,66,0,0,790,210,210
Temporal,fr3_walking_rpy,run_04,67,0,0,803,220,220
Temporal,fr3_walking_rpy,run_04,68,0,0,782,228,228
Temporal,fr3_walking_rpy,run_04,69,0,0,761,232,232
Temporal,fr3_walking_rpy,run_04,70,0,0,814,220,220
Temporal,fr3_walking_rpy,run_04,71,0,0,843,235,235
Temporal,fr3_walking_rpy,run_04,72,0,0,898,234,234
Temporal,fr3_walking_rpy,run_04,73,0,0,915,237,237
Temporal,fr3_walking_rpy,run_04,74,0,0,884,228,228
Temporal,fr3_walking_rpy,run_04,75,0,0,907,224,224
Temporal,fr3_walking_rpy,run_04,76,0,0,892,222,222
Temporal,fr3_walking_rpy,run_04,77,0,0,875,236,236
Temporal,fr3_walking_rpy,run_04,78,0,0,913,226,226
Temporal,fr3_walking_rpy,run_04,79,0,0,886,217,217
Temporal,fr3_walking_rpy,run_04,80,0,0,882,275,275
Temporal,fr3_walking_rpy,run_04,81,0,0,737,220,220
Temporal,fr3_walking_rpy,run_04,82,0,0,784,237,237
Temporal,fr3_walking_rpy,run_04,83,0,0,748,223,223
Temporal,fr3_walking_rpy,run_04,84,0,0,819,323,323
Temporal,fr3_walking_rpy,run_04,85,0,0,829,308,308
Temporal,fr3_walking_rpy,run_04,86,0,0,760,246,246
Temporal,fr3_walking_rpy,run_04,87,0,0,776,273,273
Temporal,fr3_walking_rpy,run_04,88,0,0,782,258,258
Temporal,fr3_walking_rpy,run_04,89,0,0,785,289,289
Temporal,fr3_walking_rpy,run_04,90,0,0,780,538,538
Temporal,fr3_walking_rpy,run_04,91,0,0,814,388,388
Temporal,fr3_walking_rpy,run_04,92,0,0,816,390,390
Temporal,fr3_walking_rpy,run_04,93,0,0,764,542,542
Temporal,fr3_walking_rpy,run_04,94,0,0,824,535,535
Temporal,fr3_walking_rpy,run_04,95,0,0,949,519,519
Temporal,fr3_walking_rpy,run_04,96,0,0,907,493,493
Temporal,fr3_walking_rpy,run_04,97,0,0,895,575,575
Temporal,fr3_walking_rpy,run_04,98,0,0,959,557,557
Temporal,fr3_walking_rpy,run_04,99,0,0,843,625,625
Temporal,fr3_walking_rpy,run_04,100,0,0,880,634,634
Temporal,fr3_walking_rpy,run_04,101,0,0,823,603,603
Temporal,fr3_walking_rpy,run_04,102,0,0,853,584,584
Temporal,fr3_walking_rpy,run_04,103,0,0,932,705,705
Temporal,fr3_walking_rpy,run_04,104,0,0,981,711,711
Temporal,fr3_walking_rpy,run_04,105,0,0,919,695,695
Temporal,fr3_walking_rpy,run_04,106,0,0,978,732,732
Temporal,fr3_walking_rpy,run_04,107,0,0,909,679,679
Temporal,fr3_walking_rpy,run_04,108,0,0,959,697,697
Temporal,fr3_walking_rpy,run_04,109,0,0,975,730,730
Temporal,fr3_walking_rpy,run_04,110,0,0,960,742,742
Temporal,fr3_walking_rpy,run_04,111,0,0,929,716,716
Temporal,fr3_walking_rpy,run_04,112,0,0,990,735,735
Temporal,fr3_walking_rpy,run_04,113,0,0,939,710,710
Temporal,fr3_walking_rpy,run_04,114,0,0,956,696,696
Temporal,fr3_walking_rpy,run_04,115,0,0,869,656,656
Temporal,fr3_walking_rpy,run_04,116,0,0,898,649,649
Temporal,fr3_walking_rpy,run_04,117,0,0,928,635,635
Temporal,fr3_walking_rpy,run_04,118,0,0,905,625,625
Temporal,fr3_walking_rpy,run_04,119,0,0,841,606,606
Temporal,fr3_walking_rpy,run_04,120,0,0,798,579,579
Temporal,fr3_walking_rpy,run_04,121,0,0,851,581,581
Temporal,fr3_walking_rpy,run_04,122,0,0,840,585,585
Temporal,fr3_walking_rpy,run_04,123,0,0,911,594,594
Temporal,fr3_walking_rpy,run_04,124,0,0,950,617,617
Temporal,fr3_walking_rpy,run_04,125,0,0,897,596,596
Temporal,fr3_walking_rpy,run_04,126,0,0,888,561,561
Temporal,fr3_walking_rpy,run_04,127,0,0,902,559,559
Temporal,fr3_walking_rpy,run_04,128,0,0,944,573,573
Temporal,fr3_walking_rpy,run_04,129,0,0,931,554,554
Temporal,fr3_walking_rpy,run_04,130,0,0,949,535,535
Temporal,fr3_walking_rpy,run_04,131,0,0,915,534,534
Temporal,fr3_walking_rpy,run_04,132,0,0,901,535,535
Temporal,fr3_walking_rpy,run_04,133,0,0,983,552,552
Temporal,fr3_walking_rpy,run_04,134,0,0,1022,571,571
Temporal,fr3_walking_rpy,run_04,135,0,0,857,416,416
Temporal,fr3_walking_rpy,run_04,136,0,0,899,448,448
Temporal,fr3_walking_rpy,run_04,137,0,0,1058,578,578
Temporal,fr3_walking_rpy,run_04,138,0,0,772,306,306
Temporal,fr3_walking_rpy,run_04,139,0,0,622,171,171
Temporal,fr3_walking_rpy,run_04,140,0,0,682,221,221
Temporal,fr3_walking_rpy,run_04,141,0,0,706,187,187
Temporal,fr3_walking_rpy,run_04,142,0,0,812,270,270
Temporal,fr3_walking_rpy,run_04,143,0,0,859,288,288
Temporal,fr3_walking_rpy,run_04,144,0,0,912,273,273
Temporal,fr3_walking_rpy,run_04,145,0,0,913,260,260
Temporal,fr3_walking_rpy,run_04,146,0,0,881,256,256
Temporal,fr3_walking_rpy,run_04,147,0,0,853,240,240
Temporal,fr3_walking_rpy,run_04,148,0,0,766,176,176
Temporal,fr3_walking_rpy,run_04,149,0,0,956,270,270
Temporal,fr3_walking_rpy,run_04,150,0,0,954,271,271
Temporal,fr3_walking_rpy,run_04,151,0,0,906,236,236
Temporal,fr3_walking_rpy,run_04,152,0,0,830,197,197
Temporal,fr3_walking_rpy,run_04,153,0,0,923,232,232
Temporal,fr3_walking_rpy,run_04,154,0,0,879,230,230
Temporal,fr3_walking_rpy,run_04,155,0,0,842,184,184
Temporal,fr3_walking_rpy,run_04,156,0,0,900,179,179
Temporal,fr3_walking_rpy,run_04,157,0,0,910,172,172
Temporal,fr3_walking_rpy,run_04,158,0,0,830,187,187
Temporal,fr3_walking_rpy,run_04,159,0,0,904,215,215
Temporal,fr3_walking_rpy,run_04,160,0,0,920,248,248
Temporal,fr3_walking_rpy,run_04,161,0,0,838,236,236
Temporal,fr3_walking_rpy,run_04,162,0,0,832,219,219
Temporal,fr3_walking_rpy,run_04,163,0,0,854,263,263
Temporal,fr3_walking_rpy,run_04,164,0,0,829,283,283
Temporal,fr3_walking_rpy,run_04,165,0,0,737,283,283
Temporal,fr3_walking_rpy,run_04,166,0,0,779,292,292
Temporal,fr3_walking_rpy,run_04,167,0,0,807,301,301
Temporal,fr3_walking_rpy,run_04,168,0,0,841,304,304
Temporal,fr3_walking_rpy,run_04,169,0,0,769,290,290
Temporal,fr3_walking_rpy,run_04,170,0,0,823,292,292
Temporal,fr3_walking_rpy,run_04,171,0,0,839,304,304
Temporal,fr3_walking_rpy,run_04,172,0,0,795,297,297
Temporal,fr3_walking_rpy,run_04,173,0,0,859,316,316
Temporal,fr3_walking_rpy,run_04,174,0,0,902,321,321
Temporal,fr3_walking_rpy,run_04,175,0,0,895,322,322
Temporal,fr3_walking_rpy,run_04,176,0,0,964,328,328
Temporal,fr3_walking_rpy,run_04,177,0,0,967,332,332
Temporal,fr3_walking_rpy,run_04,178,0,0,968,344,344
Temporal,fr3_walking_rpy,run_04,179,0,0,971,342,342
Temporal,fr3_walking_rpy,run_04,180,0,0,1053,339,339
Temporal,fr3_walking_rpy,run_04,181,0,0,1122,340,340
Temporal,fr3_walking_rpy,run_04,182,0,0,1149,350,350
Temporal,fr3_walking_rpy,run_04,183,0,0,1199,361,361
Temporal,fr3_walking_rpy,run_04,184,0,0,1244,361,361
Temporal,fr3_walking_rpy,run_04,185,0,0,1238,373,373
Temporal,fr3_walking_rpy,run_04,186,0,0,1326,377,377
Temporal,fr3_walking_rpy,run_04,187,0,0,1368,345,345
Temporal,fr3_walking_rpy,run_04,188,0,0,1312,328,328
Temporal,fr3_walking_rpy,run_04,189,0,0,1392,332,332
Temporal,fr3_walking_rpy,run_04,190,0,0,1501,311,311
Temporal,fr3_walking_rpy,run_04,191,0,0,1431,291,291
Temporal,fr3_walking_rpy,run_04,192,0,0,1454,273,273
Temporal,fr3_walking_rpy,run_04,193,0,0,1572,253,253
Temporal,fr3_walking_rpy,run_04,194,0,0,1686,260,260
Temporal,fr3_walking_rpy,run_04,195,0,0,1653,261,261
Temporal,fr3_walking_rpy,run_04,196,0,0,1640,230,230
Temporal,fr3_walking_rpy,run_04,197,0,0,1539,286,286
Temporal,fr3_walking_rpy,run_04,198,0,0,1464,300,300
Temporal,fr3_walking_rpy,run_04,199,0,0,1537,309,309
Temporal,fr3_walking_rpy,run_04,200,0,0,1419,358,358
Temporal,fr3_walking_rpy,run_04,201,0,0,1387,287,287
Temporal,fr3_walking_rpy,run_04,202,0,0,1336,246,246
Temporal,fr3_walking_rpy,run_04,203,0,0,1273,214,214
Temporal,fr3_walking_rpy,run_04,204,0,0,1330,175,175
Temporal,fr3_walking_rpy,run_04,205,0,0,1313,175,175
Temporal,fr3_walking_rpy,run_04,206,0,0,1434,156,156
Temporal,fr3_walking_rpy,run_04,207,0,0,1346,116,116
Temporal,fr3_walking_rpy,run_04,208,0,0,1323,65,65
Temporal,fr3_walking_rpy,run_04,209,0,0,1415,31,31
Temporal,fr3_walking_rpy,run_04,210,0,0,1491,35,35
Temporal,fr3_walking_rpy,run_04,211,0,0,1495,16,16
Temporal,fr3_walking_rpy,run_04,212,0,0,1512,23,23
Temporal,fr3_walking_rpy,run_04,213,0,0,1358,48,48
Temporal,fr3_walking_rpy,run_04,214,0,0,1269,35,35
Temporal,fr3_walking_rpy,run_04,215,0,0,1435,77,77
Temporal,fr3_walking_rpy,run_04,216,0,0,1434,133,133
Temporal,fr3_walking_rpy,run_04,217,0,0,1343,131,131
Temporal,fr3_walking_rpy,run_04,218,0,0,1433,221,221
Temporal,fr3_walking_rpy,run_04,219,0,0,1387,292,292
Temporal,fr3_walking_rpy,run_04,220,0,0,1260,211,211
Temporal,fr3_walking_rpy,run_04,221,0,0,1220,183,183
Temporal,fr3_walking_rpy,run_04,222,0,0,1265,200,200
Temporal,fr3_walking_rpy,run_04,223,0,0,1149,182,182
Temporal,fr3_walking_rpy,run_04,224,0,0,1036,120,120
Temporal,fr3_walking_rpy,run_04,225,0,0,1159,174,174
Temporal,fr3_walking_rpy,run_04,226,0,0,1176,173,173
Temporal,fr3_walking_rpy,run_04,227,0,0,1127,138,138
Temporal,fr3_walking_rpy,run_04,228,0,0,1114,146,146
Temporal,fr3_walking_rpy,run_04,229,0,0,1178,187,187
Temporal,fr3_walking_rpy,run_04,230,0,0,1197,178,178
Temporal,fr3_walking_rpy,run_04,231,0,0,1246,173,173
Temporal,fr3_walking_rpy,run_04,232,0,0,1272,181,181
Temporal,fr3_walking_rpy,run_04,233,0,0,1201,155,155
Temporal,fr3_walking_rpy,run_04,234,0,0,1211,221,221
Temporal,fr3_walking_rpy,run_04,235,0,0,1202,189,189
Temporal,fr3_walking_rpy,run_04,236,0,0,1144,150,150
Temporal,fr3_walking_rpy,run_04,237,0,0,1094,170,170
Temporal,fr3_walking_rpy,run_04,238,0,0,1184,197,197
Temporal,fr3_walking_rpy,run_04,239,0,0,1185,192,192
Temporal,fr3_walking_rpy,run_04,240,0,0,1158,193,193
Temporal,fr3_walking_rpy,run_04,241,0,0,1113,267,267
Temporal,fr3_walking_rpy,run_04,242,0,0,1037,218,218
Temporal,fr3_walking_rpy,run_04,243,0,0,1088,253,253
Temporal,fr3_walking_rpy,run_04,244,0,0,1039,236,236
Temporal,fr3_walking_rpy,run_04,245,0,0,1017,233,233
Temporal,fr3_walking_rpy,run_04,246,0,0,1000,221,221
Temporal,fr3_walking_rpy,run_04,247,0,0,1038,219,219
Temporal,fr3_walking_rpy,run_04,248,0,0,1054,218,218
Temporal,fr3_walking_rpy,run_04,249,0,0,951,193,193
Temporal,fr3_walking_rpy,run_04,250,0,0,942,190,190
Temporal,fr3_walking_rpy,run_04,251,0,0,984,189,189
Temporal,fr3_walking_rpy,run_04,252,0,0,953,187,187
Temporal,fr3_walking_rpy,run_04,253,0,0,1191,256,256
Temporal,fr3_walking_rpy,run_04,254,0,0,1150,236,236
Temporal,fr3_walking_rpy,run_04,255,0,0,1210,237,237
Temporal,fr3_walking_rpy,run_04,256,0,0,1252,255,255
Temporal,fr3_walking_rpy,run_04,257,0,0,1198,233,233
Temporal,fr3_walking_rpy,run_04,258,0,0,1208,230,230
Temporal,fr3_walking_rpy,run_04,259,0,0,1427,233,233
Temporal,fr3_walking_rpy,run_04,260,0,0,1100,208,208
Temporal,fr3_walking_rpy,run_04,261,0,0,958,138,138
Temporal,fr3_walking_rpy,run_04,262,0,0,1011,104,104
Temporal,fr3_walking_rpy,run_04,263,0,0,1038,101,101
Temporal,fr3_walking_rpy,run_04,264,0,0,1068,107,107
Temporal,fr3_walking_rpy,run_04,265,0,0,1511,292,292
Temporal,fr3_walking_rpy,run_04,266,0,0,1358,249,249
Temporal,fr3_walking_rpy,run_04,267,0,0,1591,361,361
Temporal,fr3_walking_rpy,run_04,268,0,0,1675,433,433
Temporal,fr3_walking_rpy,run_04,269,0,0,1855,547,547
Temporal,fr3_walking_rpy,run_04,270,0,0,1593,548,548
Temporal,fr3_walking_rpy,run_04,271,0,0,1408,523,523
Temporal,fr3_walking_rpy,run_04,272,0,0,1545,563,563
Temporal,fr3_walking_rpy,run_04,273,0,0,1950,704,704
Temporal,fr3_walking_rpy,run_04,274,0,0,1657,668,668
Temporal,fr3_walking_rpy,run_04,275,0,0,1723,662,662
Temporal,fr3_walking_rpy,run_04,276,0,0,1898,1070,1070
Temporal,fr3_walking_rpy,run_04,277,0,0,1937,1092,1092
Temporal,fr3_walking_rpy,run_04,278,0,0,1152,514,514
Temporal,fr3_walking_rpy,run_04,279,0,0,1889,1198,1198
Temporal,fr3_walking_rpy,run_04,280,0,0,1889,1215,1215
Temporal,fr3_walking_rpy,run_04,281,0,0,2017,1365,1365
Temporal,fr3_walking_rpy,run_04,282,0,0,1746,1234,1234
Temporal,fr3_walking_rpy,run_04,283,0,0,1594,1067,1067
Temporal,fr3_walking_rpy,run_04,285,0,0,140,56,56
Temporal,fr3_walking_rpy,run_04,292,0,0,113,17,17
Temporal,fr3_walking_rpy,run_04,293,0,0,115,22,22
Temporal,fr3_walking_rpy,run_04,294,0,0,73,13,13
Temporal,fr3_walking_rpy,run_04,311,0,0,95,1,1
Temporal,fr3_walking_rpy,run_04,314,0,0,76,9,9
Temporal,fr3_walking_rpy,run_04,316,0,0,107,6,6
Temporal,fr3_walking_rpy,run_04,317,0,0,67,1,1
Temporal,fr3_walking_rpy,run_04,318,0,0,69,0,0
Temporal,fr3_walking_rpy,run_04,322,0,0,85,0,0
Temporal,fr3_walking_rpy,run_04,326,0,0,54,1,1
Temporal,fr3_walking_rpy,run_04,329,0,0,51,0,0
Temporal,fr3_walking_rpy,run_04,332,0,0,70,0,0
Temporal,fr3_walking_rpy,run_04,336,0,0,141,11,11
Temporal,fr3_walking_rpy,run_04,337,0,0,67,6,6
Temporal,fr3_walking_rpy,run_04,338,0,0,75,6,6
Temporal,fr3_walking_rpy,run_04,342,0,0,142,10,10
Temporal,fr3_walking_rpy,run_04,343,0,0,71,6,6
Temporal,fr3_walking_rpy,run_04,344,0,0,1349,14,14
Temporal,fr3_walking_rpy,run_04,346,0,0,87,9,9
Temporal,fr3_walking_rpy,run_04,347,0,0,68,3,3
Temporal,fr3_walking_rpy,run_04,348,0,0,1293,13,13
Temporal,fr3_walking_rpy,run_04,350,0,0,70,2,2
Temporal,fr3_walking_rpy,run_04,352,0,0,141,4,4
Temporal,fr3_walking_rpy,run_04,353,0,0,128,0,0
Temporal,fr3_walking_rpy,run_04,357,0,0,70,0,0
Temporal,fr3_walking_rpy,run_04,358,0,0,1441,7,7
Temporal,fr3_walking_rpy,run_04,359,0,0,1214,7,7
Temporal,fr3_walking_rpy,run_04,360,0,0,2321,7,7
Temporal,fr3_walking_rpy,run_04,361,0,0,2471,6,6
Temporal,fr3_walking_rpy,run_04,362,0,0,2469,5,5
Temporal,fr3_walking_rpy,run_04,363,0,0,2436,4,4
Temporal,fr3_walking_rpy,run_04,364,0,0,2381,4,4
Temporal,fr3_walking_rpy,run_04,365,0,0,2285,3,3
Temporal,fr3_walking_rpy,run_04,366,0,0,2341,3,3
Temporal,fr3_walking_rpy,run_04,367,0,0,2293,3,3
Temporal,fr3_walking_rpy,run_04,368,0,0,2474,3,3
Temporal,fr3_walking_rpy,run_04,369,0,0,2538,9,9
Temporal,fr3_walking_rpy,run_04,370,0,0,2307,3,3
Temporal,fr3_walking_rpy,run_04,371,0,0,2211,2,2
Temporal,fr3_walking_rpy,run_04,372,0,0,2303,2,2
Temporal,fr3_walking_rpy,run_04,373,0,0,2393,18,18
Temporal,fr3_walking_rpy,run_04,374,0,0,2518,20,20
Temporal,fr3_walking_rpy,run_04,375,0,0,2308,18,18
Temporal,fr3_walking_rpy,run_04,376,0,0,2211,18,18
Temporal,fr3_walking_rpy,run_04,377,0,0,2217,16,16
Temporal,fr3_walking_rpy,run_04,378,0,0,2123,17,17
Temporal,fr3_walking_rpy,run_04,379,0,0,2063,17,17
Temporal,fr3_walking_rpy,run_04,380,0,0,2041,17,17
Temporal,fr3_walking_rpy,run_04,381,0,0,2170,17,17
Temporal,fr3_walking_rpy,run_04,382,0,0,1981,16,16
Temporal,fr3_walking_rpy,run_04,383,0,0,2055,15,15
Temporal,fr3_walking_rpy,run_04,384,0,0,2083,19,19
Temporal,fr3_walking_rpy,run_04,385,0,0,2178,25,25
Temporal,fr3_walking_rpy,run_04,386,0,0,2315,19,19
Temporal,fr3_walking_rpy,run_04,387,0,0,2238,18,18
Temporal,fr3_walking_rpy,run_04,388,0,0,2301,22,22
Temporal,fr3_walking_rpy,run_04,389,0,0,2094,16,16
Temporal,fr3_walking_rpy,run_04,390,0,0,2331,14,14
Temporal,fr3_walking_rpy,run_04,391,0,0,2297,12,12
Temporal,fr3_walking_rpy,run_04,392,0,0,2303,19,19
Temporal,fr3_walking_rpy,run_04,393,0,0,2015,16,16
Temporal,fr3_walking_rpy,run_04,394,0,0,2314,21,21
Temporal,fr3_walking_rpy,run_04,395,0,0,2573,29,29
Temporal,fr3_walking_rpy,run_04,396,0,0,2194,27,27
Temporal,fr3_walking_rpy,run_04,397,0,0,2360,22,22
Temporal,fr3_walking_rpy,run_04,398,0,0,2324,23,23
Temporal,fr3_walking_rpy,run_04,399,0,0,2481,24,24
Temporal,fr3_walking_rpy,run_04,400,0,0,2433,26,26
Temporal,fr3_walking_rpy,run_04,401,0,0,2317,23,23
Temporal,fr3_walking_rpy,run_04,402,0,0,2201,113,113
Temporal,fr3_walking_rpy,run_04,403,0,0,2311,226,226
Temporal,fr3_walking_rpy,run_04,404,0,0,2101,419,419
Temporal,fr3_walking_rpy,run_04,405,0,0,1838,381,381
Temporal,fr3_walking_rpy,run_04,406,0,0,1575,310,310
Temporal,fr3_walking_rpy,run_04,407,0,0,1602,278,278
Temporal,fr3_walking_rpy,run_04,408,0,0,1597,314,314
Temporal,fr3_walking_rpy,run_04,409,0,0,1625,357,357
Temporal,fr3_walking_rpy,run_04,410,0,0,1419,365,365
Temporal,fr3_walking_rpy,run_04,411,0,0,1320,336,336
Temporal,fr3_walking_rpy,run_04,412,0,0,1391,335,335
Temporal,fr3_walking_rpy,run_04,413,0,0,1259,324,324
Temporal,fr3_walking_rpy,run_04,414,0,0,1163,310,310
Temporal,fr3_walking_rpy,run_04,415,0,0,1224,318,318
Temporal,fr3_walking_rpy,run_04,416,0,0,1179,304,304
Temporal,fr3_walking_rpy,run_04,417,0,0,1187,302,302
Temporal,fr3_walking_rpy,run_04,418,0,0,1148,278,278
Temporal,fr3_walking_rpy,run_04,419,0,0,1117,269,269
Temporal,fr3_walking_rpy,run_04,420,0,0,1112,267,267
Temporal,fr3_walking_rpy,run_04,421,0,0,1114,277,277
Temporal,fr3_walking_rpy,run_04,422,0,0,1020,252,252
Temporal,fr3_walking_rpy,run_04,423,0,0,1072,329,329
Temporal,fr3_walking_rpy,run_04,424,0,0,1085,326,326
Temporal,fr3_walking_rpy,run_04,425,0,0,1150,340,340
Temporal,fr3_walking_rpy,run_04,426,0,0,1140,342,342
Temporal,fr3_walking_rpy,run_04,427,0,0,1129,355,355
Temporal,fr3_walking_rpy,run_04,428,0,0,1140,403,403
Temporal,fr3_walking_rpy,run_04,429,0,0,1143,421,421
Temporal,fr3_walking_rpy,run_04,430,0,0,828,293,293
Temporal,fr3_walking_rpy,run_04,431,0,0,836,304,304
Temporal,fr3_walking_rpy,run_04,432,0,0,702,287,287
Temporal,fr3_walking_rpy,run_04,433,0,0,776,305,305
Temporal,fr3_walking_rpy,run_04,434,0,0,765,316,316
Temporal,fr3_walking_rpy,run_04,435,0,0,761,371,371
Temporal,fr3_walking_rpy,run_04,436,0,0,763,387,387
Temporal,fr3_walking_rpy,run_04,437,0,0,770,430,430
Temporal,fr3_walking_rpy,run_04,438,0,0,779,400,400
Temporal,fr3_walking_rpy,run_04,439,0,0,712,372,372
Temporal,fr3_walking_rpy,run_04,440,0,0,707,399,399
Temporal,fr3_walking_rpy,run_04,441,0,0,686,408,408
Temporal,fr3_walking_rpy,run_04,442,0,0,780,437,437
Temporal,fr3_walking_rpy,run_04,443,0,0,781,455,455
Temporal,fr3_walking_rpy,run_04,444,0,0,784,464,464
Temporal,fr3_walking_rpy,run_04,445,0,0,751,449,449
Temporal,fr3_walking_rpy,run_04,446,0,0,817,464,464
Temporal,fr3_walking_rpy,run_04,447,0,0,822,470,470
Temporal,fr3_walking_rpy,run_04,448,0,0,824,464,464
Temporal,fr3_walking_rpy,run_04,449,0,0,833,456,456
Temporal,fr3_walking_rpy,run_04,450,0,0,931,503,503
Temporal,fr3_walking_rpy,run_04,451,0,0,982,490,490
Temporal,fr3_walking_rpy,run_04,452,0,0,987,477,477
Temporal,fr3_walking_rpy,run_04,453,0,0,1078,509,509
Temporal,fr3_walking_rpy,run_04,454,0,0,1151,492,492
Temporal,fr3_walking_rpy,run_04,455,0,0,1180,471,471
Temporal,fr3_walking_rpy,run_04,456,0,0,1273,459,459
Temporal,fr3_walking_rpy,run_04,457,0,0,1345,424,424
Temporal,fr3_walking_rpy,run_04,458,0,0,1410,395,395
Temporal,fr3_walking_rpy,run_04,459,0,0,1361,355,355
Temporal,fr3_walking_rpy,run_04,460,0,0,1416,317,317
Temporal,fr3_walking_rpy,run_04,461,0,0,1544,293,293
Temporal,fr3_walking_rpy,run_04,462,0,0,1356,250,250
Temporal,fr3_walking_rpy,run_04,463,0,0,1710,191,191
Temporal,fr3_walking_rpy,run_04,464,0,0,2352,166,166
Temporal,fr3_walking_rpy,run_04,465,0,0,2174,145,145
Temporal,fr3_walking_rpy,run_04,466,0,0,2461,127,127
Temporal,fr3_walking_rpy,run_04,467,0,0,2425,108,108
Temporal,fr3_walking_rpy,run_04,468,0,0,2493,50,50
Temporal,fr3_walking_rpy,run_04,469,0,0,2454,34,34
Temporal,fr3_walking_rpy,run_04,470,0,0,2388,31,31
Temporal,fr3_walking_rpy,run_04,471,0,0,2804,10,10
Temporal,fr3_walking_rpy,run_04,472,0,0,2645,8,8
Temporal,fr3_walking_rpy,run_04,473,0,0,2571,6,6
Temporal,fr3_walking_rpy,run_04,474,0,0,2556,1,1
Temporal,fr3_walking_rpy,run_04,475,0,0,2157,0,0
Temporal,fr3_walking_rpy,run_04,476,0,0,2122,0,0
Temporal,fr3_walking_rpy,run_04,477,0,0,2064,0,0
Temporal,fr3_walking_rpy,run_04,478,0,0,2141,0,0
Temporal,fr3_walking_rpy,run_04,479,0,0,2362,0,0
Temporal,fr3_walking_rpy,run_04,480,0,0,2024,0,0
Temporal,fr3_walking_rpy,run_04,481,0,0,2238,0,0
Temporal,fr3_walking_rpy,run_04,482,0,0,2328,0,0
Temporal,fr3_walking_rpy,run_04,483,0,0,2490,0,0
Temporal,fr3_walking_rpy,run_04,484,0,0,2311,0,0
Temporal,fr3_walking_rpy,run_04,485,0,0,2227,0,0
Temporal,fr3_walking_rpy,run_04,486,0,0,2259,0,0
Temporal,fr3_walking_rpy,run_04,487,0,0,2021,0,0
Temporal,fr3_walking_rpy,run_04,488,0,0,2021,0,0
Temporal,fr3_walking_rpy,run_04,489,0,0,2110,0,0
Temporal,fr3_walking_rpy,run_04,490,0,0,2638,0,0
Temporal,fr3_walking_rpy,run_04,491,0,0,2646,0,0
Temporal,fr3_walking_rpy,run_04,492,0,0,2620,0,0
Temporal,fr3_walking_rpy,run_04,493,0,0,2608,0,0
Temporal,fr3_walking_rpy,run_04,494,0,0,2444,0,0
Temporal,fr3_walking_rpy,run_04,495,0,0,2468,0,0
Temporal,fr3_walking_rpy,run_04,496,0,0,2453,0,0
Temporal,fr3_walking_rpy,run_04,497,0,0,2701,0,0
Temporal,fr3_walking_rpy,run_04,498,0,0,2544,0,0
Temporal,fr3_walking_rpy,run_04,499,0,0,2491,0,0
Temporal,fr3_walking_rpy,run_04,500,0,0,2390,0,0
Temporal,fr3_walking_rpy,run_04,501,0,0,1998,0,0
Temporal,fr3_walking_rpy,run_04,502,0,0,2185,0,0
Temporal,fr3_walking_rpy,run_04,503,0,0,2168,0,0
Temporal,fr3_walking_rpy,run_04,504,0,0,2058,0,0
Temporal,fr3_walking_rpy,run_04,505,0,0,1913,0,0
Temporal,fr3_walking_rpy,run_04,506,0,0,2243,0,0
Temporal,fr3_walking_rpy,run_04,507,0,0,2217,0,0
Temporal,fr3_walking_rpy,run_04,508,0,0,2144,0,0
Temporal,fr3_walking_rpy,run_04,509,0,0,1857,0,0
Temporal,fr3_walking_rpy,run_04,510,0,0,1870,0,0
Temporal,fr3_walking_rpy,run_04,511,0,0,1908,0,0
Temporal,fr3_walking_rpy,run_04,512,0,0,2091,0,0
Temporal,fr3_walking_rpy,run_04,513,0,0,1958,0,0
Temporal,fr3_walking_rpy,run_04,514,0,0,1760,0,0
Temporal,fr3_walking_rpy,run_04,515,0,0,1619,0,0
Temporal,fr3_walking_rpy,run_04,516,0,0,1401,0,0
Temporal,fr3_walking_rpy,run_04,517,0,0,1495,0,0
Temporal,fr3_walking_rpy,run_04,518,0,0,1500,0,0
Temporal,fr3_walking_rpy,run_04,519,0,0,1278,0,0
Temporal,fr3_walking_rpy,run_04,520,0,0,1237,0,0
Temporal,fr3_walking_rpy,run_04,521,0,0,1470,0,0
Temporal,fr3_walking_rpy,run_04,522,0,0,1518,0,0
Temporal,fr3_walking_rpy,run_04,523,0,0,1119,0,0
Temporal,fr3_walking_rpy,run_04,524,0,0,1532,0,0
Temporal,fr3_walking_rpy,run_04,525,0,0,1831,0,0
Temporal,fr3_walking_rpy,run_04,526,0,0,1737,0,0
Temporal,fr3_walking_rpy,run_04,527,0,0,1737,0,0
Temporal,fr3_walking_rpy,run_04,528,0,0,1481,0,0
Temporal,fr3_walking_rpy,run_04,529,0,0,1543,91,91
Temporal,fr3_walking_rpy,run_04,530,0,0,1465,64,64
Temporal,fr3_walking_rpy,run_04,531,0,0,1412,292,292
Temporal,fr3_walking_rpy,run_04,532,0,0,1341,98,98
Temporal,fr3_walking_rpy,run_04,533,0,0,1565,96,96
Temporal,fr3_walking_rpy,run_04,534,0,0,1698,92,92
Temporal,fr3_walking_rpy,run_04,535,0,0,1444,295,295
Temporal,fr3_walking_rpy,run_04,536,0,0,1383,196,196
Temporal,fr3_walking_rpy,run_04,537,0,0,1327,187,187
Temporal,fr3_walking_rpy,run_04,538,0,0,963,46,46
Temporal,fr3_walking_rpy,run_04,539,0,0,1376,45,45
Temporal,fr3_walking_rpy,run_04,540,0,0,1346,37,37
Temporal,fr3_walking_rpy,run_04,541,0,0,1345,379,379
Temporal,fr3_walking_rpy,run_04,542,0,0,1229,242,242
Temporal,fr3_walking_rpy,run_04,543,0,0,1223,267,267
Temporal,fr3_walking_rpy,run_04,544,0,0,1243,265,265
Temporal,fr3_walking_rpy,run_04,545,0,0,843,100,100
Temporal,fr3_walking_rpy,run_04,546,0,0,1103,110,110
Temporal,fr3_walking_rpy,run_04,547,0,0,1043,124,124
Temporal,fr3_walking_rpy,run_04,548,0,0,1110,97,97
Temporal,fr3_walking_rpy,run_04,549,0,0,1149,121,121
Temporal,fr3_walking_rpy,run_04,550,0,0,744,33,33
Temporal,fr3_walking_rpy,run_04,551,0,0,1028,28,28
Temporal,fr3_walking_rpy,run_04,552,0,0,991,25,25
Temporal,fr3_walking_rpy,run_04,553,0,0,1474,158,158
Temporal,fr3_walking_rpy,run_04,554,0,0,1327,31,31
Temporal,fr3_walking_rpy,run_04,555,0,0,1117,24,24
Temporal,fr3_walking_rpy,run_04,556,0,0,1479,63,63
Temporal,fr3_walking_rpy,run_04,557,0,0,1445,155,155
Temporal,fr3_walking_rpy,run_04,558,0,0,1168,127,127
Temporal,fr3_walking_rpy,run_04,559,0,0,1251,120,120
Temporal,fr3_walking_rpy,run_04,560,0,0,1556,118,118
Temporal,fr3_walking_rpy,run_04,561,0,0,1210,102,102
Temporal,fr3_walking_rpy,run_04,562,0,0,1524,150,150
Temporal,fr3_walking_rpy,run_04,563,0,0,1696,155,155
Temporal,fr3_walking_rpy,run_04,564,0,0,1830,154,154
Temporal,fr3_walking_rpy,run_04,565,0,0,1617,155,155
Temporal,fr3_walking_rpy,run_04,566,0,0,1948,164,164
Temporal,fr3_walking_rpy,run_04,567,0,0,1651,163,163
Temporal,fr3_walking_rpy,run_04,568,0,0,2025,163,163
Temporal,fr3_walking_rpy,run_04,569,0,0,1591,116,116
Temporal,fr3_walking_rpy,run_04,570,0,0,2142,104,104
Temporal,fr3_walking_rpy,run_04,571,0,0,1916,224,224
Temporal,fr3_walking_rpy,run_04,572,0,0,2127,144,144
Temporal,fr3_walking_rpy,run_04,573,0,0,2026,135,135
Temporal,fr3_walking_rpy,run_04,574,0,0,2567,451,451
Temporal,fr3_walking_rpy,run_04,575,0,0,2161,241,241
Temporal,fr3_walking_rpy,run_04,576,0,0,1993,212,212
Temporal,fr3_walking_rpy,run_04,577,0,0,2028,225,225
Temporal,fr3_walking_rpy,run_04,578,0,0,1816,158,158
Temporal,fr3_walking_rpy,run_04,579,0,0,1766,179,179
Temporal,fr3_walking_rpy,run_04,580,0,0,2012,164,164
Temporal,fr3_walking_rpy,run_04,581,0,0,2190,431,431
Temporal,fr3_walking_rpy,run_04,582,0,0,2210,424,424
Temporal,fr3_walking_rpy,run_04,583,0,0,1851,183,183
Temporal,fr3_walking_rpy,run_04,584,0,0,2059,184,184
Temporal,fr3_walking_rpy,run_04,585,0,0,2118,181,181
Temporal,fr3_walking_rpy,run_04,586,0,0,1791,122,122
Temporal,fr3_walking_rpy,run_04,587,0,0,1977,136,136
Temporal,fr3_walking_rpy,run_04,588,0,0,2036,139,139
Temporal,fr3_walking_rpy,run_04,589,0,0,1513,59,59
Temporal,fr3_walking_rpy,run_04,590,0,0,1478,38,38
Temporal,fr3_walking_rpy,run_04,591,0,0,1873,144,144
Temporal,fr3_walking_rpy,run_04,592,0,0,1527,98,98
Temporal,fr3_walking_rpy,run_04,593,0,0,1813,130,130
Temporal,fr3_walking_rpy,run_04,594,0,0,2385,336,336
Temporal,fr3_walking_rpy,run_04,595,0,0,1667,266,266
Temporal,fr3_walking_rpy,run_04,596,0,0,1663,313,313
Temporal,fr3_walking_rpy,run_04,597,0,0,1374,327,327
Temporal,fr3_walking_rpy,run_04,598,0,0,1420,384,384
Temporal,fr3_walking_rpy,run_04,599,0,0,1415,393,393
Temporal,fr3_walking_rpy,run_04,600,0,0,1180,333,333
Temporal,fr3_walking_rpy,run_04,601,0,0,897,201,201
Temporal,fr3_walking_rpy,run_04,602,0,0,995,319,319
Temporal,fr3_walking_rpy,run_04,603,0,0,965,283,283
Temporal,fr3_walking_rpy,run_04,604,0,0,954,279,279
Temporal,fr3_walking_rpy,run_04,605,0,0,1050,282,282
Temporal,fr3_walking_rpy,run_04,606,0,0,871,249,249
Temporal,fr3_walking_rpy,run_04,607,0,0,862,245,245
Temporal,fr3_walking_rpy,run_04,608,0,0,833,305,305
Temporal,fr3_walking_rpy,run_04,609,0,0,1110,534,534
Temporal,fr3_walking_rpy,run_04,610,0,0,874,353,353
Temporal,fr3_walking_rpy,run_04,611,0,0,1006,366,366
Temporal,fr3_walking_rpy,run_04,612,0,0,1033,350,350
Temporal,fr3_walking_rpy,run_04,613,0,0,1218,484,484
Temporal,fr3_walking_rpy,run_04,614,0,0,1226,492,492
Temporal,fr3_walking_rpy,run_04,615,0,0,1240,492,492
Temporal,fr3_walking_rpy,run_04,616,0,0,1882,978,978
Temporal,fr3_walking_rpy,run_04,617,0,0,1892,957,957
Temporal,fr3_walking_rpy,run_04,618,0,0,2180,1051,1051
Temporal,fr3_walking_rpy,run_04,619,0,0,2219,1026,1026
Temporal,fr3_walking_rpy,run_04,620,0,0,2717,1056,1056
Temporal,fr3_walking_rpy,run_04,621,0,0,2397,888,888
Temporal,fr3_walking_rpy,run_04,622,0,0,2271,922,922
Temporal,fr3_walking_rpy,run_04,623,0,0,1764,598,598
Temporal,fr3_walking_rpy,run_04,624,0,0,2260,694,694
Temporal,fr3_walking_rpy,run_04,625,0,0,2280,684,684
Temporal,fr3_walking_rpy,run_04,626,0,0,2494,777,777
Temporal,fr3_walking_rpy,run_04,627,0,0,2434,710,710
Temporal,fr3_walking_rpy,run_04,628,0,0,2214,567,567
Temporal,fr3_walking_rpy,run_04,629,0,0,2215,593,593
Temporal,fr3_walking_rpy,run_04,630,0,0,2679,612,612
Temporal,fr3_walking_rpy,run_04,631,0,0,3089,683,683
Temporal,fr3_walking_rpy,run_04,632,0,0,2845,623,623
Temporal,fr3_walking_rpy,run_04,633,0,0,2899,613,613
Temporal,fr3_walking_rpy,run_04,634,0,0,2879,577,577
Temporal,fr3_walking_rpy,run_04,635,0,0,3110,540,540
Temporal,fr3_walking_rpy,run_04,636,0,0,2504,438,438
Temporal,fr3_walking_rpy,run_04,637,0,0,2582,498,498
Temporal,fr3_walking_rpy,run_04,638,0,0,2749,474,474
Temporal,fr3_walking_rpy,run_04,639,0,0,2922,535,535
Temporal,fr3_walking_rpy,run_04,640,0,0,2815,464,464
Temporal,fr3_walking_rpy,run_04,641,0,0,2803,431,431
Temporal,fr3_walking_rpy,run_04,642,0,0,2845,389,389
Temporal,fr3_walking_rpy,run_04,643,0,0,2820,404,404
Temporal,fr3_walking_rpy,run_04,644,0,0,2724,354,354
Temporal,fr3_walking_rpy,run_04,645,0,0,2665,272,272
Temporal,fr3_walking_rpy,run_04,646,0,0,2654,247,247
Temporal,fr3_walking_rpy,run_04,647,0,0,2686,231,231
Temporal,fr3_walking_rpy,run_04,648,0,0,2827,174,174
Temporal,fr3_walking_rpy,run_04,649,0,0,2803,155,155
Temporal,fr3_walking_rpy,run_04,650,0,0,1760,18,18
Temporal,fr3_walking_rpy,run_04,651,0,0,2281,65,65
Temporal,fr3_walking_rpy,run_04,652,0,0,1861,24,24
Temporal,fr3_walking_rpy,run_04,653,0,0,2465,162,162
Temporal,fr3_walking_rpy,run_04,654,0,0,2304,84,84
Temporal,fr3_walking_rpy,run_04,655,0,0,2289,160,160
Temporal,fr3_walking_rpy,run_04,656,0,0,2094,133,133
Temporal,fr3_walking_rpy,run_04,657,0,0,2244,135,135
Temporal,fr3_walking_rpy,run_04,658,0,0,1811,82,82
Temporal,fr3_walking_rpy,run_04,659,0,0,1874,103,103
Temporal,fr3_walking_rpy,run_04,660,0,0,2045,86,86
Temporal,fr3_walking_rpy,run_04,661,0,0,1861,92,92
Temporal,fr3_walking_rpy,run_04,662,0,0,1966,84,84
Temporal,fr3_walking_rpy,run_04,663,0,0,1955,85,85
Temporal,fr3_walking_rpy,run_04,664,0,0,1865,67,67
Temporal,fr3_walking_rpy,run_04,665,0,0,2357,186,186
Temporal,fr3_walking_rpy,run_04,666,0,0,2073,90,90
Temporal,fr3_walking_rpy,run_04,667,0,0,1945,77,77
Temporal,fr3_walking_rpy,run_04,668,0,0,2029,73,73
Temporal,fr3_walking_rpy,run_04,669,0,0,1459,55,55
Temporal,fr3_walking_rpy,run_04,670,0,0,2469,51,51
Temporal,fr3_walking_rpy,run_04,671,0,0,2453,46,46
Temporal,fr3_walking_rpy,run_04,672,0,0,2526,23,23
Temporal,fr3_walking_rpy,run_04,673,0,9,216,181,181
Temporal,fr3_walking_rpy,run_04,694,0,0,132,0,0
Temporal,fr3_walking_rpy,run_04,700,0,0,124,43,43
Temporal,fr3_walking_rpy,run_04,702,0,0,115,37,37
Temporal,fr3_walking_rpy,run_04,706,0,0,120,36,36
Temporal,fr3_walking_rpy,run_04,707,0,0,122,37,37
Temporal,fr3_walking_rpy,run_04,710,0,0,111,38,38
Temporal,fr3_walking_rpy,run_04,711,0,0,209,38,38
Temporal,fr3_walking_rpy,run_04,713,0,0,124,37,37
Temporal,fr3_walking_rpy,run_04,714,0,0,93,0,0
Temporal,fr3_walking_rpy,run_04,715,0,0,1101,56,56
Temporal,fr3_walking_rpy,run_04,716,0,0,1069,84,84
Temporal,fr3_walking_rpy,run_04,717,0,0,1799,54,54
Temporal,fr3_walking_rpy,run_04,718,0,0,2232,55,55
Temporal,fr3_walking_rpy,run_04,719,0,0,1239,827,827
Temporal,fr3_walking_rpy,run_04,721,0,0,1120,77,77
Temporal,fr3_walking_rpy,run_04,722,0,0,1009,656,656
Temporal,fr3_walking_rpy,run_04,723,0,0,1177,621,621
Temporal,fr3_walking_rpy,run_04,724,0,0,1490,599,599
Temporal,fr3_walking_rpy,run_04,725,0,0,1446,965,965
Temporal,fr3_walking_rpy,run_04,726,0,0,1245,739,739
Temporal,fr3_walking_rpy,run_04,727,0,0,1091,638,638
Temporal,fr3_walking_rpy,run_04,728,0,0,1184,701,701
Temporal,fr3_walking_rpy,run_04,729,0,0,1379,680,680
Temporal,fr3_walking_rpy,run_04,730,0,0,1416,702,702
Temporal,fr3_walking_rpy,run_04,731,0,0,1408,931,931
Temporal,fr3_walking_rpy,run_04,732,0,0,1166,665,665
Temporal,fr3_walking_rpy,run_04,733,0,0,1048,592,592
Temporal,fr3_walking_rpy,run_04,734,0,0,1190,625,625
Temporal,fr3_walking_rpy,run_04,735,0,0,1310,826,826
Temporal,fr3_walking_rpy,run_04,736,0,0,1104,607,607
Temporal,fr3_walking_rpy,run_04,737,0,0,1263,601,601
Temporal,fr3_walking_rpy,run_04,747,0,0,318,149,149
Temporal,fr3_walking_rpy,run_04,748,0,0,146,27,27
Temporal,fr3_walking_rpy,run_04,749,0,0,147,24,24
Temporal,fr3_walking_rpy,run_04,753,0,0,156,15,15
Temporal,fr3_walking_rpy,run_04,754,0,0,154,12,12
Temporal,fr3_walking_rpy,run_04,757,0,0,154,30,30
Temporal,fr3_walking_rpy,run_04,859,0,5,2677,239,239
Temporal,fr3_walking_rpy,run_04,860,0,2,0,0,0
Temporal,fr3_walking_rpy,run_04,863,0,3,2897,12,12
Temporal,fr3_walking_rpy,run_04,864,0,2,2172,13,13
Temporal,fr3_walking_rpy,run_04,865,0,0,3023,13,13
Temporal,fr3_walking_rpy,run_05,1,0,0,236,8,8
Temporal,fr3_walking_rpy,run_05,2,0,0,448,8,8
Temporal,fr3_walking_rpy,run_05,3,0,0,533,252,252
Temporal,fr3_walking_rpy,run_05,4,0,0,403,175,175
Temporal,fr3_walking_rpy,run_05,5,0,0,225,45,45
Temporal,fr3_walking_rpy,run_05,6,0,0,263,45,45
Temporal,fr3_walking_rpy,run_05,7,0,0,274,48,48
Temporal,fr3_walking_rpy,run_05,8,0,0,224,32,32
Temporal,fr3_walking_rpy,run_05,9,0,0,245,31,31
Temporal,fr3_walking_rpy,run_05,10,0,0,269,35,35
Temporal,fr3_walking_rpy,run_05,11,0,0,273,41,41
Temporal,fr3_walking_rpy,run_05,12,0,0,337,69,69
Temporal,fr3_walking_rpy,run_05,13,0,0,291,48,48
Temporal,fr3_walking_rpy,run_05,14,0,0,314,56,56
Temporal,fr3_walking_rpy,run_05,15,0,0,337,74,74
Temporal,fr3_walking_rpy,run_05,16,0,0,353,66,66
Temporal,fr3_walking_rpy,run_05,17,0,0,369,73,73
Temporal,fr3_walking_rpy,run_05,18,0,0,427,72,72
Temporal,fr3_walking_rpy,run_05,19,0,0,469,140,140
Temporal,fr3_walking_rpy,run_05,20,0,0,449,150,150
Temporal,fr3_walking_rpy,run_05,21,0,0,416,120,120
Temporal,fr3_walking_rpy,run_05,22,0,0,420,116,116
Temporal,fr3_walking_rpy,run_05,23,0,0,625,181,181
Temporal,fr3_walking_rpy,run_05,24,0,0,560,270,270
Temporal,fr3_walking_rpy,run_05,25,0,0,552,272,272
Temporal,fr3_walking_rpy,run_05,26,0,0,418,165,165
Temporal,fr3_walking_rpy,run_05,27,0,0,473,169,169
Temporal,fr3_walking_rpy,run_05,28,0,0,462,146,146
Temporal,fr3_walking_rpy,run_05,29,0,0,459,141,141
Temporal,fr3_walking_rpy,run_05,30,0,0,459,162,162
Temporal,fr3_walking_rpy,run_05,31,0,0,439,144,144
Temporal,fr3_walking_rpy,run_05,32,0,0,432,342,342
Temporal,fr3_walking_rpy,run_05,33,0,0,447,265,265
Temporal,fr3_walking_rpy,run_05,34,0,0,448,323,323
Temporal,fr3_walking_rpy,run_05,35,0,0,505,331,331
Temporal,fr3_walking_rpy,run_05,36,0,0,502,418,418
Temporal,fr3_walking_rpy,run_05,37,0,0,521,349,349
Temporal,fr3_walking_rpy,run_05,38,0,25,401,313,313
Temporal,fr3_walking_rpy,run_05,39,0,19,415,236,236
Temporal,fr3_walking_rpy,run_05,40,0,10,379,210,210
Temporal,fr3_walking_rpy,run_05,41,0,0,454,234,234
Temporal,fr3_walking_rpy,run_05,42,0,0,504,229,229
Temporal,fr3_walking_rpy,run_05,43,0,0,485,221,221
Temporal,fr3_walking_rpy,run_05,44,0,0,549,212,212
Temporal,fr3_walking_rpy,run_05,45,0,0,565,200,200
Temporal,fr3_walking_rpy,run_05,46,0,0,510,188,188
Temporal,fr3_walking_rpy,run_05,47,0,0,442,159,159
Temporal,fr3_walking_rpy,run_05,48,0,0,500,163,163
Temporal,fr3_walking_rpy,run_05,49,0,0,592,207,207
Temporal,fr3_walking_rpy,run_05,50,0,0,599,188,188
Temporal,fr3_walking_rpy,run_05,51,0,0,502,181,181
Temporal,fr3_walking_rpy,run_05,52,0,0,580,188,188
Temporal,fr3_walking_rpy,run_05,53,0,0,592,189,189
Temporal,fr3_walking_rpy,run_05,54,0,0,590,195,195
Temporal,fr3_walking_rpy,run_05,55,0,0,583,174,174
Temporal,fr3_walking_rpy,run_05,56,0,0,590,182,182
Temporal,fr3_walking_rpy,run_05,57,0,0,578,175,175
Temporal,fr3_walking_rpy,run_05,58,0,0,585,194,194
Temporal,fr3_walking_rpy,run_05,59,0,0,587,208,208
Temporal,fr3_walking_rpy,run_05,60,0,0,591,196,196
Temporal,fr3_walking_rpy,run_05,61,0,0,570,186,186
Temporal,fr3_walking_rpy,run_05,62,0,0,615,225,225
Temporal,fr3_walking_rpy,run_05,63,0,0,597,199,199
Temporal,fr3_walking_rpy,run_05,64,0,0,600,197,197
Temporal,fr3_walking_rpy,run_05,65,0,0,582,189,189
Temporal,fr3_walking_rpy,run_05,66,0,0,602,184,184
Temporal,fr3_walking_rpy,run_05,67,0,0,601,204,204
Temporal,fr3_walking_rpy,run_05,68,0,0,589,193,193
Temporal,fr3_walking_rpy,run_05,69,0,0,577,205,205
Temporal,fr3_walking_rpy,run_05,70,0,0,512,136,136
Temporal,fr3_walking_rpy,run_05,71,0,0,574,146,146
Temporal,fr3_walking_rpy,run_05,72,0,0,651,149,149
Temporal,fr3_walking_rpy,run_05,73,0,0,668,151,151
Temporal,fr3_walking_rpy,run_05,74,0,0,673,158,158
Temporal,fr3_walking_rpy,run_05,75,0,0,636,144,144
Temporal,fr3_walking_rpy,run_05,76,0,0,665,144,144
Temporal,fr3_walking_rpy,run_05,77,0,0,663,156,156
Temporal,fr3_walking_rpy,run_05,78,0,0,640,147,147
Temporal,fr3_walking_rpy,run_05,79,0,0,665,138,138
Temporal,fr3_walking_rpy,run_05,80,0,0,690,195,195
Temporal,fr3_walking_rpy,run_05,81,0,0,699,191,191
Temporal,fr3_walking_rpy,run_05,82,0,0,657,138,138
Temporal,fr3_walking_rpy,run_05,83,0,0,647,129,129
Temporal,fr3_walking_rpy,run_05,84,0,0,686,212,212
Temporal,fr3_walking_rpy,run_05,85,0,0,697,209,209
Temporal,fr3_walking_rpy,run_05,86,0,0,631,140,140
Temporal,fr3_walking_rpy,run_05,87,0,0,639,170,170
Temporal,fr3_walking_rpy,run_05,88,0,0,629,162,162
Temporal,fr3_walking_rpy,run_05,89,0,0,600,172,172
Temporal,fr3_walking_rpy,run_05,90,0,0,634,397,397
Temporal,fr3_walking_rpy,run_05,91,0,0,700,285,285
Temporal,fr3_walking_rpy,run_05,92,0,0,717,289,289
Temporal,fr3_walking_rpy,run_05,93,0,0,677,433,433
Temporal,fr3_walking_rpy,run_05,94,0,0,724,419,419
Temporal,fr3_walking_rpy,run_05,95,0,0,836,396,396
Temporal,fr3_walking_rpy,run_05,96,0,0,872,408,408
Temporal,fr3_walking_rpy,run_05,97,0,0,915,537,537
Temporal,fr3_walking_rpy,run_05,98,0,0,785,429,429
Temporal,fr3_walking_rpy,run_05,99,0,0,677,472,472
Temporal,fr3_walking_rpy,run_05,100,0,0,725,485,485
Temporal,fr3_walking_rpy,run_05,101,0,0,674,450,450
Temporal,fr3_walking_rpy,run_05,102,0,0,699,424,424
Temporal,fr3_walking_rpy,run_05,103,0,0,785,531,531
Temporal,fr3_walking_rpy,run_05,104,0,0,771,522,522
Temporal,fr3_walking_rpy,run_05,105,0,0,736,526,526
Temporal,fr3_walking_rpy,run_05,106,0,0,689,490,490
Temporal,fr3_walking_rpy,run_05,107,0,0,709,484,484
Temporal,fr3_walking_rpy,run_05,108,0,0,772,514,514
Temporal,fr3_walking_rpy,run_05,109,0,0,760,520,520
Temporal,fr3_walking_rpy,run_05,110,0,0,782,549,549
Temporal,fr3_walking_rpy,run_05,111,0,0,676,470,470
Temporal,fr3_walking_rpy,run_05,112,0,0,725,472,472
Temporal,fr3_walking_rpy,run_05,113,0,0,658,450,450
Temporal,fr3_walking_rpy,run_05,114,0,0,697,454,454
Temporal,fr3_walking_rpy,run_05,115,0,0,652,453,453
Temporal,fr3_walking_rpy,run_05,116,0,0,690,440,440
Temporal,fr3_walking_rpy,run_05,117,0,0,722,429,429
Temporal,fr3_walking_rpy,run_05,118,0,0,715,430,430
Temporal,fr3_walking_rpy,run_05,119,0,0,702,429,429
Temporal,fr3_walking_rpy,run_05,120,0,0,643,414,414
Temporal,fr3_walking_rpy,run_05,121,0,0,697,417,417
Temporal,fr3_walking_rpy,run_05,122,0,0,684,420,420
Temporal,fr3_walking_rpy,run_05,123,0,0,725,424,424
Temporal,fr3_walking_rpy,run_05,124,0,0,733,434,434
Temporal,fr3_walking_rpy,run_05,125,0,0,767,448,448
Temporal,fr3_walking_rpy,run_05,126,0,0,649,306,306
Temporal,fr3_walking_rpy,run_05,127,0,0,821,432,432
Temporal,fr3_walking_rpy,run_05,128,0,0,799,427,427
Temporal,fr3_walking_rpy,run_05,129,0,0,801,414,414
Temporal,fr3_walking_rpy,run_05,130,0,0,784,390,390
Temporal,fr3_walking_rpy,run_05,131,0,0,783,390,390
Temporal,fr3_walking_rpy,run_05,132,0,0,725,336,336
Temporal,fr3_walking_rpy,run_05,133,0,0,775,395,395
Temporal,fr3_walking_rpy,run_05,134,0,0,762,377,377
Temporal,fr3_walking_rpy,run_05,135,0,0,791,368,368
Temporal,fr3_walking_rpy,run_05,136,0,0,653,233,233
Temporal,fr3_walking_rpy,run_05,137,0,0,867,399,399
Temporal,fr3_walking_rpy,run_05,138,0,0,772,309,309
Temporal,fr3_walking_rpy,run_05,196,0,2,541,15,15
Temporal,fr3_walking_rpy,run_05,199,0,0,112,0,0
Temporal,fr3_walking_rpy,run_05,200,0,0,629,0,0
Temporal,fr3_walking_rpy,run_05,201,0,0,547,3,3
Temporal,fr3_walking_rpy,run_05,202,0,0,944,8,8
Temporal,fr3_walking_rpy,run_05,203,0,0,1007,6,6
Temporal,fr3_walking_rpy,run_05,204,0,0,1048,7,7
Temporal,fr3_walking_rpy,run_05,205,0,0,1072,33,33
Temporal,fr3_walking_rpy,run_05,206,0,0,1112,26,26
Temporal,fr3_walking_rpy,run_05,207,0,0,1006,15,15
Temporal,fr3_walking_rpy,run_05,211,0,0,888,19,19
Temporal,fr3_walking_rpy,run_05,212,0,0,749,24,24
Temporal,fr3_walking_rpy,run_05,213,0,0,1113,45,45
Temporal,fr3_walking_rpy,run_05,214,0,0,1121,34,34
Temporal,fr3_walking_rpy,run_05,215,0,0,1134,61,61
Temporal,fr3_walking_rpy,run_05,216,0,0,1095,100,100
Temporal,fr3_walking_rpy,run_05,217,0,0,1061,72,72
Temporal,fr3_walking_rpy,run_05,218,0,0,1042,121,121
Temporal,fr3_walking_rpy,run_05,219,0,0,958,156,156
Temporal,fr3_walking_rpy,run_05,220,0,0,951,137,137
Temporal,fr3_walking_rpy,run_05,221,0,0,922,125,125
Temporal,fr3_walking_rpy,run_05,222,0,0,930,132,132
Temporal,fr3_walking_rpy,run_05,223,0,0,936,124,124
Temporal,fr3_walking_rpy,run_05,224,0,0,923,152,152
Temporal,fr3_walking_rpy,run_05,225,0,0,943,160,160
Temporal,fr3_walking_rpy,run_05,226,0,0,964,185,185
Temporal,fr3_walking_rpy,run_05,227,0,0,972,199,199
Temporal,fr3_walking_rpy,run_05,228,0,0,960,212,212
Temporal,fr3_walking_rpy,run_05,300,0,0,914,217,217
Temporal,fr3_walking_rpy,run_05,301,0,2,912,172,172
Temporal,fr3_walking_rpy,run_05,302,0,0,1075,171,171
Temporal,fr3_walking_rpy,run_05,303,0,0,1199,171,171
Temporal,fr3_walking_rpy,run_05,304,0,0,1248,230,230
Temporal,fr3_walking_rpy,run_05,305,0,0,1209,185,185
Temporal,fr3_walking_rpy,run_05,306,0,0,1245,180,180
Temporal,fr3_walking_rpy,run_05,308,0,0,56,10,10
Temporal,fr3_walking_rpy,run_05,316,0,0,702,62,62
Temporal,fr3_walking_rpy,run_05,320,0,0,671,32,32
Temporal,fr3_walking_rpy,run_05,331,0,0,737,0,0
Temporal,fr3_walking_rpy,run_05,334,0,0,743,45,45
Temporal,fr3_walking_rpy,run_05,345,0,1,971,3,3
Temporal,fr3_walking_rpy,run_05,350,0,0,983,0,0
Temporal,fr3_walking_rpy,run_05,351,0,0,673,0,0
Temporal,fr3_walking_rpy,run_05,352,0,0,1536,0,0
Temporal,fr3_walking_rpy,run_05,353,0,0,1550,0,0
Temporal,fr3_walking_rpy,run_05,354,0,0,1497,0,0
Temporal,fr3_walking_rpy,run_05,355,0,0,1532,0,0
Temporal,fr3_walking_rpy,run_05,356,0,0,1547,0,0
Temporal,fr3_walking_rpy,run_05,357,0,0,1507,0,0
Temporal,fr3_walking_rpy,run_05,358,0,0,1463,0,0
Temporal,fr3_walking_rpy,run_05,359,0,0,1430,0,0
Temporal,fr3_walking_rpy,run_05,360,0,0,1412,0,0
Temporal,fr3_walking_rpy,run_05,361,0,0,1449,0,0
Temporal,fr3_walking_rpy,run_05,362,0,0,1456,0,0
Temporal,fr3_walking_rpy,run_05,363,0,0,1408,0,0
Temporal,fr3_walking_rpy,run_05,364,0,0,1400,0,0
Temporal,fr3_walking_rpy,run_05,365,0,0,1440,0,0
Temporal,fr3_walking_rpy,run_05,366,0,0,1436,0,0
Temporal,fr3_walking_rpy,run_05,367,0,0,1395,0,0
Temporal,fr3_walking_rpy,run_05,368,0,0,1410,0,0
Temporal,fr3_walking_rpy,run_05,369,0,0,1428,0,0
Temporal,fr3_walking_rpy,run_05,370,0,0,1344,0,0
Temporal,fr3_walking_rpy,run_05,371,0,0,1378,0,0
Temporal,fr3_walking_rpy,run_05,372,0,0,1353,0,0
Temporal,fr3_walking_rpy,run_05,373,0,0,1282,0,0
Temporal,fr3_walking_rpy,run_05,374,0,0,1297,0,0
Temporal,fr3_walking_rpy,run_05,375,0,0,1249,0,0
Temporal,fr3_walking_rpy,run_05,376,0,0,1208,0,0
Temporal,fr3_walking_rpy,run_05,377,0,0,1196,0,0
Temporal,fr3_walking_rpy,run_05,378,0,0,1134,0,0
Temporal,fr3_walking_rpy,run_05,379,0,0,1127,0,0
Temporal,fr3_walking_rpy,run_05,380,0,0,1088,0,0
Temporal,fr3_walking_rpy,run_05,381,0,0,1057,0,0
Temporal,fr3_walking_rpy,run_05,382,0,0,1042,0,0
Temporal,fr3_walking_rpy,run_05,383,0,0,1063,0,0
Temporal,fr3_walking_rpy,run_05,384,0,0,1048,0,0
Temporal,fr3_walking_rpy,run_05,385,0,0,1034,0,0
Temporal,fr3_walking_rpy,run_05,386,0,0,1062,0,0
Temporal,fr3_walking_rpy,run_05,387,0,0,1068,0,0
Temporal,fr3_walking_rpy,run_05,388,0,0,1071,0,0
Temporal,fr3_walking_rpy,run_05,389,0,0,1105,0,0
Temporal,fr3_walking_rpy,run_05,390,0,0,1151,0,0
Temporal,fr3_walking_rpy,run_05,391,0,0,1131,0,0
Temporal,fr3_walking_rpy,run_05,392,0,0,1156,1,1
Temporal,fr3_walking_rpy,run_05,393,0,0,1014,1,1
Temporal,fr3_walking_rpy,run_05,394,0,0,1208,2,2
Temporal,fr3_walking_rpy,run_05,395,0,0,1273,11,11
Temporal,fr3_walking_rpy,run_05,396,0,0,1251,11,11
Temporal,fr3_walking_rpy,run_05,397,0,0,1218,13,13
Temporal,fr3_walking_rpy,run_05,398,0,0,1083,11,11
Temporal,fr3_walking_rpy,run_05,399,0,0,1383,12,12
Temporal,fr3_walking_rpy,run_05,400,0,0,1300,12,12
Temporal,fr3_walking_rpy,run_05,401,0,0,1256,12,12
Temporal,fr3_walking_rpy,run_05,402,0,0,1044,66,66
Temporal,fr3_walking_rpy,run_05,403,0,0,1213,127,127
Temporal,fr3_walking_rpy,run_05,404,0,0,1003,187,187
Temporal,fr3_walking_rpy,run_05,405,0,0,899,132,132
Temporal,fr3_walking_rpy,run_05,406,0,0,1002,141,141
Temporal,fr3_walking_rpy,run_05,407,0,0,942,116,116
Temporal,fr3_walking_rpy,run_05,408,0,0,905,118,118
Temporal,fr3_walking_rpy,run_05,409,0,0,938,146,146
Temporal,fr3_walking_rpy,run_05,410,0,0,914,187,187
Temporal,fr3_walking_rpy,run_05,411,0,0,962,176,176
Temporal,fr3_walking_rpy,run_05,412,0,0,888,141,141
Temporal,fr3_walking_rpy,run_05,413,0,0,872,141,141
Temporal,fr3_walking_rpy,run_05,414,0,0,854,143,143
Temporal,fr3_walking_rpy,run_05,415,0,0,768,141,141
Temporal,fr3_walking_rpy,run_05,416,0,0,735,116,116
Temporal,fr3_walking_rpy,run_05,417,0,0,752,117,117
Temporal,fr3_walking_rpy,run_05,418,0,0,733,114,114
Temporal,fr3_walking_rpy,run_05,419,0,0,757,109,109
Temporal,fr3_walking_rpy,run_05,420,0,0,727,100,100
Temporal,fr3_walking_rpy,run_05,421,0,0,707,100,100
Temporal,fr3_walking_rpy,run_05,422,0,0,754,152,152
Temporal,fr3_walking_rpy,run_05,423,0,0,760,181,181
Temporal,fr3_walking_rpy,run_05,424,0,0,709,171,171
Temporal,fr3_walking_rpy,run_05,425,0,0,750,155,155
Temporal,fr3_walking_rpy,run_05,426,0,0,728,155,155
Temporal,fr3_walking_rpy,run_05,427,0,0,724,169,169
Temporal,fr3_walking_rpy,run_05,428,0,0,763,186,186
Temporal,fr3_walking_rpy,run_05,429,0,0,775,196,196
Temporal,fr3_walking_rpy,run_05,430,0,0,788,220,220
Temporal,fr3_walking_rpy,run_05,431,0,0,668,215,215
Temporal,fr3_walking_rpy,run_05,432,0,0,746,227,227
Temporal,fr3_walking_rpy,run_05,433,0,0,719,234,234
Temporal,fr3_walking_rpy,run_05,434,0,0,717,254,254
Temporal,fr3_walking_rpy,run_05,435,0,0,717,286,286
Temporal,fr3_walking_rpy,run_05,436,0,0,706,310,310
Temporal,fr3_walking_rpy,run_05,437,0,0,700,334,334
Temporal,fr3_walking_rpy,run_05,438,0,0,709,301,301
Temporal,fr3_walking_rpy,run_05,439,0,0,644,305,305
Temporal,fr3_walking_rpy,run_05,440,0,0,720,364,364
Temporal,fr3_walking_rpy,run_05,441,0,0,719,414,414
Temporal,fr3_walking_rpy,run_05,442,0,0,754,419,419
Temporal,fr3_walking_rpy,run_05,443,0,0,797,433,433
Temporal,fr3_walking_rpy,run_05,444,0,0,793,435,435
Temporal,fr3_walking_rpy,run_05,445,0,0,807,444,444
Temporal,fr3_walking_rpy,run_05,446,0,0,835,473,473
Temporal,fr3_walking_rpy,run_05,447,0,0,783,464,464
Temporal,fr3_walking_rpy,run_05,448,0,0,864,475,475
Temporal,fr3_walking_rpy,run_05,449,0,0,848,454,454
Temporal,fr3_walking_rpy,run_05,450,0,0,836,439,439
Temporal,fr3_walking_rpy,run_05,451,0,0,826,447,447
Temporal,fr3_walking_rpy,run_05,452,0,0,891,440,440
Temporal,fr3_walking_rpy,run_05,453,0,0,927,451,451
Temporal,fr3_walking_rpy,run_05,454,0,0,992,437,437
Temporal,fr3_walking_rpy,run_05,455,0,0,1034,423,423
Temporal,fr3_walking_rpy,run_05,456,0,0,1123,403,403
Temporal,fr3_walking_rpy,run_05,457,0,0,989,305,305
Temporal,fr3_walking_rpy,run_05,458,0,0,992,278,278
Temporal,fr3_walking_rpy,run_05,459,0,0,853,231,231
Temporal,fr3_walking_rpy,run_05,460,0,0,945,208,208
Temporal,fr3_walking_rpy,run_05,461,0,0,1199,189,189
Temporal,fr3_walking_rpy,run_05,462,0,0,1001,181,181
Temporal,fr3_walking_rpy,run_05,463,0,0,1042,148,148
Temporal,fr3_walking_rpy,run_05,464,0,0,1334,128,128
Temporal,fr3_walking_rpy,run_05,465,0,0,1105,110,110
Temporal,fr3_walking_rpy,run_05,466,0,0,1316,97,97
Temporal,fr3_walking_rpy,run_05,467,0,0,1369,82,82
Temporal,fr3_walking_rpy,run_05,468,0,0,1419,33,33
Temporal,fr3_walking_rpy,run_05,469,0,0,1355,10,10
Temporal,fr3_walking_rpy,run_05,470,0,0,1367,9,9
Temporal,fr3_walking_rpy,run_05,471,0,0,1366,3,3
Temporal,fr3_walking_rpy,run_05,472,0,0,1308,1,1
Temporal,fr3_walking_rpy,run_05,473,0,0,1283,0,0
Temporal,fr3_walking_rpy,run_05,474,0,0,1470,0,0
Temporal,fr3_walking_rpy,run_05,475,0,0,1500,1,1
Temporal,fr3_walking_rpy,run_05,476,0,0,1425,1,1
Temporal,fr3_walking_rpy,run_05,477,0,0,1403,0,0
Temporal,fr3_walking_rpy,run_05,478,0,0,1435,0,0
Temporal,fr3_walking_rpy,run_05,479,0,0,1454,0,0
Temporal,fr3_walking_rpy,run_05,480,0,0,1473,1,1
Temporal,fr3_walking_rpy,run_05,481,0,0,1245,0,0
Temporal,fr3_walking_rpy,run_05,482,0,0,1623,0,0
Temporal,fr3_walking_rpy,run_05,483,0,0,1509,0,0
Temporal,fr3_walking_rpy,run_05,484,0,0,1600,0,0
Temporal,fr3_walking_rpy,run_05,485,0,0,1562,0,0
Temporal,fr3_walking_rpy,run_05,486,0,0,1707,0,0
Temporal,fr3_walking_rpy,run_05,487,0,0,1741,0,0
Temporal,fr3_walking_rpy,run_05,488,0,0,1739,0,0
Temporal,fr3_walking_rpy,run_05,489,0,0,1738,0,0
Temporal,fr3_walking_rpy,run_05,490,0,0,1600,0,0
Temporal,fr3_walking_rpy,run_05,491,0,0,1660,0,0
Temporal,fr3_walking_rpy,run_05,492,0,0,1667,0,0
Temporal,fr3_walking_rpy,run_05,493,0,0,1578,0,0
Temporal,fr3_walking_rpy,run_05,494,0,0,1534,0,0
Temporal,fr3_walking_rpy,run_05,495,0,0,1717,0,0
Temporal,fr3_walking_rpy,run_05,496,0,0,1693,0,0
Temporal,fr3_walking_rpy,run_05,497,0,0,1774,0,0
Temporal,fr3_walking_rpy,run_05,498,0,0,1662,0,0
Temporal,fr3_walking_rpy,run_05,499,0,0,1689,0,0
Temporal,fr3_walking_rpy,run_05,500,0,0,1648,0,0
Temporal,fr3_walking_rpy,run_05,501,0,0,1436,0,0
Temporal,fr3_walking_rpy,run_05,502,0,0,1485,0,0
Temporal,fr3_walking_rpy,run_05,503,0,0,1634,0,0
Temporal,fr3_walking_rpy,run_05,504,0,0,1634,0,0
Temporal,fr3_walking_rpy,run_05,505,0,0,1401,0,0
Temporal,fr3_walking_rpy,run_05,506,0,0,1427,0,0
Temporal,fr3_walking_rpy,run_05,507,0,0,1442,0,0
Temporal,fr3_walking_rpy,run_05,508,0,0,1404,0,0
Temporal,fr3_walking_rpy,run_05,509,0,0,1381,0,0
Temporal,fr3_walking_rpy,run_05,510,0,0,1376,0,0
Temporal,fr3_walking_rpy,run_05,511,0,0,1422,0,0
Temporal,fr3_walking_rpy,run_05,512,0,0,1398,0,0
Temporal,fr3_walking_rpy,run_05,513,0,0,1348,0,0
Temporal,fr3_walking_rpy,run_05,514,0,0,1516,0,0
Temporal,fr3_walking_rpy,run_05,515,0,0,1460,0,0
Temporal,fr3_walking_rpy,run_05,516,0,0,1482,0,0
Temporal,fr3_walking_rpy,run_05,517,0,0,1308,0,0
Temporal,fr3_walking_rpy,run_05,518,0,0,1285,0,0
Temporal,fr3_walking_rpy,run_05,519,0,0,1259,0,0
Temporal,fr3_walking_rpy,run_05,520,0,0,1427,0,0
Temporal,fr3_walking_rpy,run_05,521,0,0,1445,0,0
Temporal,fr3_walking_rpy,run_05,522,0,0,1279,0,0
Temporal,fr3_walking_rpy,run_05,523,0,0,1208,0,0
Temporal,fr3_walking_rpy,run_05,524,0,0,1250,0,0
Temporal,fr3_walking_rpy,run_05,525,0,0,970,0,0
Temporal,fr3_walking_rpy,run_05,526,0,0,1334,0,0
Temporal,fr3_walking_rpy,run_05,527,0,0,1281,0,0
Temporal,fr3_walking_rpy,run_05,528,0,0,1477,0,0
Temporal,fr3_walking_rpy,run_05,529,0,0,1358,99,99
Temporal,fr3_walking_rpy,run_05,530,0,0,1235,0,0
Temporal,fr3_walking_rpy,run_05,531,0,0,1236,222,222
Temporal,fr3_walking_rpy,run_05,532,0,0,1134,42,42
Temporal,fr3_walking_rpy,run_05,533,0,0,1219,42,42
Temporal,fr3_walking_rpy,run_05,534,0,0,1177,41,41
Temporal,fr3_walking_rpy,run_05,535,0,0,1002,169,169
Temporal,fr3_walking_rpy,run_05,536,0,0,1353,169,169
Temporal,fr3_walking_rpy,run_05,537,0,0,1293,161,161
Temporal,fr3_walking_rpy,run_05,538,0,0,1360,159,159
Temporal,fr3_walking_rpy,run_05,539,0,0,1409,157,157
Temporal,fr3_walking_rpy,run_05,540,0,0,1394,147,147
Temporal,fr3_walking_rpy,run_05,541,0,0,1375,410,410
Temporal,fr3_walking_rpy,run_05,542,0,0,1189,221,221
Temporal,fr3_walking_rpy,run_05,543,0,0,1206,244,244
Temporal,fr3_walking_rpy,run_05,544,0,0,1213,248,248
Temporal,fr3_walking_rpy,run_05,545,0,0,1167,201,201
Temporal,fr3_walking_rpy,run_05,546,0,0,746,25,25
Temporal,fr3_walking_rpy,run_05,547,0,0,964,77,77
Temporal,fr3_walking_rpy,run_05,548,0,0,1056,37,37
Temporal,fr3_walking_rpy,run_05,549,0,0,1076,89,89
Temporal,fr3_walking_rpy,run_05,550,0,0,1005,101,101
Temporal,fr3_walking_rpy,run_05,551,0,0,698,24,24
Temporal,fr3_walking_rpy,run_05,552,0,0,1028,24,24
Temporal,fr3_walking_rpy,run_05,553,0,0,1142,120,120
Temporal,fr3_walking_rpy,run_05,554,0,0,1433,121,121
Temporal,fr3_walking_rpy,run_05,555,0,0,1458,122,122
Temporal,fr3_walking_rpy,run_05,556,0,0,1237,144,144
Temporal,fr3_walking_rpy,run_05,557,0,0,1547,283,283
Temporal,fr3_walking_rpy,run_05,558,0,0,1460,292,292
Temporal,fr3_walking_rpy,run_05,559,0,0,1138,163,163
Temporal,fr3_walking_rpy,run_05,560,0,0,1505,161,161
Temporal,fr3_walking_rpy,run_05,561,0,0,1508,167,167
Temporal,fr3_walking_rpy,run_05,562,0,0,1237,101,101
Temporal,fr3_walking_rpy,run_05,563,0,0,1674,113,113
Temporal,fr3_walking_rpy,run_05,564,0,0,1749,137,137
Temporal,fr3_walking_rpy,run_05,565,0,0,1599,129,129
Temporal,fr3_walking_rpy,run_05,566,0,0,1949,148,148
Temporal,fr3_walking_rpy,run_05,567,0,0,1623,127,127
Temporal,fr3_walking_rpy,run_05,568,0,0,1927,131,131
Temporal,fr3_walking_rpy,run_05,569,0,0,1559,101,101
Temporal,fr3_walking_rpy,run_05,570,0,0,1884,93,93
Temporal,fr3_walking_rpy,run_05,571,0,0,1589,189,189
Temporal,fr3_walking_rpy,run_05,572,0,0,1920,141,141
Temporal,fr3_walking_rpy,run_05,573,0,0,1965,137,137
Temporal,fr3_walking_rpy,run_05,574,0,0,2104,403,403
Temporal,fr3_walking_rpy,run_05,575,0,0,2016,345,345
Temporal,fr3_walking_rpy,run_05,576,0,0,1852,351,351
Temporal,fr3_walking_rpy,run_05,577,0,0,2095,358,358
Temporal,fr3_walking_rpy,run_05,578,0,0,1642,169,169
Temporal,fr3_walking_rpy,run_05,579,0,0,1901,169,169
Temporal,fr3_walking_rpy,run_05,580,0,0,1796,161,161
Temporal,fr3_walking_rpy,run_05,581,0,0,2226,440,440
Temporal,fr3_walking_rpy,run_05,582,0,0,2157,440,440
Temporal,fr3_walking_rpy,run_05,583,0,0,2344,443,443
Temporal,fr3_walking_rpy,run_05,584,0,0,2014,197,197
Temporal,fr3_walking_rpy,run_05,585,0,0,2185,202,202
Temporal,fr3_walking_rpy,run_05,586,0,0,2042,211,211
Temporal,fr3_walking_rpy,run_05,587,0,0,2048,144,144
Temporal,fr3_walking_rpy,run_05,588,0,0,938,21,21
Temporal,fr3_walking_rpy,run_05,589,0,0,1702,77,77
Temporal,fr3_walking_rpy,run_05,590,0,0,2068,122,122
Temporal,fr3_walking_rpy,run_05,591,0,0,1669,76,76
Temporal,fr3_walking_rpy,run_05,592,0,0,2164,286,286
Temporal,fr3_walking_rpy,run_05,593,0,0,1982,169,169
Temporal,fr3_walking_rpy,run_05,594,0,0,2040,231,231
Temporal,fr3_walking_rpy,run_05,595,0,0,1653,315,315
Temporal,fr3_walking_rpy,run_05,596,0,0,1876,387,387
Temporal,fr3_walking_rpy,run_05,597,0,0,1542,380,380
Temporal,fr3_walking_rpy,run_05,598,0,0,1525,392,392
Temporal,fr3_walking_rpy,run_05,599,0,0,1242,364,364
Temporal,fr3_walking_rpy,run_05,600,0,0,1208,344,344
Temporal,fr3_walking_rpy,run_05,601,0,0,1296,384,384
Temporal,fr3_walking_rpy,run_05,602,0,0,1291,391,391
Temporal,fr3_walking_rpy,run_05,603,0,0,1202,365,365
Temporal,fr3_walking_rpy,run_05,604,0,0,1225,392,392
Temporal,fr3_walking_rpy,run_05,605,0,0,1334,400,400
Temporal,fr3_walking_rpy,run_05,606,0,0,1005,316,316
Temporal,fr3_walking_rpy,run_05,607,0,0,1109,375,375
Temporal,fr3_walking_rpy,run_05,608,0,0,1105,415,415
Temporal,fr3_walking_rpy,run_05,609,0,0,1160,516,516
Temporal,fr3_walking_rpy,run_05,610,0,0,1246,610,610
Temporal,fr3_walking_rpy,run_05,611,0,0,1365,639,639
Temporal,fr3_walking_rpy,run_05,612,0,0,1290,568,568
Temporal,fr3_walking_rpy,run_05,613,0,0,1571,712,712
Temporal,fr3_walking_rpy,run_05,614,0,0,1590,708,708
Temporal,fr3_walking_rpy,run_05,615,0,0,1589,710,710
Temporal,fr3_walking_rpy,run_05,616,0,0,1445,558,558
Temporal,fr3_walking_rpy,run_05,617,0,0,1875,905,905
Temporal,fr3_walking_rpy,run_05,618,0,0,1998,961,961
Temporal,fr3_walking_rpy,run_05,619,0,0,1854,946,946
Temporal,fr3_walking_rpy,run_05,620,0,0,2382,1025,1025
Temporal,fr3_walking_rpy,run_05,621,0,0,2382,967,967
Temporal,fr3_walking_rpy,run_05,622,0,0,2370,971,971
Temporal,fr3_walking_rpy,run_05,623,0,0,2415,976,976
Temporal,fr3_walking_rpy,run_05,624,0,0,2409,965,965
Temporal,fr3_walking_rpy,run_05,625,0,0,2134,885,885
Temporal,fr3_walking_rpy,run_05,626,0,0,2195,858,858
Temporal,fr3_walking_rpy,run_05,627,0,0,2283,826,826
Temporal,fr3_walking_rpy,run_05,628,0,0,2302,777,777
Temporal,fr3_walking_rpy,run_05,629,0,0,2267,739,739
Temporal,fr3_walking_rpy,run_05,630,0,0,2486,751,751
Temporal,fr3_walking_rpy,run_05,631,0,0,2527,735,735
Temporal,fr3_walking_rpy,run_05,632,0,0,2432,650,650
Temporal,fr3_walking_rpy,run_05,633,0,0,2250,630,630
Temporal,fr3_walking_rpy,run_05,634,0,0,2195,536,536
Temporal,fr3_walking_rpy,run_05,635,0,0,2213,527,527
Temporal,fr3_walking_rpy,run_05,636,0,0,2527,583,583
Temporal,fr3_walking_rpy,run_05,637,0,0,1939,408,408
Temporal,fr3_walking_rpy,run_05,638,0,0,2265,470,470
Temporal,fr3_walking_rpy,run_05,639,0,0,2620,497,497
Temporal,fr3_walking_rpy,run_05,640,0,0,2555,462,462
Temporal,fr3_walking_rpy,run_05,641,0,0,2438,427,427
Temporal,fr3_walking_rpy,run_05,642,0,0,2515,456,456
Temporal,fr3_walking_rpy,run_05,643,0,0,2433,473,473
Temporal,fr3_walking_rpy,run_05,644,0,0,2217,423,423
Temporal,fr3_walking_rpy,run_05,645,0,0,2561,434,434
Temporal,fr3_walking_rpy,run_05,646,0,0,2440,373,373
Temporal,fr3_walking_rpy,run_05,647,0,0,2475,322,322
Temporal,fr3_walking_rpy,run_05,648,0,0,2246,241,241
Temporal,fr3_walking_rpy,run_05,649,0,0,2192,172,172
Temporal,fr3_walking_rpy,run_05,650,0,0,2245,168,168
Temporal,fr3_walking_rpy,run_05,651,0,0,2515,144,144
Temporal,fr3_walking_rpy,run_05,652,0,0,2225,95,95
Temporal,fr3_walking_rpy,run_05,653,0,0,2185,268,268
Temporal,fr3_walking_rpy,run_05,654,0,0,1843,164,164
Temporal,fr3_walking_rpy,run_05,655,0,0,2105,185,185
Temporal,fr3_walking_rpy,run_05,656,0,0,1586,77,77
Temporal,fr3_walking_rpy,run_05,657,0,0,1795,75,75
Temporal,fr3_walking_rpy,run_05,658,0,0,1679,84,84
Temporal,fr3_walking_rpy,run_05,659,0,0,1898,122,122
Temporal,fr3_walking_rpy,run_05,660,0,0,1595,76,76
Temporal,fr3_walking_rpy,run_05,661,0,0,1713,94,94
Temporal,fr3_walking_rpy,run_05,662,0,0,1539,76,76
Temporal,fr3_walking_rpy,run_05,663,0,0,1594,84,84
Temporal,fr3_walking_rpy,run_05,664,0,0,1826,70,70
Temporal,fr3_walking_rpy,run_05,665,0,0,1682,129,129
Temporal,fr3_walking_rpy,run_05,666,0,0,1806,84,84
Temporal,fr3_walking_rpy,run_05,667,0,0,1629,67,67
Temporal,fr3_walking_rpy,run_05,668,0,0,1766,65,65
Temporal,fr3_walking_rpy,run_05,669,0,0,1348,55,55
Temporal,fr3_walking_rpy,run_05,670,0,0,1763,53,53
Temporal,fr3_walking_rpy,run_05,671,0,0,1673,43,43
Temporal,fr3_walking_rpy,run_05,672,0,0,1564,30,30
Temporal,fr3_walking_rpy,run_05,673,0,9,249,214,214
Temporal,fr3_walking_rpy,run_05,681,0,0,232,49,49
Temporal,fr3_walking_halfsphere,run_01,1,0,0,291,46,46
Temporal,fr3_walking_halfsphere,run_01,2,0,0,433,38,38
Temporal,fr3_walking_halfsphere,run_01,3,0,0,353,2,2
Temporal,fr3_walking_halfsphere,run_01,4,0,0,467,56,56
Temporal,fr3_walking_halfsphere,run_01,5,0,0,375,92,92
Temporal,fr3_walking_halfsphere,run_01,6,0,0,429,128,128
Temporal,fr3_walking_halfsphere,run_01,7,0,0,380,83,83
Temporal,fr3_walking_halfsphere,run_01,8,0,0,379,45,45
Temporal,fr3_walking_halfsphere,run_01,9,0,0,476,50,50
Temporal,fr3_walking_halfsphere,run_01,10,0,0,597,78,78
Temporal,fr3_walking_halfsphere,run_01,11,0,0,516,147,147
Temporal,fr3_walking_halfsphere,run_01,12,0,0,539,110,110
Temporal,fr3_walking_halfsphere,run_01,13,0,0,704,266,266
Temporal,fr3_walking_halfsphere,run_01,14,0,0,564,221,221
Temporal,fr3_walking_halfsphere,run_01,15,0,0,522,169,169
Temporal,fr3_walking_halfsphere,run_01,16,0,0,494,136,136
Temporal,fr3_walking_halfsphere,run_01,17,0,0,498,214,214
Temporal,fr3_walking_halfsphere,run_01,18,0,0,519,223,223
Temporal,fr3_walking_halfsphere,run_01,19,0,0,481,207,207
Temporal,fr3_walking_halfsphere,run_01,20,0,0,519,226,226
Temporal,fr3_walking_halfsphere,run_01,21,0,0,522,221,221
Temporal,fr3_walking_halfsphere,run_01,22,0,0,505,224,224
Temporal,fr3_walking_halfsphere,run_01,23,0,0,554,247,247
Temporal,fr3_walking_halfsphere,run_01,24,0,0,557,258,258
Temporal,fr3_walking_halfsphere,run_01,25,0,0,540,337,337
Temporal,fr3_walking_halfsphere,run_01,26,0,0,578,394,394
Temporal,fr3_walking_halfsphere,run_01,27,0,0,515,337,337
Temporal,fr3_walking_halfsphere,run_01,28,0,0,516,311,311
Temporal,fr3_walking_halfsphere,run_01,29,0,0,564,344,344
Temporal,fr3_walking_halfsphere,run_01,30,0,0,549,385,385
Temporal,fr3_walking_halfsphere,run_01,31,0,0,595,375,375
Temporal,fr3_walking_halfsphere,run_01,32,0,0,541,346,346
Temporal,fr3_walking_halfsphere,run_01,33,0,0,583,354,354
Temporal,fr3_walking_halfsphere,run_01,34,0,0,587,375,375
Temporal,fr3_walking_halfsphere,run_01,35,0,0,594,357,357
Temporal,fr3_walking_halfsphere,run_01,36,0,0,572,352,352
Temporal,fr3_walking_halfsphere,run_01,37,0,0,612,364,364
Temporal,fr3_walking_halfsphere,run_01,38,0,0,604,382,382
Temporal,fr3_walking_halfsphere,run_01,39,0,0,655,392,392
Temporal,fr3_walking_halfsphere,run_01,40,0,0,657,389,389
Temporal,fr3_walking_halfsphere,run_01,41,0,0,627,371,371
Temporal,fr3_walking_halfsphere,run_01,42,0,0,682,369,369
Temporal,fr3_walking_halfsphere,run_01,43,0,0,686,367,367
Temporal,fr3_walking_halfsphere,run_01,44,0,0,679,364,364
Temporal,fr3_walking_halfsphere,run_01,45,0,0,638,336,336
Temporal,fr3_walking_halfsphere,run_01,46,0,0,602,289,289
Temporal,fr3_walking_halfsphere,run_01,47,0,0,645,290,290
Temporal,fr3_walking_halfsphere,run_01,48,0,0,652,287,287
Temporal,fr3_walking_halfsphere,run_01,49,0,0,693,289,289
Temporal,fr3_walking_halfsphere,run_01,50,0,0,673,285,285
Temporal,fr3_walking_halfsphere,run_01,51,0,0,662,292,292
Temporal,fr3_walking_halfsphere,run_01,52,0,0,654,315,315
Temporal,fr3_walking_halfsphere,run_01,53,0,0,607,287,287
Temporal,fr3_walking_halfsphere,run_01,54,0,0,623,311,311
Temporal,fr3_walking_halfsphere,run_01,55,0,0,655,332,332
Temporal,fr3_walking_halfsphere,run_01,56,0,0,655,337,337
Temporal,fr3_walking_halfsphere,run_01,57,0,0,664,343,343
Temporal,fr3_walking_halfsphere,run_01,58,0,0,650,330,330
Temporal,fr3_walking_halfsphere,run_01,59,0,0,640,311,311
Temporal,fr3_walking_halfsphere,run_01,60,0,0,637,303,303
Temporal,fr3_walking_halfsphere,run_01,61,0,0,631,307,307
Temporal,fr3_walking_halfsphere,run_01,62,0,0,669,297,297
Temporal,fr3_walking_halfsphere,run_01,63,0,0,696,303,303
Temporal,fr3_walking_halfsphere,run_01,64,0,0,659,285,285
Temporal,fr3_walking_halfsphere,run_01,65,0,0,688,291,291
Temporal,fr3_walking_halfsphere,run_01,66,0,0,643,337,337
Temporal,fr3_walking_halfsphere,run_01,67,0,0,670,356,356
Temporal,fr3_walking_halfsphere,run_01,68,0,0,660,396,396
Temporal,fr3_walking_halfsphere,run_01,69,0,0,613,360,360
Temporal,fr3_walking_halfsphere,run_01,70,0,0,650,392,392
Temporal,fr3_walking_halfsphere,run_01,71,0,0,646,406,406
Temporal,fr3_walking_halfsphere,run_01,72,0,0,618,389,389
Temporal,fr3_walking_halfsphere,run_01,73,0,0,663,400,400
Temporal,fr3_walking_halfsphere,run_01,74,0,0,622,395,395
Temporal,fr3_walking_halfsphere,run_01,75,0,0,643,394,394
Temporal,fr3_walking_halfsphere,run_01,76,0,0,614,390,390
Temporal,fr3_walking_halfsphere,run_01,77,0,0,644,403,403
Temporal,fr3_walking_halfsphere,run_01,78,0,0,612,389,389
Temporal,fr3_walking_halfsphere,run_01,79,0,0,656,396,396
Temporal,fr3_walking_halfsphere,run_01,80,0,0,586,381,381
Temporal,fr3_walking_halfsphere,run_01,81,0,0,631,379,379
Temporal,fr3_walking_halfsphere,run_01,82,0,0,602,379,379
Temporal,fr3_walking_halfsphere,run_01,83,0,0,660,363,363
Temporal,fr3_walking_halfsphere,run_01,84,0,0,634,398,398
Temporal,fr3_walking_halfsphere,run_01,85,0,0,677,398,398
Temporal,fr3_walking_halfsphere,run_01,86,0,0,695,424,424
Temporal,fr3_walking_halfsphere,run_01,87,0,0,689,398,398
Temporal,fr3_walking_halfsphere,run_01,88,0,0,765,425,425
Temporal,fr3_walking_halfsphere,run_01,89,0,0,779,428,428
Temporal,fr3_walking_halfsphere,run_01,90,0,0,755,407,407
Temporal,fr3_walking_halfsphere,run_01,91,0,0,783,436,436
Temporal,fr3_walking_halfsphere,run_01,92,0,0,681,393,393
Temporal,fr3_walking_halfsphere,run_01,93,0,0,794,436,436
Temporal,fr3_walking_halfsphere,run_01,94,0,0,755,420,420
Temporal,fr3_walking_halfsphere,run_01,95,0,0,768,431,431
Temporal,fr3_walking_halfsphere,run_01,96,0,0,768,426,426
Temporal,fr3_walking_halfsphere,run_01,97,0,0,704,374,374
Temporal,fr3_walking_halfsphere,run_01,98,0,0,743,377,377
Temporal,fr3_walking_halfsphere,run_01,99,0,0,845,409,409
Temporal,fr3_walking_halfsphere,run_01,100,0,0,883,412,412
Temporal,fr3_walking_halfsphere,run_01,101,0,0,931,405,405
Temporal,fr3_walking_halfsphere,run_01,102,0,0,961,412,412
Temporal,fr3_walking_halfsphere,run_01,103,0,0,1007,411,411
Temporal,fr3_walking_halfsphere,run_01,104,0,0,1116,444,444
Temporal,fr3_walking_halfsphere,run_01,105,0,0,1088,441,441
Temporal,fr3_walking_halfsphere,run_01,106,0,0,1156,444,444
Temporal,fr3_walking_halfsphere,run_01,107,0,0,1176,439,439
Temporal,fr3_walking_halfsphere,run_01,108,0,0,1146,431,431
Temporal,fr3_walking_halfsphere,run_01,109,0,0,1054,419,419
Temporal,fr3_walking_halfsphere,run_01,110,0,0,1168,400,400
Temporal,fr3_walking_halfsphere,run_01,111,0,0,1151,387,387
Temporal,fr3_walking_halfsphere,run_01,112,0,0,1204,385,385
Temporal,fr3_walking_halfsphere,run_01,113,0,0,1213,388,388
Temporal,fr3_walking_halfsphere,run_01,114,0,0,1214,430,430
Temporal,fr3_walking_halfsphere,run_01,115,0,0,1074,446,446
Temporal,fr3_walking_halfsphere,run_01,116,0,0,1194,419,419
Temporal,fr3_walking_halfsphere,run_01,117,0,0,1195,383,383
Temporal,fr3_walking_halfsphere,run_01,118,0,0,1203,309,309
Temporal,fr3_walking_halfsphere,run_01,119,0,0,1207,280,280
Temporal,fr3_walking_halfsphere,run_01,120,0,0,1042,239,239
Temporal,fr3_walking_halfsphere,run_01,121,0,0,1134,212,212
Temporal,fr3_walking_halfsphere,run_01,122,0,0,1140,193,193
Temporal,fr3_walking_halfsphere,run_01,123,0,0,1138,186,186
Temporal,fr3_walking_halfsphere,run_01,124,0,0,1156,171,171
Temporal,fr3_walking_halfsphere,run_01,125,0,0,1153,152,152
Temporal,fr3_walking_halfsphere,run_01,126,0,0,1143,123,123
Temporal,fr3_walking_halfsphere,run_01,127,0,0,1160,113,113
Temporal,fr3_walking_halfsphere,run_01,128,0,0,1157,129,129
Temporal,fr3_walking_halfsphere,run_01,129,0,0,1127,97,97
Temporal,fr3_walking_halfsphere,run_01,130,0,0,1142,75,75
Temporal,fr3_walking_halfsphere,run_01,131,0,0,1153,70,70
Temporal,fr3_walking_halfsphere,run_01,132,0,0,1120,61,61
Temporal,fr3_walking_halfsphere,run_01,133,0,0,1088,59,59
Temporal,fr3_walking_halfsphere,run_01,134,0,0,1121,55,55
Temporal,fr3_walking_halfsphere,run_01,135,0,0,1135,45,45
Temporal,fr3_walking_halfsphere,run_01,136,0,0,1093,37,37
Temporal,fr3_walking_halfsphere,run_01,137,0,0,1075,37,37
Temporal,fr3_walking_halfsphere,run_01,138,0,0,1068,33,33
Temporal,fr3_walking_halfsphere,run_01,139,0,0,1076,32,32
Temporal,fr3_walking_halfsphere,run_01,140,0,0,1053,29,29
Temporal,fr3_walking_halfsphere,run_01,141,0,0,1024,27,27
Temporal,fr3_walking_halfsphere,run_01,142,0,0,1015,19,19
Temporal,fr3_walking_halfsphere,run_01,143,0,0,1032,17,17
Temporal,fr3_walking_halfsphere,run_01,144,0,0,1006,13,13
Temporal,fr3_walking_halfsphere,run_01,145,0,0,1015,7,7
Temporal,fr3_walking_halfsphere,run_01,146,0,0,1022,5,5
Temporal,fr3_walking_halfsphere,run_01,147,0,0,988,2,2
Temporal,fr3_walking_halfsphere,run_01,148,0,0,884,0,0
Temporal,fr3_walking_halfsphere,run_01,149,0,0,1001,0,0
Temporal,fr3_walking_halfsphere,run_01,150,0,0,1008,0,0
Temporal,fr3_walking_halfsphere,run_01,151,0,0,1015,0,0
Temporal,fr3_walking_halfsphere,run_01,152,0,0,1015,0,0
Temporal,fr3_walking_halfsphere,run_01,153,0,0,1004,0,0
Temporal,fr3_walking_halfsphere,run_01,154,0,0,1004,0,0
Temporal,fr3_walking_halfsphere,run_01,155,0,0,1010,0,0
Temporal,fr3_walking_halfsphere,run_01,156,0,0,1026,0,0
Temporal,fr3_walking_halfsphere,run_01,157,0,0,1013,0,0
Temporal,fr3_walking_halfsphere,run_01,158,0,0,981,0,0
Temporal,fr3_walking_halfsphere,run_01,159,0,0,994,22,22
Temporal,fr3_walking_halfsphere,run_01,160,0,0,1002,1,1
Temporal,fr3_walking_halfsphere,run_01,161,0,0,992,3,3
Temporal,fr3_walking_halfsphere,run_01,162,0,0,965,0,0
Temporal,fr3_walking_halfsphere,run_01,163,0,0,941,0,0
Temporal,fr3_walking_halfsphere,run_01,164,0,0,862,6,6
Temporal,fr3_walking_halfsphere,run_01,165,0,0,936,21,21
Temporal,fr3_walking_halfsphere,run_01,166,0,0,911,14,14
Temporal,fr3_walking_halfsphere,run_01,167,0,0,929,17,17
Temporal,fr3_walking_halfsphere,run_01,168,0,0,905,26,26
Temporal,fr3_walking_halfsphere,run_01,169,0,0,919,25,25
Temporal,fr3_walking_halfsphere,run_01,170,0,0,819,14,14
Temporal,fr3_walking_halfsphere,run_01,171,0,0,887,73,73
Temporal,fr3_walking_halfsphere,run_01,172,0,0,900,36,36
Temporal,fr3_walking_halfsphere,run_01,173,0,0,920,40,40
Temporal,fr3_walking_halfsphere,run_01,174,0,0,912,36,36
Temporal,fr3_walking_halfsphere,run_01,175,0,0,891,40,40
Temporal,fr3_walking_halfsphere,run_01,176,0,0,807,34,34
Temporal,fr3_walking_halfsphere,run_01,177,0,0,915,59,59
Temporal,fr3_walking_halfsphere,run_01,178,0,0,887,43,43
Temporal,fr3_walking_halfsphere,run_01,179,0,0,936,102,102
Temporal,fr3_walking_halfsphere,run_01,180,0,0,922,78,78
Temporal,fr3_walking_halfsphere,run_01,181,0,0,939,79,79
Temporal,fr3_walking_halfsphere,run_01,182,0,0,848,66,66
Temporal,fr3_walking_halfsphere,run_01,183,0,0,914,64,64
Temporal,fr3_walking_halfsphere,run_01,184,0,0,953,62,62
Temporal,fr3_walking_halfsphere,run_01,185,0,0,937,57,57
Temporal,fr3_walking_halfsphere,run_01,186,0,0,956,56,56
Temporal,fr3_walking_halfsphere,run_01,187,0,0,948,57,57
Temporal,fr3_walking_halfsphere,run_01,188,0,0,928,57,57
Temporal,fr3_walking_halfsphere,run_01,189,0,0,942,55,55
Temporal,fr3_walking_halfsphere,run_01,190,0,0,944,55,55
Temporal,fr3_walking_halfsphere,run_01,191,0,0,846,52,52
Temporal,fr3_walking_halfsphere,run_01,192,0,0,930,50,50
Temporal,fr3_walking_halfsphere,run_01,193,0,0,939,52,52
Temporal,fr3_walking_halfsphere,run_01,194,0,0,952,43,43
Temporal,fr3_walking_halfsphere,run_01,195,0,0,941,39,39
Temporal,fr3_walking_halfsphere,run_01,196,0,0,944,36,36
Temporal,fr3_walking_halfsphere,run_01,197,0,0,900,22,22
Temporal,fr3_walking_halfsphere,run_01,198,0,0,957,14,14
Temporal,fr3_walking_halfsphere,run_01,199,0,0,975,11,11
Temporal,fr3_walking_halfsphere,run_01,200,0,0,991,11,11
Temporal,fr3_walking_halfsphere,run_01,201,0,0,997,10,10
Temporal,fr3_walking_halfsphere,run_01,202,0,0,985,10,10
Temporal,fr3_walking_halfsphere,run_01,203,0,0,1009,10,10
Temporal,fr3_walking_halfsphere,run_01,204,0,0,992,9,9
Temporal,fr3_walking_halfsphere,run_01,205,0,0,993,7,7
Temporal,fr3_walking_halfsphere,run_01,206,0,0,1004,7,7
Temporal,fr3_walking_halfsphere,run_01,207,0,0,1004,6,6
Temporal,fr3_walking_halfsphere,run_01,208,0,0,916,18,18
Temporal,fr3_walking_halfsphere,run_01,209,0,0,1040,9,9
Temporal,fr3_walking_halfsphere,run_01,210,0,0,1080,8,8
Temporal,fr3_walking_halfsphere,run_01,211,0,0,1109,7,7
Temporal,fr3_walking_halfsphere,run_01,212,0,0,1151,7,7
Temporal,fr3_walking_halfsphere,run_01,213,0,0,1210,7,7
Temporal,fr3_walking_halfsphere,run_01,214,0,0,1047,1,1
Temporal,fr3_walking_halfsphere,run_01,215,0,0,1424,0,0
Temporal,fr3_walking_halfsphere,run_01,216,0,0,1641,0,0
Temporal,fr3_walking_halfsphere,run_01,217,0,0,1628,0,0
Temporal,fr3_walking_halfsphere,run_01,218,0,0,1381,162,162
Temporal,fr3_walking_halfsphere,run_01,219,0,0,1583,182,182
Temporal,fr3_walking_halfsphere,run_01,220,0,0,464,49,49
Temporal,fr3_walking_halfsphere,run_01,247,0,0,138,0,0
Temporal,fr3_walking_halfsphere,run_01,298,0,0,450,157,157
Temporal,fr3_walking_halfsphere,run_01,303,0,3,1435,237,237
Temporal,fr3_walking_halfsphere,run_01,304,0,1,1424,234,234
Temporal,fr3_walking_halfsphere,run_01,305,0,0,1685,241,241
Temporal,fr3_walking_halfsphere,run_01,306,0,0,1739,238,238
Temporal,fr3_walking_halfsphere,run_01,307,0,0,1718,202,202
Temporal,fr3_walking_halfsphere,run_01,308,0,0,1706,206,206
Temporal,fr3_walking_halfsphere,run_01,309,0,0,1767,245,245
Temporal,fr3_walking_halfsphere,run_01,310,0,0,1785,265,265
Temporal,fr3_walking_halfsphere,run_01,311,0,0,1777,290,290
Temporal,fr3_walking_halfsphere,run_01,312,0,0,1769,280,280
Temporal,fr3_walking_halfsphere,run_01,313,0,0,1821,322,322
Temporal,fr3_walking_halfsphere,run_01,314,0,0,1796,325,325
Temporal,fr3_walking_halfsphere,run_01,315,0,0,1858,349,349
Temporal,fr3_walking_halfsphere,run_01,316,0,0,1828,332,332
Temporal,fr3_walking_halfsphere,run_01,317,0,0,1819,357,357
Temporal,fr3_walking_halfsphere,run_01,318,0,0,1796,319,319
Temporal,fr3_walking_halfsphere,run_01,319,0,0,1790,310,310
Temporal,fr3_walking_halfsphere,run_01,320,0,0,1860,307,307
Temporal,fr3_walking_halfsphere,run_01,321,0,0,1872,275,275
Temporal,fr3_walking_halfsphere,run_01,322,0,0,1887,274,274
Temporal,fr3_walking_halfsphere,run_01,323,0,0,1828,271,271
Temporal,fr3_walking_halfsphere,run_01,324,0,0,1846,263,263
Temporal,fr3_walking_halfsphere,run_01,325,0,0,1888,264,264
Temporal,fr3_walking_halfsphere,run_01,326,0,0,1853,246,246
Temporal,fr3_walking_halfsphere,run_01,327,0,0,1857,225,225
Temporal,fr3_walking_halfsphere,run_01,328,0,0,1885,217,217
Temporal,fr3_walking_halfsphere,run_01,329,0,0,1895,210,210
Temporal,fr3_walking_halfsphere,run_01,330,0,0,1889,202,202
Temporal,fr3_walking_halfsphere,run_01,331,0,0,1909,192,192
Temporal,fr3_walking_halfsphere,run_01,332,0,0,1893,185,185
Temporal,fr3_walking_halfsphere,run_01,333,0,0,1912,158,158
Temporal,fr3_walking_halfsphere,run_01,334,0,0,1948,147,147
Temporal,fr3_walking_halfsphere,run_01,335,0,0,1925,134,134
Temporal,fr3_walking_halfsphere,run_01,336,0,0,1944,134,134
Temporal,fr3_walking_halfsphere,run_01,337,0,0,1950,133,133
Temporal,fr3_walking_halfsphere,run_01,338,0,0,1928,139,139
Temporal,fr3_walking_halfsphere,run_01,339,0,0,1924,131,131
Temporal,fr3_walking_halfsphere,run_01,340,0,0,1244,94,94
Temporal,fr3_walking_halfsphere,run_01,341,0,0,1411,95,95
Temporal,fr3_walking_halfsphere,run_01,342,0,0,1462,142,142
Temporal,fr3_walking_halfsphere,run_01,343,0,0,1432,121,121
Temporal,fr3_walking_halfsphere,run_01,344,0,0,1480,182,182
Temporal,fr3_walking_halfsphere,run_01,345,0,0,1429,152,152
Temporal,fr3_walking_halfsphere,run_01,346,0,0,1452,145,145
Temporal,fr3_walking_halfsphere,run_01,347,0,0,1499,194,194
Temporal,fr3_walking_halfsphere,run_01,348,0,0,1484,154,154
Temporal,fr3_walking_halfsphere,run_01,349,0,0,1479,150,150
Temporal,fr3_walking_halfsphere,run_01,350,0,0,1514,160,160
Temporal,fr3_walking_halfsphere,run_01,351,0,0,1525,147,147
Temporal,fr3_walking_halfsphere,run_01,352,0,0,1551,150,150
Temporal,fr3_walking_halfsphere,run_01,353,0,0,1559,154,154
Temporal,fr3_walking_halfsphere,run_01,354,0,0,1547,151,151
Temporal,fr3_walking_halfsphere,run_01,355,0,0,1571,150,150
Temporal,fr3_walking_halfsphere,run_01,356,0,0,1573,152,152
Temporal,fr3_walking_halfsphere,run_01,357,0,0,1585,149,149
Temporal,fr3_walking_halfsphere,run_01,358,0,0,1581,150,150
Temporal,fr3_walking_halfsphere,run_01,359,0,0,1582,140,140
Temporal,fr3_walking_halfsphere,run_01,360,0,0,1572,136,136
Temporal,fr3_walking_halfsphere,run_01,361,0,0,1597,121,121
Temporal,fr3_walking_halfsphere,run_01,362,0,0,1586,114,114
Temporal,fr3_walking_halfsphere,run_01,363,0,0,1545,106,106
Temporal,fr3_walking_halfsphere,run_01,364,0,0,1567,82,82
Temporal,fr3_walking_halfsphere,run_01,365,0,0,1552,75,75
Temporal,fr3_walking_halfsphere,run_01,366,0,0,1557,68,68
Temporal,fr3_walking_halfsphere,run_01,367,0,0,1540,53,53
Temporal,fr3_walking_halfsphere,run_01,368,0,0,1542,43,43
Temporal,fr3_walking_halfsphere,run_01,369,0,0,1554,39,39
Temporal,fr3_walking_halfsphere,run_01,370,0,0,1532,45,45
Temporal,fr3_walking_halfsphere,run_01,371,0,0,1554,45,45
Temporal,fr3_walking_halfsphere,run_01,372,0,0,1554,45,45
Temporal,fr3_walking_halfsphere,run_01,373,0,0,1564,45,45
Temporal,fr3_walking_halfsphere,run_01,374,0,0,1552,45,45
Temporal,fr3_walking_halfsphere,run_01,375,0,0,1550,40,40
Temporal,fr3_walking_halfsphere,run_01,376,0,0,1576,35,35
Temporal,fr3_walking_halfsphere,run_01,377,0,0,1585,31,31
Temporal,fr3_walking_halfsphere,run_01,378,0,0,1564,22,22
Temporal,fr3_walking_halfsphere,run_01,379,0,0,1553,23,23
Temporal,fr3_walking_halfsphere,run_01,380,0,0,1565,22,22
Temporal,fr3_walking_halfsphere,run_01,381,0,0,1579,22,22
Temporal,fr3_walking_halfsphere,run_01,382,0,0,1557,21,21
Temporal,fr3_walking_halfsphere,run_01,383,0,0,1541,27,27
Temporal,fr3_walking_halfsphere,run_01,384,0,0,1529,19,19
Temporal,fr3_walking_halfsphere,run_01,385,0,0,1527,17,17
Temporal,fr3_walking_halfsphere,run_01,386,0,0,1565,15,15
Temporal,fr3_walking_halfsphere,run_01,387,0,0,1554,4,4
Temporal,fr3_walking_halfsphere,run_01,388,0,0,1557,3,3
Temporal,fr3_walking_halfsphere,run_01,389,0,0,1522,1,1
Temporal,fr3_walking_halfsphere,run_01,390,0,0,1533,0,0
Temporal,fr3_walking_halfsphere,run_01,391,0,0,1543,3,3
Temporal,fr3_walking_halfsphere,run_01,392,0,0,1568,3,3
Temporal,fr3_walking_halfsphere,run_01,393,0,0,1561,3,3
Temporal,fr3_walking_halfsphere,run_01,394,0,0,1519,0,0
Temporal,fr3_walking_halfsphere,run_01,395,0,0,1510,0,0
Temporal,fr3_walking_halfsphere,run_01,396,0,0,1241,0,0
Temporal,fr3_walking_halfsphere,run_01,397,0,0,1604,0,0
Temporal,fr3_walking_halfsphere,run_01,398,0,0,1618,0,0
Temporal,fr3_walking_halfsphere,run_01,399,0,0,1619,0,0
Temporal,fr3_walking_halfsphere,run_01,400,0,0,1562,0,0
Temporal,fr3_walking_halfsphere,run_01,401,0,0,1621,0,0
Temporal,fr3_walking_halfsphere,run_01,402,0,0,1673,0,0
Temporal,fr3_walking_halfsphere,run_01,403,0,0,1640,0,0
Temporal,fr3_walking_halfsphere,run_01,404,0,0,1622,0,0
Temporal,fr3_walking_halfsphere,run_01,405,0,0,1674,0,0
Temporal,fr3_walking_halfsphere,run_01,406,0,0,1711,0,0
Temporal,fr3_walking_halfsphere,run_01,407,0,0,1690,0,0
Temporal,fr3_walking_halfsphere,run_01,408,0,0,1719,0,0
Temporal,fr3_walking_halfsphere,run_01,409,0,0,1703,0,0
Temporal,fr3_walking_halfsphere,run_01,410,0,0,1724,0,0
Temporal,fr3_walking_halfsphere,run_01,411,0,0,1696,0,0
Temporal,fr3_walking_halfsphere,run_01,412,0,0,1735,0,0
Temporal,fr3_walking_halfsphere,run_01,413,0,0,1353,0,0
Temporal,fr3_walking_halfsphere,run_01,414,0,0,1790,0,0
Temporal,fr3_walking_halfsphere,run_01,415,0,0,1829,0,0
Temporal,fr3_walking_halfsphere,run_01,416,0,0,1826,0,0
Temporal,fr3_walking_halfsphere,run_01,417,0,0,1835,0,0
Temporal,fr3_walking_halfsphere,run_01,418,0,0,1432,0,0
Temporal,fr3_walking_halfsphere,run_01,419,0,0,1851,517,517
Temporal,fr3_walking_halfsphere,run_01,420,0,0,1540,324,324
Temporal,fr3_walking_halfsphere,run_01,421,0,0,1358,136,136
Temporal,fr3_walking_halfsphere,run_01,422,0,0,1619,160,160
Temporal,fr3_walking_halfsphere,run_01,423,0,0,1655,192,192
Temporal,fr3_walking_halfsphere,run_01,424,0,0,1681,216,216
Temporal,fr3_walking_halfsphere,run_01,425,0,0,1567,194,194
Temporal,fr3_walking_halfsphere,run_01,426,0,0,1409,180,180
Temporal,fr3_walking_halfsphere,run_01,427,0,0,1738,220,220
Temporal,fr3_walking_halfsphere,run_01,428,0,0,1608,217,217
Temporal,fr3_walking_halfsphere,run_01,429,0,0,1860,219,219
Temporal,fr3_walking_halfsphere,run_01,430,0,0,1642,156,156
Temporal,fr3_walking_halfsphere,run_01,431,0,0,1835,169,169
Temporal,fr3_walking_halfsphere,run_01,432,0,0,1625,249,249
Temporal,fr3_walking_halfsphere,run_01,433,0,0,1820,283,283
Temporal,fr3_walking_halfsphere,run_01,434,0,0,1871,474,474
Temporal,fr3_walking_halfsphere,run_01,435,0,0,2031,505,505
Temporal,fr3_walking_halfsphere,run_01,436,0,0,1899,501,501
Temporal,fr3_walking_halfsphere,run_01,437,0,0,2027,596,596
Temporal,fr3_walking_halfsphere,run_01,438,0,0,2020,544,544
Temporal,fr3_walking_halfsphere,run_01,439,0,0,2071,574,574
Temporal,fr3_walking_halfsphere,run_01,440,0,0,1636,459,459
Temporal,fr3_walking_halfsphere,run_01,441,0,0,1944,471,471
Temporal,fr3_walking_halfsphere,run_01,442,0,0,1743,398,398
Temporal,fr3_walking_halfsphere,run_01,443,0,0,2093,488,488
Temporal,fr3_walking_halfsphere,run_01,444,0,0,2073,500,500
Temporal,fr3_walking_halfsphere,run_01,445,0,0,1923,457,457
Temporal,fr3_walking_halfsphere,run_01,446,0,0,1907,674,674
Temporal,fr3_walking_halfsphere,run_01,447,0,0,1795,682,682
Temporal,fr3_walking_halfsphere,run_01,448,0,0,1771,759,759
Temporal,fr3_walking_halfsphere,run_01,449,0,0,1724,963,963
Temporal,fr3_walking_halfsphere,run_01,450,0,0,1727,919,919
Temporal,fr3_walking_halfsphere,run_01,451,0,0,1652,842,842
Temporal,fr3_walking_halfsphere,run_01,452,0,0,1641,849,849
Temporal,fr3_walking_halfsphere,run_01,453,0,0,1065,479,479
Temporal,fr3_walking_halfsphere,run_01,454,0,0,1204,485,485
Temporal,fr3_walking_halfsphere,run_01,455,0,0,1195,480,480
Temporal,fr3_walking_halfsphere,run_01,456,0,0,1216,458,458
Temporal,fr3_walking_halfsphere,run_01,457,0,0,1449,680,680
Temporal,fr3_walking_halfsphere,run_01,458,0,0,1492,678,678
Temporal,fr3_walking_halfsphere,run_01,459,0,0,1390,686,686
Temporal,fr3_walking_halfsphere,run_01,460,0,0,1049,320,320
Temporal,fr3_walking_halfsphere,run_01,461,0,0,1273,459,459
Temporal,fr3_walking_halfsphere,run_01,462,0,0,1270,447,447
Temporal,fr3_walking_halfsphere,run_01,463,0,0,1240,444,444
Temporal,fr3_walking_halfsphere,run_01,464,0,0,1476,579,579
Temporal,fr3_walking_halfsphere,run_01,465,0,0,1067,271,271
Temporal,fr3_walking_halfsphere,run_01,466,0,0,1096,265,265
Temporal,fr3_walking_halfsphere,run_01,467,0,0,1517,587,587
Temporal,fr3_walking_halfsphere,run_01,468,0,0,909,233,233
Temporal,fr3_walking_halfsphere,run_01,469,0,0,1066,235,235
Temporal,fr3_walking_halfsphere,run_01,470,0,0,1032,206,206
Temporal,fr3_walking_halfsphere,run_01,471,0,0,1070,211,211
Temporal,fr3_walking_halfsphere,run_01,472,0,0,1272,376,376
Temporal,fr3_walking_halfsphere,run_01,473,0,0,1495,535,535
Temporal,fr3_walking_halfsphere,run_01,474,0,0,1271,399,399
Temporal,fr3_walking_halfsphere,run_01,475,0,0,1150,533,533
Temporal,fr3_walking_halfsphere,run_01,476,0,0,1300,527,527
Temporal,fr3_walking_halfsphere,run_01,477,0,0,1135,376,376
Temporal,fr3_walking_halfsphere,run_01,478,0,0,1164,430,430
Temporal,fr3_walking_halfsphere,run_01,479,0,0,1189,466,466
Temporal,fr3_walking_halfsphere,run_01,480,0,0,1199,466,466
Temporal,fr3_walking_halfsphere,run_01,481,0,0,1501,644,644
Temporal,fr3_walking_halfsphere,run_01,482,0,0,1553,658,658
Temporal,fr3_walking_halfsphere,run_01,483,0,0,1569,651,651
Temporal,fr3_walking_halfsphere,run_01,484,0,0,1333,508,508
Temporal,fr3_walking_halfsphere,run_01,485,0,0,1376,505,505
Temporal,fr3_walking_halfsphere,run_01,486,0,0,1385,507,507
Temporal,fr3_walking_halfsphere,run_01,487,0,0,1408,508,508
Temporal,fr3_walking_halfsphere,run_01,488,0,0,1409,509,509
Temporal,fr3_walking_halfsphere,run_01,489,0,0,1408,502,502
Temporal,fr3_walking_halfsphere,run_01,490,0,0,1406,498,498
Temporal,fr3_walking_halfsphere,run_01,491,0,0,1344,574,574
Temporal,fr3_walking_halfsphere,run_01,492,0,0,1320,531,531
Temporal,fr3_walking_halfsphere,run_01,493,0,0,1371,516,516
Temporal,fr3_walking_halfsphere,run_01,494,0,0,1321,487,487
Temporal,fr3_walking_halfsphere,run_01,495,0,0,1326,475,475
Temporal,fr3_walking_halfsphere,run_01,496,0,0,1334,473,473
Temporal,fr3_walking_halfsphere,run_01,497,0,0,1051,362,362
Temporal,fr3_walking_halfsphere,run_01,498,0,0,1257,378,378
Temporal,fr3_walking_halfsphere,run_01,499,0,0,1291,386,386
Temporal,fr3_walking_halfsphere,run_01,500,0,0,1281,398,398
Temporal,fr3_walking_halfsphere,run_01,501,0,0,1261,399,399
Temporal,fr3_walking_halfsphere,run_01,502,0,0,1335,408,408
Temporal,fr3_walking_halfsphere,run_01,503,0,0,1308,410,410
Temporal,fr3_walking_halfsphere,run_01,504,0,0,1301,419,419
Temporal,fr3_walking_halfsphere,run_01,505,0,0,1272,465,465
Temporal,fr3_walking_halfsphere,run_01,506,0,0,1312,476,476
Temporal,fr3_walking_halfsphere,run_01,507,0,0,1350,473,473
Temporal,fr3_walking_halfsphere,run_01,508,0,0,1350,479,479
Temporal,fr3_walking_halfsphere,run_01,509,0,0,1299,517,517
Temporal,fr3_walking_halfsphere,run_01,510,0,0,1317,484,484
Temporal,fr3_walking_halfsphere,run_01,511,0,0,1381,509,509
Temporal,fr3_walking_halfsphere,run_01,512,0,0,1135,417,417
Temporal,fr3_walking_halfsphere,run_01,513,0,0,1350,422,422
Temporal,fr3_walking_halfsphere,run_01,514,0,0,1391,431,431
Temporal,fr3_walking_halfsphere,run_01,515,0,0,1409,427,427
Temporal,fr3_walking_halfsphere,run_01,516,0,0,1562,426,426
Temporal,fr3_walking_halfsphere,run_01,517,0,0,1322,450,450
Temporal,fr3_walking_halfsphere,run_01,518,0,0,1700,492,492
Temporal,fr3_walking_halfsphere,run_01,519,0,0,1545,435,435
Temporal,fr3_walking_halfsphere,run_01,520,0,0,1780,372,372
Temporal,fr3_walking_halfsphere,run_01,521,0,0,1669,295,295
Temporal,fr3_walking_halfsphere,run_01,522,0,0,1480,289,289
Temporal,fr3_walking_halfsphere,run_01,523,0,0,1729,247,247
Temporal,fr3_walking_halfsphere,run_01,524,0,0,1359,258,258
Temporal,fr3_walking_halfsphere,run_01,525,0,0,2042,304,304
Temporal,fr3_walking_halfsphere,run_01,526,0,0,1744,271,271
Temporal,fr3_walking_halfsphere,run_01,527,0,0,2090,281,281
Temporal,fr3_walking_halfsphere,run_01,528,0,0,1753,261,261
Temporal,fr3_walking_halfsphere,run_01,529,0,0,2112,498,498
Temporal,fr3_walking_halfsphere,run_01,530,0,0,1488,330,330
Temporal,fr3_walking_halfsphere,run_01,531,0,0,1619,385,385
Temporal,fr3_walking_halfsphere,run_01,532,0,0,1896,716,716
Temporal,fr3_walking_halfsphere,run_01,533,0,0,1533,675,675
Temporal,fr3_walking_halfsphere,run_01,534,0,0,1473,673,673
Temporal,fr3_walking_halfsphere,run_01,535,0,0,1456,706,706
Temporal,fr3_walking_halfsphere,run_01,536,0,0,1484,712,712
Temporal,fr3_walking_halfsphere,run_01,537,0,0,1630,914,914
Temporal,fr3_walking_halfsphere,run_01,538,0,0,1651,951,951
Temporal,fr3_walking_halfsphere,run_01,539,0,0,1166,580,580
Temporal,fr3_walking_halfsphere,run_01,541,0,0,110,0,0
Temporal,fr3_walking_halfsphere,run_01,542,0,0,107,1,1
Temporal,fr3_walking_halfsphere,run_01,543,0,0,110,7,7
Temporal,fr3_walking_halfsphere,run_01,544,0,0,137,16,16
Temporal,fr3_walking_halfsphere,run_01,547,0,0,136,22,22
Temporal,fr3_walking_halfsphere,run_02,1,0,0,291,46,46
Temporal,fr3_walking_halfsphere,run_02,2,0,0,433,38,38
Temporal,fr3_walking_halfsphere,run_02,3,0,0,353,2,2
Temporal,fr3_walking_halfsphere,run_02,4,0,0,467,56,56
Temporal,fr3_walking_halfsphere,run_02,5,0,0,375,92,92
Temporal,fr3_walking_halfsphere,run_02,6,0,0,430,128,128
Temporal,fr3_walking_halfsphere,run_02,7,0,0,378,84,84
Temporal,fr3_walking_halfsphere,run_02,8,0,0,376,45,45
Temporal,fr3_walking_halfsphere,run_02,9,0,0,479,50,50
Temporal,fr3_walking_halfsphere,run_02,10,0,0,593,79,79
Temporal,fr3_walking_halfsphere,run_02,11,0,0,515,148,148
Temporal,fr3_walking_halfsphere,run_02,12,0,0,541,111,111
Temporal,fr3_walking_halfsphere,run_02,13,0,0,704,269,269
Temporal,fr3_walking_halfsphere,run_02,14,0,0,565,224,224
Temporal,fr3_walking_halfsphere,run_02,15,0,0,524,161,161
Temporal,fr3_walking_halfsphere,run_02,16,0,0,496,136,136
Temporal,fr3_walking_halfsphere,run_02,17,0,0,502,210,210
Temporal,fr3_walking_halfsphere,run_02,18,0,0,520,220,220
Temporal,fr3_walking_halfsphere,run_02,19,0,0,511,217,217
Temporal,fr3_walking_halfsphere,run_02,20,0,0,475,211,211
Temporal,fr3_walking_halfsphere,run_02,21,0,0,515,209,209
Temporal,fr3_walking_halfsphere,run_02,22,0,0,494,217,217
Temporal,fr3_walking_halfsphere,run_02,23,0,0,543,236,236
Temporal,fr3_walking_halfsphere,run_02,24,0,0,549,253,253
Temporal,fr3_walking_halfsphere,run_02,25,0,0,540,326,326
Temporal,fr3_walking_halfsphere,run_02,26,0,0,577,393,393
Temporal,fr3_walking_halfsphere,run_02,27,0,0,520,335,335
Temporal,fr3_walking_halfsphere,run_02,28,0,0,520,307,307
Temporal,fr3_walking_halfsphere,run_02,29,0,0,562,335,335
Temporal,fr3_walking_halfsphere,run_02,30,0,0,568,387,387
Temporal,fr3_walking_halfsphere,run_02,31,0,0,549,362,362
Temporal,fr3_walking_halfsphere,run_02,32,0,0,594,362,362
Temporal,fr3_walking_halfsphere,run_02,33,0,0,612,371,371
Temporal,fr3_walking_halfsphere,run_02,34,0,0,573,361,361
Temporal,fr3_walking_halfsphere,run_02,35,0,0,620,363,363
Temporal,fr3_walking_halfsphere,run_02,36,0,0,622,367,367
Temporal,fr3_walking_halfsphere,run_02,37,0,0,617,377,377
Temporal,fr3_walking_halfsphere,run_02,38,0,0,574,380,380
Temporal,fr3_walking_halfsphere,run_02,39,0,0,628,392,392
Temporal,fr3_walking_halfsphere,run_02,40,0,0,628,387,387
Temporal,fr3_walking_halfsphere,run_02,41,0,0,621,376,376
Temporal,fr3_walking_halfsphere,run_02,42,0,0,668,379,379
Temporal,fr3_walking_halfsphere,run_02,43,0,0,675,375,375
Temporal,fr3_walking_halfsphere,run_02,44,0,0,667,374,374
Temporal,fr3_walking_halfsphere,run_02,45,0,0,619,339,339
Temporal,fr3_walking_halfsphere,run_02,46,0,0,677,332,332
Temporal,fr3_walking_halfsphere,run_02,47,0,0,701,333,333
Temporal,fr3_walking_halfsphere,run_02,48,0,0,681,330,330
Temporal,fr3_walking_halfsphere,run_02,49,0,0,697,328,328
Temporal,fr3_walking_halfsphere,run_02,50,0,0,750,324,324
Temporal,fr3_walking_halfsphere,run_02,51,0,0,743,331,331
Temporal,fr3_walking_halfsphere,run_02,52,0,0,724,355,355
Temporal,fr3_walking_halfsphere,run_02,53,0,0,722,357,357
Temporal,fr3_walking_halfsphere,run_02,54,0,0,735,371,371
Temporal,fr3_walking_halfsphere,run_02,55,0,0,740,389,389
Temporal,fr3_walking_halfsphere,run_02,56,0,0,776,379,379
Temporal,fr3_walking_halfsphere,run_02,57,0,0,727,383,383
Temporal,fr3_walking_halfsphere,run_02,58,0,0,718,378,378
Temporal,fr3_walking_halfsphere,run_02,59,0,0,708,356,356
Temporal,fr3_walking_halfsphere,run_02,60,0,0,705,316,316
Temporal,fr3_walking_halfsphere,run_02,61,0,0,666,313,313
Temporal,fr3_walking_halfsphere,run_02,62,0,0,642,285,285
Temporal,fr3_walking_halfsphere,run_02,63,0,0,608,261,261
Temporal,fr3_walking_halfsphere,run_02,64,0,0,616,245,245
Temporal,fr3_walking_halfsphere,run_02,65,0,0,647,248,248
Temporal,fr3_walking_halfsphere,run_02,66,0,0,626,300,300
Temporal,fr3_walking_halfsphere,run_02,67,0,0,629,315,315
Temporal,fr3_walking_halfsphere,run_02,68,0,0,623,357,357
Temporal,fr3_walking_halfsphere,run_02,69,0,0,586,320,320
Temporal,fr3_walking_halfsphere,run_02,70,0,0,627,352,352
Temporal,fr3_walking_halfsphere,run_02,71,0,0,608,365,365
Temporal,fr3_walking_halfsphere,run_02,72,0,0,622,361,361
Temporal,fr3_walking_halfsphere,run_02,76,0,0,86,21,21
Temporal,fr3_walking_halfsphere,run_02,105,0,5,552,89,89
Temporal,fr3_walking_halfsphere,run_02,106,0,2,542,66,66
Temporal,fr3_walking_halfsphere,run_02,107,0,0,733,13,13
Temporal,fr3_walking_halfsphere,run_02,108,0,0,733,11,11
Temporal,fr3_walking_halfsphere,run_02,109,0,0,742,11,11
Temporal,fr3_walking_halfsphere,run_02,110,0,0,761,10,10
Temporal,fr3_walking_halfsphere,run_02,111,0,0,731,10,10
Temporal,fr3_walking_halfsphere,run_02,112,0,0,757,21,21
Temporal,fr3_walking_halfsphere,run_02,113,0,0,764,23,23
Temporal,fr3_walking_halfsphere,run_02,114,0,0,796,50,50
Temporal,fr3_walking_halfsphere,run_02,115,0,0,773,107,107
Temporal,fr3_walking_halfsphere,run_02,116,0,0,762,100,100
Temporal,fr3_walking_halfsphere,run_02,117,0,0,769,99,99
Temporal,fr3_walking_halfsphere,run_02,118,0,0,781,98,98
Temporal,fr3_walking_halfsphere,run_02,119,0,0,805,100,100
Temporal,fr3_walking_halfsphere,run_02,120,0,0,786,97,97
Temporal,fr3_walking_halfsphere,run_02,121,0,0,848,109,109
Temporal,fr3_walking_halfsphere,run_02,122,0,0,858,99,99
Temporal,fr3_walking_halfsphere,run_02,123,0,0,857,99,99
Temporal,fr3_walking_halfsphere,run_02,124,0,0,867,97,97
Temporal,fr3_walking_halfsphere,run_02,125,0,0,896,86,86
Temporal,fr3_walking_halfsphere,run_02,126,0,0,910,83,83
Temporal,fr3_walking_halfsphere,run_02,127,0,0,943,80,80
Temporal,fr3_walking_halfsphere,run_02,128,0,0,927,97,97
Temporal,fr3_walking_halfsphere,run_02,129,0,0,907,71,71
Temporal,fr3_walking_halfsphere,run_02,130,0,0,932,66,66
Temporal,fr3_walking_halfsphere,run_02,131,0,0,948,62,62
Temporal,fr3_walking_halfsphere,run_02,132,0,0,920,55,55
Temporal,fr3_walking_halfsphere,run_02,133,0,0,906,55,55
Temporal,fr3_walking_halfsphere,run_02,134,0,0,945,54,54
Temporal,fr3_walking_halfsphere,run_02,135,0,0,954,48,48
Temporal,fr3_walking_halfsphere,run_02,136,0,0,919,45,45
Temporal,fr3_walking_halfsphere,run_02,137,0,0,809,27,27
Temporal,fr3_walking_halfsphere,run_02,138,0,0,957,26,26
Temporal,fr3_walking_halfsphere,run_02,139,0,0,962,25,25
Temporal,fr3_walking_halfsphere,run_02,140,0,0,958,23,23
Temporal,fr3_walking_halfsphere,run_02,141,0,0,958,20,20
Temporal,fr3_walking_halfsphere,run_02,142,0,0,942,16,16
Temporal,fr3_walking_halfsphere,run_02,143,0,0,932,14,14
Temporal,fr3_walking_halfsphere,run_02,144,0,0,943,13,13
Temporal,fr3_walking_halfsphere,run_02,145,0,0,931,8,8
Temporal,fr3_walking_halfsphere,run_02,146,0,0,947,8,8
Temporal,fr3_walking_halfsphere,run_02,147,0,0,939,4,4
Temporal,fr3_walking_halfsphere,run_02,148,0,0,916,2,2
Temporal,fr3_walking_halfsphere,run_02,149,0,0,917,0,0
Temporal,fr3_walking_halfsphere,run_02,150,0,0,801,0,0
Temporal,fr3_walking_halfsphere,run_02,151,0,0,943,0,0
Temporal,fr3_walking_halfsphere,run_02,152,0,0,952,0,0
Temporal,fr3_walking_halfsphere,run_02,153,0,0,921,0,0
Temporal,fr3_walking_halfsphere,run_02,154,0,0,944,0,0
Temporal,fr3_walking_halfsphere,run_02,155,0,0,955,0,0
Temporal,fr3_walking_halfsphere,run_02,156,0,0,946,0,0
Temporal,fr3_walking_halfsphere,run_02,157,0,0,950,0,0
Temporal,fr3_walking_halfsphere,run_02,158,0,0,924,0,0
Temporal,fr3_walking_halfsphere,run_02,159,0,0,786,9,9
Temporal,fr3_walking_halfsphere,run_02,160,0,0,917,10,10
Temporal,fr3_walking_halfsphere,run_02,161,0,0,916,29,29
Temporal,fr3_walking_halfsphere,run_02,162,0,0,899,26,26
Temporal,fr3_walking_halfsphere,run_02,163,0,0,871,26,26
Temporal,fr3_walking_halfsphere,run_02,164,0,0,899,32,32
Temporal,fr3_walking_halfsphere,run_02,165,0,0,797,19,19
Temporal,fr3_walking_halfsphere,run_02,166,0,0,843,15,15
Temporal,fr3_walking_halfsphere,run_02,167,0,0,891,23,23
Temporal,fr3_walking_halfsphere,run_02,168,0,0,870,29,29
Temporal,fr3_walking_halfsphere,run_02,169,0,0,879,28,28
Temporal,fr3_walking_halfsphere,run_02,170,0,0,889,31,31
Temporal,fr3_walking_halfsphere,run_02,171,0,0,870,97,97
Temporal,fr3_walking_halfsphere,run_02,172,0,0,868,59,59
Temporal,fr3_walking_halfsphere,run_02,173,0,0,881,66,66
Temporal,fr3_walking_halfsphere,run_02,174,0,0,736,25,25
Temporal,fr3_walking_halfsphere,run_02,175,0,0,826,32,32
Temporal,fr3_walking_halfsphere,run_02,176,0,0,828,48,48
Temporal,fr3_walking_halfsphere,run_02,177,0,0,842,73,73
Temporal,fr3_walking_halfsphere,run_02,178,0,0,751,39,39
Temporal,fr3_walking_halfsphere,run_02,179,0,0,877,90,90
Temporal,fr3_walking_halfsphere,run_02,180,0,0,853,71,71
Temporal,fr3_walking_halfsphere,run_02,181,0,0,875,71,71
Temporal,fr3_walking_halfsphere,run_02,182,0,0,759,73,73
Temporal,fr3_walking_halfsphere,run_02,183,0,0,866,71,71
Temporal,fr3_walking_halfsphere,run_02,184,0,0,901,69,69
Temporal,fr3_walking_halfsphere,run_02,185,0,0,888,63,63
Temporal,fr3_walking_halfsphere,run_02,186,0,0,886,61,61
Temporal,fr3_walking_halfsphere,run_02,187,0,0,887,62,62
Temporal,fr3_walking_halfsphere,run_02,188,0,0,881,59,59
Temporal,fr3_walking_halfsphere,run_02,189,0,0,876,56,56
Temporal,fr3_walking_halfsphere,run_02,190,0,0,883,58,58
Temporal,fr3_walking_halfsphere,run_02,191,0,0,773,60,60
Temporal,fr3_walking_halfsphere,run_02,192,0,0,865,59,59
Temporal,fr3_walking_halfsphere,run_02,193,0,0,861,61,61
Temporal,fr3_walking_halfsphere,run_02,194,0,0,876,53,53
Temporal,fr3_walking_halfsphere,run_02,195,0,0,882,46,46
Temporal,fr3_walking_halfsphere,run_02,196,0,0,878,37,37
Temporal,fr3_walking_halfsphere,run_02,197,0,0,822,26,26
Temporal,fr3_walking_halfsphere,run_02,198,0,0,901,17,17
Temporal,fr3_walking_halfsphere,run_02,199,0,0,907,11,11
Temporal,fr3_walking_halfsphere,run_02,200,0,0,908,11,11
Temporal,fr3_walking_halfsphere,run_02,201,0,0,918,11,11
Temporal,fr3_walking_halfsphere,run_02,202,0,0,914,9,9
Temporal,fr3_walking_halfsphere,run_02,203,0,0,918,9,9
Temporal,fr3_walking_halfsphere,run_02,204,0,0,923,9,9
Temporal,fr3_walking_halfsphere,run_02,205,0,0,919,8,8
Temporal,fr3_walking_halfsphere,run_02,206,0,0,836,6,6
Temporal,fr3_walking_halfsphere,run_02,207,0,0,936,6,6
Temporal,fr3_walking_halfsphere,run_02,208,0,0,975,17,17
Temporal,fr3_walking_halfsphere,run_02,209,0,0,984,6,6
Temporal,fr3_walking_halfsphere,run_02,210,0,0,996,5,5
Temporal,fr3_walking_halfsphere,run_02,211,0,0,936,4,4
Temporal,fr3_walking_halfsphere,run_02,212,0,0,1197,4,4
Temporal,fr3_walking_halfsphere,run_02,213,0,0,1249,4,4
Temporal,fr3_walking_halfsphere,run_02,214,0,0,1234,2,2
Temporal,fr3_walking_halfsphere,run_02,215,0,0,1374,0,0
Temporal,fr3_walking_halfsphere,run_02,216,0,0,1661,0,0
Temporal,fr3_walking_halfsphere,run_02,217,0,0,1660,0,0
Temporal,fr3_walking_halfsphere,run_02,218,0,0,1509,180,180
Temporal,fr3_walking_halfsphere,run_02,219,0,0,1432,126,126
Temporal,fr3_walking_halfsphere,run_02,220,0,0,1419,205,205
Temporal,fr3_walking_halfsphere,run_02,246,0,0,447,202,202
Temporal,fr3_walking_halfsphere,run_02,292,0,4,1220,279,279
Temporal,fr3_walking_halfsphere,run_02,294,0,2,1270,282,282
Temporal,fr3_walking_halfsphere,run_02,295,0,1,1321,297,297
Temporal,fr3_walking_halfsphere,run_02,296,0,0,1627,293,293
Temporal,fr3_walking_halfsphere,run_02,297,0,0,1691,294,294
Temporal,fr3_walking_halfsphere,run_02,298,0,0,1652,306,306
Temporal,fr3_walking_halfsphere,run_02,299,0,0,1652,304,304
Temporal,fr3_walking_halfsphere,run_02,300,0,0,1652,281,281
Temporal,fr3_walking_halfsphere,run_02,301,0,0,1641,274,274
Temporal,fr3_walking_halfsphere,run_02,302,0,0,1602,282,282
Temporal,fr3_walking_halfsphere,run_02,303,0,0,1697,296,296
Temporal,fr3_walking_halfsphere,run_02,304,0,0,1682,295,295
Temporal,fr3_walking_halfsphere,run_02,305,0,0,1669,292,292
Temporal,fr3_walking_halfsphere,run_02,306,0,0,1668,292,292
Temporal,fr3_walking_halfsphere,run_02,307,0,0,1653,288,288
Temporal,fr3_walking_halfsphere,run_02,308,0,0,1625,291,291
Temporal,fr3_walking_halfsphere,run_02,309,0,0,1712,333,333
Temporal,fr3_walking_halfsphere,run_02,310,0,0,1727,352,352
Temporal,fr3_walking_halfsphere,run_02,311,0,0,1706,367,367
Temporal,fr3_walking_halfsphere,run_02,312,0,0,1697,347,347
Temporal,fr3_walking_halfsphere,run_02,313,0,0,1725,384,384
Temporal,fr3_walking_halfsphere,run_02,314,0,0,1718,378,378
Temporal,fr3_walking_halfsphere,run_02,315,0,0,1777,380,380
Temporal,fr3_walking_halfsphere,run_02,316,0,0,1747,365,365
Temporal,fr3_walking_halfsphere,run_02,317,0,0,1721,386,386
Temporal,fr3_walking_halfsphere,run_02,318,0,0,1705,344,344
Temporal,fr3_walking_halfsphere,run_02,319,0,0,1721,331,331
Temporal,fr3_walking_halfsphere,run_02,320,0,0,1756,322,322
Temporal,fr3_walking_halfsphere,run_02,321,0,0,1771,287,287
Temporal,fr3_walking_halfsphere,run_02,322,0,0,1767,280,280
Temporal,fr3_walking_halfsphere,run_02,323,0,0,1722,239,239
Temporal,fr3_walking_halfsphere,run_02,324,0,0,1741,224,224
Temporal,fr3_walking_halfsphere,run_02,325,0,0,945,128,128
Temporal,fr3_walking_halfsphere,run_02,326,0,0,1117,128,128
Temporal,fr3_walking_halfsphere,run_02,327,0,0,1152,125,125
Temporal,fr3_walking_halfsphere,run_02,328,0,0,1165,126,126
Temporal,fr3_walking_halfsphere,run_02,329,0,0,1178,126,126
Temporal,fr3_walking_halfsphere,run_02,330,0,0,1206,123,123
Temporal,fr3_walking_halfsphere,run_02,331,0,0,1204,122,122
Temporal,fr3_walking_halfsphere,run_02,332,0,0,1206,119,119
Temporal,fr3_walking_halfsphere,run_02,333,0,0,1264,106,106
Temporal,fr3_walking_halfsphere,run_02,334,0,0,1266,103,103
Temporal,fr3_walking_halfsphere,run_02,335,0,0,1240,98,98
Temporal,fr3_walking_halfsphere,run_02,336,0,0,1254,98,98
Temporal,fr3_walking_halfsphere,run_02,337,0,0,1236,99,99
Temporal,fr3_walking_halfsphere,run_02,338,0,0,1226,108,108
Temporal,fr3_walking_halfsphere,run_02,339,0,0,1245,100,100
Temporal,fr3_walking_halfsphere,run_02,340,0,0,1254,118,118
Temporal,fr3_walking_halfsphere,run_02,341,0,0,1236,101,101
Temporal,fr3_walking_halfsphere,run_02,342,0,0,1077,116,116
Temporal,fr3_walking_halfsphere,run_02,343,0,0,1318,103,103
Temporal,fr3_walking_halfsphere,run_02,344,0,0,1345,163,163
Temporal,fr3_walking_halfsphere,run_02,345,0,0,1298,145,145
Temporal,fr3_walking_halfsphere,run_02,346,0,0,1313,133,133
Temporal,fr3_walking_halfsphere,run_02,347,0,0,1364,178,178
Temporal,fr3_walking_halfsphere,run_02,348,0,0,1353,145,145
Temporal,fr3_walking_halfsphere,run_02,349,0,0,1342,138,138
Temporal,fr3_walking_halfsphere,run_02,350,0,0,1364,150,150
Temporal,fr3_walking_halfsphere,run_02,351,0,0,1383,140,140
Temporal,fr3_walking_halfsphere,run_02,352,0,0,1407,140,140
Temporal,fr3_walking_halfsphere,run_02,353,0,0,1437,143,143
Temporal,fr3_walking_halfsphere,run_02,354,0,0,1439,138,138
Temporal,fr3_walking_halfsphere,run_02,355,0,0,1449,136,136
Temporal,fr3_walking_halfsphere,run_02,356,0,0,1148,102,102
Temporal,fr3_walking_halfsphere,run_02,357,0,0,1465,99,99
Temporal,fr3_walking_halfsphere,run_02,358,0,0,1466,99,99
Temporal,fr3_walking_halfsphere,run_02,359,0,0,1437,92,92
Temporal,fr3_walking_halfsphere,run_02,360,0,0,1422,89,89
Temporal,fr3_walking_halfsphere,run_02,361,0,0,1481,80,80
Temporal,fr3_walking_halfsphere,run_02,362,0,0,1513,77,77
Temporal,fr3_walking_halfsphere,run_02,363,0,0,1449,71,71
Temporal,fr3_walking_halfsphere,run_02,364,0,0,1467,56,56
Temporal,fr3_walking_halfsphere,run_02,365,0,0,1443,51,51
Temporal,fr3_walking_halfsphere,run_02,366,0,0,1439,46,46
Temporal,fr3_walking_halfsphere,run_02,367,0,0,1452,40,40
Temporal,fr3_walking_halfsphere,run_02,368,0,0,1444,40,40
Temporal,fr3_walking_halfsphere,run_02,369,0,0,1458,39,39
Temporal,fr3_walking_halfsphere,run_02,370,0,0,1454,39,39
Temporal,fr3_walking_halfsphere,run_02,371,0,0,1452,39,39
Temporal,fr3_walking_halfsphere,run_02,372,0,0,1458,39,39
Temporal,fr3_walking_halfsphere,run_02,373,0,0,1466,39,39
Temporal,fr3_walking_halfsphere,run_02,374,0,0,1442,40,40
Temporal,fr3_walking_halfsphere,run_02,375,0,0,1437,38,38
Temporal,fr3_walking_halfsphere,run_02,376,0,0,1464,35,35
Temporal,fr3_walking_halfsphere,run_02,377,0,0,1471,30,30
Temporal,fr3_walking_halfsphere,run_02,378,0,0,1444,24,24
Temporal,fr3_walking_halfsphere,run_02,379,0,0,1424,24,24
Temporal,fr3_walking_halfsphere,run_02,380,0,0,1453,22,22
Temporal,fr3_walking_halfsphere,run_02,381,0,0,1480,22,22
Temporal,fr3_walking_halfsphere,run_02,382,0,0,1462,21,21
Temporal,fr3_walking_halfsphere,run_02,383,0,0,1438,31,31
Temporal,fr3_walking_halfsphere,run_02,384,0,0,1423,20,20
Temporal,fr3_walking_halfsphere,run_02,385,0,0,1421,17,17
Temporal,fr3_walking_halfsphere,run_02,386,0,0,1469,16,16
Temporal,fr3_walking_halfsphere,run_02,387,0,0,1448,5,5
Temporal,fr3_walking_halfsphere,run_02,388,0,0,1432,3,3
Temporal,fr3_walking_halfsphere,run_02,389,0,0,1425,2,2
Temporal,fr3_walking_halfsphere,run_02,390,0,0,1424,1,1
Temporal,fr3_walking_halfsphere,run_02,391,0,0,1459,2,2
Temporal,fr3_walking_halfsphere,run_02,392,0,0,1466,2,2
Temporal,fr3_walking_halfsphere,run_02,393,0,0,1462,2,2
Temporal,fr3_walking_halfsphere,run_02,394,0,0,1450,0,0
Temporal,fr3_walking_halfsphere,run_02,395,0,0,1413,0,0
Temporal,fr3_walking_halfsphere,run_02,396,0,0,1410,0,0
Temporal,fr3_walking_halfsphere,run_02,397,0,0,1433,0,0
Temporal,fr3_walking_halfsphere,run_02,398,0,0,1441,0,0
Temporal,fr3_walking_halfsphere,run_02,399,0,0,1468,0,0
Temporal,fr3_walking_halfsphere,run_02,400,0,0,1421,0,0
Temporal,fr3_walking_halfsphere,run_02,401,0,0,1159,0,0
Temporal,fr3_walking_halfsphere,run_02,402,0,0,1565,0,0
Temporal,fr3_walking_halfsphere,run_02,403,0,0,1507,0,0
Temporal,fr3_walking_halfsphere,run_02,404,0,0,1558,0,0
Temporal,fr3_walking_halfsphere,run_02,405,0,0,1584,0,0
Temporal,fr3_walking_halfsphere,run_02,406,0,0,1591,0,0
Temporal,fr3_walking_halfsphere,run_02,407,0,0,1605,0,0
Temporal,fr3_walking_halfsphere,run_02,408,0,0,1626,0,0
Temporal,fr3_walking_halfsphere,run_02,409,0,0,1639,0,0
Temporal,fr3_walking_halfsphere,run_02,410,0,0,1238,0,0
Temporal,fr3_walking_halfsphere,run_02,411,0,0,1652,0,0
Temporal,fr3_walking_halfsphere,run_02,412,0,0,1663,0,0
Temporal,fr3_walking_halfsphere,run_02,413,0,0,1695,0,0
Temporal,fr3_walking_halfsphere,run_02,414,0,0,1677,0,0
Temporal,fr3_walking_halfsphere,run_02,415,0,0,1718,0,0
Temporal,fr3_walking_halfsphere,run_02,416,0,0,1351,0,0
Temporal,fr3_walking_halfsphere,run_02,417,0,0,1804,0,0
Temporal,fr3_walking_halfsphere,run_02,418,0,0,1738,0,0
Temporal,fr3_walking_halfsphere,run_02,419,0,0,1763,417,417
Temporal,fr3_walking_halfsphere,run_02,420,0,0,1182,157,157
Temporal,fr3_walking_halfsphere,run_02,421,0,0,1273,104,104
Temporal,fr3_walking_halfsphere,run_02,422,0,0,1407,134,134
Temporal,fr3_walking_halfsphere,run_02,423,0,0,1601,154,154
Temporal,fr3_walking_halfsphere,run_02,424,0,0,1390,171,171
Temporal,fr3_walking_halfsphere,run_02,425,0,0,1590,163,163
Temporal,fr3_walking_halfsphere,run_02,426,0,0,1325,149,149
Temporal,fr3_walking_halfsphere,run_02,427,0,0,1587,164,164
Temporal,fr3_walking_halfsphere,run_02,428,0,0,1520,156,156
Temporal,fr3_walking_halfsphere,run_02,429,0,0,1829,189,189
Temporal,fr3_walking_halfsphere,run_02,430,0,0,1626,139,139
Temporal,fr3_walking_halfsphere,run_02,431,0,0,1802,143,143
Temporal,fr3_walking_halfsphere,run_02,432,0,0,1645,224,224
Temporal,fr3_walking_halfsphere,run_02,433,0,0,1729,206,206
Temporal,fr3_walking_halfsphere,run_02,434,0,0,1535,200,200
Temporal,fr3_walking_halfsphere,run_02,435,0,0,1854,350,350
Temporal,fr3_walking_halfsphere,run_02,436,0,0,1706,362,362
Temporal,fr3_walking_halfsphere,run_02,437,0,0,2035,572,572
Temporal,fr3_walking_halfsphere,run_02,438,0,0,2006,523,523
Temporal,fr3_walking_halfsphere,run_02,439,0,0,1934,445,445
Temporal,fr3_walking_halfsphere,run_02,440,0,0,1456,345,345
Temporal,fr3_walking_halfsphere,run_02,441,0,0,1898,413,413
Temporal,fr3_walking_halfsphere,run_02,442,0,0,1985,395,395
Temporal,fr3_walking_halfsphere,run_02,443,0,0,2001,434,434
Temporal,fr3_walking_halfsphere,run_02,444,0,0,2014,455,455
Temporal,fr3_walking_halfsphere,run_02,445,0,0,1976,452,452
Temporal,fr3_walking_halfsphere,run_02,446,0,0,1819,647,647
Temporal,fr3_walking_halfsphere,run_02,447,0,0,1740,689,689
Temporal,fr3_walking_halfsphere,run_02,448,0,0,1827,799,799
Temporal,fr3_walking_halfsphere,run_02,449,0,0,1809,1043,1043
Temporal,fr3_walking_halfsphere,run_02,450,0,0,1767,964,964
Temporal,fr3_walking_halfsphere,run_02,451,0,0,1753,945,945
Temporal,fr3_walking_halfsphere,run_02,452,0,0,1704,896,896
Temporal,fr3_walking_halfsphere,run_02,453,0,0,1360,711,711
Temporal,fr3_walking_halfsphere,run_02,454,0,0,1092,388,388
Temporal,fr3_walking_halfsphere,run_02,455,0,0,1203,467,467
Temporal,fr3_walking_halfsphere,run_02,456,0,0,1202,447,447
Temporal,fr3_walking_halfsphere,run_02,457,0,0,1503,712,712
Temporal,fr3_walking_halfsphere,run_02,458,0,0,1358,677,677
Temporal,fr3_walking_halfsphere,run_02,459,0,0,1504,665,665
Temporal,fr3_walking_halfsphere,run_02,460,0,0,1157,401,401
Temporal,fr3_walking_halfsphere,run_02,461,0,0,1184,394,394
Temporal,fr3_walking_halfsphere,run_02,462,0,0,1428,582,582
Temporal,fr3_walking_halfsphere,run_02,463,0,0,1174,384,384
Temporal,fr3_walking_halfsphere,run_02,464,0,0,1408,603,603
Temporal,fr3_walking_halfsphere,run_02,465,0,0,1546,561,561
Temporal,fr3_walking_halfsphere,run_02,466,0,0,1462,484,484
Temporal,fr3_walking_halfsphere,run_02,467,0,0,1549,576,576
Temporal,fr3_walking_halfsphere,run_02,468,0,0,1286,301,301
Temporal,fr3_walking_halfsphere,run_02,469,0,0,1279,303,303
Temporal,fr3_walking_halfsphere,run_02,470,0,0,1262,291,291
Temporal,fr3_walking_halfsphere,run_02,471,0,0,1265,290,290
Temporal,fr3_walking_halfsphere,run_02,472,0,0,1244,293,293
Temporal,fr3_walking_halfsphere,run_02,473,0,0,1393,428,428
Temporal,fr3_walking_halfsphere,run_02,474,0,0,1256,327,327
Temporal,fr3_walking_halfsphere,run_02,475,0,0,1307,578,578
Temporal,fr3_walking_halfsphere,run_02,476,0,0,923,314,314
Temporal,fr3_walking_halfsphere,run_02,477,0,0,1138,347,347
Temporal,fr3_walking_halfsphere,run_02,478,0,0,1164,411,411
Temporal,fr3_walking_halfsphere,run_02,479,0,0,1171,443,443
Temporal,fr3_walking_halfsphere,run_02,480,0,0,1189,438,438
Temporal,fr3_walking_halfsphere,run_02,481,0,0,1259,471,471
Temporal,fr3_walking_halfsphere,run_02,482,0,0,1278,485,485
Temporal,fr3_walking_halfsphere,run_02,483,0,0,1351,493,493
Temporal,fr3_walking_halfsphere,run_02,484,0,0,1360,500,500
Temporal,fr3_walking_halfsphere,run_02,485,0,0,1368,498,498
Temporal,fr3_walking_halfsphere,run_02,486,0,0,1392,490,490
Temporal,fr3_walking_halfsphere,run_02,487,0,0,1414,488,488
Temporal,fr3_walking_halfsphere,run_02,488,0,0,1403,499,499
Temporal,fr3_walking_halfsphere,run_02,489,0,0,1724,742,742
Temporal,fr3_walking_halfsphere,run_02,490,0,0,1705,727,727
Temporal,fr3_walking_halfsphere,run_02,491,0,0,1349,558,558
Temporal,fr3_walking_halfsphere,run_02,492,0,0,1318,513,513
Temporal,fr3_walking_halfsphere,run_02,493,0,0,1374,520,520
Temporal,fr3_walking_halfsphere,run_02,494,0,0,1335,472,472
Temporal,fr3_walking_halfsphere,run_02,495,0,0,1336,459,459
Temporal,fr3_walking_halfsphere,run_02,496,0,0,1320,436,436
Temporal,fr3_walking_halfsphere,run_02,497,0,0,1104,362,362
Temporal,fr3_walking_halfsphere,run_02,498,0,0,1289,375,375
Temporal,fr3_walking_halfsphere,run_02,499,0,0,1318,376,376
Temporal,fr3_walking_halfsphere,run_02,500,0,0,1315,397,397
Temporal,fr3_walking_halfsphere,run_02,501,0,0,1308,404,404
Temporal,fr3_walking_halfsphere,run_02,502,0,0,1357,409,409
Temporal,fr3_walking_halfsphere,run_02,503,0,0,1342,412,412
Temporal,fr3_walking_halfsphere,run_02,504,0,0,1329,427,427
Temporal,fr3_walking_halfsphere,run_02,505,0,0,1302,473,473
Temporal,fr3_walking_halfsphere,run_02,506,0,0,1353,485,485
Temporal,fr3_walking_halfsphere,run_02,507,0,0,1377,488,488
Temporal,fr3_walking_halfsphere,run_02,508,0,0,1369,481,481
Temporal,fr3_walking_halfsphere,run_02,509,0,0,1336,514,514
Temporal,fr3_walking_halfsphere,run_02,510,0,0,1351,483,483
Temporal,fr3_walking_halfsphere,run_02,511,0,0,1400,500,500
Temporal,fr3_walking_halfsphere,run_02,512,0,0,1139,406,406
Temporal,fr3_walking_halfsphere,run_02,513,0,0,1348,410,410
Temporal,fr3_walking_halfsphere,run_02,514,0,0,1379,419,419
Temporal,fr3_walking_halfsphere,run_02,515,0,0,1410,416,416
Temporal,fr3_walking_halfsphere,run_02,516,0,0,1565,414,414
Temporal,fr3_walking_halfsphere,run_02,517,0,0,1376,469,469
Temporal,fr3_walking_halfsphere,run_02,518,0,0,1704,467,467
Temporal,fr3_walking_halfsphere,run_02,519,0,0,1660,497,497
Temporal,fr3_walking_halfsphere,run_02,520,0,0,1839,392,392
Temporal,fr3_walking_halfsphere,run_02,521,0,0,1403,261,261
Temporal,fr3_walking_halfsphere,run_02,522,0,0,1848,343,343
Temporal,fr3_walking_halfsphere,run_02,523,0,0,1447,257,257
Temporal,fr3_walking_halfsphere,run_02,524,0,0,1691,235,235
Temporal,fr3_walking_halfsphere,run_02,525,0,0,1334,193,193
Temporal,fr3_walking_halfsphere,run_02,526,0,0,1793,263,263
Temporal,fr3_walking_halfsphere,run_02,527,0,0,2171,319,319
Temporal,fr3_walking_halfsphere,run_02,528,0,0,1462,180,180
Temporal,fr3_walking_halfsphere,run_02,529,0,0,1575,264,264
Temporal,fr3_walking_halfsphere,run_02,530,0,0,1359,231,231
Temporal,fr3_walking_halfsphere,run_02,531,0,0,1720,389,389
Temporal,fr3_walking_halfsphere,run_02,532,0,0,1376,393,393
Temporal,fr3_walking_halfsphere,run_02,533,0,0,1503,550,550
Temporal,fr3_walking_halfsphere,run_02,534,0,0,1222,459,459
Temporal,fr3_walking_halfsphere,run_02,535,0,0,1222,505,505
Temporal,fr3_walking_halfsphere,run_02,536,0,0,1289,506,506
Temporal,fr3_walking_halfsphere,run_02,537,0,0,1167,524,524
Temporal,fr3_walking_halfsphere,run_02,538,0,0,1167,530,530
Temporal,fr3_walking_halfsphere,run_02,539,0,0,1185,590,590
Temporal,fr3_walking_halfsphere,run_02,540,0,0,177,56,56
Temporal,fr3_walking_halfsphere,run_02,542,0,0,104,5,5
Temporal,fr3_walking_halfsphere,run_02,543,0,0,105,9,9
Temporal,fr3_walking_halfsphere,run_02,544,0,0,130,16,16
Temporal,fr3_walking_halfsphere,run_02,696,0,7,1217,445,445
Temporal,fr3_walking_halfsphere,run_02,700,0,0,201,48,48
Temporal,fr3_walking_halfsphere,run_02,703,0,0,225,90,90
Temporal,fr3_walking_halfsphere,run_02,705,0,0,201,51,51
Temporal,fr3_walking_halfsphere,run_02,712,0,0,246,92,92
Temporal,fr3_walking_halfsphere,run_02,724,0,0,210,89,89
Temporal,fr3_walking_halfsphere,run_02,725,0,0,183,57,57
Temporal,fr3_walking_halfsphere,run_02,726,0,4,1246,284,284
Temporal,fr3_walking_halfsphere,run_02,778,0,0,1390,26,26
Temporal,fr3_walking_halfsphere,run_02,779,0,0,936,19,19
Temporal,fr3_walking_halfsphere,run_02,780,0,0,1553,8,8
Temporal,fr3_walking_halfsphere,run_02,781,0,0,1612,108,108
Temporal,fr3_walking_halfsphere,run_02,782,0,0,1717,94,94
Temporal,fr3_walking_halfsphere,run_02,783,0,0,1652,106,106
Temporal,fr3_walking_halfsphere,run_02,784,0,0,1634,105,105
Temporal,fr3_walking_halfsphere,run_02,785,0,0,1644,104,104
Temporal,fr3_walking_halfsphere,run_02,786,0,0,1623,96,96
Temporal,fr3_walking_halfsphere,run_02,787,0,0,1715,96,96
Temporal,fr3_walking_halfsphere,run_02,788,0,0,1690,93,93
Temporal,fr3_walking_halfsphere,run_02,789,0,0,1570,88,88
Temporal,fr3_walking_halfsphere,run_02,790,0,0,1593,86,86
Temporal,fr3_walking_halfsphere,run_02,791,0,0,1553,86,86
Temporal,fr3_walking_halfsphere,run_02,792,0,0,1535,86,86
Temporal,fr3_walking_halfsphere,run_02,793,0,0,1424,61,61
Temporal,fr3_walking_halfsphere,run_02,794,0,0,1385,70,70
Temporal,fr3_walking_halfsphere,run_02,795,0,0,1378,65,65
Temporal,fr3_walking_halfsphere,run_02,796,0,0,1421,46,46
Temporal,fr3_walking_halfsphere,run_02,797,0,0,1126,44,44
Temporal,fr3_walking_halfsphere,run_02,798,0,0,1274,31,31
Temporal,fr3_walking_halfsphere,run_02,799,0,0,1147,30,30
Temporal,fr3_walking_halfsphere,run_02,800,0,0,1136,54,54
Temporal,fr3_walking_halfsphere,run_02,801,0,0,1133,46,46
Temporal,fr3_walking_halfsphere,run_02,802,0,0,1134,44,44
Temporal,fr3_walking_halfsphere,run_02,803,0,0,1124,43,43
Temporal,fr3_walking_halfsphere,run_02,804,0,0,1108,34,34
Temporal,fr3_walking_halfsphere,run_02,805,0,0,1077,25,25
Temporal,fr3_walking_halfsphere,run_02,806,0,0,1065,24,24
Temporal,fr3_walking_halfsphere,run_02,807,0,0,1064,302,302
Temporal,fr3_walking_halfsphere,run_02,820,0,0,190,46,46
Temporal,fr3_walking_halfsphere,run_02,834,0,0,163,51,51
Temporal,fr3_walking_halfsphere,run_02,887,0,4,1293,1,1
Temporal,fr3_walking_halfsphere,run_02,891,0,1,1331,0,0
Temporal,fr3_walking_halfsphere,run_02,893,0,0,1323,0,0
Temporal,fr3_walking_halfsphere,run_02,895,0,0,1331,0,0
Temporal,fr3_walking_halfsphere,run_02,898,0,0,1352,0,0
Temporal,fr3_walking_halfsphere,run_02,899,0,0,989,0,0
Temporal,fr3_walking_halfsphere,run_02,900,0,0,1703,0,0
Temporal,fr3_walking_halfsphere,run_02,901,0,0,1688,0,0
Temporal,fr3_walking_halfsphere,run_02,902,0,0,1642,0,0
Temporal,fr3_walking_halfsphere,run_02,903,0,0,1636,0,0
Temporal,fr3_walking_halfsphere,run_02,904,0,0,1509,0,0
Temporal,fr3_walking_halfsphere,run_02,905,0,0,1643,0,0
Temporal,fr3_walking_halfsphere,run_02,906,0,0,1607,0,0
Temporal,fr3_walking_halfsphere,run_02,907,0,0,1616,0,0
Temporal,fr3_walking_halfsphere,run_02,908,0,0,1506,275,275
Temporal,fr3_walking_halfsphere,run_02,909,0,0,1464,187,187
Temporal,fr3_walking_halfsphere,run_02,910,0,0,1518,243,243
Temporal,fr3_walking_halfsphere,run_02,911,0,0,1541,189,189
Temporal,fr3_walking_halfsphere,run_02,912,0,0,1652,328,328
Temporal,fr3_walking_halfsphere,run_02,913,0,0,1566,261,261
Temporal,fr3_walking_halfsphere,run_02,914,0,0,1488,217,217
Temporal,fr3_walking_halfsphere,run_02,915,0,0,1486,214,214
Temporal,fr3_walking_halfsphere,run_02,916,0,0,1516,246,246
Temporal,fr3_walking_halfsphere,run_02,917,0,0,1618,250,250
Temporal,fr3_walking_halfsphere,run_02,918,0,0,1649,252,252
Temporal,fr3_walking_halfsphere,run_02,919,0,0,1683,266,266
Temporal,fr3_walking_halfsphere,run_02,920,0,0,1697,275,275
Temporal,fr3_walking_halfsphere,run_02,921,0,0,1637,238,238
Temporal,fr3_walking_halfsphere,run_02,922,0,0,1552,216,216
Temporal,fr3_walking_halfsphere,run_02,923,0,0,1794,282,282
Temporal,fr3_walking_halfsphere,run_02,924,0,0,1729,276,276
Temporal,fr3_walking_halfsphere,run_02,925,0,0,1676,259,259
Temporal,fr3_walking_halfsphere,run_02,926,0,0,1675,263,263
Temporal,fr3_walking_halfsphere,run_02,927,0,0,1685,265,265
Temporal,fr3_walking_halfsphere,run_02,928,0,0,1726,286,286
Temporal,fr3_walking_halfsphere,run_02,929,0,0,1548,238,238
Temporal,fr3_walking_halfsphere,run_02,930,0,0,1738,312,312
Temporal,fr3_walking_halfsphere,run_02,931,0,0,1511,268,268
Temporal,fr3_walking_halfsphere,run_02,932,0,0,1450,285,285
Temporal,fr3_walking_halfsphere,run_02,933,0,0,1714,406,406
Temporal,fr3_walking_halfsphere,run_02,934,0,0,1508,374,374
Temporal,fr3_walking_halfsphere,run_02,935,0,0,1232,281,281
Temporal,fr3_walking_halfsphere,run_02,936,0,0,1405,375,375
Temporal,fr3_walking_halfsphere,run_02,937,0,0,1168,407,407
Temporal,fr3_walking_halfsphere,run_02,938,0,0,1029,344,344
Temporal,fr3_walking_halfsphere,run_02,939,0,0,1023,348,348
Temporal,fr3_walking_halfsphere,run_02,940,0,0,899,311,311
Temporal,fr3_walking_halfsphere,run_02,941,0,0,886,315,315
Temporal,fr3_walking_halfsphere,run_02,942,0,0,907,312,312
Temporal,fr3_walking_halfsphere,run_02,943,0,0,901,300,300
Temporal,fr3_walking_halfsphere,run_02,944,0,0,969,322,322
Temporal,fr3_walking_halfsphere,run_02,945,0,0,999,344,344
Temporal,fr3_walking_halfsphere,run_02,946,0,0,1006,353,353
Temporal,fr3_walking_halfsphere,run_02,947,0,0,790,211,211
Temporal,fr3_walking_halfsphere,run_02,948,0,0,782,203,203
Temporal,fr3_walking_halfsphere,run_02,949,0,0,835,248,248
Temporal,fr3_walking_halfsphere,run_02,950,0,0,808,205,205
Temporal,fr3_walking_halfsphere,run_02,951,0,0,842,198,198
Temporal,fr3_walking_halfsphere,run_02,952,0,0,896,210,210
Temporal,fr3_walking_halfsphere,run_02,953,0,0,925,216,216
Temporal,fr3_walking_halfsphere,run_02,954,0,0,971,236,236
Temporal,fr3_walking_halfsphere,run_02,955,0,0,1228,378,378
Temporal,fr3_walking_halfsphere,run_02,956,0,0,1163,333,333
Temporal,fr3_walking_halfsphere,run_02,957,0,0,1170,294,294
Temporal,fr3_walking_halfsphere,run_02,958,0,0,1249,310,310
Temporal,fr3_walking_halfsphere,run_02,959,0,0,1313,312,312
Temporal,fr3_walking_halfsphere,run_02,960,0,0,1581,453,453
Temporal,fr3_walking_halfsphere,run_02,961,0,0,1357,332,332
Temporal,fr3_walking_halfsphere,run_02,962,0,0,1726,602,602
Temporal,fr3_walking_halfsphere,run_02,963,0,0,1684,569,569
Temporal,fr3_walking_halfsphere,run_02,964,0,0,1690,570,570
Temporal,fr3_walking_halfsphere,run_02,965,0,0,1701,571,571
Temporal,fr3_walking_halfsphere,run_02,966,0,0,1710,580,580
Temporal,fr3_walking_halfsphere,run_02,967,0,0,1603,662,662
Temporal,fr3_walking_halfsphere,run_02,968,0,0,1709,702,702
Temporal,fr3_walking_halfsphere,run_02,969,0,0,1510,526,526
Temporal,fr3_walking_halfsphere,run_02,970,0,0,1482,593,593
Temporal,fr3_walking_halfsphere,run_02,971,0,0,1825,762,762
Temporal,fr3_walking_halfsphere,run_02,972,0,0,1848,772,772
Temporal,fr3_walking_halfsphere,run_02,973,0,0,1819,804,804
Temporal,fr3_walking_halfsphere,run_02,974,0,0,1717,774,774
Temporal,fr3_walking_halfsphere,run_02,975,0,0,1879,968,968
Temporal,fr3_walking_halfsphere,run_02,976,0,0,1749,883,883
Temporal,fr3_walking_halfsphere,run_02,977,0,0,1866,950,950
Temporal,fr3_walking_halfsphere,run_02,978,0,0,1859,948,948
Temporal,fr3_walking_halfsphere,run_02,979,0,0,1765,859,859
Temporal,fr3_walking_halfsphere,run_02,980,0,0,1665,801,801
Temporal,fr3_walking_halfsphere,run_02,981,0,0,1726,830,830
Temporal,fr3_walking_halfsphere,run_02,982,0,0,1772,833,833
Temporal,fr3_walking_halfsphere,run_02,983,0,0,1753,819,819
Temporal,fr3_walking_halfsphere,run_02,984,0,0,1709,766,766
Temporal,fr3_walking_halfsphere,run_02,985,0,0,1750,765,765
Temporal,fr3_walking_halfsphere,run_02,986,0,0,1804,754,754
Temporal,fr3_walking_halfsphere,run_02,987,0,0,1910,801,801
Temporal,fr3_walking_halfsphere,run_02,988,0,0,1890,741,741
Temporal,fr3_walking_halfsphere,run_02,989,0,0,1927,730,730
Temporal,fr3_walking_halfsphere,run_02,990,0,0,1949,718,718
Temporal,fr3_walking_halfsphere,run_02,991,0,0,1955,733,733
Temporal,fr3_walking_halfsphere,run_02,992,0,0,1945,710,710
Temporal,fr3_walking_halfsphere,run_02,993,0,0,1945,692,692
Temporal,fr3_walking_halfsphere,run_02,994,0,0,1970,740,740
Temporal,fr3_walking_halfsphere,run_02,995,0,0,1957,682,682
Temporal,fr3_walking_halfsphere,run_02,996,0,0,1990,711,711
Temporal,fr3_walking_halfsphere,run_02,997,0,0,1989,688,688
Temporal,fr3_walking_halfsphere,run_02,998,0,0,1773,664,664
Temporal,fr3_walking_halfsphere,run_02,999,0,0,1911,657,657
Temporal,fr3_walking_halfsphere,run_02,1000,0,0,1953,640,640
Temporal,fr3_walking_halfsphere,run_02,1001,0,0,1962,618,618
Temporal,fr3_walking_halfsphere,run_02,1002,0,0,1934,613,613
Temporal,fr3_walking_halfsphere,run_02,1003,0,0,1960,644,644
Temporal,fr3_walking_halfsphere,run_02,1004,0,0,1992,661,661
Temporal,fr3_walking_halfsphere,run_02,1005,0,0,2165,732,732
Temporal,fr3_walking_halfsphere,run_02,1006,0,0,1773,621,621
Temporal,fr3_walking_halfsphere,run_02,1007,0,0,1943,636,636
Temporal,fr3_walking_halfsphere,run_02,1008,0,0,1953,631,631
Temporal,fr3_walking_halfsphere,run_02,1009,0,0,1926,604,604
Temporal,fr3_walking_halfsphere,run_02,1010,0,0,1959,647,647
Temporal,fr3_walking_halfsphere,run_02,1011,0,0,1910,649,649
Temporal,fr3_walking_halfsphere,run_02,1012,0,0,1831,642,642
Temporal,fr3_walking_halfsphere,run_02,1013,0,0,1785,621,621
Temporal,fr3_walking_halfsphere,run_02,1014,0,0,1796,628,628
Temporal,fr3_walking_halfsphere,run_02,1015,0,0,1807,618,618
Temporal,fr3_walking_halfsphere,run_02,1016,0,0,1924,694,694
Temporal,fr3_walking_halfsphere,run_02,1017,0,0,1860,632,632
Temporal,fr3_walking_halfsphere,run_02,1018,0,0,1866,658,658
Temporal,fr3_walking_halfsphere,run_02,1019,0,0,1843,642,642
Temporal,fr3_walking_halfsphere,run_02,1020,0,0,1993,742,742
Temporal,fr3_walking_halfsphere,run_03,1,0,0,291,46,46
Temporal,fr3_walking_halfsphere,run_03,2,0,0,433,38,38
Temporal,fr3_walking_halfsphere,run_03,3,0,0,353,2,2
Temporal,fr3_walking_halfsphere,run_03,4,0,0,467,56,56
Temporal,fr3_walking_halfsphere,run_03,5,0,0,375,92,92
Temporal,fr3_walking_halfsphere,run_03,6,0,0,429,128,128
Temporal,fr3_walking_halfsphere,run_03,7,0,0,378,83,83
Temporal,fr3_walking_halfsphere,run_03,8,0,0,381,46,46
Temporal,fr3_walking_halfsphere,run_03,9,0,0,477,51,51
Temporal,fr3_walking_halfsphere,run_03,10,0,0,588,79,79
Temporal,fr3_walking_halfsphere,run_03,11,0,0,506,147,147
Temporal,fr3_walking_halfsphere,run_03,12,0,0,547,114,114
Temporal,fr3_walking_halfsphere,run_03,13,0,0,719,274,274
Temporal,fr3_walking_halfsphere,run_03,14,0,0,569,224,224
Temporal,fr3_walking_halfsphere,run_03,15,0,0,528,165,165
Temporal,fr3_walking_halfsphere,run_03,16,0,0,519,139,139
Temporal,fr3_walking_halfsphere,run_03,17,0,0,545,232,232
Temporal,fr3_walking_halfsphere,run_03,18,0,0,539,234,234
Temporal,fr3_walking_halfsphere,run_03,19,0,0,524,227,227
Temporal,fr3_walking_halfsphere,run_03,20,0,0,489,220,220
Temporal,fr3_walking_halfsphere,run_03,21,0,0,530,218,218
Temporal,fr3_walking_halfsphere,run_03,22,0,0,512,226,226
Temporal,fr3_walking_halfsphere,run_03,23,0,0,555,245,245
Temporal,fr3_walking_halfsphere,run_03,24,0,0,557,261,261
Temporal,fr3_walking_halfsphere,run_03,25,0,0,543,336,336
Temporal,fr3_walking_halfsphere,run_03,26,0,0,579,394,394
Temporal,fr3_walking_halfsphere,run_03,27,0,0,522,340,340
Temporal,fr3_walking_halfsphere,run_03,28,0,0,539,317,317
Temporal,fr3_walking_halfsphere,run_03,29,0,0,570,345,345
Temporal,fr3_walking_halfsphere,run_03,30,0,0,562,391,391
Temporal,fr3_walking_halfsphere,run_03,31,0,0,552,366,366
Temporal,fr3_walking_halfsphere,run_03,32,0,0,597,362,362
Temporal,fr3_walking_halfsphere,run_03,33,0,0,611,367,367
Temporal,fr3_walking_halfsphere,run_03,34,0,0,610,383,383
Temporal,fr3_walking_halfsphere,run_03,35,0,0,540,337,337
Temporal,fr3_walking_halfsphere,run_03,36,0,0,584,344,344
Temporal,fr3_walking_halfsphere,run_03,37,0,0,585,349,349
Temporal,fr3_walking_halfsphere,run_03,38,0,0,581,373,373
Temporal,fr3_walking_halfsphere,run_03,39,0,0,638,381,381
Temporal,fr3_walking_halfsphere,run_03,40,0,0,610,367,367
Temporal,fr3_walking_halfsphere,run_03,41,0,0,651,371,371
Temporal,fr3_walking_halfsphere,run_03,42,0,0,656,371,371
Temporal,fr3_walking_halfsphere,run_03,43,0,0,666,373,373
Temporal,fr3_walking_halfsphere,run_03,44,0,0,580,347,347
Temporal,fr3_walking_halfsphere,run_03,45,0,0,630,338,338
Temporal,fr3_walking_halfsphere,run_03,46,0,0,658,327,327
Temporal,fr3_walking_halfsphere,run_03,47,0,0,702,330,330
Temporal,fr3_walking_halfsphere,run_03,48,0,0,680,323,323
Temporal,fr3_walking_halfsphere,run_03,49,0,0,716,321,321
Temporal,fr3_walking_halfsphere,run_03,50,0,0,723,326,326
Temporal,fr3_walking_halfsphere,run_03,51,0,0,718,333,333
Temporal,fr3_walking_halfsphere,run_03,52,0,0,762,357,357
Temporal,fr3_walking_halfsphere,run_03,53,0,0,749,364,364
Temporal,fr3_walking_halfsphere,run_03,54,0,0,773,382,382
Temporal,fr3_walking_halfsphere,run_03,55,0,0,737,400,400
Temporal,fr3_walking_halfsphere,run_03,56,0,0,744,409,409
Temporal,fr3_walking_halfsphere,run_03,57,0,0,736,415,415
Temporal,fr3_walking_halfsphere,run_03,58,0,0,733,413,413
Temporal,fr3_walking_halfsphere,run_03,59,0,0,752,385,385
Temporal,fr3_walking_halfsphere,run_03,60,0,0,748,381,381
Temporal,fr3_walking_halfsphere,run_03,61,0,0,698,379,379
Temporal,fr3_walking_halfsphere,run_03,62,0,0,719,360,360
Temporal,fr3_walking_halfsphere,run_03,63,0,0,758,366,366
Temporal,fr3_walking_halfsphere,run_03,64,0,0,755,343,343
Temporal,fr3_walking_halfsphere,run_03,65,0,0,741,331,331
Temporal,fr3_walking_halfsphere,run_03,66,0,0,754,403,403
Temporal,fr3_walking_halfsphere,run_03,67,0,0,737,421,421
Temporal,fr3_walking_halfsphere,run_03,68,0,0,661,434,434
Temporal,fr3_walking_halfsphere,run_03,69,0,0,707,430,430
Temporal,fr3_walking_halfsphere,run_03,70,0,0,693,455,455
Temporal,fr3_walking_halfsphere,run_03,71,0,0,684,463,463
Temporal,fr3_walking_halfsphere,run_03,72,0,0,728,465,465
Temporal,fr3_walking_halfsphere,run_03,73,0,0,741,476,476
Temporal,fr3_walking_halfsphere,run_03,74,0,0,708,470,470
Temporal,fr3_walking_halfsphere,run_03,75,0,0,715,463,463
Temporal,fr3_walking_halfsphere,run_03,76,0,0,717,471,471
Temporal,fr3_walking_halfsphere,run_03,77,0,0,704,466,466
Temporal,fr3_walking_halfsphere,run_03,78,0,0,685,457,457
Temporal,fr3_walking_halfsphere,run_03,79,0,0,626,451,451
Temporal,fr3_walking_halfsphere,run_03,80,0,0,682,464,464
Temporal,fr3_walking_halfsphere,run_03,81,0,0,645,455,455
Temporal,fr3_walking_halfsphere,run_03,82,0,0,684,436,436
Temporal,fr3_walking_halfsphere,run_03,83,0,0,670,415,415
Temporal,fr3_walking_halfsphere,run_03,84,0,0,703,470,470
Temporal,fr3_walking_halfsphere,run_03,85,0,0,672,437,437
Temporal,fr3_walking_halfsphere,run_03,86,0,0,719,457,457
Temporal,fr3_walking_halfsphere,run_03,87,0,0,700,414,414
Temporal,fr3_walking_halfsphere,run_03,88,0,0,792,452,452
Temporal,fr3_walking_halfsphere,run_03,89,0,0,774,449,449
Temporal,fr3_walking_halfsphere,run_03,90,0,0,746,402,402
Temporal,fr3_walking_halfsphere,run_03,91,0,0,801,445,445
Temporal,fr3_walking_halfsphere,run_03,92,0,0,839,494,494
Temporal,fr3_walking_halfsphere,run_03,93,0,0,833,471,471
Temporal,fr3_walking_halfsphere,run_03,94,0,0,832,476,476
Temporal,fr3_walking_halfsphere,run_03,95,0,0,712,398,398
Temporal,fr3_walking_halfsphere,run_03,96,0,0,759,410,410
Temporal,fr3_walking_halfsphere,run_03,97,0,0,689,340,340
Temporal,fr3_walking_halfsphere,run_03,98,0,0,793,384,384
Temporal,fr3_walking_halfsphere,run_03,99,0,0,890,464,464
Temporal,fr3_walking_halfsphere,run_03,100,0,0,916,435,435
Temporal,fr3_walking_halfsphere,run_03,101,0,0,888,407,407
Temporal,fr3_walking_halfsphere,run_03,102,0,0,1117,476,476
Temporal,fr3_walking_halfsphere,run_03,103,0,0,1096,439,439
Temporal,fr3_walking_halfsphere,run_03,104,0,0,1148,504,504
Temporal,fr3_walking_halfsphere,run_03,105,0,0,1072,491,491
Temporal,fr3_walking_halfsphere,run_03,106,0,0,1222,484,484
Temporal,fr3_walking_halfsphere,run_03,107,0,0,1234,477,477
Temporal,fr3_walking_halfsphere,run_03,108,0,0,1185,433,433
Temporal,fr3_walking_halfsphere,run_03,109,0,0,1218,448,448
Temporal,fr3_walking_halfsphere,run_03,110,0,0,1249,433,433
Temporal,fr3_walking_halfsphere,run_03,111,0,0,1197,413,413
Temporal,fr3_walking_halfsphere,run_03,112,0,0,1240,408,408
Temporal,fr3_walking_halfsphere,run_03,113,0,0,1139,391,391
Temporal,fr3_walking_halfsphere,run_03,114,0,0,1250,424,424
Temporal,fr3_walking_halfsphere,run_03,115,0,0,1232,456,456
Temporal,fr3_walking_halfsphere,run_03,116,0,0,1284,424,424
Temporal,fr3_walking_halfsphere,run_03,117,0,0,1260,383,383
Temporal,fr3_walking_halfsphere,run_03,118,0,0,1294,317,317
Temporal,fr3_walking_halfsphere,run_03,119,0,0,1299,289,289
Temporal,fr3_walking_halfsphere,run_03,120,0,0,1280,263,263
Temporal,fr3_walking_halfsphere,run_03,121,0,0,1318,249,249
Temporal,fr3_walking_halfsphere,run_03,122,0,0,1287,232,232
Temporal,fr3_walking_halfsphere,run_03,123,0,0,1296,220,220
Temporal,fr3_walking_halfsphere,run_03,124,0,0,1308,203,203
Temporal,fr3_walking_halfsphere,run_03,125,0,0,1305,180,180
Temporal,fr3_walking_halfsphere,run_03,126,0,0,1303,155,155
Temporal,fr3_walking_halfsphere,run_03,127,0,0,1307,148,148
Temporal,fr3_walking_halfsphere,run_03,128,0,0,1305,161,161
Temporal,fr3_walking_halfsphere,run_03,129,0,0,1259,125,125
Temporal,fr3_walking_halfsphere,run_03,130,0,0,1266,106,106
Temporal,fr3_walking_halfsphere,run_03,131,0,0,1285,96,96
Temporal,fr3_walking_halfsphere,run_03,132,0,0,1270,88,88
Temporal,fr3_walking_halfsphere,run_03,133,0,0,1234,86,86
Temporal,fr3_walking_halfsphere,run_03,134,0,0,1265,81,81
Temporal,fr3_walking_halfsphere,run_03,135,0,0,1261,68,68
Temporal,fr3_walking_halfsphere,run_03,136,0,0,1232,60,60
Temporal,fr3_walking_halfsphere,run_03,137,0,0,1198,58,58
Temporal,fr3_walking_halfsphere,run_03,138,0,0,1200,54,54
Temporal,fr3_walking_halfsphere,run_03,139,0,0,1201,45,45
Temporal,fr3_walking_halfsphere,run_03,140,0,0,1180,41,41
Temporal,fr3_walking_halfsphere,run_03,141,0,0,1165,32,32
Temporal,fr3_walking_halfsphere,run_03,142,0,0,1148,29,29
Temporal,fr3_walking_halfsphere,run_03,143,0,0,1160,26,26
Temporal,fr3_walking_halfsphere,run_03,144,0,0,1144,19,19
Temporal,fr3_walking_halfsphere,run_03,145,0,0,966,10,10
Temporal,fr3_walking_halfsphere,run_03,146,0,0,1055,8,8
Temporal,fr3_walking_halfsphere,run_03,147,0,0,1013,2,2
Temporal,fr3_walking_halfsphere,run_03,148,0,0,998,1,1
Temporal,fr3_walking_halfsphere,run_03,149,0,0,1023,0,0
Temporal,fr3_walking_halfsphere,run_03,150,0,0,1013,0,0
Temporal,fr3_walking_halfsphere,run_03,151,0,0,1099,0,0
Temporal,fr3_walking_halfsphere,run_03,152,0,0,1099,0,0
Temporal,fr3_walking_halfsphere,run_03,153,0,0,1070,0,0
Temporal,fr3_walking_halfsphere,run_03,154,0,0,1076,0,0
Temporal,fr3_walking_halfsphere,run_03,155,0,0,1089,0,0
Temporal,fr3_walking_halfsphere,run_03,156,0,0,1092,0,0
Temporal,fr3_walking_halfsphere,run_03,157,0,0,1085,0,0
Temporal,fr3_walking_halfsphere,run_03,158,0,0,1056,0,0
Temporal,fr3_walking_halfsphere,run_03,159,0,0,901,9,9
Temporal,fr3_walking_halfsphere,run_03,160,0,0,1012,10,10
Temporal,fr3_walking_halfsphere,run_03,161,0,0,1013,29,29
Temporal,fr3_walking_halfsphere,run_03,162,0,0,1001,27,27
Temporal,fr3_walking_halfsphere,run_03,163,0,0,973,26,26
Temporal,fr3_walking_halfsphere,run_03,164,0,0,997,30,30
Temporal,fr3_walking_halfsphere,run_03,165,0,0,966,47,47
Temporal,fr3_walking_halfsphere,run_03,166,0,0,939,30,30
Temporal,fr3_walking_halfsphere,run_03,167,0,0,822,8,8
Temporal,fr3_walking_halfsphere,run_03,168,0,0,900,18,18
Temporal,fr3_walking_halfsphere,run_03,169,0,0,901,17,17
Temporal,fr3_walking_halfsphere,run_03,170,0,0,919,19,19
Temporal,fr3_walking_halfsphere,run_03,171,0,0,898,87,87
Temporal,fr3_walking_halfsphere,run_03,172,0,0,896,42,42
Temporal,fr3_walking_halfsphere,run_03,173,0,0,913,46,46
Temporal,fr3_walking_halfsphere,run_03,174,0,0,909,42,42
Temporal,fr3_walking_halfsphere,run_03,175,0,0,806,23,23
Temporal,fr3_walking_halfsphere,run_03,176,0,0,892,38,38
Temporal,fr3_walking_halfsphere,run_03,177,0,0,922,71,71
Temporal,fr3_walking_halfsphere,run_03,178,0,0,892,51,51
Temporal,fr3_walking_halfsphere,run_03,179,0,0,933,106,106
Temporal,fr3_walking_halfsphere,run_03,180,0,0,918,87,87
Temporal,fr3_walking_halfsphere,run_03,181,0,0,936,87,87
Temporal,fr3_walking_halfsphere,run_03,182,0,0,861,78,78
Temporal,fr3_walking_halfsphere,run_03,183,0,0,951,77,77
Temporal,fr3_walking_halfsphere,run_03,184,0,0,983,76,76
Temporal,fr3_walking_halfsphere,run_03,185,0,0,978,71,71
Temporal,fr3_walking_halfsphere,run_03,186,0,0,972,71,71
Temporal,fr3_walking_halfsphere,run_03,187,0,0,978,72,72
Temporal,fr3_walking_halfsphere,run_03,188,0,0,967,72,72
Temporal,fr3_walking_halfsphere,run_03,189,0,0,967,68,68
Temporal,fr3_walking_halfsphere,run_03,190,0,0,980,67,67
Temporal,fr3_walking_halfsphere,run_03,191,0,0,846,64,64
Temporal,fr3_walking_halfsphere,run_03,192,0,0,941,61,61
Temporal,fr3_walking_halfsphere,run_03,193,0,0,939,63,63
Temporal,fr3_walking_halfsphere,run_03,194,0,0,972,56,56
Temporal,fr3_walking_halfsphere,run_03,195,0,0,961,47,47
Temporal,fr3_walking_halfsphere,run_03,196,0,0,951,40,40
Temporal,fr3_walking_halfsphere,run_03,197,0,0,924,30,30
Temporal,fr3_walking_halfsphere,run_03,198,0,0,995,19,19
Temporal,fr3_walking_halfsphere,run_03,199,0,0,1004,15,15
Temporal,fr3_walking_halfsphere,run_03,200,0,0,1003,14,14
Temporal,fr3_walking_halfsphere,run_03,201,0,0,1019,14,14
Temporal,fr3_walking_halfsphere,run_03,202,0,0,1031,11,11
Temporal,fr3_walking_halfsphere,run_03,203,0,0,1027,11,11
Temporal,fr3_walking_halfsphere,run_03,204,0,0,1018,10,10
Temporal,fr3_walking_halfsphere,run_03,205,0,0,1022,7,7
Temporal,fr3_walking_halfsphere,run_03,206,0,0,1037,7,7
Temporal,fr3_walking_halfsphere,run_03,207,0,0,1049,7,7
Temporal,fr3_walking_halfsphere,run_03,208,0,0,1060,20,20
Temporal,fr3_walking_halfsphere,run_03,209,0,0,968,5,5
Temporal,fr3_walking_halfsphere,run_03,210,0,0,1122,4,4
Temporal,fr3_walking_halfsphere,run_03,211,0,0,1151,2,2
Temporal,fr3_walking_halfsphere,run_03,212,0,0,1192,2,2
Temporal,fr3_walking_halfsphere,run_03,213,0,0,1242,2,2
Temporal,fr3_walking_halfsphere,run_03,214,0,0,1235,0,0
Temporal,fr3_walking_halfsphere,run_03,215,0,0,1396,0,0
Temporal,fr3_walking_halfsphere,run_03,216,0,0,1462,0,0
Temporal,fr3_walking_halfsphere,run_03,217,0,0,1725,0,0
Temporal,fr3_walking_halfsphere,run_03,218,0,0,1615,85,85
Temporal,fr3_walking_halfsphere,run_03,219,0,0,1865,108,108
Temporal,fr3_walking_halfsphere,run_03,220,0,0,1004,98,98
Temporal,fr3_walking_halfsphere,run_03,221,0,0,1393,221,221
Temporal,fr3_walking_halfsphere,run_03,222,0,0,1635,279,279
Temporal,fr3_walking_halfsphere,run_03,223,0,0,1399,336,336
Temporal,fr3_walking_halfsphere,run_03,224,0,0,1558,357,357
Temporal,fr3_walking_halfsphere,run_03,225,0,0,1155,134,134
Temporal,fr3_walking_halfsphere,run_03,226,0,0,1618,385,385
Temporal,fr3_walking_halfsphere,run_03,227,0,0,1668,489,489
Temporal,fr3_walking_halfsphere,run_03,228,0,0,1303,402,402
Temporal,fr3_walking_halfsphere,run_03,229,0,0,1210,175,175
Temporal,fr3_walking_halfsphere,run_03,230,0,0,1230,181,181
Temporal,fr3_walking_halfsphere,run_03,231,0,0,1110,161,161
Temporal,fr3_walking_halfsphere,run_03,232,0,0,1397,439,439
Temporal,fr3_walking_halfsphere,run_03,233,0,0,1226,163,163
Temporal,fr3_walking_halfsphere,run_03,234,0,0,998,125,125
Temporal,fr3_walking_halfsphere,run_03,235,0,0,1107,126,126
Temporal,fr3_walking_halfsphere,run_03,236,0,0,946,93,93
Temporal,fr3_walking_halfsphere,run_03,237,0,0,1035,103,103
Temporal,fr3_walking_halfsphere,run_03,238,0,0,897,91,91
Temporal,fr3_walking_halfsphere,run_03,239,0,0,1551,576,576
Temporal,fr3_walking_halfsphere,run_03,240,0,0,873,199,199
Temporal,fr3_walking_halfsphere,run_03,241,0,0,857,287,287
Temporal,fr3_walking_halfsphere,run_03,242,0,0,870,346,346
Temporal,fr3_walking_halfsphere,run_03,243,0,0,720,224,224
Temporal,fr3_walking_halfsphere,run_03,244,0,0,759,214,214
Temporal,fr3_walking_halfsphere,run_03,245,0,0,671,142,142
Temporal,fr3_walking_halfsphere,run_03,246,0,0,696,152,152
Temporal,fr3_walking_halfsphere,run_03,247,0,0,736,145,145
Temporal,fr3_walking_halfsphere,run_03,248,0,0,763,146,146
Temporal,fr3_walking_halfsphere,run_03,249,0,0,680,170,170
Temporal,fr3_walking_halfsphere,run_03,250,0,0,828,156,156
Temporal,fr3_walking_halfsphere,run_03,251,0,0,836,176,176
Temporal,fr3_walking_halfsphere,run_03,252,0,0,949,175,175
Temporal,fr3_walking_halfsphere,run_03,253,0,0,897,166,166
Temporal,fr3_walking_halfsphere,run_03,254,0,0,913,162,162
Temporal,fr3_walking_halfsphere,run_03,255,0,0,942,112,112
Temporal,fr3_walking_halfsphere,run_03,256,0,0,922,143,143
Temporal,fr3_walking_halfsphere,run_03,257,0,0,966,129,129
Temporal,fr3_walking_halfsphere,run_03,258,0,0,977,107,107
Temporal,fr3_walking_halfsphere,run_03,259,0,0,864,92,92
Temporal,fr3_walking_halfsphere,run_03,260,0,0,1048,111,111
Temporal,fr3_walking_halfsphere,run_03,261,0,0,982,99,99
Temporal,fr3_walking_halfsphere,run_03,262,0,0,936,107,107
Temporal,fr3_walking_halfsphere,run_03,263,0,0,1020,116,116
Temporal,fr3_walking_halfsphere,run_03,264,0,0,1012,117,117
Temporal,fr3_walking_halfsphere,run_03,265,0,0,1035,127,127
Temporal,fr3_walking_halfsphere,run_03,266,0,0,1043,137,137
Temporal,fr3_walking_halfsphere,run_03,267,0,0,796,39,39
Temporal,fr3_walking_halfsphere,run_03,268,0,0,934,46,46
Temporal,fr3_walking_halfsphere,run_03,269,0,0,981,54,54
Temporal,fr3_walking_halfsphere,run_03,270,0,0,974,54,54
Temporal,fr3_walking_halfsphere,run_03,271,0,0,878,39,39
Temporal,fr3_walking_halfsphere,run_03,272,0,0,1067,36,36
Temporal,fr3_walking_halfsphere,run_03,273,0,0,1114,43,43
Temporal,fr3_walking_halfsphere,run_03,274,0,0,1061,37,37
Temporal,fr3_walking_halfsphere,run_03,275,0,0,1082,30,30
Temporal,fr3_walking_halfsphere,run_03,276,0,0,1078,28,28
Temporal,fr3_walking_halfsphere,run_03,277,0,0,1099,39,39
Temporal,fr3_walking_halfsphere,run_03,278,0,0,1113,33,33
Temporal,fr3_walking_halfsphere,run_03,279,0,0,1126,34,34
Temporal,fr3_walking_halfsphere,run_03,280,0,0,1113,45,45
Temporal,fr3_walking_halfsphere,run_03,281,0,0,1482,67,67
Temporal,fr3_walking_halfsphere,run_03,282,0,0,1130,58,58
Temporal,fr3_walking_halfsphere,run_03,283,0,0,1152,61,61
Temporal,fr3_walking_halfsphere,run_03,284,0,0,1158,66,66
Temporal,fr3_walking_halfsphere,run_03,285,0,0,1433,72,72
Temporal,fr3_walking_halfsphere,run_03,286,0,0,1127,65,65
Temporal,fr3_walking_halfsphere,run_03,287,0,0,1114,65,65
Temporal,fr3_walking_halfsphere,run_03,288,0,0,1154,60,60
Temporal,fr3_walking_halfsphere,run_03,289,0,0,1108,62,62
Temporal,fr3_walking_halfsphere,run_03,290,0,0,1132,68,68
Temporal,fr3_walking_halfsphere,run_03,291,0,0,1106,65,65
Temporal,fr3_walking_halfsphere,run_03,292,0,0,1120,67,67
Temporal,fr3_walking_halfsphere,run_03,293,0,0,1133,69,69
Temporal,fr3_walking_halfsphere,run_03,294,0,0,846,73,73
Temporal,fr3_walking_halfsphere,run_03,295,0,0,1059,72,72
Temporal,fr3_walking_halfsphere,run_03,296,0,0,1104,77,77
Temporal,fr3_walking_halfsphere,run_03,297,0,0,1130,78,78
Temporal,fr3_walking_halfsphere,run_03,298,0,0,1112,97,97
Temporal,fr3_walking_halfsphere,run_03,299,0,0,1089,98,98
Temporal,fr3_walking_halfsphere,run_03,300,0,0,1081,126,126
Temporal,fr3_walking_halfsphere,run_03,301,0,0,1091,126,126
Temporal,fr3_walking_halfsphere,run_03,302,0,0,931,109,109
Temporal,fr3_walking_halfsphere,run_03,303,0,0,1153,114,114
Temporal,fr3_walking_halfsphere,run_03,304,0,0,1138,115,115
Temporal,fr3_walking_halfsphere,run_03,305,0,0,1092,117,117
Temporal,fr3_walking_halfsphere,run_03,306,0,0,1143,119,119
Temporal,fr3_walking_halfsphere,run_03,307,0,0,1131,121,121
Temporal,fr3_walking_halfsphere,run_03,308,0,0,860,112,112
Temporal,fr3_walking_halfsphere,run_03,309,0,0,1107,123,123
Temporal,fr3_walking_halfsphere,run_03,310,0,0,1326,161,161
Temporal,fr3_walking_halfsphere,run_03,311,0,0,1268,167,167
Temporal,fr3_walking_halfsphere,run_03,312,0,0,1243,151,151
Temporal,fr3_walking_halfsphere,run_03,313,0,0,1309,223,223
Temporal,fr3_walking_halfsphere,run_03,314,0,0,910,183,183
Temporal,fr3_walking_halfsphere,run_03,315,0,0,1119,188,188
Temporal,fr3_walking_halfsphere,run_03,316,0,0,1081,182,182
Temporal,fr3_walking_halfsphere,run_03,317,0,0,1095,217,217
Temporal,fr3_walking_halfsphere,run_03,318,0,0,1080,192,192
Temporal,fr3_walking_halfsphere,run_03,319,0,0,1091,190,190
Temporal,fr3_walking_halfsphere,run_03,320,0,0,965,184,184
Temporal,fr3_walking_halfsphere,run_03,321,0,0,1168,184,184
Temporal,fr3_walking_halfsphere,run_03,322,0,0,1209,186,186
Temporal,fr3_walking_halfsphere,run_03,323,0,0,1162,188,188
Temporal,fr3_walking_halfsphere,run_03,324,0,0,1152,191,191
Temporal,fr3_walking_halfsphere,run_03,325,0,0,1070,227,227
Temporal,fr3_walking_halfsphere,run_03,326,0,0,1211,218,218
Temporal,fr3_walking_halfsphere,run_03,327,0,0,1230,220,220
Temporal,fr3_walking_halfsphere,run_03,328,0,0,1313,284,284
Temporal,fr3_walking_halfsphere,run_03,329,0,0,1281,246,246
Temporal,fr3_walking_halfsphere,run_03,330,0,0,1291,242,242
Temporal,fr3_walking_halfsphere,run_03,331,0,0,1377,290,290
Temporal,fr3_walking_halfsphere,run_03,332,0,0,1303,236,236
Temporal,fr3_walking_halfsphere,run_03,333,0,0,1148,222,222
Temporal,fr3_walking_halfsphere,run_03,334,0,0,1403,220,220
Temporal,fr3_walking_halfsphere,run_03,335,0,0,1433,243,243
Temporal,fr3_walking_halfsphere,run_03,336,0,0,1422,220,220
Temporal,fr3_walking_halfsphere,run_03,337,0,0,1465,237,237
Temporal,fr3_walking_halfsphere,run_03,338,0,0,1459,247,247
Temporal,fr3_walking_halfsphere,run_03,339,0,0,1441,257,257
Temporal,fr3_walking_halfsphere,run_03,340,0,0,1485,276,276
Temporal,fr3_walking_halfsphere,run_03,341,0,0,1273,248,248
Temporal,fr3_walking_halfsphere,run_03,342,0,0,1506,290,290
Temporal,fr3_walking_halfsphere,run_03,343,0,0,1626,294,294
Temporal,fr3_walking_halfsphere,run_03,344,0,0,1554,332,332
Temporal,fr3_walking_halfsphere,run_03,345,0,0,1513,321,321
Temporal,fr3_walking_halfsphere,run_03,346,0,0,1552,319,319
Temporal,fr3_walking_halfsphere,run_03,347,0,0,1623,374,374
Temporal,fr3_walking_halfsphere,run_03,348,0,0,1397,313,313
Temporal,fr3_walking_halfsphere,run_03,349,0,0,1683,306,306
Temporal,fr3_walking_halfsphere,run_03,350,0,0,1704,313,313
Temporal,fr3_walking_halfsphere,run_03,351,0,0,1712,288,288
Temporal,fr3_walking_halfsphere,run_03,352,0,0,1744,285,285
Temporal,fr3_walking_halfsphere,run_03,353,0,0,1778,270,270
Temporal,fr3_walking_halfsphere,run_03,354,0,0,1736,253,253
Temporal,fr3_walking_halfsphere,run_03,355,0,0,1751,248,248
Temporal,fr3_walking_halfsphere,run_03,356,0,0,1776,245,245
Temporal,fr3_walking_halfsphere,run_03,357,0,0,1775,237,237
Temporal,fr3_walking_halfsphere,run_03,358,0,0,1757,227,227
Temporal,fr3_walking_halfsphere,run_03,359,0,0,1752,205,205
Temporal,fr3_walking_halfsphere,run_03,360,0,0,1744,174,174
Temporal,fr3_walking_halfsphere,run_03,361,0,0,1774,133,133
Temporal,fr3_walking_halfsphere,run_03,362,0,0,1929,114,114
Temporal,fr3_walking_halfsphere,run_03,363,0,0,1751,93,93
Temporal,fr3_walking_halfsphere,run_03,364,0,0,1479,70,70
Temporal,fr3_walking_halfsphere,run_03,365,0,0,1779,54,54
Temporal,fr3_walking_halfsphere,run_03,366,0,0,2155,47,47
Temporal,fr3_walking_halfsphere,run_03,367,0,0,1759,42,42
Temporal,fr3_walking_halfsphere,run_03,368,0,0,1727,58,58
Temporal,fr3_walking_halfsphere,run_03,369,0,0,1746,56,56
Temporal,fr3_walking_halfsphere,run_03,370,0,0,1904,65,65
Temporal,fr3_walking_halfsphere,run_03,371,0,0,1777,60,60
Temporal,fr3_walking_halfsphere,run_03,372,0,0,1785,59,59
Temporal,fr3_walking_halfsphere,run_03,373,0,0,1773,56,56
Temporal,fr3_walking_halfsphere,run_03,374,0,0,1787,69,69
Temporal,fr3_walking_halfsphere,run_03,375,0,0,1758,63,63
Temporal,fr3_walking_halfsphere,run_03,376,0,0,1789,52,52
Temporal,fr3_walking_halfsphere,run_03,377,0,0,1766,66,66
Temporal,fr3_walking_halfsphere,run_03,378,0,0,1779,57,57
Temporal,fr3_walking_halfsphere,run_03,379,0,0,1775,60,60
Temporal,fr3_walking_halfsphere,run_03,380,0,0,1948,57,57
Temporal,fr3_walking_halfsphere,run_03,381,0,0,1943,57,57
Temporal,fr3_walking_halfsphere,run_03,382,0,0,1924,55,55
Temporal,fr3_walking_halfsphere,run_03,383,0,0,1919,78,78
Temporal,fr3_walking_halfsphere,run_03,384,0,0,1902,53,53
Temporal,fr3_walking_halfsphere,run_03,385,0,0,1746,42,42
Temporal,fr3_walking_halfsphere,run_03,386,0,0,1788,39,39
Temporal,fr3_walking_halfsphere,run_03,387,0,0,1772,34,34
Temporal,fr3_walking_halfsphere,run_03,388,0,0,1794,27,27
Temporal,fr3_walking_halfsphere,run_03,389,0,0,1770,22,22
Temporal,fr3_walking_halfsphere,run_03,390,0,0,1780,18,18
Temporal,fr3_walking_halfsphere,run_03,391,0,0,1812,17,17
Temporal,fr3_walking_halfsphere,run_03,392,0,0,1805,16,16
Temporal,fr3_walking_halfsphere,run_03,393,0,0,1787,8,8
Temporal,fr3_walking_halfsphere,run_03,394,0,0,1792,3,3
Temporal,fr3_walking_halfsphere,run_03,395,0,0,1774,0,0
Temporal,fr3_walking_halfsphere,run_03,396,0,0,1726,0,0
Temporal,fr3_walking_halfsphere,run_03,397,0,0,1759,0,0
Temporal,fr3_walking_halfsphere,run_03,398,0,0,1804,0,0
Temporal,fr3_walking_halfsphere,run_03,399,0,0,1807,0,0
Temporal,fr3_walking_halfsphere,run_03,400,0,0,1753,0,0
Temporal,fr3_walking_halfsphere,run_03,401,0,0,1463,0,0
Temporal,fr3_walking_halfsphere,run_03,402,0,0,1888,0,0
Temporal,fr3_walking_halfsphere,run_03,403,0,0,1825,0,0
Temporal,fr3_walking_halfsphere,run_03,404,0,0,1868,0,0
Temporal,fr3_walking_halfsphere,run_03,405,0,0,1899,0,0
Temporal,fr3_walking_halfsphere,run_03,406,0,0,1923,0,0
Temporal,fr3_walking_halfsphere,run_03,407,0,0,1601,0,0
Temporal,fr3_walking_halfsphere,run_03,408,0,0,2040,0,0
Temporal,fr3_walking_halfsphere,run_03,409,0,0,2161,0,0
Temporal,fr3_walking_halfsphere,run_03,410,0,0,2035,0,0
Temporal,fr3_walking_halfsphere,run_03,411,0,0,2059,0,0
Temporal,fr3_walking_halfsphere,run_03,412,0,0,2053,0,0
Temporal,fr3_walking_halfsphere,run_03,413,0,0,1607,0,0
Temporal,fr3_walking_halfsphere,run_03,414,0,0,2033,0,0
Temporal,fr3_walking_halfsphere,run_03,415,0,0,2087,0,0
Temporal,fr3_walking_halfsphere,run_03,416,0,0,2115,0,0
Temporal,fr3_walking_halfsphere,run_03,417,0,0,1999,0,0
Temporal,fr3_walking_halfsphere,run_03,418,0,0,1527,0,0
Temporal,fr3_walking_halfsphere,run_03,419,0,0,1965,453,453
Temporal,fr3_walking_halfsphere,run_03,420,0,0,1809,322,322
Temporal,fr3_walking_halfsphere,run_03,421,0,0,1689,250,250
Temporal,fr3_walking_halfsphere,run_03,422,0,0,1553,164,164
Temporal,fr3_walking_halfsphere,run_03,423,0,0,1728,187,187
Temporal,fr3_walking_halfsphere,run_03,424,0,0,1704,204,204
Temporal,fr3_walking_halfsphere,run_03,425,0,0,1652,191,191
Temporal,fr3_walking_halfsphere,run_03,426,0,0,1476,182,182
Temporal,fr3_walking_halfsphere,run_03,427,0,0,1799,195,195
Temporal,fr3_walking_halfsphere,run_03,428,0,0,1634,187,187
Temporal,fr3_walking_halfsphere,run_03,429,0,0,1865,188,188
Temporal,fr3_walking_halfsphere,run_03,430,0,0,1558,70,70
Temporal,fr3_walking_halfsphere,run_03,431,0,0,1637,45,45
Temporal,fr3_walking_halfsphere,run_03,432,0,0,1685,179,179
Temporal,fr3_walking_halfsphere,run_03,433,0,0,2021,441,441
Temporal,fr3_walking_halfsphere,run_03,434,0,0,1701,312,312
Temporal,fr3_walking_halfsphere,run_03,435,0,0,1639,223,223
Temporal,fr3_walking_halfsphere,run_03,436,0,0,1879,403,403
Temporal,fr3_walking_halfsphere,run_03,437,0,0,1634,311,311
Temporal,fr3_walking_halfsphere,run_03,438,0,0,1669,277,277
Temporal,fr3_walking_halfsphere,run_03,439,0,0,1546,268,268
Temporal,fr3_walking_halfsphere,run_03,440,0,0,2118,571,571
Temporal,fr3_walking_halfsphere,run_03,441,0,0,1873,446,446
Temporal,fr3_walking_halfsphere,run_03,442,0,0,1770,180,180
Temporal,fr3_walking_halfsphere,run_03,443,0,0,2170,511,511
Temporal,fr3_walking_halfsphere,run_03,444,0,0,2143,499,499
Temporal,fr3_walking_halfsphere,run_03,445,0,0,1853,272,272
Temporal,fr3_walking_halfsphere,run_03,446,0,0,1853,688,688
Temporal,fr3_walking_halfsphere,run_03,447,0,0,1783,719,719
Temporal,fr3_walking_halfsphere,run_03,448,0,0,1758,816,816
Temporal,fr3_walking_halfsphere,run_03,449,0,0,1672,972,972
Temporal,fr3_walking_halfsphere,run_03,450,0,0,1399,746,746
Temporal,fr3_walking_halfsphere,run_03,451,0,0,1636,804,804
Temporal,fr3_walking_halfsphere,run_03,452,0,0,1577,795,795
Temporal,fr3_walking_halfsphere,run_03,453,0,0,1330,636,636
Temporal,fr3_walking_halfsphere,run_03,454,0,0,1439,636,636
Temporal,fr3_walking_halfsphere,run_03,455,0,0,1259,501,501
Temporal,fr3_walking_halfsphere,run_03,456,0,0,1480,640,640
Temporal,fr3_walking_halfsphere,run_03,457,0,0,1445,630,630
Temporal,fr3_walking_halfsphere,run_03,458,0,0,1267,564,564
Temporal,fr3_walking_halfsphere,run_03,459,0,0,1337,497,497
Temporal,fr3_walking_halfsphere,run_03,460,0,0,1437,582,582
Temporal,fr3_walking_halfsphere,run_03,461,0,0,1434,586,586
Temporal,fr3_walking_halfsphere,run_03,462,0,0,1515,621,621
Temporal,fr3_walking_halfsphere,run_03,463,0,0,1262,525,525
Temporal,fr3_walking_halfsphere,run_03,464,0,0,1613,646,646
Temporal,fr3_walking_halfsphere,run_03,465,0,0,1427,513,513
Temporal,fr3_walking_halfsphere,run_03,466,0,0,1423,505,505
Temporal,fr3_walking_halfsphere,run_03,467,0,0,1577,638,638
Temporal,fr3_walking_halfsphere,run_03,468,0,0,1400,478,478
Temporal,fr3_walking_halfsphere,run_03,469,0,0,1452,504,504
Temporal,fr3_walking_halfsphere,run_03,470,0,0,1403,478,478
Temporal,fr3_walking_halfsphere,run_03,471,0,0,1391,460,460
Temporal,fr3_walking_halfsphere,run_03,472,0,0,1376,455,455
Temporal,fr3_walking_halfsphere,run_03,473,0,0,1383,444,444
Temporal,fr3_walking_halfsphere,run_03,474,0,0,1383,472,472
Temporal,fr3_walking_halfsphere,run_03,475,0,0,1423,706,706
Temporal,fr3_walking_halfsphere,run_03,476,0,0,1296,626,626
Temporal,fr3_walking_halfsphere,run_03,477,0,0,1485,608,608
Temporal,fr3_walking_halfsphere,run_03,478,0,0,1427,611,611
Temporal,fr3_walking_halfsphere,run_03,479,0,0,1530,730,730
Temporal,fr3_walking_halfsphere,run_03,480,0,0,1524,697,697
Temporal,fr3_walking_halfsphere,run_03,481,0,0,1591,730,730
Temporal,fr3_walking_halfsphere,run_03,482,0,0,1611,742,742
Temporal,fr3_walking_halfsphere,run_03,483,0,0,1681,749,749
Temporal,fr3_walking_halfsphere,run_03,484,0,0,1689,752,752
Temporal,fr3_walking_halfsphere,run_03,485,0,0,1646,691,691
Temporal,fr3_walking_halfsphere,run_03,486,0,0,1747,773,773
Temporal,fr3_walking_halfsphere,run_03,487,0,0,1593,627,627
Temporal,fr3_walking_halfsphere,run_03,488,0,0,1613,629,629
Temporal,fr3_walking_halfsphere,run_03,489,0,0,1791,785,785
Temporal,fr3_walking_halfsphere,run_03,490,0,0,1579,613,613
Temporal,fr3_walking_halfsphere,run_03,491,0,0,1563,697,697
Temporal,fr3_walking_halfsphere,run_03,492,0,0,1525,615,615
Temporal,fr3_walking_halfsphere,run_03,493,0,0,1554,603,603
Temporal,fr3_walking_halfsphere,run_03,494,0,0,1517,550,550
Temporal,fr3_walking_halfsphere,run_03,495,0,0,1514,534,534
Temporal,fr3_walking_halfsphere,run_03,496,0,0,1489,515,515
Temporal,fr3_walking_halfsphere,run_03,497,0,0,1294,457,457
Temporal,fr3_walking_halfsphere,run_03,498,0,0,1658,585,585
Temporal,fr3_walking_halfsphere,run_03,499,0,0,1490,473,473
Temporal,fr3_walking_halfsphere,run_03,500,0,0,1786,672,672
Temporal,fr3_walking_halfsphere,run_03,501,0,0,1543,527,527
Temporal,fr3_walking_halfsphere,run_03,502,0,0,1611,529,529
Temporal,fr3_walking_halfsphere,run_03,503,0,0,1592,517,517
Temporal,fr3_walking_halfsphere,run_03,504,0,0,1705,609,609
Temporal,fr3_walking_halfsphere,run_03,505,0,0,1511,579,579
Temporal,fr3_walking_halfsphere,run_03,506,0,0,1585,540,540
Temporal,fr3_walking_halfsphere,run_03,507,0,0,1570,522,522
Temporal,fr3_walking_halfsphere,run_03,508,0,0,1611,520,520
Temporal,fr3_walking_halfsphere,run_03,509,0,0,1340,454,454
Temporal,fr3_walking_halfsphere,run_03,510,0,0,1547,454,454
Temporal,fr3_walking_halfsphere,run_03,511,0,0,1579,526,526
Temporal,fr3_walking_halfsphere,run_03,512,0,0,1530,517,517
Temporal,fr3_walking_halfsphere,run_03,513,0,0,1728,510,510
Temporal,fr3_walking_halfsphere,run_03,514,0,0,1520,476,476
Temporal,fr3_walking_halfsphere,run_03,515,0,0,1774,495,495
Temporal,fr3_walking_halfsphere,run_03,516,0,0,1795,491,491
Temporal,fr3_walking_halfsphere,run_03,517,0,0,2090,615,615
Temporal,fr3_walking_halfsphere,run_03,518,0,0,1666,398,398
Temporal,fr3_walking_halfsphere,run_03,519,0,0,2004,476,476
Temporal,fr3_walking_halfsphere,run_03,520,0,0,1562,239,239
Temporal,fr3_walking_halfsphere,run_03,521,0,0,1576,186,186
Temporal,fr3_walking_halfsphere,run_03,522,0,0,1835,343,343
Temporal,fr3_walking_halfsphere,run_03,523,0,0,1715,192,192
Temporal,fr3_walking_halfsphere,run_03,524,0,0,1730,224,224
Temporal,fr3_walking_halfsphere,run_03,525,0,0,1686,212,212
Temporal,fr3_walking_halfsphere,run_03,526,0,0,1535,191,191
Temporal,fr3_walking_halfsphere,run_03,527,0,0,1863,187,187
Temporal,fr3_walking_halfsphere,run_03,528,0,0,1565,169,169
Temporal,fr3_walking_halfsphere,run_03,529,0,0,1537,84,84
Temporal,fr3_walking_halfsphere,run_03,530,0,0,1636,278,278
Temporal,fr3_walking_halfsphere,run_03,531,0,0,1792,343,343
Temporal,fr3_walking_halfsphere,run_03,532,0,0,1440,392,392
Temporal,fr3_walking_halfsphere,run_03,533,0,0,1372,499,499
Temporal,fr3_walking_halfsphere,run_03,534,0,0,1498,595,595
Temporal,fr3_walking_halfsphere,run_03,535,0,0,1319,518,518
Temporal,fr3_walking_halfsphere,run_03,536,0,0,1342,525,525
Temporal,fr3_walking_halfsphere,run_03,537,0,0,1312,563,563
Temporal,fr3_walking_halfsphere,run_03,538,0,0,1314,585,585
Temporal,fr3_walking_halfsphere,run_03,539,0,0,1249,587,587
Temporal,fr3_walking_halfsphere,run_03,543,0,0,123,22,22
Temporal,fr3_walking_halfsphere,run_03,547,0,0,120,24,24
Temporal,fr3_walking_halfsphere,run_03,559,0,0,212,168,168
Temporal,fr3_walking_halfsphere,run_03,777,0,7,999,0,0
Temporal,fr3_walking_halfsphere,run_03,778,0,2,0,0,0
Temporal,fr3_walking_halfsphere,run_03,779,0,7,1216,0,0
Temporal,fr3_walking_halfsphere,run_03,780,0,3,0,0,0
Temporal,fr3_walking_halfsphere,run_03,781,0,2,1298,53,53
Temporal,fr3_walking_halfsphere,run_03,784,0,1,1257,48,48
Temporal,fr3_walking_halfsphere,run_03,785,0,2,707,28,28
Temporal,fr3_walking_halfsphere,run_03,786,0,0,1851,33,33
Temporal,fr3_walking_halfsphere,run_03,787,0,0,1802,33,33
Temporal,fr3_walking_halfsphere,run_03,788,0,0,1647,32,32
Temporal,fr3_walking_halfsphere,run_03,789,0,0,1880,18,18
Temporal,fr3_walking_halfsphere,run_03,790,0,0,1825,22,22
Temporal,fr3_walking_halfsphere,run_03,791,0,0,1552,14,14
Temporal,fr3_walking_halfsphere,run_03,792,0,0,1653,15,15
Temporal,fr3_walking_halfsphere,run_03,793,0,0,1414,14,14
Temporal,fr3_walking_halfsphere,run_03,794,0,0,1476,21,21
Temporal,fr3_walking_halfsphere,run_03,795,0,0,1551,20,20
Temporal,fr3_walking_halfsphere,run_03,796,0,0,1564,11,11
Temporal,fr3_walking_halfsphere,run_03,797,0,0,1544,8,8
Temporal,fr3_walking_halfsphere,run_03,798,0,0,1533,9,9
Temporal,fr3_walking_halfsphere,run_03,799,0,0,1602,7,7
Temporal,fr3_walking_halfsphere,run_03,800,0,0,1585,48,48
Temporal,fr3_walking_halfsphere,run_03,801,0,0,1583,28,28
Temporal,fr3_walking_halfsphere,run_03,802,0,0,1494,23,23
Temporal,fr3_walking_halfsphere,run_03,803,0,0,1460,17,17
Temporal,fr3_walking_halfsphere,run_03,804,0,0,1332,17,17
Temporal,fr3_walking_halfsphere,run_03,805,0,0,1357,12,12
Temporal,fr3_walking_halfsphere,run_03,806,0,0,1448,10,10
Temporal,fr3_walking_halfsphere,run_03,807,0,0,1084,200,200
Temporal,fr3_walking_halfsphere,run_03,808,0,0,1073,3,3
Temporal,fr3_walking_halfsphere,run_03,811,0,0,226,0,0
Temporal,fr3_walking_halfsphere,run_03,812,0,0,1040,0,0
Temporal,fr3_walking_halfsphere,run_03,813,0,0,948,0,0
Temporal,fr3_walking_halfsphere,run_03,814,0,0,1291,0,0
Temporal,fr3_walking_halfsphere,run_03,815,0,0,1347,0,0
Temporal,fr3_walking_halfsphere,run_03,816,0,0,1401,501,501
Temporal,fr3_walking_halfsphere,run_03,819,0,0,202,57,57
Temporal,fr3_walking_halfsphere,run_03,823,0,3,916,181,181
Temporal,fr3_walking_halfsphere,run_03,824,0,7,891,168,168
Temporal,fr3_walking_halfsphere,run_03,825,0,0,1055,270,270
Temporal,fr3_walking_halfsphere,run_03,826,0,0,1018,231,231
Temporal,fr3_walking_halfsphere,run_03,827,0,0,987,222,222
Temporal,fr3_walking_halfsphere,run_03,828,0,0,1036,236,236
Temporal,fr3_walking_halfsphere,run_03,829,0,0,1023,266,266
Temporal,fr3_walking_halfsphere,run_03,830,0,0,982,230,230
Temporal,fr3_walking_halfsphere,run_03,831,0,0,970,226,226
Temporal,fr3_walking_halfsphere,run_03,832,0,0,977,226,226
Temporal,fr3_walking_halfsphere,run_03,833,0,0,951,214,214
Temporal,fr3_walking_halfsphere,run_03,834,0,0,961,221,221
Temporal,fr3_walking_halfsphere,run_03,835,0,0,955,295,295
Temporal,fr3_walking_halfsphere,run_03,836,0,0,928,339,339
Temporal,fr3_walking_halfsphere,run_03,837,0,0,891,332,332
Temporal,fr3_walking_halfsphere,run_03,838,0,0,896,376,376
Temporal,fr3_walking_halfsphere,run_03,839,0,0,907,436,436
Temporal,fr3_walking_halfsphere,run_03,874,0,12,892,133,133
Temporal,fr3_walking_halfsphere,run_03,875,0,7,0,0,0
Temporal,fr3_walking_halfsphere,run_03,879,0,0,213,22,22
Temporal,fr3_walking_halfsphere,run_03,882,0,3,928,24,24
Temporal,fr3_walking_halfsphere,run_03,883,0,2,903,24,24
Temporal,fr3_walking_halfsphere,run_03,884,0,0,1310,24,24
Temporal,fr3_walking_halfsphere,run_03,885,0,0,1344,21,21
Temporal,fr3_walking_halfsphere,run_03,886,0,0,1341,21,21
Temporal,fr3_walking_halfsphere,run_03,887,0,0,1355,21,21
Temporal,fr3_walking_halfsphere,run_03,888,0,0,1392,21,21
Temporal,fr3_walking_halfsphere,run_03,889,0,0,1370,21,21
Temporal,fr3_walking_halfsphere,run_03,890,0,0,1423,21,21
Temporal,fr3_walking_halfsphere,run_03,891,0,0,1491,21,21
Temporal,fr3_walking_halfsphere,run_03,892,0,0,1410,21,21
Temporal,fr3_walking_halfsphere,run_03,893,0,0,1406,21,21
Temporal,fr3_walking_halfsphere,run_03,894,0,0,1415,21,21
Temporal,fr3_walking_halfsphere,run_03,895,0,0,1361,2,2
Temporal,fr3_walking_halfsphere,run_03,896,0,0,1358,2,2
Temporal,fr3_walking_halfsphere,run_03,897,0,0,1431,2,2
Temporal,fr3_walking_halfsphere,run_03,898,0,0,1175,2,2
Temporal,fr3_walking_halfsphere,run_03,899,0,1,1159,2,2
Temporal,fr3_walking_halfsphere,run_03,900,0,0,1504,1,1
Temporal,fr3_walking_halfsphere,run_03,901,0,0,1504,1,1
Temporal,fr3_walking_halfsphere,run_03,902,0,0,1508,1,1
Temporal,fr3_walking_halfsphere,run_03,903,0,0,1511,0,0
Temporal,fr3_walking_halfsphere,run_03,904,0,0,1486,0,0
Temporal,fr3_walking_halfsphere,run_03,905,0,0,1510,0,0
Temporal,fr3_walking_halfsphere,run_03,906,0,0,1471,0,0
Temporal,fr3_walking_halfsphere,run_03,907,0,0,1455,0,0
Temporal,fr3_walking_halfsphere,run_03,908,0,0,1493,267,267
Temporal,fr3_walking_halfsphere,run_03,909,0,0,1378,163,163
Temporal,fr3_walking_halfsphere,run_03,910,0,0,1373,181,181
Temporal,fr3_walking_halfsphere,run_03,911,0,0,1398,164,164
Temporal,fr3_walking_halfsphere,run_03,912,0,0,1492,275,275
Temporal,fr3_walking_halfsphere,run_03,913,0,0,1436,218,218
Temporal,fr3_walking_halfsphere,run_03,914,0,0,1482,206,206
Temporal,fr3_walking_halfsphere,run_03,915,0,0,1482,203,203
Temporal,fr3_walking_halfsphere,run_03,916,0,0,1458,206,206
Temporal,fr3_walking_halfsphere,run_03,917,0,0,1476,188,188
Temporal,fr3_walking_halfsphere,run_03,918,0,0,1476,188,188
Temporal,fr3_walking_halfsphere,run_03,919,0,0,1555,203,203
Temporal,fr3_walking_halfsphere,run_03,920,0,0,1532,198,198
Temporal,fr3_walking_halfsphere,run_03,921,0,0,1580,186,186
Temporal,fr3_walking_halfsphere,run_03,922,0,0,1542,185,185
Temporal,fr3_walking_halfsphere,run_03,923,0,0,1606,199,199
Temporal,fr3_walking_halfsphere,run_03,941,0,0,153,35,35
Temporal,fr3_walking_halfsphere,run_03,968,0,0,1060,314,314
Temporal,fr3_walking_halfsphere,run_03,969,0,3,1041,329,329
Temporal,fr3_walking_halfsphere,run_03,970,0,0,1303,461,461
Temporal,fr3_walking_halfsphere,run_03,971,0,0,1370,486,486
Temporal,fr3_walking_halfsphere,run_03,972,0,0,1377,493,493
Temporal,fr3_walking_halfsphere,run_03,973,0,0,1409,554,554
Temporal,fr3_walking_halfsphere,run_03,974,0,0,1363,594,594
Temporal,fr3_walking_halfsphere,run_03,975,0,0,1343,625,625
Temporal,fr3_walking_halfsphere,run_03,976,0,0,1311,568,568
Temporal,fr3_walking_halfsphere,run_03,977,0,0,1353,594,594
Temporal,fr3_walking_halfsphere,run_03,978,0,0,1349,594,594
Temporal,fr3_walking_halfsphere,run_03,979,0,0,1315,581,581
Temporal,fr3_walking_halfsphere,run_03,980,0,0,1325,588,588
Temporal,fr3_walking_halfsphere,run_03,981,0,0,1324,575,575
Temporal,fr3_walking_halfsphere,run_03,982,0,0,1366,572,572
Temporal,fr3_walking_halfsphere,run_03,983,0,0,1360,572,572
Temporal,fr3_walking_halfsphere,run_03,984,0,0,1388,573,573
Temporal,fr3_walking_halfsphere,run_03,985,0,0,1394,559,559
Temporal,fr3_walking_halfsphere,run_03,986,0,0,1416,556,556
Temporal,fr3_walking_halfsphere,run_03,987,0,0,1431,557,557
Temporal,fr3_walking_halfsphere,run_03,988,0,0,1434,534,534
Temporal,fr3_walking_halfsphere,run_03,989,0,0,1430,524,524
Temporal,fr3_walking_halfsphere,run_03,990,0,0,1440,512,512
Temporal,fr3_walking_halfsphere,run_03,991,0,0,1457,474,474
Temporal,fr3_walking_halfsphere,run_03,992,0,0,1441,435,435
Temporal,fr3_walking_halfsphere,run_03,993,0,0,1460,443,443
Temporal,fr3_walking_halfsphere,run_03,994,0,0,1454,458,458
Temporal,fr3_walking_halfsphere,run_03,995,0,0,1441,419,419
Temporal,fr3_walking_halfsphere,run_03,996,0,0,1454,447,447
Temporal,fr3_walking_halfsphere,run_03,997,0,0,1475,426,426
Temporal,fr3_walking_halfsphere,run_03,998,0,0,1443,445,445
Temporal,fr3_walking_halfsphere,run_03,999,0,0,1417,433,433
Temporal,fr3_walking_halfsphere,run_03,1000,0,0,1602,423,423
Temporal,fr3_walking_halfsphere,run_03,1001,0,0,1623,435,435
Temporal,fr3_walking_halfsphere,run_03,1002,0,0,1606,449,449
Temporal,fr3_walking_halfsphere,run_03,1003,0,0,1596,443,443
Temporal,fr3_walking_halfsphere,run_03,1004,0,0,1642,462,462
Temporal,fr3_walking_halfsphere,run_03,1005,0,0,1625,446,446
Temporal,fr3_walking_halfsphere,run_03,1006,0,0,1636,464,464
Temporal,fr3_walking_halfsphere,run_03,1007,0,0,1665,474,474
Temporal,fr3_walking_halfsphere,run_03,1008,0,0,1532,438,438
Temporal,fr3_walking_halfsphere,run_03,1009,0,0,1682,443,443
Temporal,fr3_walking_halfsphere,run_03,1010,0,0,1709,472,472
Temporal,fr3_walking_halfsphere,run_03,1011,0,0,1720,493,493
Temporal,fr3_walking_halfsphere,run_03,1012,0,0,1677,489,489
Temporal,fr3_walking_halfsphere,run_03,1013,0,0,1937,572,572
Temporal,fr3_walking_halfsphere,run_03,1014,0,0,1807,514,514
Temporal,fr3_walking_halfsphere,run_03,1015,0,0,1809,508,508
Temporal,fr3_walking_halfsphere,run_03,1016,0,0,1992,637,637
Temporal,fr3_walking_halfsphere,run_03,1017,0,0,1664,487,487
Temporal,fr3_walking_halfsphere,run_03,1018,0,0,1689,509,509
Temporal,fr3_walking_halfsphere,run_03,1019,0,0,1836,565,565
Temporal,fr3_walking_halfsphere,run_03,1020,0,0,1839,561,561
Temporal,fr3_walking_halfsphere,run_04,1,0,0,291,46,46
Temporal,fr3_walking_halfsphere,run_04,2,0,0,433,38,38
Temporal,fr3_walking_halfsphere,run_04,3,0,0,353,2,2
Temporal,fr3_walking_halfsphere,run_04,4,0,0,467,56,56
Temporal,fr3_walking_halfsphere,run_04,5,0,0,371,93,93
Temporal,fr3_walking_halfsphere,run_04,6,0,0,427,129,129
Temporal,fr3_walking_halfsphere,run_04,7,0,0,375,84,84
Temporal,fr3_walking_halfsphere,run_04,8,0,0,378,45,45
Temporal,fr3_walking_halfsphere,run_04,9,0,0,476,50,50
Temporal,fr3_walking_halfsphere,run_04,10,0,0,596,79,79
Temporal,fr3_walking_halfsphere,run_04,11,0,0,516,149,149
Temporal,fr3_walking_halfsphere,run_04,12,0,0,537,110,110
Temporal,fr3_walking_halfsphere,run_04,13,0,0,709,267,267
Temporal,fr3_walking_halfsphere,run_04,14,0,0,569,223,223
Temporal,fr3_walking_halfsphere,run_04,15,0,0,516,160,160
Temporal,fr3_walking_halfsphere,run_04,16,0,0,504,134,134
Temporal,fr3_walking_halfsphere,run_04,17,0,0,518,212,212
Temporal,fr3_walking_halfsphere,run_04,18,0,0,529,220,220
Temporal,fr3_walking_halfsphere,run_04,19,0,0,486,204,204
Temporal,fr3_walking_halfsphere,run_04,20,0,0,521,227,227
Temporal,fr3_walking_halfsphere,run_04,21,0,0,536,219,219
Temporal,fr3_walking_halfsphere,run_04,22,0,0,507,223,223
Temporal,fr3_walking_halfsphere,run_04,23,0,0,558,244,244
Temporal,fr3_walking_halfsphere,run_04,24,0,0,565,256,256
Temporal,fr3_walking_halfsphere,run_04,25,0,0,542,335,335
Temporal,fr3_walking_halfsphere,run_04,26,0,0,586,398,398
Temporal,fr3_walking_halfsphere,run_04,27,0,0,522,337,337
Temporal,fr3_walking_halfsphere,run_04,28,0,0,522,313,313
Temporal,fr3_walking_halfsphere,run_04,29,0,0,568,337,337
Temporal,fr3_walking_halfsphere,run_04,30,0,0,550,384,384
Temporal,fr3_walking_halfsphere,run_04,31,0,0,600,374,374
Temporal,fr3_walking_halfsphere,run_04,32,0,0,550,346,346
Temporal,fr3_walking_halfsphere,run_04,33,0,0,601,354,354
Temporal,fr3_walking_halfsphere,run_04,34,0,0,599,376,376
Temporal,fr3_walking_halfsphere,run_04,35,0,0,607,355,355
Temporal,fr3_walking_halfsphere,run_04,36,0,0,577,349,349
Temporal,fr3_walking_halfsphere,run_04,37,0,0,620,362,362
Temporal,fr3_walking_halfsphere,run_04,38,0,0,607,378,378
Temporal,fr3_walking_halfsphere,run_04,39,0,0,647,392,392
Temporal,fr3_walking_halfsphere,run_04,40,0,0,647,387,387
Temporal,fr3_walking_halfsphere,run_04,41,0,0,625,369,369
Temporal,fr3_walking_halfsphere,run_04,42,0,0,675,367,367
Temporal,fr3_walking_halfsphere,run_04,43,0,0,681,364,364
Temporal,fr3_walking_halfsphere,run_04,44,0,0,676,364,364
Temporal,fr3_walking_halfsphere,run_04,45,0,0,638,339,339
Temporal,fr3_walking_halfsphere,run_04,46,0,0,674,332,332
Temporal,fr3_walking_halfsphere,run_04,47,0,0,721,334,334
Temporal,fr3_walking_halfsphere,run_04,48,0,0,695,331,331
Temporal,fr3_walking_halfsphere,run_04,49,0,0,727,327,327
Temporal,fr3_walking_halfsphere,run_04,50,0,0,728,324,324
Temporal,fr3_walking_halfsphere,run_04,51,0,0,724,337,337
Temporal,fr3_walking_halfsphere,run_04,52,0,0,749,366,366
Temporal,fr3_walking_halfsphere,run_04,53,0,0,735,370,370
Temporal,fr3_walking_halfsphere,run_04,54,0,0,743,395,395
Temporal,fr3_walking_halfsphere,run_04,55,0,0,764,413,413
Temporal,fr3_walking_halfsphere,run_04,56,0,0,650,346,346
Temporal,fr3_walking_halfsphere,run_04,57,0,0,618,317,317
Temporal,fr3_walking_halfsphere,run_04,58,0,0,626,314,314
Temporal,fr3_walking_halfsphere,run_04,59,0,0,610,291,291
Temporal,fr3_walking_halfsphere,run_04,60,0,0,605,289,289
Temporal,fr3_walking_halfsphere,run_04,61,0,0,605,291,291
Temporal,fr3_walking_halfsphere,run_04,62,0,0,621,272,272
Temporal,fr3_walking_halfsphere,run_04,63,0,0,672,283,283
Temporal,fr3_walking_halfsphere,run_04,64,0,0,609,257,257
Temporal,fr3_walking_halfsphere,run_04,65,0,0,650,262,262
Temporal,fr3_walking_halfsphere,run_04,66,0,0,601,310,310
Temporal,fr3_walking_halfsphere,run_04,67,0,0,626,333,333
Temporal,fr3_walking_halfsphere,run_04,68,0,0,626,372,372
Temporal,fr3_walking_halfsphere,run_04,69,0,0,586,336,336
Temporal,fr3_walking_halfsphere,run_04,70,0,0,633,369,369
Temporal,fr3_walking_halfsphere,run_04,71,0,0,620,387,387
Temporal,fr3_walking_halfsphere,run_04,72,0,0,594,371,371
Temporal,fr3_walking_halfsphere,run_04,73,0,0,641,379,379
Temporal,fr3_walking_halfsphere,run_04,74,0,0,603,371,371
Temporal,fr3_walking_halfsphere,run_04,75,0,0,619,369,369
Temporal,fr3_walking_halfsphere,run_04,76,0,0,616,375,375
Temporal,fr3_walking_halfsphere,run_04,77,0,0,600,374,374
Temporal,fr3_walking_halfsphere,run_04,78,0,0,593,374,374
Temporal,fr3_walking_halfsphere,run_04,79,0,0,551,370,370
Temporal,fr3_walking_halfsphere,run_04,80,0,0,584,361,361
Temporal,fr3_walking_halfsphere,run_04,81,0,0,557,352,352
Temporal,fr3_walking_halfsphere,run_04,82,0,0,607,355,355
Temporal,fr3_walking_halfsphere,run_04,83,0,0,587,337,337
Temporal,fr3_walking_halfsphere,run_04,84,0,0,630,393,393
Temporal,fr3_walking_halfsphere,run_04,85,0,0,630,371,371
Temporal,fr3_walking_halfsphere,run_04,86,0,0,628,372,372
Temporal,fr3_walking_halfsphere,run_04,87,0,0,654,360,360
Temporal,fr3_walking_halfsphere,run_04,88,0,0,675,369,369
Temporal,fr3_walking_halfsphere,run_04,89,0,0,751,393,393
Temporal,fr3_walking_halfsphere,run_04,90,0,0,740,380,380
Temporal,fr3_walking_halfsphere,run_04,91,0,0,758,403,403
Temporal,fr3_walking_halfsphere,run_04,92,0,0,660,368,368
Temporal,fr3_walking_halfsphere,run_04,93,0,0,701,366,366
Temporal,fr3_walking_halfsphere,run_04,94,0,0,695,365,365
Temporal,fr3_walking_halfsphere,run_04,95,0,0,717,378,378
Temporal,fr3_walking_halfsphere,run_04,96,0,0,719,378,378
Temporal,fr3_walking_halfsphere,run_04,97,0,0,689,359,359
Temporal,fr3_walking_halfsphere,run_04,98,0,0,725,364,364
Temporal,fr3_walking_halfsphere,run_04,99,0,0,753,363,363
Temporal,fr3_walking_halfsphere,run_04,100,0,0,746,350,350
Temporal,fr3_walking_halfsphere,run_04,101,0,0,769,344,344
Temporal,fr3_walking_halfsphere,run_04,102,0,0,823,335,335
Temporal,fr3_walking_halfsphere,run_04,103,0,0,908,361,361
Temporal,fr3_walking_halfsphere,run_04,104,0,0,1009,374,374
Temporal,fr3_walking_halfsphere,run_04,105,0,0,940,355,355
Temporal,fr3_walking_halfsphere,run_04,106,0,0,1074,368,368
Temporal,fr3_walking_halfsphere,run_04,107,0,0,1031,347,347
Temporal,fr3_walking_halfsphere,run_04,108,0,0,926,340,340
Temporal,fr3_walking_halfsphere,run_04,109,0,0,1077,340,340
Temporal,fr3_walking_halfsphere,run_04,110,0,0,1071,329,329
Temporal,fr3_walking_halfsphere,run_04,111,0,0,986,313,313
Temporal,fr3_walking_halfsphere,run_04,112,0,0,1108,313,313
Temporal,fr3_walking_halfsphere,run_04,113,0,0,1128,300,300
Temporal,fr3_walking_halfsphere,run_04,114,0,0,1136,325,325
Temporal,fr3_walking_halfsphere,run_04,115,0,0,997,354,354
Temporal,fr3_walking_halfsphere,run_04,116,0,0,1113,330,330
Temporal,fr3_walking_halfsphere,run_04,117,0,0,1112,294,294
Temporal,fr3_walking_halfsphere,run_04,118,0,0,1120,256,256
Temporal,fr3_walking_halfsphere,run_04,119,0,0,1127,233,233
Temporal,fr3_walking_halfsphere,run_04,120,0,0,1102,216,216
Temporal,fr3_walking_halfsphere,run_04,121,0,0,1156,199,199
Temporal,fr3_walking_halfsphere,run_04,122,0,0,1144,183,183
Temporal,fr3_walking_halfsphere,run_04,123,0,0,1145,173,173
Temporal,fr3_walking_halfsphere,run_04,124,0,0,962,141,141
Temporal,fr3_walking_halfsphere,run_04,125,0,0,1103,123,123
Temporal,fr3_walking_halfsphere,run_04,126,0,0,1137,107,107
Temporal,fr3_walking_halfsphere,run_04,127,0,0,1139,98,98
Temporal,fr3_walking_halfsphere,run_04,128,0,0,1134,115,115
Temporal,fr3_walking_halfsphere,run_04,129,0,0,1099,79,79
Temporal,fr3_walking_halfsphere,run_04,130,0,0,1115,66,66
Temporal,fr3_walking_halfsphere,run_04,131,0,0,1125,59,59
Temporal,fr3_walking_halfsphere,run_04,132,0,0,1116,52,52
Temporal,fr3_walking_halfsphere,run_04,133,0,0,1070,50,50
Temporal,fr3_walking_halfsphere,run_04,134,0,0,1118,46,46
Temporal,fr3_walking_halfsphere,run_04,135,0,0,1120,40,40
Temporal,fr3_walking_halfsphere,run_04,136,0,0,1098,38,38
Temporal,fr3_walking_halfsphere,run_04,137,0,0,1069,36,36
Temporal,fr3_walking_halfsphere,run_04,138,0,0,1060,34,34
Temporal,fr3_walking_halfsphere,run_04,139,0,0,1070,30,30
Temporal,fr3_walking_halfsphere,run_04,140,0,0,1029,26,26
Temporal,fr3_walking_halfsphere,run_04,141,0,0,1020,21,21
Temporal,fr3_walking_halfsphere,run_04,142,0,0,999,18,18
Temporal,fr3_walking_halfsphere,run_04,143,0,0,1008,17,17
Temporal,fr3_walking_halfsphere,run_04,144,0,0,1006,13,13
Temporal,fr3_walking_halfsphere,run_04,145,0,0,891,6,6
Temporal,fr3_walking_halfsphere,run_04,146,0,0,986,4,4
Temporal,fr3_walking_halfsphere,run_04,147,0,0,959,2,2
Temporal,fr3_walking_halfsphere,run_04,148,0,0,955,1,1
Temporal,fr3_walking_halfsphere,run_04,149,0,0,954,0,0
Temporal,fr3_walking_halfsphere,run_04,150,0,0,871,0,0
Temporal,fr3_walking_halfsphere,run_04,151,0,0,999,0,0
Temporal,fr3_walking_halfsphere,run_04,152,0,0,1011,0,0
Temporal,fr3_walking_halfsphere,run_04,153,0,0,987,0,0
Temporal,fr3_walking_halfsphere,run_04,154,0,0,967,0,0
Temporal,fr3_walking_halfsphere,run_04,155,0,0,999,0,0
Temporal,fr3_walking_halfsphere,run_04,156,0,0,1009,0,0
Temporal,fr3_walking_halfsphere,run_04,157,0,0,1004,0,0
Temporal,fr3_walking_halfsphere,run_04,158,0,0,806,0,0
Temporal,fr3_walking_halfsphere,run_04,159,0,0,946,42,42
Temporal,fr3_walking_halfsphere,run_04,160,0,0,955,13,13
Temporal,fr3_walking_halfsphere,run_04,161,0,0,951,30,30
Temporal,fr3_walking_halfsphere,run_04,162,0,0,913,27,27
Temporal,fr3_walking_halfsphere,run_04,163,0,0,920,27,27
Temporal,fr3_walking_halfsphere,run_04,164,0,0,824,10,10
Temporal,fr3_walking_halfsphere,run_04,165,0,0,911,30,30
Temporal,fr3_walking_halfsphere,run_04,166,0,0,884,20,20
Temporal,fr3_walking_halfsphere,run_04,167,0,0,911,30,30
Temporal,fr3_walking_halfsphere,run_04,168,0,0,884,38,38
Temporal,fr3_walking_halfsphere,run_04,169,0,0,895,37,37
Temporal,fr3_walking_halfsphere,run_04,170,0,0,894,41,41
Temporal,fr3_walking_halfsphere,run_04,171,0,0,885,107,107
Temporal,fr3_walking_halfsphere,run_04,172,0,0,884,63,63
Temporal,fr3_walking_halfsphere,run_04,173,0,0,754,13,13
Temporal,fr3_walking_halfsphere,run_04,174,0,0,837,13,13
Temporal,fr3_walking_halfsphere,run_04,175,0,0,839,22,22
Temporal,fr3_walking_halfsphere,run_04,176,0,0,855,44,44
Temporal,fr3_walking_halfsphere,run_04,177,0,0,848,63,63
Temporal,fr3_walking_halfsphere,run_04,178,0,0,758,36,36
Temporal,fr3_walking_halfsphere,run_04,179,0,0,867,101,101
Temporal,fr3_walking_halfsphere,run_04,180,0,0,872,73,73
Temporal,fr3_walking_halfsphere,run_04,181,0,0,875,71,71
Temporal,fr3_walking_halfsphere,run_04,182,0,0,874,77,77
Temporal,fr3_walking_halfsphere,run_04,183,0,0,778,69,69
Temporal,fr3_walking_halfsphere,run_04,184,0,0,892,66,66
Temporal,fr3_walking_halfsphere,run_04,185,0,0,904,55,55
Temporal,fr3_walking_halfsphere,run_04,186,0,0,910,55,55
Temporal,fr3_walking_halfsphere,run_04,187,0,0,910,57,57
Temporal,fr3_walking_halfsphere,run_04,188,0,0,890,56,56
Temporal,fr3_walking_halfsphere,run_04,189,0,0,893,53,53
Temporal,fr3_walking_halfsphere,run_04,190,0,0,796,53,53
Temporal,fr3_walking_halfsphere,run_04,191,0,0,907,55,55
Temporal,fr3_walking_halfsphere,run_04,192,0,0,901,53,53
Temporal,fr3_walking_halfsphere,run_04,193,0,0,901,55,55
Temporal,fr3_walking_halfsphere,run_04,194,0,0,809,43,43
Temporal,fr3_walking_halfsphere,run_04,195,0,0,907,35,35
Temporal,fr3_walking_halfsphere,run_04,196,0,0,903,28,28
Temporal,fr3_walking_halfsphere,run_04,197,0,0,916,19,19
Temporal,fr3_walking_halfsphere,run_04,198,0,0,903,10,10
Temporal,fr3_walking_halfsphere,run_04,199,0,0,899,10,10
Temporal,fr3_walking_halfsphere,run_04,200,0,0,893,10,10
Temporal,fr3_walking_halfsphere,run_04,201,0,0,906,9,9
Temporal,fr3_walking_halfsphere,run_04,202,0,0,810,9,9
Temporal,fr3_walking_halfsphere,run_04,203,0,0,905,7,7
Temporal,fr3_walking_halfsphere,run_04,204,0,0,906,7,7
Temporal,fr3_walking_halfsphere,run_04,205,0,0,914,6,6
Temporal,fr3_walking_halfsphere,run_04,206,0,0,931,4,4
Temporal,fr3_walking_halfsphere,run_04,207,0,0,927,4,4
Temporal,fr3_walking_halfsphere,run_04,208,0,0,958,19,19
Temporal,fr3_walking_halfsphere,run_04,209,0,0,970,3,3
Temporal,fr3_walking_halfsphere,run_04,210,0,0,924,2,2
Temporal,fr3_walking_halfsphere,run_04,211,0,0,1107,2,2
Temporal,fr3_walking_halfsphere,run_04,212,0,0,1167,1,1
Temporal,fr3_walking_halfsphere,run_04,213,0,0,1234,1,1
Temporal,fr3_walking_halfsphere,run_04,214,0,0,1055,0,0
Temporal,fr3_walking_halfsphere,run_04,215,0,0,1376,0,0
Temporal,fr3_walking_halfsphere,run_04,216,0,0,1440,0,0
Temporal,fr3_walking_halfsphere,run_04,217,0,0,1447,0,0
Temporal,fr3_walking_halfsphere,run_04,218,0,0,1622,76,76
Temporal,fr3_walking_halfsphere,run_04,219,0,0,1921,106,106
Temporal,fr3_walking_halfsphere,run_04,220,0,0,1419,129,129
Temporal,fr3_walking_halfsphere,run_04,221,0,0,1676,296,296
Temporal,fr3_walking_halfsphere,run_04,222,0,0,1723,365,365
Temporal,fr3_walking_halfsphere,run_04,223,0,0,1828,501,501
Temporal,fr3_walking_halfsphere,run_04,224,0,0,1525,291,291
Temporal,fr3_walking_halfsphere,run_04,225,0,0,1092,133,133
Temporal,fr3_walking_halfsphere,run_04,226,0,0,944,119,119
Temporal,fr3_walking_halfsphere,run_04,227,0,0,1010,182,182
Temporal,fr3_walking_halfsphere,run_04,228,0,0,1039,234,234
Temporal,fr3_walking_halfsphere,run_04,229,0,0,1073,205,205
Temporal,fr3_walking_halfsphere,run_04,230,0,0,1104,237,237
Temporal,fr3_walking_halfsphere,run_04,231,0,0,1105,211,211
Temporal,fr3_walking_halfsphere,run_04,232,0,0,1229,261,261
Temporal,fr3_walking_halfsphere,run_04,233,0,0,1028,128,128
Temporal,fr3_walking_halfsphere,run_04,234,0,0,918,107,107
Temporal,fr3_walking_halfsphere,run_04,235,0,0,946,107,107
Temporal,fr3_walking_halfsphere,run_04,236,0,0,977,112,112
Temporal,fr3_walking_halfsphere,run_04,237,0,0,951,113,113
Temporal,fr3_walking_halfsphere,run_04,238,0,0,887,100,100
Temporal,fr3_walking_halfsphere,run_04,239,0,0,928,166,166
Temporal,fr3_walking_halfsphere,run_04,240,0,0,866,202,202
Temporal,fr3_walking_halfsphere,run_04,241,0,0,870,304,304
Temporal,fr3_walking_halfsphere,run_04,242,0,0,934,391,391
Temporal,fr3_walking_halfsphere,run_04,243,0,0,719,224,224
Temporal,fr3_walking_halfsphere,run_04,244,0,0,770,208,208
Temporal,fr3_walking_halfsphere,run_04,245,0,0,786,215,215
Temporal,fr3_walking_halfsphere,run_04,246,0,0,803,218,218
Temporal,fr3_walking_halfsphere,run_04,247,0,0,842,203,203
Temporal,fr3_walking_halfsphere,run_04,248,0,0,860,206,206
Temporal,fr3_walking_halfsphere,run_04,249,0,0,877,246,246
Temporal,fr3_walking_halfsphere,run_04,250,0,0,1271,312,312
Temporal,fr3_walking_halfsphere,run_04,251,0,0,987,274,274
Temporal,fr3_walking_halfsphere,run_04,252,0,0,981,263,263
Temporal,fr3_walking_halfsphere,run_04,253,0,0,944,258,258
Temporal,fr3_walking_halfsphere,run_04,254,0,0,957,247,247
Temporal,fr3_walking_halfsphere,run_04,255,0,0,952,230,230
Temporal,fr3_walking_halfsphere,run_04,256,0,0,971,222,222
Temporal,fr3_walking_halfsphere,run_04,257,0,0,882,201,201
Temporal,fr3_walking_halfsphere,run_04,258,0,0,1080,185,185
Temporal,fr3_walking_halfsphere,run_04,259,0,0,989,110,110
Temporal,fr3_walking_halfsphere,run_04,260,0,0,1016,142,142
Temporal,fr3_walking_halfsphere,run_04,261,0,0,982,134,134
Temporal,fr3_walking_halfsphere,run_04,262,0,0,986,127,127
Temporal,fr3_walking_halfsphere,run_04,263,0,0,927,120,120
Temporal,fr3_walking_halfsphere,run_04,264,0,0,918,111,111
Temporal,fr3_walking_halfsphere,run_04,265,0,0,778,76,76
Temporal,fr3_walking_halfsphere,run_04,266,0,0,911,86,86
Temporal,fr3_walking_halfsphere,run_04,267,0,0,931,82,82
Temporal,fr3_walking_halfsphere,run_04,268,0,0,919,81,81
Temporal,fr3_walking_halfsphere,run_04,269,0,0,965,84,84
Temporal,fr3_walking_halfsphere,run_04,270,0,0,964,84,84
Temporal,fr3_walking_halfsphere,run_04,271,0,0,830,40,40
Temporal,fr3_walking_halfsphere,run_04,272,0,0,1028,36,36
Temporal,fr3_walking_halfsphere,run_04,273,0,0,1060,40,40
Temporal,fr3_walking_halfsphere,run_04,274,0,0,1022,29,29
Temporal,fr3_walking_halfsphere,run_04,275,0,0,1036,21,21
Temporal,fr3_walking_halfsphere,run_04,276,0,0,1021,24,24
Temporal,fr3_walking_halfsphere,run_04,277,0,0,1055,36,36
Temporal,fr3_walking_halfsphere,run_04,278,0,0,1072,29,29
Temporal,fr3_walking_halfsphere,run_04,279,0,0,1065,29,29
Temporal,fr3_walking_halfsphere,run_04,280,0,0,1068,36,36
Temporal,fr3_walking_halfsphere,run_04,281,0,0,1100,53,53
Temporal,fr3_walking_halfsphere,run_04,282,0,0,1097,46,46
Temporal,fr3_walking_halfsphere,run_04,283,0,0,1111,52,52
Temporal,fr3_walking_halfsphere,run_04,284,0,0,1114,58,58
Temporal,fr3_walking_halfsphere,run_04,285,0,0,1125,58,58
Temporal,fr3_walking_halfsphere,run_04,286,0,0,1099,57,57
Temporal,fr3_walking_halfsphere,run_04,287,0,0,788,36,36
Temporal,fr3_walking_halfsphere,run_04,288,0,0,997,38,38
Temporal,fr3_walking_halfsphere,run_04,289,0,0,950,44,44
Temporal,fr3_walking_halfsphere,run_04,290,0,0,1000,60,60
Temporal,fr3_walking_halfsphere,run_04,291,0,0,1000,69,69
Temporal,fr3_walking_halfsphere,run_04,292,0,0,1011,68,68
Temporal,fr3_walking_halfsphere,run_04,293,0,0,1020,61,61
Temporal,fr3_walking_halfsphere,run_04,294,0,0,936,91,91
Temporal,fr3_walking_halfsphere,run_04,295,0,0,1105,100,100
Temporal,fr3_walking_halfsphere,run_04,296,0,0,1170,98,98
Temporal,fr3_walking_halfsphere,run_04,297,0,0,1187,91,91
Temporal,fr3_walking_halfsphere,run_04,298,0,0,927,85,85
Temporal,fr3_walking_halfsphere,run_04,299,0,0,1127,87,87
Temporal,fr3_walking_halfsphere,run_04,300,0,0,1101,128,128
Temporal,fr3_walking_halfsphere,run_04,301,0,0,1146,145,145
Temporal,fr3_walking_halfsphere,run_04,302,0,0,953,126,126
Temporal,fr3_walking_halfsphere,run_04,303,0,0,1199,135,135
Temporal,fr3_walking_halfsphere,run_04,304,0,0,1180,138,138
Temporal,fr3_walking_halfsphere,run_04,305,0,0,1158,136,136
Temporal,fr3_walking_halfsphere,run_04,306,0,0,988,122,122
Temporal,fr3_walking_halfsphere,run_04,307,0,0,1152,124,124
Temporal,fr3_walking_halfsphere,run_04,308,0,0,1089,127,127
Temporal,fr3_walking_halfsphere,run_04,309,0,0,1079,131,131
Temporal,fr3_walking_halfsphere,run_04,310,0,0,1286,150,150
Temporal,fr3_walking_halfsphere,run_04,311,0,0,1239,160,160
Temporal,fr3_walking_halfsphere,run_04,312,0,0,1068,150,150
Temporal,fr3_walking_halfsphere,run_04,313,0,0,1274,191,191
Temporal,fr3_walking_halfsphere,run_04,314,0,0,1186,186,186
Temporal,fr3_walking_halfsphere,run_04,315,0,0,1025,184,184
Temporal,fr3_walking_halfsphere,run_04,316,0,0,1196,181,181
Temporal,fr3_walking_halfsphere,run_04,317,0,0,1193,227,227
Temporal,fr3_walking_halfsphere,run_04,318,0,0,1189,221,221
Temporal,fr3_walking_halfsphere,run_04,319,0,0,980,194,194
Temporal,fr3_walking_halfsphere,run_04,320,0,0,1195,194,194
Temporal,fr3_walking_halfsphere,run_04,321,0,0,1186,199,199
Temporal,fr3_walking_halfsphere,run_04,322,0,0,1076,191,191
Temporal,fr3_walking_halfsphere,run_04,323,0,0,1241,193,193
Temporal,fr3_walking_halfsphere,run_04,324,0,0,2271,307,307
Temporal,fr3_walking_halfsphere,run_04,325,0,0,2163,295,295
Temporal,fr3_walking_halfsphere,run_04,326,0,0,2064,286,286
Temporal,fr3_walking_halfsphere,run_04,327,0,0,2329,312,312
Temporal,fr3_walking_halfsphere,run_04,328,0,0,2159,304,304
Temporal,fr3_walking_halfsphere,run_04,329,0,0,2265,316,316
Temporal,fr3_walking_halfsphere,run_04,330,0,0,2270,322,322
Temporal,fr3_walking_halfsphere,run_04,331,0,0,2276,302,302
Temporal,fr3_walking_halfsphere,run_04,332,0,0,2271,294,294
Temporal,fr3_walking_halfsphere,run_04,333,0,0,2264,243,243
Temporal,fr3_walking_halfsphere,run_04,334,0,0,2280,258,258
Temporal,fr3_walking_halfsphere,run_04,335,0,0,2263,256,256
Temporal,fr3_walking_halfsphere,run_04,336,0,0,1933,184,184
Temporal,fr3_walking_halfsphere,run_04,337,0,0,1892,173,173
Temporal,fr3_walking_halfsphere,run_04,338,0,0,1719,179,179
Temporal,fr3_walking_halfsphere,run_04,339,0,0,1887,169,169
Temporal,fr3_walking_halfsphere,run_04,340,0,0,1911,180,180
Temporal,fr3_walking_halfsphere,run_04,341,0,0,1904,166,166
Temporal,fr3_walking_halfsphere,run_04,342,0,0,1940,208,208
Temporal,fr3_walking_halfsphere,run_04,343,0,0,1882,163,163
Temporal,fr3_walking_halfsphere,run_04,344,0,0,1822,251,251
Temporal,fr3_walking_halfsphere,run_04,345,0,0,1749,229,229
Temporal,fr3_walking_halfsphere,run_04,346,0,0,1754,220,220
Temporal,fr3_walking_halfsphere,run_04,347,0,0,1752,262,262
Temporal,fr3_walking_halfsphere,run_04,348,0,0,1560,190,190
Temporal,fr3_walking_halfsphere,run_04,349,0,0,1773,190,190
Temporal,fr3_walking_halfsphere,run_04,350,0,0,1823,206,206
Temporal,fr3_walking_halfsphere,run_04,351,0,0,1828,194,194
Temporal,fr3_walking_halfsphere,run_04,352,0,0,1843,195,195
Temporal,fr3_walking_halfsphere,run_04,353,0,0,1856,192,192
Temporal,fr3_walking_halfsphere,run_04,354,0,0,1839,181,181
Temporal,fr3_walking_halfsphere,run_04,355,0,0,1842,179,179
Temporal,fr3_walking_halfsphere,run_04,356,0,0,1850,182,182
Temporal,fr3_walking_halfsphere,run_04,357,0,0,1846,175,175
Temporal,fr3_walking_halfsphere,run_04,358,0,0,1850,174,174
Temporal,fr3_walking_halfsphere,run_04,359,0,0,1833,165,165
Temporal,fr3_walking_halfsphere,run_04,360,0,0,1836,162,162
Temporal,fr3_walking_halfsphere,run_04,361,0,0,1849,150,150
Temporal,fr3_walking_halfsphere,run_04,362,0,0,1841,142,142
Temporal,fr3_walking_halfsphere,run_04,363,0,0,1821,134,134
Temporal,fr3_walking_halfsphere,run_04,364,0,0,1822,114,114
Temporal,fr3_walking_halfsphere,run_04,365,0,0,1789,94,94
Temporal,fr3_walking_halfsphere,run_04,366,0,0,1800,90,90
Temporal,fr3_walking_halfsphere,run_04,367,0,0,1781,75,75
Temporal,fr3_walking_halfsphere,run_04,368,0,0,1789,71,71
Temporal,fr3_walking_halfsphere,run_04,369,0,0,1786,67,67
Temporal,fr3_walking_halfsphere,run_04,370,0,0,1778,63,63
Temporal,fr3_walking_halfsphere,run_04,371,0,0,1797,64,64
Temporal,fr3_walking_halfsphere,run_04,372,0,0,1801,65,65
Temporal,fr3_walking_halfsphere,run_04,373,0,0,1799,64,64
Temporal,fr3_walking_halfsphere,run_04,374,0,0,1795,64,64
Temporal,fr3_walking_halfsphere,run_04,375,0,0,1769,62,62
Temporal,fr3_walking_halfsphere,run_04,376,0,0,1810,46,46
Temporal,fr3_walking_halfsphere,run_04,377,0,0,1766,42,42
Temporal,fr3_walking_halfsphere,run_04,378,0,0,1773,27,27
Temporal,fr3_walking_halfsphere,run_04,379,0,0,1786,28,28
Temporal,fr3_walking_halfsphere,run_04,380,0,0,1801,29,29
Temporal,fr3_walking_halfsphere,run_04,381,0,0,1793,29,29
Temporal,fr3_walking_halfsphere,run_04,382,0,0,1786,27,27
Temporal,fr3_walking_halfsphere,run_04,383,0,0,1772,36,36
Temporal,fr3_walking_halfsphere,run_04,384,0,0,1757,22,22
Temporal,fr3_walking_halfsphere,run_04,385,0,0,1771,19,19
Temporal,fr3_walking_halfsphere,run_04,386,0,0,1800,18,18
Temporal,fr3_walking_halfsphere,run_04,387,0,0,1801,11,11
Temporal,fr3_walking_halfsphere,run_04,388,0,0,1769,9,9
Temporal,fr3_walking_halfsphere,run_04,389,0,0,1740,4,4
Temporal,fr3_walking_halfsphere,run_04,390,0,0,1775,2,2
Temporal,fr3_walking_halfsphere,run_04,391,0,0,1795,3,3
Temporal,fr3_walking_halfsphere,run_04,392,0,0,1787,4,4
Temporal,fr3_walking_halfsphere,run_04,393,0,0,1788,1,1
Temporal,fr3_walking_halfsphere,run_04,394,0,0,1782,0,0
Temporal,fr3_walking_halfsphere,run_04,395,0,0,1757,0,0
Temporal,fr3_walking_halfsphere,run_04,396,0,0,1473,0,0
Temporal,fr3_walking_halfsphere,run_04,397,0,0,1811,0,0
Temporal,fr3_walking_halfsphere,run_04,398,0,0,1828,0,0
Temporal,fr3_walking_halfsphere,run_04,399,0,0,1835,0,0
Temporal,fr3_walking_halfsphere,run_04,400,0,0,1782,0,0
Temporal,fr3_walking_halfsphere,run_04,401,0,0,1816,0,0
Temporal,fr3_walking_halfsphere,run_04,402,0,0,1865,0,0
Temporal,fr3_walking_halfsphere,run_04,403,0,0,1830,0,0
Temporal,fr3_walking_halfsphere,run_04,404,0,0,1807,0,0
Temporal,fr3_walking_halfsphere,run_04,405,0,0,1874,0,0
Temporal,fr3_walking_halfsphere,run_04,406,0,0,1584,0,0
Temporal,fr3_walking_halfsphere,run_04,407,0,0,1942,0,0
Temporal,fr3_walking_halfsphere,run_04,408,0,0,2008,0,0
Temporal,fr3_walking_halfsphere,run_04,409,0,0,2020,0,0
Temporal,fr3_walking_halfsphere,run_04,410,0,0,2053,0,0
Temporal,fr3_walking_halfsphere,run_04,411,0,0,2004,0,0
Temporal,fr3_walking_halfsphere,run_04,412,0,0,1634,0,0
Temporal,fr3_walking_halfsphere,run_04,413,0,0,2033,0,0
Temporal,fr3_walking_halfsphere,run_04,414,0,0,2036,0,0
Temporal,fr3_walking_halfsphere,run_04,415,0,0,2075,0,0
Temporal,fr3_walking_halfsphere,run_04,416,0,0,2075,0,0
Temporal,fr3_walking_halfsphere,run_04,417,0,0,1649,0,0
Temporal,fr3_walking_halfsphere,run_04,418,0,0,2061,0,0
Temporal,fr3_walking_halfsphere,run_04,419,0,0,2022,531,531
Temporal,fr3_walking_halfsphere,run_04,420,0,0,1896,480,480
Temporal,fr3_walking_halfsphere,run_04,421,0,0,1955,465,465
Temporal,fr3_walking_halfsphere,run_04,422,0,0,1909,474,474
Temporal,fr3_walking_halfsphere,run_04,423,0,0,1471,346,346
Temporal,fr3_walking_halfsphere,run_04,424,0,0,1769,405,405
Temporal,fr3_walking_halfsphere,run_04,425,0,0,1743,404,404
Temporal,fr3_walking_halfsphere,run_04,426,0,0,1560,304,304
Temporal,fr3_walking_halfsphere,run_04,427,0,0,1782,263,263
Temporal,fr3_walking_halfsphere,run_04,428,0,0,1543,259,259
Temporal,fr3_walking_halfsphere,run_04,429,0,0,1861,283,283
Temporal,fr3_walking_halfsphere,run_04,430,0,0,1670,237,237
Temporal,fr3_walking_halfsphere,run_04,431,0,0,1690,257,257
Temporal,fr3_walking_halfsphere,run_04,432,0,0,1919,390,390
Temporal,fr3_walking_halfsphere,run_04,433,0,0,1961,469,469
Temporal,fr3_walking_halfsphere,run_04,434,0,0,2023,585,585
Temporal,fr3_walking_halfsphere,run_04,435,0,0,2035,614,614
Temporal,fr3_walking_halfsphere,run_04,436,0,0,1711,507,507
Temporal,fr3_walking_halfsphere,run_04,437,0,0,2027,670,670
Temporal,fr3_walking_halfsphere,run_04,438,0,0,1686,376,376
Temporal,fr3_walking_halfsphere,run_04,439,0,0,1548,352,352
Temporal,fr3_walking_halfsphere,run_04,440,0,0,1963,603,603
Temporal,fr3_walking_halfsphere,run_04,441,0,0,1905,536,536
Temporal,fr3_walking_halfsphere,run_04,442,0,0,2175,630,630
Temporal,fr3_walking_halfsphere,run_04,443,0,0,2026,535,535
Temporal,fr3_walking_halfsphere,run_04,444,0,0,1873,562,562
Temporal,fr3_walking_halfsphere,run_04,445,0,0,2081,605,605
Temporal,fr3_walking_halfsphere,run_04,446,0,0,2118,898,898
Temporal,fr3_walking_halfsphere,run_04,447,0,0,2027,900,900
Temporal,fr3_walking_halfsphere,run_04,448,0,0,2033,1023,1023
Temporal,fr3_walking_halfsphere,run_04,449,0,0,1801,1083,1083
Temporal,fr3_walking_halfsphere,run_04,450,0,0,1477,847,847
Temporal,fr3_walking_halfsphere,run_04,451,0,0,1615,855,855
Temporal,fr3_walking_halfsphere,run_04,452,0,0,1582,828,828
Temporal,fr3_walking_halfsphere,run_04,453,0,0,1364,674,674
Temporal,fr3_walking_halfsphere,run_04,454,0,0,1483,671,671
Temporal,fr3_walking_halfsphere,run_04,455,0,0,1176,421,421
Temporal,fr3_walking_halfsphere,run_04,456,0,0,1215,416,416
Temporal,fr3_walking_halfsphere,run_04,457,0,0,1519,681,681
Temporal,fr3_walking_halfsphere,run_04,458,0,0,1378,655,655
Temporal,fr3_walking_halfsphere,run_04,459,0,0,1507,640,640
Temporal,fr3_walking_halfsphere,run_04,460,0,0,1264,456,456
Temporal,fr3_walking_halfsphere,run_04,461,0,0,1416,568,568
Temporal,fr3_walking_halfsphere,run_04,462,0,0,1351,501,501
Temporal,fr3_walking_halfsphere,run_04,463,0,0,1352,501,501
Temporal,fr3_walking_halfsphere,run_04,464,0,0,1501,657,657
Temporal,fr3_walking_halfsphere,run_04,465,0,0,1373,421,421
Temporal,fr3_walking_halfsphere,run_04,466,0,0,1324,363,363
Temporal,fr3_walking_halfsphere,run_04,467,0,0,1641,638,638
Temporal,fr3_walking_halfsphere,run_04,468,0,0,1265,323,323
Temporal,fr3_walking_halfsphere,run_04,469,0,0,1463,470,470
Temporal,fr3_walking_halfsphere,run_04,470,0,0,1289,369,369
Temporal,fr3_walking_halfsphere,run_04,471,0,0,1422,443,443
Temporal,fr3_walking_halfsphere,run_04,472,0,0,1393,447,447
Temporal,fr3_walking_halfsphere,run_04,473,0,0,1418,472,472
Temporal,fr3_walking_halfsphere,run_04,474,0,0,1213,337,337
Temporal,fr3_walking_halfsphere,run_04,475,0,0,1461,709,709
Temporal,fr3_walking_halfsphere,run_04,476,0,0,1196,541,541
Temporal,fr3_walking_halfsphere,run_04,477,0,0,1577,667,667
Temporal,fr3_walking_halfsphere,run_04,478,0,0,1547,711,711
Temporal,fr3_walking_halfsphere,run_04,479,0,0,1571,750,750
Temporal,fr3_walking_halfsphere,run_04,480,0,0,1620,769,769
Temporal,fr3_walking_halfsphere,run_04,481,0,0,1637,761,761
Temporal,fr3_walking_halfsphere,run_04,482,0,0,1640,754,754
Temporal,fr3_walking_halfsphere,run_04,483,0,0,1711,756,756
Temporal,fr3_walking_halfsphere,run_04,484,0,0,1710,742,742
Temporal,fr3_walking_halfsphere,run_04,485,0,0,1725,791,791
Temporal,fr3_walking_halfsphere,run_04,486,0,0,1758,792,792
Temporal,fr3_walking_halfsphere,run_04,487,0,0,1776,783,783
Temporal,fr3_walking_halfsphere,run_04,488,0,0,1770,782,782
Temporal,fr3_walking_halfsphere,run_04,489,0,0,1828,779,779
Temporal,fr3_walking_halfsphere,run_04,490,0,0,1727,684,684
Temporal,fr3_walking_halfsphere,run_04,491,0,0,1640,703,703
Temporal,fr3_walking_halfsphere,run_04,492,0,0,1560,711,711
Temporal,fr3_walking_halfsphere,run_04,493,0,0,1843,750,750
Temporal,fr3_walking_halfsphere,run_04,494,0,0,1791,700,700
Temporal,fr3_walking_halfsphere,run_04,495,0,0,1970,733,733
Temporal,fr3_walking_halfsphere,run_04,496,0,0,1948,720,720
Temporal,fr3_walking_halfsphere,run_04,497,0,0,1475,510,510
Temporal,fr3_walking_halfsphere,run_04,498,0,0,1747,564,564
Temporal,fr3_walking_halfsphere,run_04,499,0,0,1847,597,597
Temporal,fr3_walking_halfsphere,run_04,500,0,0,1813,594,594
Temporal,fr3_walking_halfsphere,run_04,501,0,0,1681,535,535
Temporal,fr3_walking_halfsphere,run_04,502,0,0,1890,627,627
Temporal,fr3_walking_halfsphere,run_04,503,0,0,1924,650,650
Temporal,fr3_walking_halfsphere,run_04,504,0,0,1711,605,605
Temporal,fr3_walking_halfsphere,run_04,505,0,0,1854,661,661
Temporal,fr3_walking_halfsphere,run_04,506,0,0,1871,684,684
Temporal,fr3_walking_halfsphere,run_04,507,0,0,1978,743,743
Temporal,fr3_walking_halfsphere,run_04,508,0,0,2014,740,740
Temporal,fr3_walking_halfsphere,run_04,509,0,0,2007,754,754
Temporal,fr3_walking_halfsphere,run_04,510,0,0,2014,737,737
Temporal,fr3_walking_halfsphere,run_04,511,0,0,1838,712,712
Temporal,fr3_walking_halfsphere,run_04,512,0,0,2017,721,721
Temporal,fr3_walking_halfsphere,run_04,513,0,0,2071,725,725
Temporal,fr3_walking_halfsphere,run_04,514,0,0,1923,629,629
Temporal,fr3_walking_halfsphere,run_04,515,0,0,2046,690,690
Temporal,fr3_walking_halfsphere,run_04,516,0,0,2238,707,707
Temporal,fr3_walking_halfsphere,run_04,517,0,0,2225,776,776
Temporal,fr3_walking_halfsphere,run_04,518,0,0,2419,721,721
Temporal,fr3_walking_halfsphere,run_04,519,0,0,2577,791,791
Temporal,fr3_walking_halfsphere,run_04,520,0,0,2506,782,782
Temporal,fr3_walking_halfsphere,run_04,521,0,0,2245,706,706
Temporal,fr3_walking_halfsphere,run_04,522,0,0,2628,735,735
Temporal,fr3_walking_halfsphere,run_04,523,0,0,2117,508,508
Temporal,fr3_walking_halfsphere,run_04,524,0,0,2359,649,649
Temporal,fr3_walking_halfsphere,run_04,525,0,0,2012,484,484
Temporal,fr3_walking_halfsphere,run_04,526,0,0,2120,447,447
Temporal,fr3_walking_halfsphere,run_04,527,0,0,2409,445,445
Temporal,fr3_walking_halfsphere,run_04,528,0,0,2075,407,407
Temporal,fr3_walking_halfsphere,run_04,529,0,0,2073,395,395
Temporal,fr3_walking_halfsphere,run_04,530,0,0,2071,556,556
Temporal,fr3_walking_halfsphere,run_04,531,0,0,1703,367,367
Temporal,fr3_walking_halfsphere,run_04,532,0,0,1691,578,578
Temporal,fr3_walking_halfsphere,run_04,533,0,0,1595,674,674
Temporal,fr3_walking_halfsphere,run_04,534,0,0,1625,763,763
Temporal,fr3_walking_halfsphere,run_04,535,0,0,1852,972,972
Temporal,fr3_walking_halfsphere,run_04,536,0,0,1630,793,793
Temporal,fr3_walking_halfsphere,run_04,537,0,0,1360,638,638
Temporal,fr3_walking_halfsphere,run_04,538,0,0,1462,751,751
Temporal,fr3_walking_halfsphere,run_04,539,0,0,1308,662,662
Temporal,fr3_walking_halfsphere,run_04,542,0,0,96,7,7
Temporal,fr3_walking_halfsphere,run_04,705,0,0,174,66,66
Temporal,fr3_walking_halfsphere,run_04,707,0,0,172,66,66
Temporal,fr3_walking_halfsphere,run_04,710,0,0,177,64,64
Temporal,fr3_walking_halfsphere,run_04,721,0,0,170,57,57
Temporal,fr3_walking_halfsphere,run_04,725,0,0,170,57,57
Temporal,fr3_walking_halfsphere,run_04,728,0,0,171,57,57
Temporal,fr3_walking_halfsphere,run_04,731,0,0,170,58,58
Temporal,fr3_walking_halfsphere,run_04,772,0,0,172,1,1
Temporal,fr3_walking_halfsphere,run_04,773,0,0,1757,1,1
Temporal,fr3_walking_halfsphere,run_04,780,0,0,174,0,0
Temporal,fr3_walking_halfsphere,run_04,782,0,0,171,12,12
Temporal,fr3_walking_halfsphere,run_04,785,0,0,168,0,0
Temporal,fr3_walking_halfsphere,run_04,788,0,0,171,0,0
Temporal,fr3_walking_halfsphere,run_04,791,0,0,171,0,0
Temporal,fr3_walking_halfsphere,run_04,793,0,0,169,0,0
Temporal,fr3_walking_halfsphere,run_04,919,0,0,175,25,25
Temporal,fr3_walking_halfsphere,run_04,987,0,0,67,8,8
Temporal,fr3_walking_halfsphere,run_05,1,0,0,291,46,46
Temporal,fr3_walking_halfsphere,run_05,2,0,0,433,38,38
Temporal,fr3_walking_halfsphere,run_05,3,0,0,352,3,3
Temporal,fr3_walking_halfsphere,run_05,4,0,0,468,57,57
Temporal,fr3_walking_halfsphere,run_05,5,0,0,468,130,130
Temporal,fr3_walking_halfsphere,run_05,6,0,0,359,99,99
Temporal,fr3_walking_halfsphere,run_05,7,0,0,354,49,49
Temporal,fr3_walking_halfsphere,run_05,8,0,0,372,41,41
Temporal,fr3_walking_halfsphere,run_05,9,0,0,475,47,47
Temporal,fr3_walking_halfsphere,run_05,10,0,0,598,75,75
Temporal,fr3_walking_halfsphere,run_05,11,0,0,511,144,144
Temporal,fr3_walking_halfsphere,run_05,12,0,0,545,109,109
Temporal,fr3_walking_halfsphere,run_05,13,0,0,721,278,278
Temporal,fr3_walking_halfsphere,run_05,14,0,0,575,223,223
Temporal,fr3_walking_halfsphere,run_05,15,0,0,537,168,168
Temporal,fr3_walking_halfsphere,run_05,16,0,0,514,134,134
Temporal,fr3_walking_halfsphere,run_05,17,0,0,534,216,216
Temporal,fr3_walking_halfsphere,run_05,18,0,0,540,229,229
Temporal,fr3_walking_halfsphere,run_05,19,0,0,501,215,215
Temporal,fr3_walking_halfsphere,run_05,20,0,0,546,238,238
Temporal,fr3_walking_halfsphere,run_05,21,0,0,484,194,194
Temporal,fr3_walking_halfsphere,run_05,22,0,0,519,224,224
Temporal,fr3_walking_halfsphere,run_05,23,0,0,563,249,249
Temporal,fr3_walking_halfsphere,run_05,24,0,0,548,249,249
Temporal,fr3_walking_halfsphere,run_05,25,0,0,599,345,345
Temporal,fr3_walking_halfsphere,run_05,26,0,0,526,347,347
Temporal,fr3_walking_halfsphere,run_05,27,0,0,574,337,337
Temporal,fr3_walking_halfsphere,run_05,28,0,0,535,315,315
Temporal,fr3_walking_halfsphere,run_05,29,0,0,583,347,347
Temporal,fr3_walking_halfsphere,run_05,30,0,0,565,388,388
Temporal,fr3_walking_halfsphere,run_05,31,0,0,611,375,375
Temporal,fr3_walking_halfsphere,run_05,32,0,0,601,374,374
Temporal,fr3_walking_halfsphere,run_05,33,0,0,575,357,357
Temporal,fr3_walking_halfsphere,run_05,34,0,0,629,376,376
Temporal,fr3_walking_halfsphere,run_05,35,0,0,630,367,367
Temporal,fr3_walking_halfsphere,run_05,36,0,0,611,361,361
Temporal,fr3_walking_halfsphere,run_05,37,0,0,653,372,372
Temporal,fr3_walking_halfsphere,run_05,38,0,0,606,377,377
Temporal,fr3_walking_halfsphere,run_05,39,0,0,657,391,391
Temporal,fr3_walking_halfsphere,run_05,40,0,0,662,388,388
Temporal,fr3_walking_halfsphere,run_05,41,0,0,635,373,373
Temporal,fr3_walking_halfsphere,run_05,42,0,0,687,377,377
Temporal,fr3_walking_halfsphere,run_05,43,0,0,691,370,370
Temporal,fr3_walking_halfsphere,run_05,44,0,0,686,370,370
Temporal,fr3_walking_halfsphere,run_05,45,0,0,645,339,339
Temporal,fr3_walking_halfsphere,run_05,46,0,0,641,310,310
Temporal,fr3_walking_halfsphere,run_05,47,0,0,679,314,314
Temporal,fr3_walking_halfsphere,run_05,48,0,0,663,308,308
Temporal,fr3_walking_halfsphere,run_05,49,0,0,687,305,305
Temporal,fr3_walking_halfsphere,run_05,50,0,0,697,302,302
Temporal,fr3_walking_halfsphere,run_05,51,0,0,709,313,313
Temporal,fr3_walking_halfsphere,run_05,52,0,0,687,341,341
Temporal,fr3_walking_halfsphere,run_05,53,0,0,607,268,268
Temporal,fr3_walking_halfsphere,run_05,54,0,0,613,289,289
Temporal,fr3_walking_halfsphere,run_05,55,0,0,620,302,302
Temporal,fr3_walking_halfsphere,run_05,56,0,0,624,310,310
Temporal,fr3_walking_halfsphere,run_05,57,0,0,705,329,329
Temporal,fr3_walking_halfsphere,run_05,58,0,0,611,303,303
Temporal,fr3_walking_halfsphere,run_05,59,0,0,621,294,294
Temporal,fr3_walking_halfsphere,run_05,60,0,0,622,289,289
Temporal,fr3_walking_halfsphere,run_05,61,0,0,651,298,298
Temporal,fr3_walking_halfsphere,run_05,62,0,0,630,275,275
Temporal,fr3_walking_halfsphere,run_05,63,0,0,679,287,287
Temporal,fr3_walking_halfsphere,run_05,64,0,0,650,271,271
Temporal,fr3_walking_halfsphere,run_05,65,0,0,664,269,269
Temporal,fr3_walking_halfsphere,run_05,66,0,0,626,314,314
Temporal,fr3_walking_halfsphere,run_05,67,0,0,647,335,335
Temporal,fr3_walking_halfsphere,run_05,68,0,0,643,375,375
Temporal,fr3_walking_halfsphere,run_05,69,0,0,602,341,341
Temporal,fr3_walking_halfsphere,run_05,70,0,0,647,376,376
Temporal,fr3_walking_halfsphere,run_05,71,0,0,639,393,393
Temporal,fr3_walking_halfsphere,run_05,72,0,0,621,379,379
Temporal,fr3_walking_halfsphere,run_05,73,0,0,643,383,383
Temporal,fr3_walking_halfsphere,run_05,74,0,0,677,392,392
Temporal,fr3_walking_halfsphere,run_05,75,0,0,640,382,382
Temporal,fr3_walking_halfsphere,run_05,76,0,0,660,392,392
Temporal,fr3_walking_halfsphere,run_05,77,0,0,618,382,382
Temporal,fr3_walking_halfsphere,run_05,78,0,0,643,381,381
Temporal,fr3_walking_halfsphere,run_05,79,0,0,609,381,381
Temporal,fr3_walking_halfsphere,run_05,80,0,0,645,382,382
Temporal,fr3_walking_halfsphere,run_05,81,0,0,592,364,364
Temporal,fr3_walking_halfsphere,run_05,82,0,0,645,370,370
Temporal,fr3_walking_halfsphere,run_05,83,0,0,606,351,351
Temporal,fr3_walking_halfsphere,run_05,84,0,0,646,396,396
Temporal,fr3_walking_halfsphere,run_05,85,0,0,654,384,384
Temporal,fr3_walking_halfsphere,run_05,86,0,0,640,398,398
Temporal,fr3_walking_halfsphere,run_05,87,0,0,666,377,377
Temporal,fr3_walking_halfsphere,run_05,88,0,0,682,397,397
Temporal,fr3_walking_halfsphere,run_05,89,0,0,668,358,358
Temporal,fr3_walking_halfsphere,run_05,90,0,0,712,395,395
Temporal,fr3_walking_halfsphere,run_05,91,0,0,675,360,360
Temporal,fr3_walking_halfsphere,run_05,92,0,0,695,396,396
Temporal,fr3_walking_halfsphere,run_05,93,0,0,674,359,359
Temporal,fr3_walking_halfsphere,run_05,94,0,0,598,332,332
Temporal,fr3_walking_halfsphere,run_05,95,0,0,631,329,329
Temporal,fr3_walking_halfsphere,run_05,96,0,0,650,341,341
Temporal,fr3_walking_halfsphere,run_05,97,0,0,671,346,346
Temporal,fr3_walking_halfsphere,run_05,98,0,0,728,378,378
Temporal,fr3_walking_halfsphere,run_05,99,0,0,768,378,378
Temporal,fr3_walking_halfsphere,run_05,100,0,0,783,381,381
Temporal,fr3_walking_halfsphere,run_05,101,0,0,828,381,381
Temporal,fr3_walking_halfsphere,run_05,102,0,0,939,406,406
Temporal,fr3_walking_halfsphere,run_05,103,0,0,1089,410,410
Temporal,fr3_walking_halfsphere,run_05,104,0,0,1063,446,446
Temporal,fr3_walking_halfsphere,run_05,105,0,0,1004,440,440
Temporal,fr3_walking_halfsphere,run_05,106,0,0,1165,448,448
Temporal,fr3_walking_halfsphere,run_05,107,0,0,1149,433,433
Temporal,fr3_walking_halfsphere,run_05,108,0,0,1148,416,416
Temporal,fr3_walking_halfsphere,run_05,109,0,0,1139,399,399
Temporal,fr3_walking_halfsphere,run_05,110,0,0,1159,379,379
Temporal,fr3_walking_halfsphere,run_05,111,0,0,1113,351,351
Temporal,fr3_walking_halfsphere,run_05,112,0,0,1157,346,346
Temporal,fr3_walking_halfsphere,run_05,113,0,0,1027,342,342
Temporal,fr3_walking_halfsphere,run_05,114,0,0,1204,384,384
Temporal,fr3_walking_halfsphere,run_05,115,0,0,1151,411,411
Temporal,fr3_walking_halfsphere,run_05,116,0,0,1246,377,377
Temporal,fr3_walking_halfsphere,run_05,117,0,0,1211,356,356
Temporal,fr3_walking_halfsphere,run_05,118,0,0,1226,287,287
Temporal,fr3_walking_halfsphere,run_05,119,0,0,1238,258,258
Temporal,fr3_walking_halfsphere,run_05,120,0,0,1208,237,237
Temporal,fr3_walking_halfsphere,run_05,121,0,0,1251,213,213
Temporal,fr3_walking_halfsphere,run_05,122,0,0,1240,200,200
Temporal,fr3_walking_halfsphere,run_05,123,0,0,1247,193,193
Temporal,fr3_walking_halfsphere,run_05,124,0,0,1250,173,173
Temporal,fr3_walking_halfsphere,run_05,125,0,0,1248,153,153
Temporal,fr3_walking_halfsphere,run_05,126,0,0,1255,131,131
Temporal,fr3_walking_halfsphere,run_05,127,0,0,1274,119,119
Temporal,fr3_walking_halfsphere,run_05,128,0,0,1261,133,133
Temporal,fr3_walking_halfsphere,run_05,129,0,0,1228,90,90
Temporal,fr3_walking_halfsphere,run_05,130,0,0,1215,69,69
Temporal,fr3_walking_halfsphere,run_05,131,0,0,1238,61,61
Temporal,fr3_walking_halfsphere,run_05,132,0,0,1221,55,55
Temporal,fr3_walking_halfsphere,run_05,133,0,0,1184,52,52
Temporal,fr3_walking_halfsphere,run_05,134,0,0,1226,49,49
Temporal,fr3_walking_halfsphere,run_05,135,0,0,1235,43,43
Temporal,fr3_walking_halfsphere,run_05,136,0,0,1195,39,39
Temporal,fr3_walking_halfsphere,run_05,137,0,0,1163,37,37
Temporal,fr3_walking_halfsphere,run_05,138,0,0,1168,38,38
Temporal,fr3_walking_halfsphere,run_05,139,0,0,1180,29,29
Temporal,fr3_walking_halfsphere,run_05,140,0,0,1145,27,27
Temporal,fr3_walking_halfsphere,run_05,141,0,0,1142,23,23
Temporal,fr3_walking_halfsphere,run_05,142,0,0,1125,19,19
Temporal,fr3_walking_halfsphere,run_05,143,0,0,1137,16,16
Temporal,fr3_walking_halfsphere,run_05,144,0,0,1130,11,11
Temporal,fr3_walking_halfsphere,run_05,145,0,0,1108,7,7
Temporal,fr3_walking_halfsphere,run_05,146,0,0,1133,5,5
Temporal,fr3_walking_halfsphere,run_05,147,0,0,1091,3,3
Temporal,fr3_walking_halfsphere,run_05,148,0,0,1101,1,1
Temporal,fr3_walking_halfsphere,run_05,149,0,0,1108,0,0
Temporal,fr3_walking_halfsphere,run_05,150,0,0,863,0,0
Temporal,fr3_walking_halfsphere,run_05,151,0,0,995,0,0
Temporal,fr3_walking_halfsphere,run_05,152,0,0,992,0,0
Temporal,fr3_walking_halfsphere,run_05,153,0,0,960,0,0
Temporal,fr3_walking_halfsphere,run_05,154,0,0,981,0,0
Temporal,fr3_walking_halfsphere,run_05,155,0,0,1002,0,0
Temporal,fr3_walking_halfsphere,run_05,156,0,0,1010,0,0
Temporal,fr3_walking_halfsphere,run_05,157,0,0,995,0,0
Temporal,fr3_walking_halfsphere,run_05,158,0,0,969,0,0
Temporal,fr3_walking_halfsphere,run_05,159,0,0,991,22,22
Temporal,fr3_walking_halfsphere,run_05,160,0,0,983,1,1
Temporal,fr3_walking_halfsphere,run_05,161,0,0,973,2,2
Temporal,fr3_walking_halfsphere,run_05,162,0,0,949,0,0
Temporal,fr3_walking_halfsphere,run_05,163,0,0,911,0,0
Temporal,fr3_walking_halfsphere,run_05,164,0,0,936,8,8
Temporal,fr3_walking_halfsphere,run_05,165,0,0,798,12,12
Temporal,fr3_walking_halfsphere,run_05,166,0,0,867,12,12
Temporal,fr3_walking_halfsphere,run_05,167,0,0,894,14,14
Temporal,fr3_walking_halfsphere,run_05,168,0,0,889,20,20
Temporal,fr3_walking_halfsphere,run_05,169,0,0,882,19,19
Temporal,fr3_walking_halfsphere,run_05,170,0,0,889,20,20
Temporal,fr3_walking_halfsphere,run_05,171,0,0,819,52,52
Temporal,fr3_walking_halfsphere,run_05,172,0,0,874,36,36
Temporal,fr3_walking_halfsphere,run_05,173,0,0,901,41,41
Temporal,fr3_walking_halfsphere,run_05,174,0,0,893,37,37
Temporal,fr3_walking_halfsphere,run_05,175,0,0,884,42,42
Temporal,fr3_walking_halfsphere,run_05,176,0,0,893,54,54
Temporal,fr3_walking_halfsphere,run_05,177,0,0,899,87,87
Temporal,fr3_walking_halfsphere,run_05,178,0,0,762,30,30
Temporal,fr3_walking_halfsphere,run_05,179,0,0,878,85,85
Temporal,fr3_walking_halfsphere,run_05,180,0,0,865,60,60
Temporal,fr3_walking_halfsphere,run_05,181,0,0,885,60,60
Temporal,fr3_walking_halfsphere,run_05,182,0,0,891,66,66
Temporal,fr3_walking_halfsphere,run_05,183,0,0,879,64,64
Temporal,fr3_walking_halfsphere,run_05,184,0,0,823,61,61
Temporal,fr3_walking_halfsphere,run_05,185,0,0,939,56,56
Temporal,fr3_walking_halfsphere,run_05,186,0,0,936,55,55
Temporal,fr3_walking_halfsphere,run_05,187,0,0,938,55,55
Temporal,fr3_walking_halfsphere,run_05,188,0,0,922,54,54
Temporal,fr3_walking_halfsphere,run_05,189,0,0,939,53,53
Temporal,fr3_walking_halfsphere,run_05,190,0,0,943,53,53
Temporal,fr3_walking_halfsphere,run_05,191,0,0,812,52,52
Temporal,fr3_walking_halfsphere,run_05,192,0,0,898,49,49
Temporal,fr3_walking_halfsphere,run_05,193,0,0,906,53,53
Temporal,fr3_walking_halfsphere,run_05,194,0,0,915,48,48
Temporal,fr3_walking_halfsphere,run_05,195,0,0,905,41,41
Temporal,fr3_walking_halfsphere,run_05,196,0,0,923,34,34
Temporal,fr3_walking_halfsphere,run_05,197,0,0,926,26,26
Temporal,fr3_walking_halfsphere,run_05,198,0,0,908,19,19
Temporal,fr3_walking_halfsphere,run_05,199,0,0,806,11,11
Temporal,fr3_walking_halfsphere,run_05,200,0,0,884,11,11
Temporal,fr3_walking_halfsphere,run_05,201,0,0,892,10,10
Temporal,fr3_walking_halfsphere,run_05,202,0,0,899,9,9
Temporal,fr3_walking_halfsphere,run_05,203,0,0,906,9,9
Temporal,fr3_walking_halfsphere,run_05,204,0,0,905,8,8
Temporal,fr3_walking_halfsphere,run_05,205,0,0,904,5,5
Temporal,fr3_walking_halfsphere,run_05,206,0,0,916,4,4
Temporal,fr3_walking_halfsphere,run_05,207,0,0,930,4,4
Temporal,fr3_walking_halfsphere,run_05,208,0,0,874,13,13
Temporal,fr3_walking_halfsphere,run_05,209,0,0,1009,8,8
Temporal,fr3_walking_halfsphere,run_05,210,0,0,1033,6,6
Temporal,fr3_walking_halfsphere,run_05,211,0,0,1047,6,6
Temporal,fr3_walking_halfsphere,run_05,212,0,0,1101,6,6
Temporal,fr3_walking_halfsphere,run_05,213,0,0,1040,1,1
Temporal,fr3_walking_halfsphere,run_05,214,0,0,1361,1,1
Temporal,fr3_walking_halfsphere,run_05,215,0,0,1350,0,0
Temporal,fr3_walking_halfsphere,run_05,216,0,0,1605,0,0
Temporal,fr3_walking_halfsphere,run_05,217,0,0,1547,0,0
Temporal,fr3_walking_halfsphere,run_05,218,0,0,1373,67,67
Temporal,fr3_walking_halfsphere,run_05,219,0,0,1648,93,93
Temporal,fr3_walking_halfsphere,run_05,220,0,0,1238,126,126
Temporal,fr3_walking_halfsphere,run_05,298,0,2,1311,10,10
Temporal,fr3_walking_halfsphere,run_05,300,0,1,1323,40,40
Temporal,fr3_walking_halfsphere,run_05,301,0,0,1319,41,41
Temporal,fr3_walking_halfsphere,run_05,302,0,0,1537,43,43
Temporal,fr3_walking_halfsphere,run_05,303,0,0,1657,47,47
Temporal,fr3_walking_halfsphere,run_05,304,0,0,1668,46,46
Temporal,fr3_walking_halfsphere,run_05,305,0,0,1635,47,47
Temporal,fr3_walking_halfsphere,run_05,306,0,0,1637,48,48
Temporal,fr3_walking_halfsphere,run_05,307,0,0,1627,47,47
Temporal,fr3_walking_halfsphere,run_05,308,0,0,1588,51,51
Temporal,fr3_walking_halfsphere,run_05,309,0,0,1654,84,84
Temporal,fr3_walking_halfsphere,run_05,310,0,0,1700,123,123
Temporal,fr3_walking_halfsphere,run_05,311,0,0,1699,150,150
Temporal,fr3_walking_halfsphere,run_05,312,0,0,1662,139,139
Temporal,fr3_walking_halfsphere,run_05,313,0,0,1698,183,183
Temporal,fr3_walking_halfsphere,run_05,314,0,0,1669,190,190
Temporal,fr3_walking_halfsphere,run_05,315,0,0,1734,228,228
Temporal,fr3_walking_halfsphere,run_05,316,0,0,1725,212,212
Temporal,fr3_walking_halfsphere,run_05,317,0,0,1705,234,234
Temporal,fr3_walking_halfsphere,run_05,318,0,0,1682,211,211
Temporal,fr3_walking_halfsphere,run_05,319,0,0,1692,210,210
Temporal,fr3_walking_halfsphere,run_05,320,0,0,1713,203,203
Temporal,fr3_walking_halfsphere,run_05,321,0,0,1763,202,202
Temporal,fr3_walking_halfsphere,run_05,322,0,0,1759,206,206
Temporal,fr3_walking_halfsphere,run_05,323,0,0,1725,203,203
Temporal,fr3_walking_halfsphere,run_05,324,0,0,1717,195,195
Temporal,fr3_walking_halfsphere,run_05,325,0,0,1770,204,204
Temporal,fr3_walking_halfsphere,run_05,326,0,0,1725,194,194
Temporal,fr3_walking_halfsphere,run_05,327,0,0,1760,188,188
Temporal,fr3_walking_halfsphere,run_05,328,0,0,1770,188,188
Temporal,fr3_walking_halfsphere,run_05,329,0,0,1784,185,185
Temporal,fr3_walking_halfsphere,run_05,330,0,0,1788,173,173
Temporal,fr3_walking_halfsphere,run_05,331,0,0,1106,120,120
Temporal,fr3_walking_halfsphere,run_05,332,0,0,1306,119,119
Temporal,fr3_walking_halfsphere,run_05,333,0,0,1346,110,110
Temporal,fr3_walking_halfsphere,run_05,334,0,0,1370,108,108
Temporal,fr3_walking_halfsphere,run_05,335,0,0,1366,104,104
Temporal,fr3_walking_halfsphere,run_05,336,0,0,1368,99,99
Temporal,fr3_walking_halfsphere,run_05,337,0,0,1365,99,99
Temporal,fr3_walking_halfsphere,run_05,338,0,0,1348,106,106
Temporal,fr3_walking_halfsphere,run_05,339,0,0,1355,103,103
Temporal,fr3_walking_halfsphere,run_05,340,0,0,1398,123,123
Temporal,fr3_walking_halfsphere,run_05,341,0,0,1379,107,107
Temporal,fr3_walking_halfsphere,run_05,342,0,0,1412,129,129
Temporal,fr3_walking_halfsphere,run_05,343,0,0,1398,116,116
Temporal,fr3_walking_halfsphere,run_05,344,0,0,1427,176,176
Temporal,fr3_walking_halfsphere,run_05,345,0,0,1357,144,144
Temporal,fr3_walking_halfsphere,run_05,346,0,0,1367,135,135
Temporal,fr3_walking_halfsphere,run_05,347,0,0,1423,190,190
Temporal,fr3_walking_halfsphere,run_05,348,0,0,1411,151,151
Temporal,fr3_walking_halfsphere,run_05,349,0,0,1404,146,146
Temporal,fr3_walking_halfsphere,run_05,350,0,0,1457,157,157
Temporal,fr3_walking_halfsphere,run_05,351,0,0,1466,143,143
Temporal,fr3_walking_halfsphere,run_05,352,0,0,1483,146,146
Temporal,fr3_walking_halfsphere,run_05,353,0,0,1483,147,147
Temporal,fr3_walking_halfsphere,run_05,354,0,0,1478,138,138
Temporal,fr3_walking_halfsphere,run_05,355,0,0,1497,137,137
Temporal,fr3_walking_halfsphere,run_05,356,0,0,1495,131,131
Temporal,fr3_walking_halfsphere,run_05,357,0,0,1507,128,128
Temporal,fr3_walking_halfsphere,run_05,358,0,0,1500,128,128
Temporal,fr3_walking_halfsphere,run_05,359,0,0,1495,124,124
Temporal,fr3_walking_halfsphere,run_05,360,0,0,1511,121,121
Temporal,fr3_walking_halfsphere,run_05,361,0,0,1512,106,106
Temporal,fr3_walking_halfsphere,run_05,362,0,0,1521,105,105
Temporal,fr3_walking_halfsphere,run_05,363,0,0,1476,89,89
Temporal,fr3_walking_halfsphere,run_05,364,0,0,1271,68,68
Temporal,fr3_walking_halfsphere,run_05,365,0,0,1575,63,63
Temporal,fr3_walking_halfsphere,run_05,366,0,0,1580,58,58
Temporal,fr3_walking_halfsphere,run_05,367,0,0,1591,52,52
Temporal,fr3_walking_halfsphere,run_05,368,0,0,1600,52,52
Temporal,fr3_walking_halfsphere,run_05,369,0,0,1584,55,55
Temporal,fr3_walking_halfsphere,run_05,370,0,0,1600,54,54
Temporal,fr3_walking_halfsphere,run_05,371,0,0,1596,55,55
Temporal,fr3_walking_halfsphere,run_05,372,0,0,1600,55,55
Temporal,fr3_walking_halfsphere,run_05,373,0,0,1602,54,54
Temporal,fr3_walking_halfsphere,run_05,374,0,0,1605,55,55
Temporal,fr3_walking_halfsphere,run_05,375,0,0,1582,52,52
Temporal,fr3_walking_halfsphere,run_05,376,0,0,1603,51,51
Temporal,fr3_walking_halfsphere,run_05,377,0,0,1585,44,44
Temporal,fr3_walking_halfsphere,run_05,378,0,0,1586,38,38
Temporal,fr3_walking_halfsphere,run_05,379,0,0,1593,38,38
Temporal,fr3_walking_halfsphere,run_05,380,0,0,1599,38,38
Temporal,fr3_walking_halfsphere,run_05,381,0,0,1618,38,38
Temporal,fr3_walking_halfsphere,run_05,382,0,0,1615,35,35
Temporal,fr3_walking_halfsphere,run_05,383,0,0,1604,37,37
Temporal,fr3_walking_halfsphere,run_05,384,0,0,1589,29,29
Temporal,fr3_walking_halfsphere,run_05,385,0,0,1577,27,27
Temporal,fr3_walking_halfsphere,run_05,386,0,0,1599,25,25
Temporal,fr3_walking_halfsphere,run_05,387,0,0,1600,15,15
Temporal,fr3_walking_halfsphere,run_05,388,0,0,1610,10,10
Temporal,fr3_walking_halfsphere,run_05,389,0,0,1576,7,7
Temporal,fr3_walking_halfsphere,run_05,390,0,0,1597,5,5
Temporal,fr3_walking_halfsphere,run_05,391,0,0,1601,8,8
Temporal,fr3_walking_halfsphere,run_05,392,0,0,1637,9,9
Temporal,fr3_walking_halfsphere,run_05,393,0,0,1610,4,4
Temporal,fr3_walking_halfsphere,run_05,394,0,0,1574,1,1
Temporal,fr3_walking_halfsphere,run_05,395,0,0,1561,0,0
Temporal,fr3_walking_halfsphere,run_05,396,0,0,1543,0,0
Temporal,fr3_walking_halfsphere,run_05,397,0,0,1545,0,0
Temporal,fr3_walking_halfsphere,run_05,398,0,0,1603,0,0
Temporal,fr3_walking_halfsphere,run_05,399,0,0,1612,0,0
Temporal,fr3_walking_halfsphere,run_05,400,0,0,1566,0,0
Temporal,fr3_walking_halfsphere,run_05,401,0,0,1586,0,0
Temporal,fr3_walking_halfsphere,run_05,402,0,0,1348,0,0
Temporal,fr3_walking_halfsphere,run_05,403,0,0,1727,0,0
Temporal,fr3_walking_halfsphere,run_05,404,0,0,1747,0,0
Temporal,fr3_walking_halfsphere,run_05,405,0,0,1784,0,0
Temporal,fr3_walking_halfsphere,run_05,406,0,0,1801,0,0
Temporal,fr3_walking_halfsphere,run_05,407,0,0,1768,0,0
Temporal,fr3_walking_halfsphere,run_05,408,0,0,1360,0,0
Temporal,fr3_walking_halfsphere,run_05,409,0,0,1771,0,0
Temporal,fr3_walking_halfsphere,run_05,410,0,0,1782,0,0
Temporal,fr3_walking_halfsphere,run_05,411,0,0,1769,0,0
Temporal,fr3_walking_halfsphere,run_05,412,0,0,1806,0,0
Temporal,fr3_walking_halfsphere,run_05,413,0,0,1810,0,0
Temporal,fr3_walking_halfsphere,run_05,414,0,0,1786,0,0
Temporal,fr3_walking_halfsphere,run_05,415,0,0,1399,0,0
Temporal,fr3_walking_halfsphere,run_05,416,0,0,1852,0,0
Temporal,fr3_walking_halfsphere,run_05,417,0,0,1826,0,0
Temporal,fr3_walking_halfsphere,run_05,418,0,0,1846,0,0
Temporal,fr3_walking_halfsphere,run_05,419,0,0,1835,450,450
Temporal,fr3_walking_halfsphere,run_05,420,0,0,1589,350,350
Temporal,fr3_walking_halfsphere,run_05,421,0,0,1618,340,340
Temporal,fr3_walking_halfsphere,run_05,422,0,0,1574,218,218
Temporal,fr3_walking_halfsphere,run_05,423,0,0,1769,241,241
Temporal,fr3_walking_halfsphere,run_05,424,0,0,1445,223,223
Temporal,fr3_walking_halfsphere,run_05,425,0,0,1653,236,236
Temporal,fr3_walking_halfsphere,run_05,426,0,0,1431,203,203
Temporal,fr3_walking_halfsphere,run_05,427,0,0,1510,205,205
Temporal,fr3_walking_halfsphere,run_05,428,0,0,1762,207,207
Temporal,fr3_walking_halfsphere,run_05,429,0,0,1674,207,207
Temporal,fr3_walking_halfsphere,run_05,430,0,0,1896,175,175
Temporal,fr3_walking_halfsphere,run_05,431,0,0,1726,219,219
Temporal,fr3_walking_halfsphere,run_05,432,0,0,1782,255,255
Temporal,fr3_walking_halfsphere,run_05,433,0,0,1995,429,429
Temporal,fr3_walking_halfsphere,run_05,434,0,0,2009,502,502
Temporal,fr3_walking_halfsphere,run_05,435,0,0,1811,369,369
Temporal,fr3_walking_halfsphere,run_05,436,0,0,1658,360,360
Temporal,fr3_walking_halfsphere,run_05,437,0,0,2041,591,591
Temporal,fr3_walking_halfsphere,run_05,438,0,0,2018,544,544
Temporal,fr3_walking_halfsphere,run_05,439,0,0,1451,254,254
Temporal,fr3_walking_halfsphere,run_05,440,0,0,1740,423,423
Temporal,fr3_walking_halfsphere,run_05,441,0,0,1763,431,431
Temporal,fr3_walking_halfsphere,run_05,442,0,0,2051,455,455
Temporal,fr3_walking_halfsphere,run_05,443,0,0,2052,488,488
Temporal,fr3_walking_halfsphere,run_05,444,0,0,1925,457,457
Temporal,fr3_walking_halfsphere,run_05,445,0,0,1966,494,494
Temporal,fr3_walking_halfsphere,run_05,446,0,0,2011,767,767
Temporal,fr3_walking_halfsphere,run_05,447,0,0,1941,812,812
Temporal,fr3_walking_halfsphere,run_05,448,0,0,1834,853,853
Temporal,fr3_walking_halfsphere,run_05,449,0,0,1741,1036,1036
Temporal,fr3_walking_halfsphere,run_05,450,0,0,1329,730,730
Temporal,fr3_walking_halfsphere,run_05,451,0,0,1472,756,756
Temporal,fr3_walking_halfsphere,run_05,452,0,0,1471,752,752
Temporal,fr3_walking_halfsphere,run_05,453,0,0,1417,715,715
Temporal,fr3_walking_halfsphere,run_05,454,0,0,1463,763,763
Temporal,fr3_walking_halfsphere,run_05,455,0,0,1012,426,426
Temporal,fr3_walking_halfsphere,run_05,456,0,0,1172,415,415
Temporal,fr3_walking_halfsphere,run_05,457,0,0,1125,398,398
Temporal,fr3_walking_halfsphere,run_05,458,0,0,1187,403,403
Temporal,fr3_walking_halfsphere,run_05,459,0,0,852,217,217
Temporal,fr3_walking_halfsphere,run_05,460,0,0,1473,634,634
Temporal,fr3_walking_halfsphere,run_05,461,0,0,1485,618,618
Temporal,fr3_walking_halfsphere,run_05,462,0,0,1054,283,283
Temporal,fr3_walking_halfsphere,run_05,463,0,0,1086,286,286
Temporal,fr3_walking_halfsphere,run_05,464,0,0,1531,591,591
Temporal,fr3_walking_halfsphere,run_05,465,0,0,991,190,190
Temporal,fr3_walking_halfsphere,run_05,466,0,0,1115,263,263
Temporal,fr3_walking_halfsphere,run_05,467,0,0,1501,575,575
Temporal,fr3_walking_halfsphere,run_05,468,0,0,901,236,236
Temporal,fr3_walking_halfsphere,run_05,469,0,0,1062,229,229
Temporal,fr3_walking_halfsphere,run_05,470,0,0,1025,205,205
Temporal,fr3_walking_halfsphere,run_05,471,0,0,1060,210,210
Temporal,fr3_walking_halfsphere,run_05,472,0,0,1041,217,217
Temporal,fr3_walking_halfsphere,run_05,473,0,0,1048,223,223
Temporal,fr3_walking_halfsphere,run_05,474,0,0,1057,228,228
Temporal,fr3_walking_halfsphere,run_05,475,0,0,1091,460,460
Temporal,fr3_walking_halfsphere,run_05,476,0,0,1116,429,429
Temporal,fr3_walking_halfsphere,run_05,477,0,0,1228,448,448
Temporal,fr3_walking_halfsphere,run_05,478,0,0,1242,522,522
Temporal,fr3_walking_halfsphere,run_05,479,0,0,1261,571,571
Temporal,fr3_walking_halfsphere,run_05,480,0,0,1281,558,558
Temporal,fr3_walking_halfsphere,run_05,481,0,0,1337,603,603
Temporal,fr3_walking_halfsphere,run_05,482,0,0,1360,616,616
Temporal,fr3_walking_halfsphere,run_05,483,0,0,1424,624,624
Temporal,fr3_walking_halfsphere,run_05,484,0,0,1426,631,631
Temporal,fr3_walking_halfsphere,run_05,485,0,0,1454,628,628
Temporal,fr3_walking_halfsphere,run_05,486,0,0,1472,632,632
Temporal,fr3_walking_halfsphere,run_05,487,0,0,1412,608,608
Temporal,fr3_walking_halfsphere,run_05,488,0,0,1662,546,546
Temporal,fr3_walking_halfsphere,run_05,489,0,0,1592,416,416
Temporal,fr3_walking_halfsphere,run_05,490,0,0,1638,527,527
Temporal,fr3_walking_halfsphere,run_05,491,0,0,1876,790,790
Temporal,fr3_walking_halfsphere,run_05,492,0,0,1876,691,691
Temporal,fr3_walking_halfsphere,run_05,493,0,0,1882,727,727
Temporal,fr3_walking_halfsphere,run_05,494,0,0,1850,700,700
Temporal,fr3_walking_halfsphere,run_05,495,0,0,1872,694,694
Temporal,fr3_walking_halfsphere,run_05,496,0,0,1843,672,672
Temporal,fr3_walking_halfsphere,run_05,497,0,0,1837,662,662
Temporal,fr3_walking_halfsphere,run_05,498,0,0,1610,554,554
Temporal,fr3_walking_halfsphere,run_05,499,0,0,1605,491,491
Temporal,fr3_walking_halfsphere,run_05,500,0,0,1626,590,590
Temporal,fr3_walking_halfsphere,run_05,501,0,0,1610,598,598
Temporal,fr3_walking_halfsphere,run_05,502,0,0,1664,610,610
Temporal,fr3_walking_halfsphere,run_05,503,0,0,1646,611,611
Temporal,fr3_walking_halfsphere,run_05,504,0,0,1591,564,564
Temporal,fr3_walking_halfsphere,run_05,505,0,0,1609,680,680
Temporal,fr3_walking_halfsphere,run_05,506,0,0,1642,704,704
Temporal,fr3_walking_halfsphere,run_05,507,0,0,1678,704,704
Temporal,fr3_walking_halfsphere,run_05,508,0,0,1681,698,698
Temporal,fr3_walking_halfsphere,run_05,509,0,0,1116,456,456
Temporal,fr3_walking_halfsphere,run_05,510,0,0,1358,453,453
Temporal,fr3_walking_halfsphere,run_05,511,0,0,1397,487,487
Temporal,fr3_walking_halfsphere,run_05,512,0,0,1381,498,498
Temporal,fr3_walking_halfsphere,run_05,513,0,0,1402,495,495
Temporal,fr3_walking_halfsphere,run_05,514,0,0,1201,423,423
Temporal,fr3_walking_halfsphere,run_05,515,0,0,1451,432,432
Temporal,fr3_walking_halfsphere,run_05,516,0,0,1595,414,414
Temporal,fr3_walking_halfsphere,run_05,517,0,0,1547,492,492
Temporal,fr3_walking_halfsphere,run_05,518,0,0,1847,486,486
Temporal,fr3_walking_halfsphere,run_05,519,0,0,1660,501,501
Temporal,fr3_walking_halfsphere,run_05,520,0,0,1697,295,295
Temporal,fr3_walking_halfsphere,run_05,521,0,0,1350,211,211
Temporal,fr3_walking_halfsphere,run_05,522,0,0,1685,227,227
Temporal,fr3_walking_halfsphere,run_05,523,0,0,1373,212,212
Temporal,fr3_walking_halfsphere,run_05,524,0,0,1771,351,351
Temporal,fr3_walking_halfsphere,run_05,525,0,0,1457,308,308
Temporal,fr3_walking_halfsphere,run_05,526,0,0,1610,275,275
Temporal,fr3_walking_halfsphere,run_05,527,0,0,1819,187,187
Temporal,fr3_walking_halfsphere,run_05,528,0,0,1328,176,176
Temporal,fr3_walking_halfsphere,run_05,529,0,0,1451,282,282
Temporal,fr3_walking_halfsphere,run_05,530,0,0,1453,332,332
Temporal,fr3_walking_halfsphere,run_05,531,0,0,1657,403,403
Temporal,fr3_walking_halfsphere,run_05,532,0,0,1300,434,434
Temporal,fr3_walking_halfsphere,run_05,533,0,0,1213,450,450
Temporal,fr3_walking_halfsphere,run_05,534,0,0,1178,460,460
Temporal,fr3_walking_halfsphere,run_05,535,0,0,1176,493,493
Temporal,fr3_walking_halfsphere,run_05,536,0,0,1145,468,468
Temporal,fr3_walking_halfsphere,run_05,537,0,0,1105,487,487
Temporal,fr3_walking_halfsphere,run_05,538,0,0,1103,509,509
Temporal,fr3_walking_halfsphere,run_05,539,0,0,1054,520,520
Temporal,fr3_walking_halfsphere,run_05,540,0,0,898,452,452
Temporal,fr3_walking_halfsphere,run_05,541,0,0,909,413,413
Temporal,fr3_walking_halfsphere,run_05,542,0,0,920,369,369
Temporal,fr3_walking_halfsphere,run_05,543,0,0,1012,397,397
Temporal,fr3_walking_halfsphere,run_05,544,0,0,1106,416,416
Temporal,fr3_walking_halfsphere,run_05,545,0,0,1125,387,387
Temporal,fr3_walking_halfsphere,run_05,546,0,0,1148,387,387
Temporal,fr3_walking_halfsphere,run_05,547,0,0,1112,377,377
Temporal,fr3_walking_halfsphere,run_05,548,0,0,1199,368,368
Temporal,fr3_walking_halfsphere,run_05,549,0,0,1247,421,421
Temporal,fr3_walking_halfsphere,run_05,550,0,0,1229,406,406
Temporal,fr3_walking_halfsphere,run_05,551,0,0,1212,363,363
Temporal,fr3_walking_halfsphere,run_05,552,0,0,1263,473,473
Temporal,fr3_walking_halfsphere,run_05,553,0,0,1264,442,442
Temporal,fr3_walking_halfsphere,run_05,554,0,0,1275,453,453
Temporal,fr3_walking_halfsphere,run_05,555,0,0,1304,459,459
Temporal,fr3_walking_halfsphere,run_05,556,0,0,1293,419,419
Temporal,fr3_walking_halfsphere,run_05,557,0,0,972,172,172
Temporal,fr3_walking_halfsphere,run_05,558,0,0,981,174,174
Temporal,fr3_walking_halfsphere,run_05,559,0,0,789,122,122
Temporal,fr3_walking_halfsphere,run_05,560,0,0,1032,214,214
Temporal,fr3_walking_halfsphere,run_05,561,0,0,1093,222,222
Temporal,fr3_walking_halfsphere,run_05,562,0,0,1136,237,237
Temporal,fr3_walking_halfsphere,run_05,563,0,0,1169,231,231
Temporal,fr3_walking_halfsphere,run_05,564,0,0,1223,322,322
Temporal,fr3_walking_halfsphere,run_05,565,0,0,1234,360,360
Temporal,fr3_walking_halfsphere,run_05,566,0,0,1254,397,397
Temporal,fr3_walking_halfsphere,run_05,567,0,0,1206,368,368
Temporal,fr3_walking_halfsphere,run_05,568,0,0,1375,553,553
Temporal,fr3_walking_halfsphere,run_05,569,0,0,1148,414,414
Temporal,fr3_walking_halfsphere,run_05,570,0,0,1179,422,422
Temporal,fr3_walking_halfsphere,run_05,571,0,0,1137,413,413
Temporal,fr3_walking_halfsphere,run_05,572,0,0,1237,475,475
Temporal,fr3_walking_halfsphere,run_05,573,0,0,1277,543,543
Temporal,fr3_walking_halfsphere,run_05,574,0,0,1251,513,513
Temporal,fr3_walking_halfsphere,run_05,575,0,0,1348,559,559
Temporal,fr3_walking_halfsphere,run_05,576,0,0,1263,490,490
Temporal,fr3_walking_halfsphere,run_05,577,0,0,1174,387,387
Temporal,fr3_walking_halfsphere,run_05,578,0,0,1252,397,397
Temporal,fr3_walking_halfsphere,run_05,579,0,0,1241,398,398
Temporal,fr3_walking_halfsphere,run_05,580,0,0,1319,395,395
Temporal,fr3_walking_halfsphere,run_05,581,0,0,1294,393,393
Temporal,fr3_walking_halfsphere,run_05,582,0,0,1365,410,410
Temporal,fr3_walking_halfsphere,run_05,583,0,0,1336,424,424
Temporal,fr3_walking_halfsphere,run_05,584,0,0,1411,457,457
Temporal,fr3_walking_halfsphere,run_05,585,0,0,1517,476,476
Temporal,fr3_walking_halfsphere,run_05,586,0,0,1517,489,489
Temporal,fr3_walking_halfsphere,run_05,587,0,0,1581,490,490
Temporal,fr3_walking_halfsphere,run_05,588,0,0,1693,495,495
Temporal,fr3_walking_halfsphere,run_05,589,0,0,1654,489,489
Temporal,fr3_walking_halfsphere,run_05,590,0,0,1784,502,502
Temporal,fr3_walking_halfsphere,run_05,591,0,0,1756,512,512
Temporal,fr3_walking_halfsphere,run_05,592,0,0,1846,533,533
Temporal,fr3_walking_halfsphere,run_05,593,0,0,1862,550,550
Temporal,fr3_walking_halfsphere,run_05,594,0,0,1896,564,564
Temporal,fr3_walking_halfsphere,run_05,595,0,0,2011,567,567
Temporal,fr3_walking_halfsphere,run_05,596,0,0,1956,550,550
Temporal,fr3_walking_halfsphere,run_05,597,0,0,2035,564,564
Temporal,fr3_walking_halfsphere,run_05,598,0,0,2090,597,597
Temporal,fr3_walking_halfsphere,run_05,599,0,0,2092,538,538
Temporal,fr3_walking_halfsphere,run_05,600,0,0,2128,512,512
Temporal,fr3_walking_halfsphere,run_05,601,0,0,2336,800,800
Temporal,fr3_walking_halfsphere,run_05,602,0,0,2392,854,854
Temporal,fr3_walking_halfsphere,run_05,603,0,0,2374,956,956
Temporal,fr3_walking_halfsphere,run_05,604,0,0,1712,525,525
Temporal,fr3_walking_halfsphere,run_05,605,0,0,2317,1111,1111
Temporal,fr3_walking_halfsphere,run_05,606,0,0,2333,1144,1144
Temporal,fr3_walking_halfsphere,run_05,607,0,0,2433,1160,1160
Temporal,fr3_walking_halfsphere,run_05,608,0,0,2311,1168,1168
Temporal,fr3_walking_halfsphere,run_05,609,0,0,1604,578,578
Temporal,fr3_walking_halfsphere,run_05,610,0,0,1684,624,624
Temporal,fr3_walking_halfsphere,run_05,611,0,0,1755,688,688
Temporal,fr3_walking_halfsphere,run_05,612,0,0,1568,584,584
Temporal,fr3_walking_halfsphere,run_05,613,0,0,1531,591,591
Temporal,fr3_walking_halfsphere,run_05,614,0,0,1584,661,661
Temporal,fr3_walking_halfsphere,run_05,615,0,0,1844,915,915
Temporal,fr3_walking_halfsphere,run_05,616,0,0,1585,691,691
Temporal,fr3_walking_halfsphere,run_05,617,0,0,1608,741,741
Temporal,fr3_walking_halfsphere,run_05,618,0,0,1669,772,772
Temporal,fr3_walking_halfsphere,run_05,619,0,0,1688,782,782
Temporal,fr3_walking_halfsphere,run_05,620,0,0,1674,788,788
Temporal,fr3_walking_halfsphere,run_05,621,0,0,1595,700,700
Temporal,fr3_walking_halfsphere,run_05,622,0,0,1736,920,920
Temporal,fr3_walking_halfsphere,run_05,623,0,0,1705,881,881
Temporal,fr3_walking_halfsphere,run_05,624,0,0,1793,966,966
Temporal,fr3_walking_halfsphere,run_05,625,0,0,1785,961,961
Temporal,fr3_walking_halfsphere,run_05,626,0,0,1747,1014,1014
Temporal,fr3_walking_halfsphere,run_05,627,0,0,2572,1776,1776
Temporal,fr3_walking_halfsphere,run_05,628,0,0,1770,1042,1042
Temporal,fr3_walking_halfsphere,run_05,629,0,0,1377,736,736
Temporal,fr3_walking_halfsphere,run_05,630,0,0,1388,737,737
Temporal,fr3_walking_halfsphere,run_05,631,0,0,1383,766,766
Temporal,fr3_walking_halfsphere,run_05,632,0,0,1408,807,807
Temporal,fr3_walking_halfsphere,run_05,633,0,0,906,514,514
Temporal,fr3_walking_halfsphere,run_05,634,0,0,1265,849,849
Temporal,fr3_walking_halfsphere,run_05,635,0,0,1276,817,817
Temporal,fr3_walking_halfsphere,run_05,636,0,0,1553,1045,1045
Temporal,fr3_walking_halfsphere,run_05,637,0,0,923,620,620
Temporal,fr3_walking_halfsphere,run_05,638,0,0,895,591,591
Temporal,fr3_walking_halfsphere,run_05,639,0,0,1278,874,874
Temporal,fr3_walking_halfsphere,run_05,640,0,0,1279,888,888
Temporal,fr3_walking_halfsphere,run_05,641,0,0,1276,881,881
Temporal,fr3_walking_halfsphere,run_05,642,0,0,1278,863,863
Temporal,fr3_walking_halfsphere,run_05,643,0,0,1282,868,868
Temporal,fr3_walking_halfsphere,run_05,644,0,0,1383,936,936
Temporal,fr3_walking_halfsphere,run_05,645,0,0,1219,806,806
Temporal,fr3_walking_halfsphere,run_05,646,0,0,1429,910,910
Temporal,fr3_walking_halfsphere,run_05,647,0,0,1283,813,813
Temporal,fr3_walking_halfsphere,run_05,648,0,0,1580,1017,1017
Temporal,fr3_walking_halfsphere,run_05,649,0,0,1583,1008,1008
Temporal,fr3_walking_halfsphere,run_05,650,0,0,1208,756,756
Temporal,fr3_walking_halfsphere,run_05,651,0,0,1163,728,728
Temporal,fr3_walking_halfsphere,run_05,652,0,0,1593,943,943
Temporal,fr3_walking_halfsphere,run_05,653,0,0,1430,824,824
Temporal,fr3_walking_halfsphere,run_05,654,0,0,1551,993,993
Temporal,fr3_walking_halfsphere,run_05,655,0,0,1840,1130,1130
Temporal,fr3_walking_halfsphere,run_05,656,0,0,1824,1125,1125
Temporal,fr3_walking_halfsphere,run_05,657,0,0,1818,1104,1104
Temporal,fr3_walking_halfsphere,run_05,658,0,0,1802,1124,1124
Temporal,fr3_walking_halfsphere,run_05,659,0,0,1853,1105,1105
Temporal,fr3_walking_halfsphere,run_05,660,0,0,1571,862,862
Temporal,fr3_walking_halfsphere,run_05,661,0,0,1578,858,858
Temporal,fr3_walking_halfsphere,run_05,662,0,0,1607,909,909
Temporal,fr3_walking_halfsphere,run_05,663,0,0,1916,945,945
Temporal,fr3_walking_halfsphere,run_05,664,0,0,1919,902,902
Temporal,fr3_walking_halfsphere,run_05,665,0,0,1859,911,911
Temporal,fr3_walking_halfsphere,run_05,666,0,0,2052,951,951
Temporal,fr3_walking_halfsphere,run_05,667,0,0,1574,786,786
Temporal,fr3_walking_halfsphere,run_05,668,0,0,1590,798,798
Temporal,fr3_walking_halfsphere,run_05,669,0,0,2169,880,880
Temporal,fr3_walking_halfsphere,run_05,670,0,0,1498,688,688
Temporal,fr3_walking_halfsphere,run_05,671,0,0,2058,836,836
Temporal,fr3_walking_halfsphere,run_05,672,0,0,1743,705,705
Temporal,fr3_walking_halfsphere,run_05,673,0,0,1992,848,848
Temporal,fr3_walking_halfsphere,run_05,674,0,0,1466,587,587
Temporal,fr3_walking_halfsphere,run_05,675,0,0,1711,640,640
Temporal,fr3_walking_halfsphere,run_05,676,0,0,1601,553,553
Temporal,fr3_walking_halfsphere,run_05,677,0,0,1543,625,625
Temporal,fr3_walking_halfsphere,run_05,678,0,0,1774,1028,1028
Temporal,fr3_walking_halfsphere,run_05,679,0,0,1399,599,599
Temporal,fr3_walking_halfsphere,run_05,680,0,0,1395,650,650
Temporal,fr3_walking_halfsphere,run_05,681,0,0,2030,1079,1079
Temporal,fr3_walking_halfsphere,run_05,682,0,0,1582,790,790
Temporal,fr3_walking_halfsphere,run_05,683,0,0,1251,624,624
Temporal,fr3_walking_halfsphere,run_05,684,0,0,1546,900,900
Temporal,fr3_walking_halfsphere,run_05,685,0,0,1112,499,499
Temporal,fr3_walking_halfsphere,run_05,686,0,0,826,237,237
Temporal,fr3_walking_halfsphere,run_05,687,0,0,856,254,254
Temporal,fr3_walking_halfsphere,run_05,688,0,0,761,158,158
Temporal,fr3_walking_halfsphere,run_05,689,0,0,877,221,221
Temporal,fr3_walking_halfsphere,run_05,690,0,0,880,216,216
Temporal,fr3_walking_halfsphere,run_05,691,0,0,947,270,270
Temporal,fr3_walking_halfsphere,run_05,692,0,0,913,228,228
Temporal,fr3_walking_halfsphere,run_05,693,0,0,859,179,179
Temporal,fr3_walking_halfsphere,run_05,694,0,0,883,176,176
Temporal,fr3_walking_halfsphere,run_05,695,0,0,861,139,139
Temporal,fr3_walking_halfsphere,run_05,696,0,0,888,146,146
Temporal,fr3_walking_halfsphere,run_05,697,0,0,965,141,141
Temporal,fr3_walking_halfsphere,run_05,698,0,0,859,136,136
Temporal,fr3_walking_halfsphere,run_05,699,0,0,1122,333,333
Temporal,fr3_walking_halfsphere,run_05,700,0,0,917,147,147
Temporal,fr3_walking_halfsphere,run_05,701,0,0,912,142,142
Temporal,fr3_walking_halfsphere,run_05,702,0,0,818,138,138
Temporal,fr3_walking_halfsphere,run_05,703,0,0,1362,276,276
Temporal,fr3_walking_halfsphere,run_05,704,0,0,972,170,170
Temporal,fr3_walking_halfsphere,run_05,705,0,0,1001,175,175
Temporal,fr3_walking_halfsphere,run_05,706,0,0,1010,174,174
Temporal,fr3_walking_halfsphere,run_05,707,0,0,1009,181,181
Temporal,fr3_walking_halfsphere,run_05,708,0,0,1008,176,176
Temporal,fr3_walking_halfsphere,run_05,709,0,0,908,128,128
Temporal,fr3_walking_halfsphere,run_05,710,0,0,1103,167,167
Temporal,fr3_walking_halfsphere,run_05,711,0,0,1102,161,161
Temporal,fr3_walking_halfsphere,run_05,712,0,0,1068,154,154
Temporal,fr3_walking_halfsphere,run_05,713,0,0,1393,183,183
Temporal,fr3_walking_halfsphere,run_05,714,0,0,1062,148,148
Temporal,fr3_walking_halfsphere,run_05,715,0,0,1044,189,189
Temporal,fr3_walking_halfsphere,run_05,716,0,0,891,152,152
Temporal,fr3_walking_halfsphere,run_05,717,0,0,1053,142,142
Temporal,fr3_walking_halfsphere,run_05,718,0,0,955,136,136
Temporal,fr3_walking_halfsphere,run_05,719,0,0,1107,150,150
Temporal,fr3_walking_halfsphere,run_05,720,0,0,1153,143,143
Temporal,fr3_walking_halfsphere,run_05,721,0,0,1144,153,153
Temporal,fr3_walking_halfsphere,run_05,722,0,0,1158,144,144
Temporal,fr3_walking_halfsphere,run_05,723,0,0,937,128,128
Temporal,fr3_walking_halfsphere,run_05,724,0,0,1223,181,181
Temporal,fr3_walking_halfsphere,run_05,725,0,0,1155,139,139
Temporal,fr3_walking_halfsphere,run_05,726,0,0,1158,130,130
Temporal,fr3_walking_halfsphere,run_05,727,0,0,1419,218,218
Temporal,fr3_walking_halfsphere,run_05,728,0,0,1388,184,184
Temporal,fr3_walking_halfsphere,run_05,729,0,0,1186,125,125
Temporal,fr3_walking_halfsphere,run_05,730,0,0,1226,153,153
Temporal,fr3_walking_halfsphere,run_05,731,0,0,1220,125,125
Temporal,fr3_walking_halfsphere,run_05,732,0,0,1245,115,115
Temporal,fr3_walking_halfsphere,run_05,733,0,0,1272,132,132
Temporal,fr3_walking_halfsphere,run_05,734,0,0,1259,127,127
Temporal,fr3_walking_halfsphere,run_05,735,0,0,1286,122,122
Temporal,fr3_walking_halfsphere,run_05,736,0,0,1094,61,61
Temporal,fr3_walking_halfsphere,run_05,737,0,0,1413,64,64
Temporal,fr3_walking_halfsphere,run_05,738,0,0,1439,69,69
Temporal,fr3_walking_halfsphere,run_05,739,0,0,1628,61,61
Temporal,fr3_walking_halfsphere,run_05,740,0,0,1656,65,65
Temporal,fr3_walking_halfsphere,run_05,741,0,0,1456,78,78
Temporal,fr3_walking_halfsphere,run_05,742,0,0,1436,66,66
Temporal,fr3_walking_halfsphere,run_05,743,0,0,1475,57,57
Temporal,fr3_walking_halfsphere,run_05,744,0,0,1507,75,75
Temporal,fr3_walking_halfsphere,run_05,745,0,0,1471,48,48
Temporal,fr3_walking_halfsphere,run_05,746,0,0,1497,42,42
Temporal,fr3_walking_halfsphere,run_05,747,0,0,1552,206,206
Temporal,fr3_walking_halfsphere,run_05,748,0,0,1388,74,74
Temporal,fr3_walking_halfsphere,run_05,749,0,0,1364,40,40
Temporal,fr3_walking_halfsphere,run_05,750,0,0,1276,233,233
Temporal,fr3_walking_halfsphere,run_05,751,0,0,1553,255,255
Temporal,fr3_walking_halfsphere,run_05,752,0,0,1523,271,271
Temporal,fr3_walking_halfsphere,run_05,753,0,0,1551,323,323
Temporal,fr3_walking_halfsphere,run_05,754,0,0,1658,283,283
Temporal,fr3_walking_halfsphere,run_05,755,0,0,1805,601,601
Temporal,fr3_walking_halfsphere,run_05,756,0,0,1634,456,456
Temporal,fr3_walking_halfsphere,run_05,757,0,0,1586,471,471
Temporal,fr3_walking_halfsphere,run_05,758,0,0,1618,470,470
Temporal,fr3_walking_halfsphere,run_05,759,0,0,1609,456,456
Temporal,fr3_walking_halfsphere,run_05,760,0,0,1905,452,452
Temporal,fr3_walking_halfsphere,run_05,761,0,0,1924,441,441
Temporal,fr3_walking_halfsphere,run_05,762,0,0,1922,440,440
Temporal,fr3_walking_halfsphere,run_05,763,0,0,1330,117,117
Temporal,fr3_walking_halfsphere,run_05,764,0,0,1729,113,113
Temporal,fr3_walking_halfsphere,run_05,765,0,0,1720,106,106
Temporal,fr3_walking_halfsphere,run_05,766,0,0,1698,101,101
Temporal,fr3_walking_halfsphere,run_05,767,0,0,1722,97,97
Temporal,fr3_walking_halfsphere,run_05,768,0,0,1734,74,74
Temporal,fr3_walking_halfsphere,run_05,769,0,0,1730,67,67
Temporal,fr3_walking_halfsphere,run_05,770,0,0,1757,41,41
Temporal,fr3_walking_halfsphere,run_05,771,0,0,1767,30,30
Temporal,fr3_walking_halfsphere,run_05,772,0,0,1732,12,12
Temporal,fr3_walking_halfsphere,run_05,773,0,0,1976,7,7
Temporal,fr3_walking_halfsphere,run_05,774,0,0,1951,0,0
Temporal,fr3_walking_halfsphere,run_05,775,0,0,1720,102,102
Temporal,fr3_walking_halfsphere,run_05,776,0,0,1339,12,12
Temporal,fr3_walking_halfsphere,run_05,777,0,0,1610,12,12
Temporal,fr3_walking_halfsphere,run_05,778,0,0,1957,12,12
Temporal,fr3_walking_halfsphere,run_05,779,0,0,1880,12,12
Temporal,fr3_walking_halfsphere,run_05,780,0,0,1849,12,12
Temporal,fr3_walking_halfsphere,run_05,781,0,0,1548,103,103
Temporal,fr3_walking_halfsphere,run_05,782,0,0,1518,93,93
Temporal,fr3_walking_halfsphere,run_05,783,0,0,1484,102,102
Temporal,fr3_walking_halfsphere,run_05,784,0,0,1529,104,104
Temporal,fr3_walking_halfsphere,run_05,785,0,0,1542,101,101
Temporal,fr3_walking_halfsphere,run_05,786,0,0,1310,89,89
Temporal,fr3_walking_halfsphere,run_05,787,0,0,1497,88,88
Temporal,fr3_walking_halfsphere,run_05,788,0,0,1495,88,88
Temporal,fr3_walking_halfsphere,run_05,789,0,0,1486,88,88
Temporal,fr3_walking_halfsphere,run_05,790,0,0,1480,92,92
Temporal,fr3_walking_halfsphere,run_05,791,0,0,1468,82,82
Temporal,fr3_walking_halfsphere,run_05,792,0,0,1267,71,71
Temporal,fr3_walking_halfsphere,run_05,793,0,0,1432,70,70
Temporal,fr3_walking_halfsphere,run_05,794,0,0,1894,92,92
Temporal,fr3_walking_halfsphere,run_05,795,0,0,1370,63,63
Temporal,fr3_walking_halfsphere,run_05,796,0,0,1402,57,57
Temporal,fr3_walking_halfsphere,run_05,797,0,0,1302,40,40
Temporal,fr3_walking_halfsphere,run_05,798,0,0,1379,36,36
Temporal,fr3_walking_halfsphere,run_05,799,0,0,1848,35,35
Temporal,fr3_walking_halfsphere,run_05,800,0,0,1384,59,59
Temporal,fr3_walking_halfsphere,run_05,801,0,0,1387,42,42
Temporal,fr3_walking_halfsphere,run_05,802,0,0,1281,30,30
Temporal,fr3_walking_halfsphere,run_05,803,0,0,1436,30,30
Temporal,fr3_walking_halfsphere,run_05,804,0,0,1429,29,29
Temporal,fr3_walking_halfsphere,run_05,805,0,0,1449,26,26
Temporal,fr3_walking_halfsphere,run_05,806,0,0,1335,23,23
Temporal,fr3_walking_halfsphere,run_05,807,0,0,1456,400,400
Temporal,fr3_walking_halfsphere,run_05,808,0,0,1402,137,137
Temporal,fr3_walking_halfsphere,run_05,809,0,0,1509,409,409
Temporal,fr3_walking_halfsphere,run_05,810,0,0,1274,483,483
Temporal,fr3_walking_halfsphere,run_05,811,0,0,1297,375,375
Temporal,fr3_walking_halfsphere,run_05,812,0,0,1529,357,357
Temporal,fr3_walking_halfsphere,run_05,813,0,0,1423,288,288
Temporal,fr3_walking_halfsphere,run_05,814,0,0,1538,296,296
Temporal,fr3_walking_halfsphere,run_05,815,0,0,1691,329,329
Temporal,fr3_walking_halfsphere,run_05,816,0,0,1815,686,686
Temporal,fr3_walking_halfsphere,run_05,817,0,0,1929,480,480
Temporal,fr3_walking_halfsphere,run_05,818,0,0,1667,408,408
Temporal,fr3_walking_halfsphere,run_05,819,0,0,1830,527,527
Temporal,fr3_walking_halfsphere,run_05,820,0,0,1930,557,557
Temporal,fr3_walking_halfsphere,run_05,821,0,0,1679,430,430
Temporal,fr3_walking_halfsphere,run_05,822,0,0,1787,604,604
Temporal,fr3_walking_halfsphere,run_05,823,0,0,1620,510,510
Temporal,fr3_walking_halfsphere,run_05,824,0,0,1753,502,502
Temporal,fr3_walking_halfsphere,run_05,825,0,0,1703,550,550
Temporal,fr3_walking_halfsphere,run_05,826,0,0,1766,534,534
Temporal,fr3_walking_halfsphere,run_05,827,0,0,1623,478,478
Temporal,fr3_walking_halfsphere,run_05,828,0,0,1640,483,483
Temporal,fr3_walking_halfsphere,run_05,829,0,0,1640,504,504
Temporal,fr3_walking_halfsphere,run_05,830,0,0,1563,467,467
Temporal,fr3_walking_halfsphere,run_05,831,0,0,1542,434,434
Temporal,fr3_walking_halfsphere,run_05,832,0,0,1614,446,446
Temporal,fr3_walking_halfsphere,run_05,833,0,0,1388,415,415
Temporal,fr3_walking_halfsphere,run_05,834,0,0,1396,403,403
Temporal,fr3_walking_halfsphere,run_05,835,0,0,1314,417,417
Temporal,fr3_walking_halfsphere,run_05,836,0,0,1281,437,437
Temporal,fr3_walking_halfsphere,run_05,837,0,0,1222,411,411
Temporal,fr3_walking_halfsphere,run_05,838,0,0,1233,446,446
Temporal,fr3_walking_halfsphere,run_05,839,0,0,1198,531,531
Temporal,fr3_walking_halfsphere,run_05,840,0,0,1242,637,637
Temporal,fr3_walking_halfsphere,run_05,841,0,0,1200,613,613
Temporal,fr3_walking_halfsphere,run_05,842,0,0,1118,579,579
Temporal,fr3_walking_halfsphere,run_05,843,0,0,1032,505,505
Temporal,fr3_walking_halfsphere,run_05,844,0,0,977,559,559
Temporal,fr3_walking_halfsphere,run_05,845,0,0,959,525,525
Temporal,fr3_walking_halfsphere,run_05,846,0,0,960,665,665
Temporal,fr3_walking_halfsphere,run_05,847,0,0,929,709,709
Temporal,fr3_walking_halfsphere,run_05,848,0,0,895,707,707
Temporal,fr3_walking_halfsphere,run_05,849,0,0,898,756,756
Temporal,fr3_walking_halfsphere,run_05,862,0,0,133,125,125
Temporal,fr3_walking_halfsphere,run_05,865,0,16,1083,852,852
Temporal,fr3_walking_halfsphere,run_05,866,0,15,0,0,0
Temporal,fr3_walking_halfsphere,run_05,867,0,8,1134,785,785
Temporal,fr3_walking_halfsphere,run_05,868,0,14,1069,704,704
Temporal,fr3_walking_halfsphere,run_05,869,0,0,1549,654,654
Temporal,fr3_walking_halfsphere,run_05,870,0,0,1789,589,589
Temporal,fr3_walking_halfsphere,run_05,871,0,0,1835,541,541
Temporal,fr3_walking_halfsphere,run_05,872,0,0,1838,522,522
Temporal,fr3_walking_halfsphere,run_05,873,0,0,1827,438,438
Temporal,fr3_walking_halfsphere,run_05,874,0,0,2007,383,383
Temporal,fr3_walking_halfsphere,run_05,875,0,0,1821,311,311
Temporal,fr3_walking_halfsphere,run_05,876,0,0,1829,280,280
Temporal,fr3_walking_halfsphere,run_05,877,0,0,1769,276,276
Temporal,fr3_walking_halfsphere,run_05,878,0,0,1824,274,274
Temporal,fr3_walking_halfsphere,run_05,879,0,0,1559,287,287
Temporal,fr3_walking_halfsphere,run_05,880,0,0,1578,255,255
Temporal,fr3_walking_halfsphere,run_05,881,0,0,1685,260,260
Temporal,fr3_walking_halfsphere,run_05,882,0,0,1639,253,253
Temporal,fr3_walking_halfsphere,run_05,883,0,0,1654,245,245
Temporal,fr3_walking_halfsphere,run_05,884,0,0,1857,244,244
Temporal,fr3_walking_halfsphere,run_05,885,0,0,1836,229,229
Temporal,fr3_walking_halfsphere,run_05,886,0,0,1788,221,221
Temporal,fr3_walking_halfsphere,run_05,887,0,0,1642,206,206
Temporal,fr3_walking_halfsphere,run_05,888,0,0,1709,211,211
Temporal,fr3_walking_halfsphere,run_05,889,0,0,1691,201,201
Temporal,fr3_walking_halfsphere,run_05,890,0,0,1740,194,194
Temporal,fr3_walking_halfsphere,run_05,891,0,0,1774,194,194
Temporal,fr3_walking_halfsphere,run_05,892,0,0,1910,173,173
Temporal,fr3_walking_halfsphere,run_05,893,0,0,2245,165,165
Temporal,fr3_walking_halfsphere,run_05,894,0,0,1896,136,136
Temporal,fr3_walking_halfsphere,run_05,895,0,0,2066,113,113
Temporal,fr3_walking_halfsphere,run_05,896,0,0,1719,102,102
Temporal,fr3_walking_halfsphere,run_05,897,0,0,1787,25,25
Temporal,fr3_walking_halfsphere,run_05,898,0,0,1635,19,19
Temporal,fr3_walking_halfsphere,run_05,899,0,0,2153,16,16
Temporal,fr3_walking_halfsphere,run_05,900,0,0,2101,0,0
Temporal,fr3_walking_halfsphere,run_05,901,0,0,1916,0,0
Temporal,fr3_walking_halfsphere,run_05,902,0,0,1951,0,0
Temporal,fr3_walking_halfsphere,run_05,903,0,0,1868,0,0
Temporal,fr3_walking_halfsphere,run_05,904,0,0,2046,0,0
Temporal,fr3_walking_halfsphere,run_05,905,0,0,1868,0,0
Temporal,fr3_walking_halfsphere,run_05,906,0,0,1886,0,0
Temporal,fr3_walking_halfsphere,run_05,907,0,0,1889,0,0
Temporal,fr3_walking_halfsphere,run_05,908,0,0,1921,395,395
Temporal,fr3_walking_halfsphere,run_05,909,0,0,1852,347,347
Temporal,fr3_walking_halfsphere,run_05,910,0,0,1839,347,347
Temporal,fr3_walking_halfsphere,run_05,911,0,0,1584,253,253
Temporal,fr3_walking_halfsphere,run_05,912,0,0,1783,369,369
Temporal,fr3_walking_halfsphere,run_05,913,0,0,1914,394,394
Temporal,fr3_walking_halfsphere,run_05,914,0,0,1914,387,387
Temporal,fr3_walking_halfsphere,run_05,915,0,0,1910,386,386
Temporal,fr3_walking_halfsphere,run_05,916,0,0,1723,306,306
Temporal,fr3_walking_halfsphere,run_05,917,0,0,1720,299,299
Temporal,fr3_walking_halfsphere,run_05,918,0,0,1737,305,305
Temporal,fr3_walking_halfsphere,run_05,919,0,0,1729,320,320
Temporal,fr3_walking_halfsphere,run_05,920,0,0,1529,298,298
Temporal,fr3_walking_halfsphere,run_05,921,0,0,1764,286,286
Temporal,fr3_walking_halfsphere,run_05,922,0,0,1774,287,287
Temporal,fr3_walking_halfsphere,run_05,923,0,0,1802,316,316
Temporal,fr3_walking_halfsphere,run_05,924,0,0,1842,317,317
Temporal,fr3_walking_halfsphere,run_05,925,0,0,1876,334,334
Temporal,fr3_walking_halfsphere,run_05,926,0,0,1790,296,296
Temporal,fr3_walking_halfsphere,run_05,927,0,0,1798,293,293
Temporal,fr3_walking_halfsphere,run_05,928,0,0,1621,307,307
Temporal,fr3_walking_halfsphere,run_05,929,0,0,1820,330,330
Temporal,fr3_walking_halfsphere,run_05,930,0,0,1823,373,373
Temporal,fr3_walking_halfsphere,run_05,931,0,0,1806,363,363
Temporal,fr3_walking_halfsphere,run_05,932,0,0,1825,427,427
Temporal,fr3_walking_halfsphere,run_05,933,0,0,1766,434,434
Temporal,fr3_walking_halfsphere,run_05,934,0,0,1780,484,484
Temporal,fr3_walking_halfsphere,run_05,935,0,0,1486,396,396
Temporal,fr3_walking_halfsphere,run_05,936,0,0,1458,393,393
Temporal,fr3_walking_halfsphere,run_05,937,0,0,1478,554,554
Temporal,fr3_walking_halfsphere,run_05,938,0,0,1326,494,494
Temporal,fr3_walking_halfsphere,run_05,939,0,0,1446,575,575
Temporal,fr3_walking_halfsphere,run_05,940,0,0,1598,687,687
Temporal,fr3_walking_halfsphere,run_05,941,0,0,1599,692,692
Temporal,fr3_walking_halfsphere,run_05,942,0,0,1814,687,687
Temporal,fr3_walking_halfsphere,run_05,943,0,0,1843,674,674
Temporal,fr3_walking_halfsphere,run_05,944,0,0,2104,723,723
Temporal,fr3_walking_halfsphere,run_05,945,0,0,2123,759,759
Temporal,fr3_walking_halfsphere,run_05,946,0,0,2123,770,770
Temporal,fr3_walking_halfsphere,run_05,947,0,0,2297,819,819
Temporal,fr3_walking_halfsphere,run_05,948,0,0,2392,840,840
Temporal,fr3_walking_halfsphere,run_05,949,0,0,2421,887,887
Temporal,fr3_walking_halfsphere,run_05,950,0,0,2399,867,867
Temporal,fr3_walking_halfsphere,run_05,951,0,0,2492,889,889
Temporal,fr3_walking_halfsphere,run_05,952,0,0,2374,848,848
Temporal,fr3_walking_halfsphere,run_05,953,0,0,2320,774,774
Temporal,fr3_walking_halfsphere,run_05,954,0,0,2166,679,679
Temporal,fr3_walking_halfsphere,run_05,955,0,0,2157,704,704
Temporal,fr3_walking_halfsphere,run_05,956,0,0,2291,758,758
Temporal,fr3_walking_halfsphere,run_05,957,0,0,2309,756,756
Temporal,fr3_walking_halfsphere,run_05,958,0,0,2342,758,758
Temporal,fr3_walking_halfsphere,run_05,959,0,0,2339,729,729
Temporal,fr3_walking_halfsphere,run_05,960,0,0,2473,801,801
Temporal,fr3_walking_halfsphere,run_05,961,0,0,2513,833,833
Temporal,fr3_walking_halfsphere,run_05,962,0,0,2592,960,960
Temporal,fr3_walking_halfsphere,run_05,963,0,0,2629,1001,1001
Temporal,fr3_walking_halfsphere,run_05,964,0,0,2639,995,995
Temporal,fr3_walking_halfsphere,run_05,965,0,0,2656,1017,1017
Temporal,fr3_walking_halfsphere,run_05,966,0,0,2609,1000,1000
Temporal,fr3_walking_halfsphere,run_05,967,0,0,1991,823,823
Temporal,fr3_walking_halfsphere,run_05,968,0,0,1993,806,806
Temporal,fr3_walking_halfsphere,run_05,969,0,0,1907,796,796
Temporal,fr3_walking_halfsphere,run_05,970,0,0,2051,911,911
Temporal,fr3_walking_halfsphere,run_05,971,0,0,2116,934,934
Temporal,fr3_walking_halfsphere,run_05,972,0,0,2104,880,880
Temporal,fr3_walking_halfsphere,run_05,973,0,0,1935,912,912
Temporal,fr3_walking_halfsphere,run_05,974,0,0,1764,902,902
Temporal,fr3_walking_halfsphere,run_05,975,0,0,2266,1170,1170
Temporal,fr3_walking_halfsphere,run_05,976,0,0,2200,1103,1103
Temporal,fr3_walking_halfsphere,run_05,977,0,0,2312,1185,1185
Temporal,fr3_walking_halfsphere,run_05,978,0,0,2267,1147,1147
Temporal,fr3_walking_halfsphere,run_05,979,0,0,2426,1222,1222
Temporal,fr3_walking_halfsphere,run_05,980,0,0,2582,1334,1334
Temporal,fr3_walking_halfsphere,run_05,981,0,0,2544,1287,1287
Temporal,fr3_walking_halfsphere,run_05,982,0,0,2608,1297,1297
Temporal,fr3_walking_halfsphere,run_05,983,0,0,1862,956,956
Temporal,fr3_walking_halfsphere,run_05,984,0,0,1906,946,946
Temporal,fr3_walking_halfsphere,run_05,985,0,0,1933,940,940
Temporal,fr3_walking_halfsphere,run_05,986,0,0,2081,962,962
Temporal,fr3_walking_halfsphere,run_05,987,0,0,2165,972,972
Temporal,fr3_walking_halfsphere,run_05,988,0,0,2139,924,924
Temporal,fr3_walking_halfsphere,run_05,989,0,0,2098,859,859
Temporal,fr3_walking_halfsphere,run_05,990,0,0,2075,823,823
Temporal,fr3_walking_halfsphere,run_05,991,0,0,2377,967,967
Temporal,fr3_walking_halfsphere,run_05,992,0,0,2373,919,919
Temporal,fr3_walking_halfsphere,run_05,993,0,0,2174,839,839
Temporal,fr3_walking_halfsphere,run_05,994,0,0,2055,788,788
Temporal,fr3_walking_halfsphere,run_05,995,0,0,2159,804,804
Temporal,fr3_walking_halfsphere,run_05,996,0,0,2148,838,838
Temporal,fr3_walking_halfsphere,run_05,997,0,0,2118,803,803
Temporal,fr3_walking_halfsphere,run_05,998,0,0,1988,711,711
Temporal,fr3_walking_halfsphere,run_05,999,0,0,1979,678,678
Temporal,fr3_walking_halfsphere,run_05,1000,0,0,2070,721,721
Temporal,fr3_walking_halfsphere,run_05,1001,0,0,2010,640,640
Temporal,fr3_walking_halfsphere,run_05,1002,0,0,1975,651,651
Temporal,fr3_walking_halfsphere,run_05,1003,0,0,1764,648,648
Temporal,fr3_walking_halfsphere,run_05,1004,0,0,1951,678,678
Temporal,fr3_walking_halfsphere,run_05,1005,0,0,1925,647,647
Temporal,fr3_walking_halfsphere,run_05,1006,0,0,2007,727,727
Temporal,fr3_walking_halfsphere,run_05,1007,0,0,2035,710,710
Temporal,fr3_walking_halfsphere,run_05,1008,0,0,2013,696,696
Temporal,fr3_walking_halfsphere,run_05,1009,0,0,1934,678,678
Temporal,fr3_walking_halfsphere,run_05,1010,0,0,1763,682,682
Temporal,fr3_walking_halfsphere,run_05,1011,0,0,1921,707,707
Temporal,fr3_walking_halfsphere,run_05,1012,0,0,1889,706,706
Temporal,fr3_walking_halfsphere,run_05,1013,0,0,1869,710,710
Temporal,fr3_walking_halfsphere,run_05,1014,0,0,1890,717,717
Temporal,fr3_walking_halfsphere,run_05,1015,0,0,1975,723,723
Temporal,fr3_walking_halfsphere,run_05,1016,0,0,1998,788,788
Temporal,fr3_walking_halfsphere,run_05,1017,0,0,1987,735,735
Temporal,fr3_walking_halfsphere,run_05,1018,0,0,2003,763,763
Temporal,fr3_walking_halfsphere,run_05,1019,0,0,1823,692,692
Temporal,fr3_walking_halfsphere,run_05,1020,0,0,1899,690,690
