sequence,frame_id,timestamp,rgb_relative_path,semantic_unique_projections,temporal_unique_projections,context_available,both_ge_20,both_ge_10,both_ge_5,both_ge_1
fr3_walking_xyz,0,1341846313.592026,rgb/1341846313.592026.png,0,0,0,0,0,0,0
fr3_walking_xyz,1,1341846313.654184,rgb/1341846313.654184.png,251,251,0,0,0,0,0
fr3_walking_xyz,2,1341846313.686156,rgb/1341846313.686156.png,447,449,1,1,1,1,1
fr3_walking_xyz,3,1341846313.721918,rgb/1341846313.721918.png,472,473,1,1,1,1,1
fr3_walking_xyz,4,1341846313.753994,rgb/1341846313.753994.png,445,446,1,1,1,1,1
fr3_walking_xyz,5,1341846313.789969,rgb/1341846313.789969.png,459,461,1,1,1,1,1
fr3_walking_xyz,6,1341846313.822075,rgb/1341846313.822075.png,459,459,1,1,1,1,1
fr3_walking_xyz,7,1341846313.853928,rgb/1341846313.853928.png,464,466,1,1,1,1,1
fr3_walking_xyz,8,1341846313.890011,rgb/1341846313.890011.png,400,395,1,1,1,1,1
fr3_walking_xyz,9,1341846313.922055,rgb/1341846313.922055.png,384,382,1,1,1,1,1
fr3_walking_xyz,10,1341846313.957927,rgb/1341846313.957927.png,479,477,1,1,1,1,1
fr3_walking_xyz,11,1341846313.990058,rgb/1341846313.990058.png,437,452,1,1,1,1,1
fr3_walking_xyz,12,1341846314.022042,rgb/1341846314.022042.png,582,593,1,1,1,1,1
fr3_walking_xyz,13,1341846314.057816,rgb/1341846314.057816.png,452,469,1,1,1,1,1
fr3_walking_xyz,14,1341846314.089801,rgb/1341846314.089801.png,567,592,1,1,1,1,1
fr3_walking_xyz,15,1341846314.122037,rgb/1341846314.122037.png,452,478,1,1,1,1,1
fr3_walking_xyz,16,1341846314.157989,rgb/1341846314.157989.png,534,539,1,1,1,1,1
fr3_walking_xyz,17,1341846314.190094,rgb/1341846314.190094.png,435,432,1,1,1,1,1
fr3_walking_xyz,18,1341846314.225969,rgb/1341846314.225969.png,514,508,1,1,1,1,1
fr3_walking_xyz,19,1341846314.257923,rgb/1341846314.257923.png,512,513,1,1,1,1,1
fr3_walking_xyz,20,1341846314.290052,rgb/1341846314.290052.png,490,401,1,1,1,1,1
fr3_walking_xyz,21,1341846314.325981,rgb/1341846314.325981.png,510,470,1,1,1,1,1
fr3_walking_xyz,22,1341846314.357905,rgb/1341846314.357905.png,491,468,1,1,1,1,1
fr3_walking_xyz,23,1341846314.389899,rgb/1341846314.389899.png,389,422,1,1,1,1,1
fr3_walking_xyz,24,1341846314.427905,rgb/1341846314.427905.png,458,493,1,1,1,1,1
fr3_walking_xyz,25,1341846314.493987,rgb/1341846314.493987.png,448,481,1,1,1,1,1
fr3_walking_xyz,26,1341846314.526085,rgb/1341846314.526085.png,462,528,1,1,1,1,1
fr3_walking_xyz,27,1341846314.558292,rgb/1341846314.558292.png,521,464,1,1,1,1,1
fr3_walking_xyz,28,1341846314.594085,rgb/1341846314.594085.png,518,525,1,1,1,1,1
fr3_walking_xyz,29,1341846314.626096,rgb/1341846314.626096.png,478,534,1,1,1,1,1
fr3_walking_xyz,30,1341846314.658455,rgb/1341846314.658455.png,537,512,1,1,1,1,1
fr3_walking_xyz,31,1341846314.694004,rgb/1341846314.694004.png,443,435,1,1,1,1,1
fr3_walking_xyz,32,1341846314.725910,rgb/1341846314.725910.png,446,518,1,1,1,1,1
fr3_walking_xyz,33,1341846314.761942,rgb/1341846314.761942.png,529,482,1,1,1,1,1
fr3_walking_xyz,34,1341846314.794030,rgb/1341846314.794030.png,477,533,1,1,1,1,1
fr3_walking_xyz,35,1341846314.826092,rgb/1341846314.826092.png,530,563,1,1,1,1,1
fr3_walking_xyz,36,1341846314.862145,rgb/1341846314.862145.png,478,515,1,1,1,1,1
fr3_walking_xyz,37,1341846314.894072,rgb/1341846314.894072.png,477,497,1,1,1,1,1
fr3_walking_xyz,38,1341846314.925969,rgb/1341846314.925969.png,523,450,1,1,1,1,1
fr3_walking_xyz,39,1341846314.961937,rgb/1341846314.961937.png,521,489,1,1,1,1,1
fr3_walking_xyz,40,1341846314.994564,rgb/1341846314.994564.png,446,485,1,1,1,1,1
fr3_walking_xyz,41,1341846315.029900,rgb/1341846315.029900.png,478,449,1,1,1,1,1
fr3_walking_xyz,42,1341846315.061965,rgb/1341846315.061965.png,466,524,1,1,1,1,1
fr3_walking_xyz,43,1341846315.094388,rgb/1341846315.094388.png,509,434,1,1,1,1,1
fr3_walking_xyz,44,1341846315.129851,rgb/1341846315.129851.png,494,483,1,1,1,1,1
fr3_walking_xyz,45,1341846315.161941,rgb/1341846315.161941.png,521,500,1,1,1,1,1
fr3_walking_xyz,46,1341846315.197984,rgb/1341846315.197984.png,486,439,1,1,1,1,1
fr3_walking_xyz,47,1341846315.230076,rgb/1341846315.230076.png,481,456,1,1,1,1,1
fr3_walking_xyz,48,1341846315.262069,rgb/1341846315.262069.png,520,520,1,1,1,1,1
fr3_walking_xyz,49,1341846315.298000,rgb/1341846315.298000.png,476,511,1,1,1,1,1
fr3_walking_xyz,50,1341846315.329931,rgb/1341846315.329931.png,563,569,1,1,1,1,1
fr3_walking_xyz,51,1341846315.361981,rgb/1341846315.361981.png,490,514,1,1,1,1,1
fr3_walking_xyz,52,1341846315.397962,rgb/1341846315.397962.png,490,495,1,1,1,1,1
fr3_walking_xyz,53,1341846315.429923,rgb/1341846315.429923.png,520,508,1,1,1,1,1
fr3_walking_xyz,54,1341846315.466047,rgb/1341846315.466047.png,511,483,1,1,1,1,1
fr3_walking_xyz,55,1341846315.497883,rgb/1341846315.497883.png,520,532,1,1,1,1,1
fr3_walking_xyz,56,1341846315.530008,rgb/1341846315.530008.png,529,580,1,1,1,1,1
fr3_walking_xyz,57,1341846315.566108,rgb/1341846315.566108.png,551,582,1,1,1,1,1
fr3_walking_xyz,58,1341846315.597986,rgb/1341846315.597986.png,523,553,1,1,1,1,1
fr3_walking_xyz,59,1341846315.630109,rgb/1341846315.630109.png,524,538,1,1,1,1,1
fr3_walking_xyz,60,1341846315.666042,rgb/1341846315.666042.png,526,556,1,1,1,1,1
fr3_walking_xyz,61,1341846315.698114,rgb/1341846315.698114.png,449,511,1,1,1,1,1
fr3_walking_xyz,62,1341846315.733985,rgb/1341846315.733985.png,504,507,1,1,1,1,1
fr3_walking_xyz,63,1341846315.766041,rgb/1341846315.766041.png,519,538,1,1,1,1,1
fr3_walking_xyz,64,1341846315.798188,rgb/1341846315.798188.png,482,522,1,1,1,1,1
fr3_walking_xyz,65,1341846315.834140,rgb/1341846315.834140.png,539,541,1,1,1,1,1
fr3_walking_xyz,66,1341846315.866751,rgb/1341846315.866751.png,539,541,1,1,1,1,1
fr3_walking_xyz,67,1341846315.898492,rgb/1341846315.898492.png,569,562,1,1,1,1,1
fr3_walking_xyz,68,1341846315.936901,rgb/1341846315.936901.png,537,471,1,1,1,1,1
fr3_walking_xyz,69,1341846315.966572,rgb/1341846315.966572.png,473,528,1,1,1,1,1
fr3_walking_xyz,70,1341846316.034204,rgb/1341846316.034204.png,530,537,1,1,1,1,1
fr3_walking_xyz,71,1341846316.066113,rgb/1341846316.066113.png,530,490,1,1,1,1,1
fr3_walking_xyz,72,1341846316.101867,rgb/1341846316.101867.png,537,549,1,1,1,1,1
fr3_walking_xyz,73,1341846316.134066,rgb/1341846316.134066.png,567,477,1,1,1,1,1
fr3_walking_xyz,74,1341846316.202049,rgb/1341846316.202049.png,518,485,1,1,1,1,1
fr3_walking_xyz,75,1341846316.233979,rgb/1341846316.233979.png,583,550,1,1,1,1,1
fr3_walking_xyz,76,1341846316.270052,rgb/1341846316.270052.png,562,505,1,1,1,1,1
fr3_walking_xyz,77,1341846316.301915,rgb/1341846316.301915.png,573,525,1,1,1,1,1
fr3_walking_xyz,78,1341846316.334208,rgb/1341846316.334208.png,607,597,1,1,1,1,1
fr3_walking_xyz,79,1341846316.370006,rgb/1341846316.370006.png,603,521,1,1,1,1,1
fr3_walking_xyz,80,1341846316.401994,rgb/1341846316.401994.png,585,564,1,1,1,1,1
fr3_walking_xyz,81,1341846316.438069,rgb/1341846316.438069.png,547,580,1,1,1,1,1
fr3_walking_xyz,82,1341846316.470076,rgb/1341846316.470076.png,532,559,1,1,1,1,1
fr3_walking_xyz,83,1341846316.502034,rgb/1341846316.502034.png,556,606,1,1,1,1,1
fr3_walking_xyz,84,1341846316.537975,rgb/1341846316.537975.png,605,573,1,1,1,1,1
fr3_walking_xyz,85,1341846316.570121,rgb/1341846316.570121.png,628,566,1,1,1,1,1
fr3_walking_xyz,86,1341846316.601885,rgb/1341846316.601885.png,584,559,1,1,1,1,1
fr3_walking_xyz,87,1341846316.638009,rgb/1341846316.638009.png,578,556,1,1,1,1,1
fr3_walking_xyz,88,1341846316.669925,rgb/1341846316.669925.png,608,584,1,1,1,1,1
fr3_walking_xyz,89,1341846316.705941,rgb/1341846316.705941.png,608,557,1,1,1,1,1
fr3_walking_xyz,90,1341846316.738062,rgb/1341846316.738062.png,566,561,1,1,1,1,1
fr3_walking_xyz,91,1341846316.770433,rgb/1341846316.770433.png,587,550,1,1,1,1,1
fr3_walking_xyz,92,1341846316.805932,rgb/1341846316.805932.png,592,570,1,1,1,1,1
fr3_walking_xyz,93,1341846316.838029,rgb/1341846316.838029.png,581,584,1,1,1,1,1
fr3_walking_xyz,94,1341846316.870034,rgb/1341846316.870034.png,507,591,1,1,1,1,1
fr3_walking_xyz,95,1341846316.906344,rgb/1341846316.906344.png,499,595,1,1,1,1,1
fr3_walking_xyz,96,1341846316.937940,rgb/1341846316.937940.png,584,660,1,1,1,1,1
fr3_walking_xyz,97,1341846316.973994,rgb/1341846316.973994.png,539,679,1,1,1,1,1
fr3_walking_xyz,98,1341846317.005913,rgb/1341846317.005913.png,603,655,1,1,1,1,1
fr3_walking_xyz,99,1341846317.037936,rgb/1341846317.037936.png,614,668,1,1,1,1,1
fr3_walking_xyz,100,1341846317.073972,rgb/1341846317.073972.png,622,679,1,1,1,1,1
fr3_walking_xyz,101,1341846317.106113,rgb/1341846317.106113.png,632,692,1,1,1,1,1
fr3_walking_xyz,102,1341846317.137887,rgb/1341846317.137887.png,570,659,1,1,1,1,1
fr3_walking_xyz,103,1341846317.173970,rgb/1341846317.173970.png,669,736,1,1,1,1,1
fr3_walking_xyz,104,1341846317.205887,rgb/1341846317.205887.png,706,770,1,1,1,1,1
fr3_walking_xyz,105,1341846317.248131,rgb/1341846317.248131.png,669,779,1,1,1,1,1
fr3_walking_xyz,106,1341846317.306289,rgb/1341846317.306289.png,713,672,1,1,1,1,1
fr3_walking_xyz,107,1341846317.348137,rgb/1341846317.348137.png,725,762,1,1,1,1,1
fr3_walking_xyz,108,1341846317.410120,rgb/1341846317.410120.png,679,752,1,1,1,1,1
fr3_walking_xyz,109,1341846317.442569,rgb/1341846317.442569.png,618,686,1,1,1,1,1
fr3_walking_xyz,110,1341846317.474010,rgb/1341846317.474010.png,622,747,1,1,1,1,1
fr3_walking_xyz,111,1341846317.509927,rgb/1341846317.509927.png,600,675,1,1,1,1,1
fr3_walking_xyz,112,1341846317.542282,rgb/1341846317.542282.png,618,707,1,1,1,1,1
fr3_walking_xyz,113,1341846317.573943,rgb/1341846317.573943.png,600,695,1,1,1,1,1
fr3_walking_xyz,114,1341846317.610159,rgb/1341846317.610159.png,634,701,1,1,1,1,1
fr3_walking_xyz,115,1341846317.643553,rgb/1341846317.643553.png,651,705,1,1,1,1,1
fr3_walking_xyz,116,1341846317.677993,rgb/1341846317.677993.png,640,703,1,1,1,1,1
fr3_walking_xyz,117,1341846317.709996,rgb/1341846317.709996.png,637,668,1,1,1,1,1
fr3_walking_xyz,118,1341846317.741834,rgb/1341846317.741834.png,643,673,1,1,1,1,1
fr3_walking_xyz,119,1341846317.777923,rgb/1341846317.777923.png,645,669,1,1,1,1,1
fr3_walking_xyz,120,1341846317.810021,rgb/1341846317.810021.png,639,703,1,1,1,1,1
fr3_walking_xyz,121,1341846317.841886,rgb/1341846317.841886.png,622,668,1,1,1,1,1
fr3_walking_xyz,122,1341846317.878017,rgb/1341846317.878017.png,615,673,1,1,1,1,1
fr3_walking_xyz,123,1341846317.909910,rgb/1341846317.909910.png,629,695,1,1,1,1,1
fr3_walking_xyz,124,1341846317.946031,rgb/1341846317.946031.png,647,666,1,1,1,1,1
fr3_walking_xyz,125,1341846317.978041,rgb/1341846317.978041.png,661,708,1,1,1,1,1
fr3_walking_xyz,126,1341846318.009897,rgb/1341846318.009897.png,561,695,1,1,1,1,1
fr3_walking_xyz,127,1341846318.045949,rgb/1341846318.045949.png,552,705,1,1,1,1,1
fr3_walking_xyz,128,1341846318.078074,rgb/1341846318.078074.png,582,714,1,1,1,1,1
fr3_walking_xyz,129,1341846318.109894,rgb/1341846318.109894.png,574,638,1,1,1,1,1
fr3_walking_xyz,130,1341846318.145957,rgb/1341846318.145957.png,588,646,1,1,1,1,1
fr3_walking_xyz,131,1341846318.178001,rgb/1341846318.178001.png,595,645,1,1,1,1,1
fr3_walking_xyz,132,1341846318.214074,rgb/1341846318.214074.png,602,617,1,1,1,1,1
fr3_walking_xyz,133,1341846318.245970,rgb/1341846318.245970.png,574,662,1,1,1,1,1
fr3_walking_xyz,134,1341846318.278018,rgb/1341846318.278018.png,598,677,1,1,1,1,1
fr3_walking_xyz,135,1341846318.313937,rgb/1341846318.313937.png,594,675,1,1,1,1,1
fr3_walking_xyz,136,1341846318.345989,rgb/1341846318.345989.png,588,674,1,1,1,1,1
fr3_walking_xyz,137,1341846318.382046,rgb/1341846318.382046.png,587,650,1,1,1,1,1
fr3_walking_xyz,138,1341846318.414072,rgb/1341846318.414072.png,676,746,1,1,1,1,1
fr3_walking_xyz,139,1341846318.446035,rgb/1341846318.446035.png,669,724,1,1,1,1,1
fr3_walking_xyz,140,1341846318.482196,rgb/1341846318.482196.png,649,699,1,1,1,1,1
fr3_walking_xyz,141,1341846318.514144,rgb/1341846318.514144.png,728,770,1,1,1,1,1
fr3_walking_xyz,142,1341846318.546259,rgb/1341846318.546259.png,702,759,1,1,1,1,1
fr3_walking_xyz,143,1341846318.582042,rgb/1341846318.582042.png,716,765,1,1,1,1,1
fr3_walking_xyz,144,1341846318.614115,rgb/1341846318.614115.png,645,688,1,1,1,1,1
fr3_walking_xyz,145,1341846318.650038,rgb/1341846318.650038.png,659,701,1,1,1,1,1
fr3_walking_xyz,146,1341846318.682350,rgb/1341846318.682350.png,662,648,1,1,1,1,1
fr3_walking_xyz,147,1341846318.714063,rgb/1341846318.714063.png,637,710,1,1,1,1,1
fr3_walking_xyz,148,1341846318.749905,rgb/1341846318.749905.png,651,705,1,1,1,1,1
fr3_walking_xyz,149,1341846318.782036,rgb/1341846318.782036.png,656,705,1,1,1,1,1
fr3_walking_xyz,150,1341846318.814121,rgb/1341846318.814121.png,609,656,1,1,1,1,1
fr3_walking_xyz,151,1341846318.850072,rgb/1341846318.850072.png,608,680,1,1,1,1,1
fr3_walking_xyz,152,1341846318.883516,rgb/1341846318.883516.png,623,697,1,1,1,1,1
fr3_walking_xyz,153,1341846318.918047,rgb/1341846318.918047.png,678,735,1,1,1,1,1
fr3_walking_xyz,154,1341846318.950044,rgb/1341846318.950044.png,605,677,1,1,1,1,1
fr3_walking_xyz,155,1341846318.982028,rgb/1341846318.982028.png,661,696,1,1,1,1,1
fr3_walking_xyz,156,1341846319.018123,rgb/1341846319.018123.png,702,792,1,1,1,1,1
fr3_walking_xyz,157,1341846319.050745,rgb/1341846319.050745.png,712,776,1,1,1,1,1
fr3_walking_xyz,158,1341846319.081905,rgb/1341846319.081905.png,794,748,1,1,1,1,1
fr3_walking_xyz,159,1341846319.117976,rgb/1341846319.117976.png,779,806,1,1,1,1,1
fr3_walking_xyz,160,1341846319.150093,rgb/1341846319.150093.png,745,799,1,1,1,1,1
fr3_walking_xyz,161,1341846319.186069,rgb/1341846319.186069.png,712,863,1,1,1,1,1
fr3_walking_xyz,162,1341846319.218149,rgb/1341846319.218149.png,764,801,1,1,1,1,1
fr3_walking_xyz,163,1341846319.250034,rgb/1341846319.250034.png,762,882,1,1,1,1,1
fr3_walking_xyz,164,1341846319.286594,rgb/1341846319.286594.png,839,882,1,1,1,1,1
fr3_walking_xyz,165,1341846319.318034,rgb/1341846319.318034.png,793,891,1,1,1,1,1
fr3_walking_xyz,166,1341846319.350268,rgb/1341846319.350268.png,865,899,1,1,1,1,1
fr3_walking_xyz,167,1341846319.386163,rgb/1341846319.386163.png,851,881,1,1,1,1,1
fr3_walking_xyz,168,1341846319.418386,rgb/1341846319.418386.png,887,815,1,1,1,1,1
fr3_walking_xyz,169,1341846319.453961,rgb/1341846319.453961.png,759,767,1,1,1,1,1
fr3_walking_xyz,170,1341846319.486271,rgb/1341846319.486271.png,760,813,1,1,1,1,1
fr3_walking_xyz,171,1341846319.554083,rgb/1341846319.554083.png,783,821,1,1,1,1,1
fr3_walking_xyz,172,1341846319.586296,rgb/1341846319.586296.png,779,803,1,1,1,1,1
fr3_walking_xyz,173,1341846319.622031,rgb/1341846319.622031.png,758,803,1,1,1,1,1
fr3_walking_xyz,174,1341846319.653962,rgb/1341846319.653962.png,673,698,1,1,1,1,1
fr3_walking_xyz,175,1341846319.686352,rgb/1341846319.686352.png,703,738,1,1,1,1,1
fr3_walking_xyz,176,1341846319.721992,rgb/1341846319.721992.png,690,727,1,1,1,1,1
fr3_walking_xyz,177,1341846319.754063,rgb/1341846319.754063.png,680,739,1,1,1,1,1
fr3_walking_xyz,178,1341846319.786397,rgb/1341846319.786397.png,690,752,1,1,1,1,1
fr3_walking_xyz,179,1341846319.822008,rgb/1341846319.822008.png,708,747,1,1,1,1,1
fr3_walking_xyz,180,1341846319.853917,rgb/1341846319.853917.png,704,747,1,1,1,1,1
fr3_walking_xyz,181,1341846319.889942,rgb/1341846319.889942.png,729,799,1,1,1,1,1
fr3_walking_xyz,182,1341846319.922039,rgb/1341846319.922039.png,729,812,1,1,1,1,1
fr3_walking_xyz,183,1341846319.953946,rgb/1341846319.953946.png,766,803,1,1,1,1,1
fr3_walking_xyz,184,1341846319.990054,rgb/1341846319.990054.png,759,849,1,1,1,1,1
fr3_walking_xyz,185,1341846320.028122,rgb/1341846320.028122.png,807,893,1,1,1,1,1
fr3_walking_xyz,186,1341846320.090047,rgb/1341846320.090047.png,803,842,1,1,1,1,1
fr3_walking_xyz,187,1341846320.122011,rgb/1341846320.122011.png,758,860,1,1,1,1,1
fr3_walking_xyz,188,1341846320.157952,rgb/1341846320.157952.png,767,895,1,1,1,1,1
fr3_walking_xyz,189,1341846320.190003,rgb/1341846320.190003.png,744,904,1,1,1,1,1
fr3_walking_xyz,190,1341846320.221941,rgb/1341846320.221941.png,761,909,1,1,1,1,1
fr3_walking_xyz,191,1341846320.258015,rgb/1341846320.258015.png,777,949,1,1,1,1,1
fr3_walking_xyz,192,1341846320.289887,rgb/1341846320.289887.png,824,934,1,1,1,1,1
fr3_walking_xyz,193,1341846320.321954,rgb/1341846320.321954.png,881,1030,1,1,1,1,1
fr3_walking_xyz,194,1341846320.357890,rgb/1341846320.357890.png,919,1081,1,1,1,1,1
fr3_walking_xyz,195,1341846320.390064,rgb/1341846320.390064.png,943,1129,1,1,1,1,1
fr3_walking_xyz,196,1341846320.426544,rgb/1341846320.426544.png,991,1199,1,1,1,1,1
fr3_walking_xyz,197,1341846320.458122,rgb/1341846320.458122.png,1128,1339,1,1,1,1,1
fr3_walking_xyz,198,1341846320.490186,rgb/1341846320.490186.png,1123,1319,1,1,1,1,1
fr3_walking_xyz,199,1341846320.525911,rgb/1341846320.525911.png,1254,1453,1,1,1,1,1
fr3_walking_xyz,200,1341846320.558091,rgb/1341846320.558091.png,1169,1344,1,1,1,1,1
fr3_walking_xyz,201,1341846320.594093,rgb/1341846320.594093.png,1228,1388,1,1,1,1,1
fr3_walking_xyz,202,1341846320.631955,rgb/1341846320.631955.png,1126,1281,1,1,1,1,1
fr3_walking_xyz,203,1341846320.664916,rgb/1341846320.664916.png,1289,1396,1,1,1,1,1
fr3_walking_xyz,204,1341846320.699927,rgb/1341846320.699927.png,1219,1342,1,1,1,1,1
fr3_walking_xyz,205,1341846320.731822,rgb/1341846320.731822.png,1361,1448,1,1,1,1,1
fr3_walking_xyz,206,1341846320.763877,rgb/1341846320.763877.png,1349,1442,1,1,1,1,1
fr3_walking_xyz,207,1341846320.799999,rgb/1341846320.799999.png,1350,1479,1,1,1,1,1
fr3_walking_xyz,208,1341846320.831871,rgb/1341846320.831871.png,1397,1418,1,1,1,1,1
fr3_walking_xyz,209,1341846320.863887,rgb/1341846320.863887.png,1373,1556,1,1,1,1,1
fr3_walking_xyz,210,1341846320.900014,rgb/1341846320.900014.png,1488,1567,1,1,1,1,1
fr3_walking_xyz,211,1341846320.931889,rgb/1341846320.931889.png,1446,1662,1,1,1,1,1
fr3_walking_xyz,212,1341846320.967866,rgb/1341846320.967866.png,1545,1623,1,1,1,1,1
fr3_walking_xyz,213,1341846321.000017,rgb/1341846321.000017.png,1532,1591,1,1,1,1,1
fr3_walking_xyz,214,1341846321.031860,rgb/1341846321.031860.png,1481,1712,1,1,1,1,1
fr3_walking_xyz,215,1341846321.068047,rgb/1341846321.068047.png,1574,1684,1,1,1,1,1
fr3_walking_xyz,216,1341846321.099840,rgb/1341846321.099840.png,1599,1818,1,1,1,1,1
fr3_walking_xyz,217,1341846321.131821,rgb/1341846321.131821.png,1587,1742,1,1,1,1,1
fr3_walking_xyz,218,1341846321.167887,rgb/1341846321.167887.png,1643,1835,1,1,1,1,1
fr3_walking_xyz,219,1341846321.200042,rgb/1341846321.200042.png,1637,1837,1,1,1,1,1
fr3_walking_xyz,220,1341846321.231950,rgb/1341846321.231950.png,1632,1848,1,1,1,1,1
fr3_walking_xyz,221,1341846321.267939,rgb/1341846321.267939.png,1698,1864,1,1,1,1,1
fr3_walking_xyz,222,1341846321.299948,rgb/1341846321.299948.png,1710,1851,1,1,1,1,1
fr3_walking_xyz,223,1341846321.331858,rgb/1341846321.331858.png,1651,1827,1,1,1,1,1
fr3_walking_xyz,224,1341846321.367913,rgb/1341846321.367913.png,1701,1887,1,1,1,1,1
fr3_walking_xyz,225,1341846321.399897,rgb/1341846321.399897.png,1691,1875,1,1,1,1,1
fr3_walking_xyz,226,1341846321.435994,rgb/1341846321.435994.png,1737,1947,1,1,1,1,1
fr3_walking_xyz,227,1341846321.467946,rgb/1341846321.467946.png,1819,1935,1,1,1,1,1
fr3_walking_xyz,228,1341846321.499882,rgb/1341846321.499882.png,1841,1956,1,1,1,1,1
fr3_walking_xyz,229,1341846321.536109,rgb/1341846321.536109.png,1830,1998,1,1,1,1,1
fr3_walking_xyz,230,1341846321.568960,rgb/1341846321.568960.png,1754,1963,1,1,1,1,1
fr3_walking_xyz,231,1341846321.603938,rgb/1341846321.603938.png,1682,1978,1,1,1,1,1
fr3_walking_xyz,232,1341846321.637163,rgb/1341846321.637163.png,1647,1907,1,1,1,1,1
fr3_walking_xyz,233,1341846321.668306,rgb/1341846321.668306.png,1651,1899,1,1,1,1,1
fr3_walking_xyz,234,1341846321.704411,rgb/1341846321.704411.png,1592,1931,1,1,1,1,1
fr3_walking_xyz,235,1341846321.736861,rgb/1341846321.736861.png,1581,1934,1,1,1,1,1
fr3_walking_xyz,236,1341846321.771881,rgb/1341846321.771881.png,1584,1915,1,1,1,1,1
fr3_walking_xyz,237,1341846321.804114,rgb/1341846321.804114.png,1583,1884,1,1,1,1,1
fr3_walking_xyz,238,1341846321.836152,rgb/1341846321.836152.png,1592,1921,1,1,1,1,1
fr3_walking_xyz,239,1341846321.871882,rgb/1341846321.871882.png,1607,1941,1,1,1,1,1
fr3_walking_xyz,240,1341846321.904074,rgb/1341846321.904074.png,1578,1917,1,1,1,1,1
fr3_walking_xyz,241,1341846321.939847,rgb/1341846321.939847.png,1581,1903,1,1,1,1,1
fr3_walking_xyz,242,1341846322.004094,rgb/1341846322.004094.png,1572,1915,1,1,1,1,1
fr3_walking_xyz,243,1341846322.066178,rgb/1341846322.066178.png,1552,1913,1,1,1,1,1
fr3_walking_xyz,244,1341846322.107979,rgb/1341846322.107979.png,1548,1925,1,1,1,1,1
fr3_walking_xyz,245,1341846322.166164,rgb/1341846322.166164.png,1554,1915,1,1,1,1,1
fr3_walking_xyz,246,1341846322.202932,rgb/1341846322.202932.png,1636,1979,1,1,1,1,1
fr3_walking_xyz,247,1341846322.234093,rgb/1341846322.234093.png,1618,1981,1,1,1,1,1
fr3_walking_xyz,248,1341846322.265941,rgb/1341846322.265941.png,1628,1947,1,1,1,1,1
fr3_walking_xyz,249,1341846322.301996,rgb/1341846322.301996.png,1640,1943,1,1,1,1,1
fr3_walking_xyz,250,1341846322.333949,rgb/1341846322.333949.png,1691,1969,1,1,1,1,1
fr3_walking_xyz,251,1341846322.369871,rgb/1341846322.369871.png,1702,1998,1,1,1,1,1
fr3_walking_xyz,252,1341846322.402292,rgb/1341846322.402292.png,1705,1985,1,1,1,1,1
fr3_walking_xyz,253,1341846322.433955,rgb/1341846322.433955.png,1738,1964,1,1,1,1,1
fr3_walking_xyz,254,1341846322.470030,rgb/1341846322.470030.png,1823,2020,1,1,1,1,1
fr3_walking_xyz,255,1341846322.502433,rgb/1341846322.502433.png,1784,2002,1,1,1,1,1
fr3_walking_xyz,256,1341846322.534002,rgb/1341846322.534002.png,1725,1981,1,1,1,1,1
fr3_walking_xyz,257,1341846322.570196,rgb/1341846322.570196.png,1741,1940,1,1,1,1,1
fr3_walking_xyz,258,1341846322.601920,rgb/1341846322.601920.png,1732,1950,1,1,1,1,1
fr3_walking_xyz,259,1341846322.638119,rgb/1341846322.638119.png,1689,1904,1,1,1,1,1
fr3_walking_xyz,260,1341846322.669947,rgb/1341846322.669947.png,1644,1802,1,1,1,1,1
fr3_walking_xyz,261,1341846322.702026,rgb/1341846322.702026.png,1629,1795,1,1,1,1,1
fr3_walking_xyz,262,1341846322.738006,rgb/1341846322.738006.png,1645,1798,1,1,1,1,1
fr3_walking_xyz,263,1341846322.770087,rgb/1341846322.770087.png,1599,1766,1,1,1,1,1
fr3_walking_xyz,264,1341846322.806047,rgb/1341846322.806047.png,1472,1663,1,1,1,1,1
fr3_walking_xyz,265,1341846322.838063,rgb/1341846322.838063.png,1511,1672,1,1,1,1,1
fr3_walking_xyz,266,1341846322.870081,rgb/1341846322.870081.png,1507,1626,1,1,1,1,1
fr3_walking_xyz,267,1341846322.906018,rgb/1341846322.906018.png,1465,1594,1,1,1,1,1
fr3_walking_xyz,268,1341846322.938349,rgb/1341846322.938349.png,1476,1600,1,1,1,1,1
fr3_walking_xyz,269,1341846322.970069,rgb/1341846322.970069.png,1502,1590,1,1,1,1,1
fr3_walking_xyz,270,1341846323.011820,rgb/1341846323.011820.png,1436,1574,1,1,1,1,1
fr3_walking_xyz,271,1341846323.073951,rgb/1341846323.073951.png,1467,1588,1,1,1,1,1
fr3_walking_xyz,272,1341846323.105962,rgb/1341846323.105962.png,1461,1573,1,1,1,1,1
fr3_walking_xyz,273,1341846323.138158,rgb/1341846323.138158.png,1460,1583,1,1,1,1,1
fr3_walking_xyz,274,1341846323.174092,rgb/1341846323.174092.png,1457,1609,1,1,1,1,1
fr3_walking_xyz,275,1341846323.206059,rgb/1341846323.206059.png,1448,1631,1,1,1,1,1
fr3_walking_xyz,276,1341846323.238053,rgb/1341846323.238053.png,1479,1657,1,1,1,1,1
fr3_walking_xyz,277,1341846323.273997,rgb/1341846323.273997.png,1529,1631,1,1,1,1,1
fr3_walking_xyz,278,1341846323.305946,rgb/1341846323.305946.png,1596,1704,1,1,1,1,1
fr3_walking_xyz,279,1341846323.342027,rgb/1341846323.342027.png,1567,1697,1,1,1,1,1
fr3_walking_xyz,280,1341846323.374048,rgb/1341846323.374048.png,1561,1693,1,1,1,1,1
fr3_walking_xyz,281,1341846323.405987,rgb/1341846323.405987.png,1596,1667,1,1,1,1,1
fr3_walking_xyz,282,1341846323.441956,rgb/1341846323.441956.png,1583,1636,1,1,1,1,1
fr3_walking_xyz,283,1341846323.473878,rgb/1341846323.473878.png,1550,1594,1,1,1,1,1
fr3_walking_xyz,284,1341846323.506129,rgb/1341846323.506129.png,1550,1621,1,1,1,1,1
fr3_walking_xyz,285,1341846323.541972,rgb/1341846323.541972.png,1555,1638,1,1,1,1,1
fr3_walking_xyz,286,1341846323.573913,rgb/1341846323.573913.png,1485,1599,1,1,1,1,1
fr3_walking_xyz,287,1341846323.609927,rgb/1341846323.609927.png,1462,1583,1,1,1,1,1
fr3_walking_xyz,288,1341846323.642014,rgb/1341846323.642014.png,1480,1599,1,1,1,1,1
fr3_walking_xyz,289,1341846323.674081,rgb/1341846323.674081.png,1469,1596,1,1,1,1,1
fr3_walking_xyz,290,1341846323.710069,rgb/1341846323.710069.png,1406,1554,1,1,1,1,1
fr3_walking_xyz,291,1341846323.742111,rgb/1341846323.742111.png,1369,1473,1,1,1,1,1
fr3_walking_xyz,292,1341846323.774928,rgb/1341846323.774928.png,1361,1479,1,1,1,1,1
fr3_walking_xyz,293,1341846323.810012,rgb/1341846323.810012.png,1358,1473,1,1,1,1,1
fr3_walking_xyz,294,1341846323.842207,rgb/1341846323.842207.png,1339,1445,1,1,1,1,1
fr3_walking_xyz,295,1341846323.878019,rgb/1341846323.878019.png,1306,1394,1,1,1,1,1
fr3_walking_xyz,296,1341846323.909826,rgb/1341846323.909826.png,1264,1364,1,1,1,1,1
fr3_walking_xyz,297,1341846323.942459,rgb/1341846323.942459.png,1270,1333,1,1,1,1,1
fr3_walking_xyz,298,1341846323.978055,rgb/1341846323.978055.png,1254,1306,1,1,1,1,1
fr3_walking_xyz,299,1341846324.015934,rgb/1341846324.015934.png,1187,1248,1,1,1,1,1
fr3_walking_xyz,300,1341846324.047722,rgb/1341846324.047722.png,1162,1250,1,1,1,1,1
fr3_walking_xyz,301,1341846324.083904,rgb/1341846324.083904.png,1177,1222,1,1,1,1,1
fr3_walking_xyz,302,1341846324.115968,rgb/1341846324.115968.png,1201,1244,1,1,1,1,1
fr3_walking_xyz,303,1341846324.151967,rgb/1341846324.151967.png,1238,1261,1,1,1,1,1
fr3_walking_xyz,304,1341846324.183941,rgb/1341846324.183941.png,1223,1300,1,1,1,1,1
fr3_walking_xyz,305,1341846324.219984,rgb/1341846324.219984.png,1233,1329,1,1,1,1,1
fr3_walking_xyz,306,1341846324.251968,rgb/1341846324.251968.png,1021,1046,1,1,1,1,1
fr3_walking_xyz,307,1341846324.284052,rgb/1341846324.284052.png,1043,1078,1,1,1,1,1
fr3_walking_xyz,308,1341846324.319880,rgb/1341846324.319880.png,1101,1126,1,1,1,1,1
fr3_walking_xyz,309,1341846324.351917,rgb/1341846324.351917.png,1092,1129,1,1,1,1,1
fr3_walking_xyz,310,1341846324.388001,rgb/1341846324.388001.png,1176,1194,1,1,1,1,1
fr3_walking_xyz,311,1341846324.419908,rgb/1341846324.419908.png,1180,1247,1,1,1,1,1
fr3_walking_xyz,312,1341846324.452027,rgb/1341846324.452027.png,1251,1266,1,1,1,1,1
fr3_walking_xyz,313,1341846324.487928,rgb/1341846324.487928.png,1220,1262,1,1,1,1,1
fr3_walking_xyz,314,1341846324.519985,rgb/1341846324.519985.png,1277,1257,1,1,1,1,1
fr3_walking_xyz,315,1341846324.556001,rgb/1341846324.556001.png,1283,1317,1,1,1,1,1
fr3_walking_xyz,316,1341846324.587888,rgb/1341846324.587888.png,1380,1403,1,1,1,1,1
fr3_walking_xyz,317,1341846324.620086,rgb/1341846324.620086.png,1391,1441,1,1,1,1,1
fr3_walking_xyz,318,1341846324.655955,rgb/1341846324.655955.png,1383,1430,1,1,1,1,1
fr3_walking_xyz,319,1341846324.688082,rgb/1341846324.688082.png,1438,1469,1,1,1,1,1
fr3_walking_xyz,320,1341846324.755922,rgb/1341846324.755922.png,1487,1531,1,1,1,1,1
fr3_walking_xyz,321,1341846324.814016,rgb/1341846324.814016.png,1513,1564,1,1,1,1,1
fr3_walking_xyz,322,1341846324.849979,rgb/1341846324.849979.png,1539,1578,1,1,1,1,1
fr3_walking_xyz,323,1341846324.881924,rgb/1341846324.881924.png,1573,1589,1,1,1,1,1
fr3_walking_xyz,324,1341846324.913902,rgb/1341846324.913902.png,1589,1588,1,1,1,1,1
fr3_walking_xyz,325,1341846324.949999,rgb/1341846324.949999.png,1600,1596,1,1,1,1,1
fr3_walking_xyz,326,1341846324.981922,rgb/1341846324.981922.png,1589,1587,1,1,1,1,1
fr3_walking_xyz,327,1341846325.018013,rgb/1341846325.018013.png,1626,1619,1,1,1,1,1
fr3_walking_xyz,328,1341846325.050079,rgb/1341846325.050079.png,1630,1611,1,1,1,1,1
fr3_walking_xyz,329,1341846325.081901,rgb/1341846325.081901.png,1594,1597,1,1,1,1,1
fr3_walking_xyz,330,1341846325.118531,rgb/1341846325.118531.png,1585,1592,1,1,1,1,1
fr3_walking_xyz,331,1341846325.149933,rgb/1341846325.149933.png,1580,1593,1,1,1,1,1
fr3_walking_xyz,332,1341846325.181925,rgb/1341846325.181925.png,1600,1602,1,1,1,1,1
fr3_walking_xyz,333,1341846325.218055,rgb/1341846325.218055.png,1584,1614,1,1,1,1,1
fr3_walking_xyz,334,1341846325.249811,rgb/1341846325.249811.png,1600,1622,1,1,1,1,1
fr3_walking_xyz,335,1341846325.285925,rgb/1341846325.285925.png,1602,1615,1,1,1,1,1
fr3_walking_xyz,336,1341846325.317988,rgb/1341846325.317988.png,1599,1622,1,1,1,1,1
fr3_walking_xyz,337,1341846325.349844,rgb/1341846325.349844.png,1612,1625,1,1,1,1,1
fr3_walking_xyz,338,1341846325.387302,rgb/1341846325.387302.png,1622,1628,1,1,1,1,1
fr3_walking_xyz,339,1341846325.417931,rgb/1341846325.417931.png,1615,1633,1,1,1,1,1
fr3_walking_xyz,340,1341846325.450747,rgb/1341846325.450747.png,1621,1637,1,1,1,1,1
fr3_walking_xyz,341,1341846325.485954,rgb/1341846325.485954.png,1628,1571,1,1,1,1,1
fr3_walking_xyz,342,1341846325.517875,rgb/1341846325.517875.png,1679,1564,1,1,1,1,1
fr3_walking_xyz,343,1341846325.553859,rgb/1341846325.553859.png,1611,1554,1,1,1,1,1
fr3_walking_xyz,344,1341846325.585855,rgb/1341846325.585855.png,1606,1548,1,1,1,1,1
fr3_walking_xyz,345,1341846325.617990,rgb/1341846325.617990.png,1624,1554,1,1,1,1,1
fr3_walking_xyz,346,1341846325.653982,rgb/1341846325.653982.png,1586,1525,1,1,1,1,1
fr3_walking_xyz,347,1341846325.685819,rgb/1341846325.685819.png,1603,1543,1,1,1,1,1
fr3_walking_xyz,348,1341846325.717857,rgb/1341846325.717857.png,1625,1550,1,1,1,1,1
fr3_walking_xyz,349,1341846325.754083,rgb/1341846325.754083.png,1612,1545,1,1,1,1,1
fr3_walking_xyz,350,1341846325.786087,rgb/1341846325.786087.png,1582,1509,1,1,1,1,1
fr3_walking_xyz,351,1341846325.821856,rgb/1341846325.821856.png,1605,1520,1,1,1,1,1
fr3_walking_xyz,352,1341846325.853827,rgb/1341846325.853827.png,1590,1513,1,1,1,1,1
fr3_walking_xyz,353,1341846325.885958,rgb/1341846325.885958.png,1583,1497,1,1,1,1,1
fr3_walking_xyz,354,1341846325.921984,rgb/1341846325.921984.png,1581,1511,1,1,1,1,1
fr3_walking_xyz,355,1341846325.953899,rgb/1341846325.953899.png,1470,1503,1,1,1,1,1
fr3_walking_xyz,356,1341846325.985823,rgb/1341846325.985823.png,1448,1511,1,1,1,1,1
fr3_walking_xyz,357,1341846326.021991,rgb/1341846326.021991.png,1470,1499,1,1,1,1,1
fr3_walking_xyz,358,1341846326.054055,rgb/1341846326.054055.png,1463,1500,1,1,1,1,1
fr3_walking_xyz,359,1341846326.089984,rgb/1341846326.089984.png,1453,1501,1,1,1,1,1
fr3_walking_xyz,360,1341846326.121822,rgb/1341846326.121822.png,1446,1480,1,1,1,1,1
fr3_walking_xyz,361,1341846326.154079,rgb/1341846326.154079.png,1441,1468,1,1,1,1,1
fr3_walking_xyz,362,1341846326.190178,rgb/1341846326.190178.png,1441,1472,1,1,1,1,1
fr3_walking_xyz,363,1341846326.222162,rgb/1341846326.222162.png,1454,1480,1,1,1,1,1
fr3_walking_xyz,364,1341846326.259181,rgb/1341846326.259181.png,1450,1485,1,1,1,1,1
fr3_walking_xyz,365,1341846326.322766,rgb/1341846326.322766.png,1466,1465,1,1,1,1,1
fr3_walking_xyz,366,1341846326.359773,rgb/1341846326.359773.png,1481,1509,1,1,1,1,1
fr3_walking_xyz,367,1341846326.392109,rgb/1341846326.392109.png,1474,1511,1,1,1,1,1
fr3_walking_xyz,368,1341846326.423985,rgb/1341846326.423985.png,1495,1506,1,1,1,1,1
fr3_walking_xyz,369,1341846326.459869,rgb/1341846326.459869.png,1502,1528,1,1,1,1,1
fr3_walking_xyz,370,1341846326.526163,rgb/1341846326.526163.png,1500,1552,1,1,1,1,1
fr3_walking_xyz,371,1341846326.560211,rgb/1341846326.560211.png,1505,1546,1,1,1,1,1
fr3_walking_xyz,372,1341846326.591828,rgb/1341846326.591828.png,1568,1572,1,1,1,1,1
fr3_walking_xyz,373,1341846326.627027,rgb/1341846326.627027.png,1555,1590,1,1,1,1,1
fr3_walking_xyz,374,1341846326.658442,rgb/1341846326.658442.png,1519,1587,1,1,1,1,1
fr3_walking_xyz,375,1341846326.694856,rgb/1341846326.694856.png,1552,1619,1,1,1,1,1
fr3_walking_xyz,376,1341846326.726206,rgb/1341846326.726206.png,1606,1624,1,1,1,1,1
fr3_walking_xyz,377,1341846326.762753,rgb/1341846326.762753.png,1583,1705,1,1,1,1,1
fr3_walking_xyz,378,1341846326.826821,rgb/1341846326.826821.png,1586,1607,1,1,1,1,1
fr3_walking_xyz,379,1341846326.858887,rgb/1341846326.858887.png,1618,1633,1,1,1,1,1
fr3_walking_xyz,380,1341846326.895360,rgb/1341846326.895360.png,1675,1796,1,1,1,1,1
fr3_walking_xyz,381,1341846326.926897,rgb/1341846326.926897.png,1758,1742,1,1,1,1,1
fr3_walking_xyz,382,1341846326.958888,rgb/1341846326.958888.png,1807,1757,1,1,1,1,1
fr3_walking_xyz,383,1341846326.994594,rgb/1341846326.994594.png,1834,1779,1,1,1,1,1
fr3_walking_xyz,384,1341846327.026301,rgb/1341846327.026301.png,1845,1785,1,1,1,1,1
fr3_walking_xyz,385,1341846327.063945,rgb/1341846327.063945.png,1869,1969,1,1,1,1,1
fr3_walking_xyz,386,1341846327.094662,rgb/1341846327.094662.png,1905,1911,1,1,1,1,1
fr3_walking_xyz,387,1341846327.128901,rgb/1341846327.128901.png,1916,1903,1,1,1,1,1
fr3_walking_xyz,388,1341846327.161940,rgb/1341846327.161940.png,1906,1922,1,1,1,1,1
fr3_walking_xyz,389,1341846327.193867,rgb/1341846327.193867.png,1846,1623,1,1,1,1,1
fr3_walking_xyz,390,1341846327.229885,rgb/1341846327.229885.png,1864,1702,1,1,1,1,1
fr3_walking_xyz,391,1341846327.262014,rgb/1341846327.262014.png,2024,1638,1,1,1,1,1
fr3_walking_xyz,392,1341846327.294023,rgb/1341846327.294023.png,1944,1575,1,1,1,1,1
fr3_walking_xyz,393,1341846327.330015,rgb/1341846327.330015.png,1994,1842,1,1,1,1,1
fr3_walking_xyz,394,1341846327.361939,rgb/1341846327.361939.png,2092,1916,1,1,1,1,1
fr3_walking_xyz,395,1341846327.393887,rgb/1341846327.393887.png,1769,1726,1,1,1,1,1
fr3_walking_xyz,396,1341846327.429966,rgb/1341846327.429966.png,1936,1762,1,1,1,1,1
fr3_walking_xyz,397,1341846327.461965,rgb/1341846327.461965.png,1810,1339,1,1,1,1,1
fr3_walking_xyz,398,1341846327.497931,rgb/1341846327.497931.png,1628,1441,1,1,1,1,1
fr3_walking_xyz,399,1341846327.530068,rgb/1341846327.530068.png,1738,1463,1,1,1,1,1
fr3_walking_xyz,400,1341846327.561895,rgb/1341846327.561895.png,1603,1393,1,1,1,1,1
fr3_walking_xyz,401,1341846327.598010,rgb/1341846327.598010.png,1763,1416,1,1,1,1,1
fr3_walking_xyz,402,1341846327.629945,rgb/1341846327.629945.png,1868,1425,1,1,1,1,1
fr3_walking_xyz,403,1341846327.662003,rgb/1341846327.662003.png,1592,1480,1,1,1,1,1
fr3_walking_xyz,404,1341846327.697919,rgb/1341846327.697919.png,1763,1415,1,1,1,1,1
fr3_walking_xyz,405,1341846327.730075,rgb/1341846327.730075.png,1764,1562,1,1,1,1,1
fr3_walking_xyz,406,1341846327.766017,rgb/1341846327.766017.png,1921,1358,1,1,1,1,1
fr3_walking_xyz,407,1341846327.797917,rgb/1341846327.797917.png,1861,1555,1,1,1,1,1
fr3_walking_xyz,408,1341846327.830054,rgb/1341846327.830054.png,1972,1607,1,1,1,1,1
fr3_walking_xyz,409,1341846327.865944,rgb/1341846327.865944.png,1892,1521,1,1,1,1,1
fr3_walking_xyz,410,1341846327.898010,rgb/1341846327.898010.png,2204,1751,1,1,1,1,1
fr3_walking_xyz,411,1341846327.929991,rgb/1341846327.929991.png,2095,1619,1,1,1,1,1
fr3_walking_xyz,412,1341846327.966065,rgb/1341846327.966065.png,2078,1781,1,1,1,1,1
fr3_walking_xyz,413,1341846327.998073,rgb/1341846327.998073.png,2021,1467,1,1,1,1,1
fr3_walking_xyz,414,1341846328.034045,rgb/1341846328.034045.png,1742,1709,1,1,1,1,1
fr3_walking_xyz,415,1341846328.065993,rgb/1341846328.065993.png,1820,1612,1,1,1,1,1
fr3_walking_xyz,416,1341846328.098045,rgb/1341846328.098045.png,1814,1620,1,1,1,1,1
fr3_walking_xyz,417,1341846328.133967,rgb/1341846328.133967.png,1853,1794,1,1,1,1,1
fr3_walking_xyz,418,1341846328.166023,rgb/1341846328.166023.png,1857,1706,1,1,1,1,1
fr3_walking_xyz,419,1341846328.198018,rgb/1341846328.198018.png,1866,1869,1,1,1,1,1
fr3_walking_xyz,420,1341846328.234044,rgb/1341846328.234044.png,1744,1918,1,1,1,1,1
fr3_walking_xyz,421,1341846328.265899,rgb/1341846328.265899.png,1924,1765,1,1,1,1,1
fr3_walking_xyz,422,1341846328.302051,rgb/1341846328.302051.png,2198,2093,1,1,1,1,1
fr3_walking_xyz,423,1341846328.333917,rgb/1341846328.333917.png,2227,2083,1,1,1,1,1
fr3_walking_xyz,424,1341846328.366008,rgb/1341846328.366008.png,2193,2183,1,1,1,1,1
fr3_walking_xyz,425,1341846328.402010,rgb/1341846328.402010.png,2331,2185,1,1,1,1,1
fr3_walking_xyz,426,1341846328.433920,rgb/1341846328.433920.png,1525,2128,1,1,1,1,1
fr3_walking_xyz,427,1341846328.470003,rgb/1341846328.470003.png,2333,2171,1,1,1,1,1
fr3_walking_xyz,428,1341846328.502194,rgb/1341846328.502194.png,1795,1671,1,1,1,1,1
fr3_walking_xyz,429,1341846328.534033,rgb/1341846328.534033.png,2289,1548,1,1,1,1,1
fr3_walking_xyz,430,1341846328.570125,rgb/1341846328.570125.png,2265,1757,1,1,1,1,1
fr3_walking_xyz,431,1341846328.602804,rgb/1341846328.602804.png,2417,1851,1,1,1,1,1
fr3_walking_xyz,432,1341846328.672663,rgb/1341846328.672663.png,1852,2100,1,1,1,1,1
fr3_walking_xyz,433,1341846328.702975,rgb/1341846328.702975.png,2779,2429,1,1,1,1,1
fr3_walking_xyz,434,1341846328.770129,rgb/1341846328.770129.png,1712,1837,1,1,1,1,1
fr3_walking_xyz,435,1341846328.802331,rgb/1341846328.802331.png,1671,2038,1,1,1,1,1
fr3_walking_xyz,436,1341846328.838051,rgb/1341846328.838051.png,1783,1713,1,1,1,1,1
fr3_walking_xyz,437,1341846328.869939,rgb/1341846328.869939.png,1770,1695,1,1,1,1,1
fr3_walking_xyz,438,1341846328.904486,rgb/1341846328.904486.png,1849,1438,1,1,1,1,1
fr3_walking_xyz,439,1341846328.939814,rgb/1341846328.939814.png,1605,1432,1,1,1,1,1
fr3_walking_xyz,440,1341846328.970217,rgb/1341846328.970217.png,1494,1074,1,1,1,1,1
fr3_walking_xyz,441,1341846329.006232,rgb/1341846329.006232.png,1513,1057,1,1,1,1,1
fr3_walking_xyz,442,1341846329.038243,rgb/1341846329.038243.png,1457,903,1,1,1,1,1
fr3_walking_xyz,443,1341846329.106125,rgb/1341846329.106125.png,1699,944,1,1,1,1,1
fr3_walking_xyz,444,1341846329.138340,rgb/1341846329.138340.png,1877,1016,1,1,1,1,1
fr3_walking_xyz,445,1341846329.169991,rgb/1341846329.169991.png,2105,1135,1,1,1,1,1
fr3_walking_xyz,446,1341846329.208656,rgb/1341846329.208656.png,2085,1132,1,1,1,1,1
fr3_walking_xyz,447,1341846329.238169,rgb/1341846329.238169.png,1984,1106,1,1,1,1,1
fr3_walking_xyz,448,1341846329.273827,rgb/1341846329.273827.png,1744,1128,1,1,1,1,1
fr3_walking_xyz,449,1341846329.306052,rgb/1341846329.306052.png,1953,1083,1,1,1,1,1
fr3_walking_xyz,450,1341846329.338104,rgb/1341846329.338104.png,1598,1113,1,1,1,1,1
fr3_walking_xyz,451,1341846329.373907,rgb/1341846329.373907.png,1685,1123,1,1,1,1,1
fr3_walking_xyz,452,1341846329.405985,rgb/1341846329.405985.png,1630,1100,1,1,1,1,1
fr3_walking_xyz,453,1341846329.442057,rgb/1341846329.442057.png,1634,1103,1,1,1,1,1
fr3_walking_xyz,454,1341846329.473950,rgb/1341846329.473950.png,1654,1105,1,1,1,1,1
fr3_walking_xyz,455,1341846329.506147,rgb/1341846329.506147.png,2155,1088,1,1,1,1,1
fr3_walking_xyz,456,1341846329.542121,rgb/1341846329.542121.png,1662,915,1,1,1,1,1
fr3_walking_xyz,457,1341846329.574086,rgb/1341846329.574086.png,1695,1013,1,1,1,1,1
fr3_walking_xyz,458,1341846329.606387,rgb/1341846329.606387.png,1704,1019,1,1,1,1,1
fr3_walking_xyz,459,1341846329.641955,rgb/1341846329.641955.png,1962,2273,1,1,1,1,1
fr3_walking_xyz,460,1341846329.681570,rgb/1341846329.681570.png,1914,2211,1,1,1,1,1
fr3_walking_xyz,461,1341846329.748113,rgb/1341846329.748113.png,2041,2185,1,1,1,1,1
fr3_walking_xyz,462,1341846329.810175,rgb/1341846329.810175.png,2021,2179,1,1,1,1,1
fr3_walking_xyz,463,1341846329.842255,rgb/1341846329.842255.png,2157,2194,1,1,1,1,1
fr3_walking_xyz,464,1341846329.874044,rgb/1341846329.874044.png,2075,2167,1,1,1,1,1
fr3_walking_xyz,465,1341846329.910073,rgb/1341846329.910073.png,2311,2168,1,1,1,1,1
fr3_walking_xyz,466,1341846329.942009,rgb/1341846329.942009.png,2274,2196,1,1,1,1,1
fr3_walking_xyz,467,1341846329.978087,rgb/1341846329.978087.png,2166,2185,1,1,1,1,1
fr3_walking_xyz,468,1341846330.016305,rgb/1341846330.016305.png,2193,2055,1,1,1,1,1
fr3_walking_xyz,469,1341846330.048192,rgb/1341846330.048192.png,2166,2117,1,1,1,1,1
fr3_walking_xyz,470,1341846330.080418,rgb/1341846330.080418.png,2055,2123,1,1,1,1,1
fr3_walking_xyz,471,1341846330.115886,rgb/1341846330.115886.png,1917,2096,1,1,1,1,1
fr3_walking_xyz,472,1341846330.147839,rgb/1341846330.147839.png,1931,2110,1,1,1,1,1
fr3_walking_xyz,473,1341846330.181257,rgb/1341846330.181257.png,1972,2111,1,1,1,1,1
fr3_walking_xyz,474,1341846330.215852,rgb/1341846330.215852.png,1926,2155,1,1,1,1,1
fr3_walking_xyz,475,1341846330.247833,rgb/1341846330.247833.png,1943,2161,1,1,1,1,1
fr3_walking_xyz,476,1341846330.283913,rgb/1341846330.283913.png,2015,2173,1,1,1,1,1
fr3_walking_xyz,477,1341846330.316011,rgb/1341846330.316011.png,2013,2206,1,1,1,1,1
fr3_walking_xyz,478,1341846330.347868,rgb/1341846330.347868.png,2171,2200,1,1,1,1,1
fr3_walking_xyz,479,1341846330.383835,rgb/1341846330.383835.png,1969,2210,1,1,1,1,1
fr3_walking_xyz,480,1341846330.415934,rgb/1341846330.415934.png,2041,2205,1,1,1,1,1
fr3_walking_xyz,481,1341846330.452561,rgb/1341846330.452561.png,1974,2188,1,1,1,1,1
fr3_walking_xyz,482,1341846330.483903,rgb/1341846330.483903.png,1967,2192,1,1,1,1,1
fr3_walking_xyz,483,1341846330.515970,rgb/1341846330.515970.png,1947,2183,1,1,1,1,1
fr3_walking_xyz,484,1341846330.552099,rgb/1341846330.552099.png,1948,2167,1,1,1,1,1
fr3_walking_xyz,485,1341846330.583876,rgb/1341846330.583876.png,1998,2188,1,1,1,1,1
fr3_walking_xyz,486,1341846330.619992,rgb/1341846330.619992.png,2181,2206,1,1,1,1,1
fr3_walking_xyz,487,1341846330.652136,rgb/1341846330.652136.png,1976,2205,1,1,1,1,1
fr3_walking_xyz,488,1341846330.683796,rgb/1341846330.683796.png,2129,2231,1,1,1,1,1
fr3_walking_xyz,489,1341846330.719991,rgb/1341846330.719991.png,2102,2209,1,1,1,1,1
fr3_walking_xyz,490,1341846330.752103,rgb/1341846330.752103.png,2087,2228,1,1,1,1,1
fr3_walking_xyz,491,1341846330.787952,rgb/1341846330.787952.png,2310,2181,1,1,1,1,1
fr3_walking_xyz,492,1341846330.819823,rgb/1341846330.819823.png,2268,2188,1,1,1,1,1
fr3_walking_xyz,493,1341846330.852208,rgb/1341846330.852208.png,2286,2178,1,1,1,1,1
fr3_walking_xyz,494,1341846330.914111,rgb/1341846330.914111.png,2247,2158,1,1,1,1,1
fr3_walking_xyz,495,1341846330.949903,rgb/1341846330.949903.png,2322,1873,1,1,1,1,1
fr3_walking_xyz,496,1341846330.981986,rgb/1341846330.981986.png,2241,1873,1,1,1,1,1
fr3_walking_xyz,497,1341846331.014111,rgb/1341846331.014111.png,2139,1780,1,1,1,1,1
fr3_walking_xyz,498,1341846331.082139,rgb/1341846331.082139.png,2228,1903,1,1,1,1,1
fr3_walking_xyz,499,1341846331.114334,rgb/1341846331.114334.png,2203,1903,1,1,1,1,1
fr3_walking_xyz,500,1341846331.149989,rgb/1341846331.149989.png,2194,1876,1,1,1,1,1
fr3_walking_xyz,501,1341846331.181954,rgb/1341846331.181954.png,2099,1939,1,1,1,1,1
fr3_walking_xyz,502,1341846331.218151,rgb/1341846331.218151.png,2187,1948,1,1,1,1,1
fr3_walking_xyz,503,1341846331.249914,rgb/1341846331.249914.png,2161,1867,1,1,1,1,1
fr3_walking_xyz,504,1341846331.318141,rgb/1341846331.318141.png,2206,1940,1,1,1,1,1
fr3_walking_xyz,505,1341846331.349926,rgb/1341846331.349926.png,2287,1938,1,1,1,1,1
fr3_walking_xyz,506,1341846331.382003,rgb/1341846331.382003.png,2275,2007,1,1,1,1,1
fr3_walking_xyz,507,1341846331.418008,rgb/1341846331.418008.png,2421,2068,1,1,1,1,1
fr3_walking_xyz,508,1341846331.450327,rgb/1341846331.450327.png,2343,2140,1,1,1,1,1
fr3_walking_xyz,509,1341846331.486219,rgb/1341846331.486219.png,2289,2100,1,1,1,1,1
fr3_walking_xyz,510,1341846331.518344,rgb/1341846331.518344.png,2482,2056,1,1,1,1,1
fr3_walking_xyz,511,1341846331.550202,rgb/1341846331.550202.png,2104,2048,1,1,1,1,1
fr3_walking_xyz,512,1341846331.586139,rgb/1341846331.586139.png,2088,2105,1,1,1,1,1
fr3_walking_xyz,513,1341846331.617931,rgb/1341846331.617931.png,2216,2103,1,1,1,1,1
fr3_walking_xyz,514,1341846331.654027,rgb/1341846331.654027.png,2096,2100,1,1,1,1,1
fr3_walking_xyz,515,1341846331.686123,rgb/1341846331.686123.png,1754,2067,1,1,1,1,1
fr3_walking_xyz,516,1341846331.717954,rgb/1341846331.717954.png,2267,2078,1,1,1,1,1
fr3_walking_xyz,517,1341846331.754076,rgb/1341846331.754076.png,2172,2038,1,1,1,1,1
fr3_walking_xyz,518,1341846331.785920,rgb/1341846331.785920.png,1991,2019,1,1,1,1,1
fr3_walking_xyz,519,1341846331.818053,rgb/1341846331.818053.png,1976,2027,1,1,1,1,1
fr3_walking_xyz,520,1341846331.853849,rgb/1341846331.853849.png,2205,2008,1,1,1,1,1
fr3_walking_xyz,521,1341846331.885987,rgb/1341846331.885987.png,1918,1996,1,1,1,1,1
fr3_walking_xyz,522,1341846331.922014,rgb/1341846331.922014.png,1778,1995,1,1,1,1,1
fr3_walking_xyz,523,1341846331.954037,rgb/1341846331.954037.png,2179,1902,1,1,1,1,1
fr3_walking_xyz,524,1341846331.986135,rgb/1341846331.986135.png,2275,1923,1,1,1,1,1
fr3_walking_xyz,525,1341846332.022364,rgb/1341846332.022364.png,2465,1913,1,1,1,1,1
fr3_walking_xyz,526,1341846332.054175,rgb/1341846332.054175.png,2310,1767,1,1,1,1,1
fr3_walking_xyz,527,1341846332.086502,rgb/1341846332.086502.png,2162,1649,1,1,1,1,1
fr3_walking_xyz,528,1341846332.122051,rgb/1341846332.122051.png,2183,1655,1,1,1,1,1
fr3_walking_xyz,529,1341846332.153983,rgb/1341846332.153983.png,2207,1637,1,1,1,1,1
fr3_walking_xyz,530,1341846332.190165,rgb/1341846332.190165.png,2295,1656,1,1,1,1,1
fr3_walking_xyz,531,1341846332.254145,rgb/1341846332.254145.png,2307,1610,1,1,1,1,1
fr3_walking_xyz,532,1341846332.289948,rgb/1341846332.289948.png,2237,1603,1,1,1,1,1
fr3_walking_xyz,533,1341846332.322172,rgb/1341846332.322172.png,2202,1586,1,1,1,1,1
fr3_walking_xyz,534,1341846332.354003,rgb/1341846332.354003.png,2268,1557,1,1,1,1,1
fr3_walking_xyz,535,1341846332.390180,rgb/1341846332.390180.png,2293,1650,1,1,1,1,1
fr3_walking_xyz,536,1341846332.422055,rgb/1341846332.422055.png,2287,1646,1,1,1,1,1
fr3_walking_xyz,537,1341846332.458114,rgb/1341846332.458114.png,2207,1632,1,1,1,1,1
fr3_walking_xyz,538,1341846332.489993,rgb/1341846332.489993.png,2305,1688,1,1,1,1,1
fr3_walking_xyz,539,1341846332.522130,rgb/1341846332.522130.png,2348,1652,1,1,1,1,1
fr3_walking_xyz,540,1341846332.558114,rgb/1341846332.558114.png,2489,1663,1,1,1,1,1
fr3_walking_xyz,541,1341846332.589874,rgb/1341846332.589874.png,2380,1695,1,1,1,1,1
fr3_walking_xyz,542,1341846332.621889,rgb/1341846332.621889.png,2351,1679,1,1,1,1,1
fr3_walking_xyz,543,1341846332.658202,rgb/1341846332.658202.png,2322,1687,1,1,1,1,1
fr3_walking_xyz,544,1341846332.690001,rgb/1341846332.690001.png,2364,1683,1,1,1,1,1
fr3_walking_xyz,545,1341846332.726000,rgb/1341846332.726000.png,2376,1682,1,1,1,1,1
fr3_walking_xyz,546,1341846332.758386,rgb/1341846332.758386.png,2342,1686,1,1,1,1,1
fr3_walking_xyz,547,1341846332.789937,rgb/1341846332.789937.png,2356,1677,1,1,1,1,1
fr3_walking_xyz,548,1341846332.825925,rgb/1341846332.825925.png,2286,1706,1,1,1,1,1
fr3_walking_xyz,549,1341846332.857898,rgb/1341846332.857898.png,2473,1671,1,1,1,1,1
fr3_walking_xyz,550,1341846332.894069,rgb/1341846332.894069.png,2758,1832,1,1,1,1,1
fr3_walking_xyz,551,1341846332.926029,rgb/1341846332.926029.png,2457,1846,1,1,1,1,1
fr3_walking_xyz,552,1341846332.958015,rgb/1341846332.958015.png,2552,1787,1,1,1,1,1
fr3_walking_xyz,553,1341846332.994073,rgb/1341846332.994073.png,2577,1800,1,1,1,1,1
fr3_walking_xyz,554,1341846333.026545,rgb/1341846333.026545.png,2352,1788,1,1,1,1,1
fr3_walking_xyz,555,1341846333.057998,rgb/1341846333.057998.png,2550,1801,1,1,1,1,1
fr3_walking_xyz,556,1341846333.094024,rgb/1341846333.094024.png,2534,1752,1,1,1,1,1
fr3_walking_xyz,557,1341846333.126095,rgb/1341846333.126095.png,2741,1776,1,1,1,1,1
fr3_walking_xyz,558,1341846333.161973,rgb/1341846333.161973.png,2769,1749,1,1,1,1,1
fr3_walking_xyz,559,1341846333.195660,rgb/1341846333.195660.png,2567,1733,1,1,1,1,1
fr3_walking_xyz,560,1341846333.226331,rgb/1341846333.226331.png,2693,1747,1,1,1,1,1
fr3_walking_xyz,561,1341846333.262056,rgb/1341846333.262056.png,2861,1676,1,1,1,1,1
fr3_walking_xyz,562,1341846333.294147,rgb/1341846333.294147.png,2804,1666,1,1,1,1,1
fr3_walking_xyz,563,1341846333.326100,rgb/1341846333.326100.png,2725,1626,1,1,1,1,1
fr3_walking_xyz,564,1341846333.362100,rgb/1341846333.362100.png,2754,1606,1,1,1,1,1
fr3_walking_xyz,565,1341846333.394119,rgb/1341846333.394119.png,2724,1405,1,1,1,1,1
fr3_walking_xyz,566,1341846333.429974,rgb/1341846333.429974.png,2949,1593,1,1,1,1,1
fr3_walking_xyz,567,1341846333.462115,rgb/1341846333.462115.png,3041,1546,1,1,1,1,1
fr3_walking_xyz,568,1341846333.494040,rgb/1341846333.494040.png,2981,1538,1,1,1,1,1
fr3_walking_xyz,569,1341846333.529953,rgb/1341846333.529953.png,2987,1534,1,1,1,1,1
fr3_walking_xyz,570,1341846333.562063,rgb/1341846333.562063.png,2506,1540,1,1,1,1,1
fr3_walking_xyz,571,1341846333.594090,rgb/1341846333.594090.png,2325,1685,1,1,1,1,1
fr3_walking_xyz,572,1341846333.629994,rgb/1341846333.629994.png,2240,1645,1,1,1,1,1
fr3_walking_xyz,573,1341846333.662127,rgb/1341846333.662127.png,2250,1489,1,1,1,1,1
fr3_walking_xyz,574,1341846333.697964,rgb/1341846333.697964.png,2762,1600,1,1,1,1,1
fr3_walking_xyz,575,1341846333.730092,rgb/1341846333.730092.png,3253,1632,1,1,1,1,1
fr3_walking_xyz,576,1341846333.762089,rgb/1341846333.762089.png,2919,1693,1,1,1,1,1
fr3_walking_xyz,577,1341846333.798006,rgb/1341846333.798006.png,3265,1671,1,1,1,1,1
fr3_walking_xyz,578,1341846333.830055,rgb/1341846333.830055.png,2754,1540,1,1,1,1,1
fr3_walking_xyz,579,1341846333.866045,rgb/1341846333.866045.png,2862,1666,1,1,1,1,1
fr3_walking_xyz,580,1341846333.897987,rgb/1341846333.897987.png,2793,1591,1,1,1,1,1
fr3_walking_xyz,581,1341846333.930099,rgb/1341846333.930099.png,2774,1694,1,1,1,1,1
fr3_walking_xyz,582,1341846333.965889,rgb/1341846333.965889.png,3259,1604,1,1,1,1,1
fr3_walking_xyz,583,1341846333.997985,rgb/1341846333.997985.png,2148,1809,1,1,1,1,1
fr3_walking_xyz,584,1341846334.030076,rgb/1341846334.030076.png,2164,1736,1,1,1,1,1
fr3_walking_xyz,585,1341846334.066000,rgb/1341846334.066000.png,2075,1758,1,1,1,1,1
fr3_walking_xyz,586,1341846334.097932,rgb/1341846334.097932.png,1843,1631,1,1,1,1,1
fr3_walking_xyz,587,1341846334.133884,rgb/1341846334.133884.png,1905,1812,1,1,1,1,1
fr3_walking_xyz,588,1341846334.166115,rgb/1341846334.166115.png,1856,1414,1,1,1,1,1
fr3_walking_xyz,589,1341846334.198072,rgb/1341846334.198072.png,1871,1838,1,1,1,1,1
fr3_walking_xyz,590,1341846334.234097,rgb/1341846334.234097.png,1878,1698,1,1,1,1,1
fr3_walking_xyz,591,1341846334.266045,rgb/1341846334.266045.png,1686,1516,1,1,1,1,1
fr3_walking_xyz,592,1341846334.297946,rgb/1341846334.297946.png,1441,1225,1,1,1,1,1
fr3_walking_xyz,593,1341846334.334036,rgb/1341846334.334036.png,2738,1791,1,1,1,1,1
fr3_walking_xyz,594,1341846334.365871,rgb/1341846334.365871.png,1665,1913,1,1,1,1,1
fr3_walking_xyz,595,1341846334.401845,rgb/1341846334.401845.png,2052,1820,1,1,1,1,1
fr3_walking_xyz,596,1341846334.433864,rgb/1341846334.433864.png,2239,1469,1,1,1,1,1
fr3_walking_xyz,597,1341846334.466105,rgb/1341846334.466105.png,2230,1350,1,1,1,1,1
fr3_walking_xyz,598,1341846334.502142,rgb/1341846334.502142.png,2283,1926,1,1,1,1,1
fr3_walking_xyz,599,1341846334.540153,rgb/1341846334.540153.png,2021,1852,1,1,1,1,1
fr3_walking_xyz,600,1341846334.602351,rgb/1341846334.602351.png,1979,1913,1,1,1,1,1
fr3_walking_xyz,601,1341846334.670161,rgb/1341846334.670161.png,2519,1334,1,1,1,1,1
fr3_walking_xyz,602,1341846334.702085,rgb/1341846334.702085.png,3336,1403,1,1,1,1,1
fr3_walking_xyz,603,1341846334.734751,rgb/1341846334.734751.png,2835,1454,1,1,1,1,1
fr3_walking_xyz,604,1341846334.770889,rgb/1341846334.770889.png,3066,1461,1,1,1,1,1
fr3_walking_xyz,605,1341846334.802194,rgb/1341846334.802194.png,3083,1273,1,1,1,1,1
fr3_walking_xyz,606,1341846334.833908,rgb/1341846334.833908.png,2264,1303,1,1,1,1,1
fr3_walking_xyz,607,1341846334.869874,rgb/1341846334.869874.png,2304,1307,1,1,1,1,1
fr3_walking_xyz,608,1341846334.902006,rgb/1341846334.902006.png,2957,1318,1,1,1,1,1
fr3_walking_xyz,609,1341846334.938010,rgb/1341846334.938010.png,2583,1237,1,1,1,1,1
fr3_walking_xyz,610,1341846334.970032,rgb/1341846334.970032.png,2090,1371,1,1,1,1,1
fr3_walking_xyz,611,1341846335.002203,rgb/1341846335.002203.png,2204,1367,1,1,1,1,1
fr3_walking_xyz,612,1341846335.037880,rgb/1341846335.037880.png,2691,1273,1,1,1,1,1
fr3_walking_xyz,613,1341846335.069990,rgb/1341846335.069990.png,2211,1197,1,1,1,1,1
fr3_walking_xyz,614,1341846335.106038,rgb/1341846335.106038.png,1716,1284,1,1,1,1,1
fr3_walking_xyz,615,1341846335.138045,rgb/1341846335.138045.png,1666,1303,1,1,1,1,1
fr3_walking_xyz,616,1341846335.169900,rgb/1341846335.169900.png,1554,1293,1,1,1,1,1
fr3_walking_xyz,617,1341846335.206091,rgb/1341846335.206091.png,1493,1549,1,1,1,1,1
fr3_walking_xyz,618,1341846335.239365,rgb/1341846335.239365.png,2872,1310,1,1,1,1,1
fr3_walking_xyz,619,1341846335.269948,rgb/1341846335.269948.png,2688,1455,1,1,1,1,1
fr3_walking_xyz,620,1341846335.305972,rgb/1341846335.305972.png,1499,1269,1,1,1,1,1
fr3_walking_xyz,621,1341846335.338012,rgb/1341846335.338012.png,1729,927,1,1,1,1,1
fr3_walking_xyz,622,1341846335.374005,rgb/1341846335.374005.png,2554,918,1,1,1,1,1
fr3_walking_xyz,623,1341846335.406025,rgb/1341846335.406025.png,2517,1301,1,1,1,1,1
fr3_walking_xyz,624,1341846335.438079,rgb/1341846335.438079.png,2735,1348,1,1,1,1,1
fr3_walking_xyz,625,1341846335.473998,rgb/1341846335.473998.png,1586,1359,1,1,1,1,1
fr3_walking_xyz,626,1341846335.507038,rgb/1341846335.507038.png,2590,1537,1,1,1,1,1
fr3_walking_xyz,627,1341846335.538040,rgb/1341846335.538040.png,2115,1440,1,1,1,1,1
fr3_walking_xyz,628,1341846335.574119,rgb/1341846335.574119.png,2136,1409,1,1,1,1,1
fr3_walking_xyz,629,1341846335.605970,rgb/1341846335.605970.png,2555,964,1,1,1,1,1
fr3_walking_xyz,630,1341846335.641978,rgb/1341846335.641978.png,2216,1381,1,1,1,1,1
fr3_walking_xyz,631,1341846335.673993,rgb/1341846335.673993.png,2074,1563,1,1,1,1,1
fr3_walking_xyz,632,1341846335.706178,rgb/1341846335.706178.png,2138,1372,1,1,1,1,1
fr3_walking_xyz,633,1341846335.741982,rgb/1341846335.741982.png,2489,1336,1,1,1,1,1
fr3_walking_xyz,634,1341846335.773960,rgb/1341846335.773960.png,3071,1395,1,1,1,1,1
fr3_walking_xyz,635,1341846335.806271,rgb/1341846335.806271.png,2931,1442,1,1,1,1,1
fr3_walking_xyz,636,1341846335.842031,rgb/1341846335.842031.png,2635,1541,1,1,1,1,1
fr3_walking_xyz,637,1341846335.873966,rgb/1341846335.873966.png,2597,1487,1,1,1,1,1
fr3_walking_xyz,638,1341846335.910005,rgb/1341846335.910005.png,2801,1512,1,1,1,1,1
fr3_walking_xyz,639,1341846335.941936,rgb/1341846335.941936.png,2680,1249,1,1,1,1,1
fr3_walking_xyz,640,1341846335.974198,rgb/1341846335.974198.png,2749,1525,1,1,1,1,1
fr3_walking_xyz,641,1341846336.010032,rgb/1341846336.010032.png,2669,1774,1,1,1,1,1
fr3_walking_xyz,642,1341846336.042129,rgb/1341846336.042129.png,2193,1485,1,1,1,1,1
fr3_walking_xyz,643,1341846336.078076,rgb/1341846336.078076.png,2621,1155,1,1,1,1,1
fr3_walking_xyz,644,1341846336.110739,rgb/1341846336.110739.png,2750,1181,1,1,1,1,1
fr3_walking_xyz,645,1341846336.142002,rgb/1341846336.142002.png,2823,1170,1,1,1,1,1
fr3_walking_xyz,646,1341846336.183953,rgb/1341846336.183953.png,2883,1346,1,1,1,1,1
fr3_walking_xyz,647,1341846336.241891,rgb/1341846336.241891.png,2958,1226,1,1,1,1,1
fr3_walking_xyz,648,1341846336.277946,rgb/1341846336.277946.png,3082,1440,1,1,1,1,1
fr3_walking_xyz,649,1341846336.309977,rgb/1341846336.309977.png,3044,1818,1,1,1,1,1
fr3_walking_xyz,650,1341846336.346143,rgb/1341846336.346143.png,2806,1722,1,1,1,1,1
fr3_walking_xyz,651,1341846336.377975,rgb/1341846336.377975.png,3092,1698,1,1,1,1,1
fr3_walking_xyz,652,1341846336.410032,rgb/1341846336.410032.png,2831,1289,1,1,1,1,1
fr3_walking_xyz,653,1341846336.446041,rgb/1341846336.446041.png,2835,1204,1,1,1,1,1
fr3_walking_xyz,654,1341846336.477990,rgb/1341846336.477990.png,2993,1359,1,1,1,1,1
fr3_walking_xyz,655,1341846336.510056,rgb/1341846336.510056.png,2900,1332,1,1,1,1,1
fr3_walking_xyz,656,1341846336.546024,rgb/1341846336.546024.png,2642,1480,1,1,1,1,1
fr3_walking_xyz,657,1341846336.578003,rgb/1341846336.578003.png,2483,1524,1,1,1,1,1
fr3_walking_xyz,658,1341846336.614020,rgb/1341846336.614020.png,2597,1579,1,1,1,1,1
fr3_walking_xyz,659,1341846336.645982,rgb/1341846336.645982.png,3008,1532,1,1,1,1,1
fr3_walking_xyz,660,1341846336.678036,rgb/1341846336.678036.png,2718,1521,1,1,1,1,1
fr3_walking_xyz,661,1341846336.714024,rgb/1341846336.714024.png,3410,1592,1,1,1,1,1
fr3_walking_xyz,662,1341846336.746016,rgb/1341846336.746016.png,2955,1622,1,1,1,1,1
fr3_walking_xyz,663,1341846336.778014,rgb/1341846336.778014.png,3307,1503,1,1,1,1,1
fr3_walking_xyz,664,1341846336.820006,rgb/1341846336.820006.png,3413,1797,1,1,1,1,1
fr3_walking_xyz,665,1341846336.882056,rgb/1341846336.882056.png,3066,1672,1,1,1,1,1
fr3_walking_xyz,666,1341846336.914273,rgb/1341846336.914273.png,2786,1693,1,1,1,1,1
fr3_walking_xyz,667,1341846336.945998,rgb/1341846336.945998.png,2862,1651,1,1,1,1,1
fr3_walking_xyz,668,1341846336.981980,rgb/1341846336.981980.png,2797,1587,1,1,1,1,1
fr3_walking_xyz,669,1341846337.014238,rgb/1341846337.014238.png,3054,1659,1,1,1,1,1
fr3_walking_xyz,670,1341846337.046017,rgb/1341846337.046017.png,2937,1670,1,1,1,1,1
fr3_walking_xyz,671,1341846337.082104,rgb/1341846337.082104.png,3259,1698,1,1,1,1,1
fr3_walking_xyz,672,1341846337.114317,rgb/1341846337.114317.png,3032,1729,1,1,1,1,1
fr3_walking_xyz,673,1341846337.150037,rgb/1341846337.150037.png,2957,1665,1,1,1,1,1
fr3_walking_xyz,674,1341846337.181873,rgb/1341846337.181873.png,2262,1663,1,1,1,1,1
fr3_walking_xyz,675,1341846337.214073,rgb/1341846337.214073.png,2047,2179,1,1,1,1,1
fr3_walking_xyz,676,1341846337.250087,rgb/1341846337.250087.png,2014,2220,1,1,1,1,1
fr3_walking_xyz,677,1341846337.282028,rgb/1341846337.282028.png,1896,2183,1,1,1,1,1
fr3_walking_xyz,678,1341846337.317920,rgb/1341846337.317920.png,2285,2283,1,1,1,1,1
fr3_walking_xyz,679,1341846337.350018,rgb/1341846337.350018.png,2208,1996,1,1,1,1,1
fr3_walking_xyz,680,1341846337.382159,rgb/1341846337.382159.png,3000,2018,1,1,1,1,1
fr3_walking_xyz,681,1341846337.417941,rgb/1341846337.417941.png,2664,2388,1,1,1,1,1
fr3_walking_xyz,682,1341846337.450137,rgb/1341846337.450137.png,2619,2432,1,1,1,1,1
fr3_walking_xyz,683,1341846337.482096,rgb/1341846337.482096.png,2461,2405,1,1,1,1,1
fr3_walking_xyz,684,1341846337.518008,rgb/1341846337.518008.png,1908,2133,1,1,1,1,1
fr3_walking_xyz,685,1341846337.549978,rgb/1341846337.549978.png,2066,2084,1,1,1,1,1
fr3_walking_xyz,686,1341846337.585971,rgb/1341846337.585971.png,2182,2388,1,1,1,1,1
fr3_walking_xyz,687,1341846337.617903,rgb/1341846337.617903.png,2324,2153,1,1,1,1,1
fr3_walking_xyz,688,1341846337.650141,rgb/1341846337.650141.png,2737,1702,1,1,1,1,1
fr3_walking_xyz,689,1341846337.686352,rgb/1341846337.686352.png,2288,1905,1,1,1,1,1
fr3_walking_xyz,690,1341846337.718002,rgb/1341846337.718002.png,2368,1790,1,1,1,1,1
fr3_walking_xyz,691,1341846337.749920,rgb/1341846337.749920.png,3227,1607,1,1,1,1,1
fr3_walking_xyz,692,1341846337.786157,rgb/1341846337.786157.png,3200,2042,1,1,1,1,1
fr3_walking_xyz,693,1341846337.817945,rgb/1341846337.817945.png,3292,1689,1,1,1,1,1
fr3_walking_xyz,694,1341846337.854071,rgb/1341846337.854071.png,3702,1842,1,1,1,1,1
fr3_walking_xyz,695,1341846337.885951,rgb/1341846337.885951.png,3705,1855,1,1,1,1,1
fr3_walking_xyz,696,1341846337.918223,rgb/1341846337.918223.png,4142,1907,1,1,1,1,1
fr3_walking_xyz,697,1341846337.954120,rgb/1341846337.954120.png,4158,1781,1,1,1,1,1
fr3_walking_xyz,698,1341846337.985994,rgb/1341846337.985994.png,4127,1851,1,1,1,1,1
fr3_walking_xyz,699,1341846338.018107,rgb/1341846338.018107.png,4088,1834,1,1,1,1,1
fr3_walking_xyz,700,1341846338.054055,rgb/1341846338.054055.png,3257,1867,1,1,1,1,1
fr3_walking_xyz,701,1341846338.085986,rgb/1341846338.085986.png,3536,1872,1,1,1,1,1
fr3_walking_xyz,702,1341846338.121875,rgb/1341846338.121875.png,3280,1804,1,1,1,1,1
fr3_walking_xyz,703,1341846338.154089,rgb/1341846338.154089.png,3291,1938,1,1,1,1,1
fr3_walking_xyz,704,1341846338.186029,rgb/1341846338.186029.png,3331,1935,1,1,1,1,1
fr3_walking_xyz,705,1341846338.222071,rgb/1341846338.222071.png,3117,1812,1,1,1,1,1
fr3_walking_xyz,706,1341846338.254107,rgb/1341846338.254107.png,3851,1843,1,1,1,1,1
fr3_walking_xyz,707,1341846338.290130,rgb/1341846338.290130.png,3727,1834,1,1,1,1,1
fr3_walking_xyz,708,1341846338.321952,rgb/1341846338.321952.png,3687,1849,1,1,1,1,1
fr3_walking_xyz,709,1341846338.354022,rgb/1341846338.354022.png,3631,1882,1,1,1,1,1
fr3_walking_xyz,710,1341846338.389969,rgb/1341846338.389969.png,3204,1895,1,1,1,1,1
fr3_walking_xyz,711,1341846338.422377,rgb/1341846338.422377.png,3339,1891,1,1,1,1,1
fr3_walking_xyz,712,1341846338.454010,rgb/1341846338.454010.png,3512,1971,1,1,1,1,1
fr3_walking_xyz,713,1341846338.489894,rgb/1341846338.489894.png,3312,2024,1,1,1,1,1
fr3_walking_xyz,714,1341846338.522066,rgb/1341846338.522066.png,3533,1970,1,1,1,1,1
fr3_walking_xyz,715,1341846338.558058,rgb/1341846338.558058.png,3547,1990,1,1,1,1,1
fr3_walking_xyz,716,1341846338.589842,rgb/1341846338.589842.png,3557,2038,1,1,1,1,1
fr3_walking_xyz,717,1341846338.622019,rgb/1341846338.622019.png,3641,2129,1,1,1,1,1
fr3_walking_xyz,718,1341846338.657984,rgb/1341846338.657984.png,3753,2166,1,1,1,1,1
fr3_walking_xyz,719,1341846338.690198,rgb/1341846338.690198.png,3882,2120,1,1,1,1,1
fr3_walking_xyz,720,1341846338.722454,rgb/1341846338.722454.png,3859,2153,1,1,1,1,1
fr3_walking_xyz,721,1341846338.757945,rgb/1341846338.757945.png,3454,2179,1,1,1,1,1
fr3_walking_xyz,722,1341846338.790039,rgb/1341846338.790039.png,3283,2094,1,1,1,1,1
fr3_walking_xyz,723,1341846338.826048,rgb/1341846338.826048.png,3705,2011,1,1,1,1,1
fr3_walking_xyz,724,1341846338.858027,rgb/1341846338.858027.png,3674,2037,1,1,1,1,1
fr3_walking_xyz,725,1341846338.889902,rgb/1341846338.889902.png,3310,2064,1,1,1,1,1
fr3_walking_xyz,726,1341846338.925948,rgb/1341846338.925948.png,2581,1871,1,1,1,1,1
fr3_walking_xyz,727,1341846338.958108,rgb/1341846338.958108.png,2657,2118,1,1,1,1,1
fr3_walking_xyz,728,1341846338.990057,rgb/1341846338.990057.png,2424,2198,1,1,1,1,1
fr3_walking_xyz,729,1341846339.025928,rgb/1341846339.025928.png,2456,2035,1,1,1,1,1
fr3_walking_xyz,730,1341846339.057939,rgb/1341846339.057939.png,3181,2390,1,1,1,1,1
fr3_walking_xyz,731,1341846339.093927,rgb/1341846339.093927.png,3554,2327,1,1,1,1,1
fr3_walking_xyz,732,1341846339.126562,rgb/1341846339.126562.png,3400,2226,1,1,1,1,1
fr3_walking_xyz,733,1341846339.157969,rgb/1341846339.157969.png,3522,2162,1,1,1,1,1
fr3_walking_xyz,734,1341846339.194113,rgb/1341846339.194113.png,3840,2200,1,1,1,1,1
fr3_walking_xyz,735,1341846339.228165,rgb/1341846339.228165.png,3527,2082,1,1,1,1,1
fr3_walking_xyz,736,1341846339.257998,rgb/1341846339.257998.png,3700,1859,1,1,1,1,1
fr3_walking_xyz,737,1341846339.294132,rgb/1341846339.294132.png,4158,2271,1,1,1,1,1
fr3_walking_xyz,738,1341846339.326577,rgb/1341846339.326577.png,3729,1837,1,1,1,1,1
fr3_walking_xyz,739,1341846339.362269,rgb/1341846339.362269.png,3416,1903,1,1,1,1,1
fr3_walking_xyz,740,1341846339.394725,rgb/1341846339.394725.png,3923,1855,1,1,1,1,1
fr3_walking_xyz,741,1341846339.462186,rgb/1341846339.462186.png,4167,1818,1,1,1,1,1
fr3_walking_xyz,742,1341846339.496743,rgb/1341846339.496743.png,4201,1865,1,1,1,1,1
fr3_walking_xyz,743,1341846339.562052,rgb/1341846339.562052.png,4043,1696,1,1,1,1,1
fr3_walking_xyz,744,1341846339.595122,rgb/1341846339.595122.png,4447,1625,1,1,1,1,1
fr3_walking_xyz,745,1341846339.632085,rgb/1341846339.632085.png,3792,1689,1,1,1,1,1
fr3_walking_xyz,746,1341846339.664568,rgb/1341846339.664568.png,3773,1652,1,1,1,1,1
fr3_walking_xyz,747,1341846339.698896,rgb/1341846339.698896.png,4047,1628,1,1,1,1,1
fr3_walking_xyz,748,1341846339.731977,rgb/1341846339.731977.png,3973,1526,1,1,1,1,1
fr3_walking_xyz,749,1341846339.762241,rgb/1341846339.762241.png,3967,1588,1,1,1,1,1
fr3_walking_xyz,750,1341846339.797873,rgb/1341846339.797873.png,3723,1503,1,1,1,1,1
fr3_walking_xyz,751,1341846339.830245,rgb/1341846339.830245.png,3736,1485,1,1,1,1,1
fr3_walking_xyz,752,1341846339.862015,rgb/1341846339.862015.png,2863,1502,1,1,1,1,1
fr3_walking_xyz,753,1341846339.897797,rgb/1341846339.897797.png,3260,1509,1,1,1,1,1
fr3_walking_xyz,754,1341846339.929916,rgb/1341846339.929916.png,2911,1534,1,1,1,1,1
fr3_walking_xyz,755,1341846339.961960,rgb/1341846339.961960.png,3347,1476,1,1,1,1,1
fr3_walking_xyz,756,1341846339.997845,rgb/1341846339.997845.png,3267,1227,1,1,1,1,1
fr3_walking_xyz,757,1341846340.029925,rgb/1341846340.029925.png,3113,1407,1,1,1,1,1
fr3_walking_xyz,758,1341846340.066044,rgb/1341846340.066044.png,2406,1499,1,1,1,1,1
fr3_walking_xyz,759,1341846340.098009,rgb/1341846340.098009.png,3328,1332,1,1,1,1,1
fr3_walking_xyz,760,1341846340.130102,rgb/1341846340.130102.png,3426,1620,1,1,1,1,1
fr3_walking_xyz,761,1341846340.166041,rgb/1341846340.166041.png,3233,1375,1,1,1,1,1
fr3_walking_xyz,762,1341846340.197867,rgb/1341846340.197867.png,3619,1354,1,1,1,1,1
fr3_walking_xyz,763,1341846340.229904,rgb/1341846340.229904.png,2931,1355,1,1,1,1,1
fr3_walking_xyz,764,1341846340.265859,rgb/1341846340.265859.png,3103,1338,1,1,1,1,1
fr3_walking_xyz,765,1341846340.298061,rgb/1341846340.298061.png,3273,1354,1,1,1,1,1
fr3_walking_xyz,766,1341846340.334063,rgb/1341846340.334063.png,2924,1450,1,1,1,1,1
fr3_walking_xyz,767,1341846340.366064,rgb/1341846340.366064.png,3210,1421,1,1,1,1,1
fr3_walking_xyz,768,1341846340.397995,rgb/1341846340.397995.png,2774,1388,1,1,1,1,1
fr3_walking_xyz,769,1341846340.433895,rgb/1341846340.433895.png,3296,1481,1,1,1,1,1
fr3_walking_xyz,770,1341846340.465959,rgb/1341846340.465959.png,3288,1323,1,1,1,1,1
fr3_walking_xyz,771,1341846340.501858,rgb/1341846340.501858.png,2567,1222,1,1,1,1,1
fr3_walking_xyz,772,1341846340.534329,rgb/1341846340.534329.png,2471,1450,1,1,1,1,1
fr3_walking_xyz,773,1341846340.566041,rgb/1341846340.566041.png,3308,1541,1,1,1,1,1
fr3_walking_xyz,774,1341846340.601909,rgb/1341846340.601909.png,3176,1356,1,1,1,1,1
fr3_walking_xyz,775,1341846340.634005,rgb/1341846340.634005.png,2940,1432,1,1,1,1,1
fr3_walking_xyz,776,1341846340.666028,rgb/1341846340.666028.png,3599,1271,1,1,1,1,1
fr3_walking_xyz,777,1341846340.701946,rgb/1341846340.701946.png,3402,1052,1,1,1,1,1
fr3_walking_xyz,778,1341846340.733954,rgb/1341846340.733954.png,2956,1014,1,1,1,1,1
fr3_walking_xyz,779,1341846340.770081,rgb/1341846340.770081.png,3227,1120,1,1,1,1,1
fr3_walking_xyz,780,1341846340.801980,rgb/1341846340.801980.png,3258,1040,1,1,1,1,1
fr3_walking_xyz,781,1341846340.833999,rgb/1341846340.833999.png,3519,1160,1,1,1,1,1
fr3_walking_xyz,782,1341846340.870013,rgb/1341846340.870013.png,3328,1109,1,1,1,1,1
fr3_walking_xyz,783,1341846340.901955,rgb/1341846340.901955.png,3703,1194,1,1,1,1,1
fr3_walking_xyz,784,1341846340.933918,rgb/1341846340.933918.png,3195,1096,1,1,1,1,1
fr3_walking_xyz,785,1341846340.970122,rgb/1341846340.970122.png,2634,1234,1,1,1,1,1
fr3_walking_xyz,786,1341846341.001922,rgb/1341846341.001922.png,3084,1411,1,1,1,1,1
fr3_walking_xyz,787,1341846341.037923,rgb/1341846341.037923.png,3207,1263,1,1,1,1,1
fr3_walking_xyz,788,1341846341.070300,rgb/1341846341.070300.png,3598,1389,1,1,1,1,1
fr3_walking_xyz,789,1341846341.102028,rgb/1341846341.102028.png,4126,1261,1,1,1,1,1
fr3_walking_xyz,790,1341846341.137982,rgb/1341846341.137982.png,3504,1494,1,1,1,1,1
fr3_walking_xyz,791,1341846341.170048,rgb/1341846341.170048.png,3484,1390,1,1,1,1,1
fr3_walking_xyz,792,1341846341.202110,rgb/1341846341.202110.png,2806,1489,1,1,1,1,1
fr3_walking_xyz,793,1341846341.237996,rgb/1341846341.237996.png,3974,1326,1,1,1,1,1
fr3_walking_xyz,794,1341846341.269883,rgb/1341846341.269883.png,4552,1559,1,1,1,1,1
fr3_walking_xyz,795,1341846341.306107,rgb/1341846341.306107.png,3688,1467,1,1,1,1,1
fr3_walking_xyz,796,1341846341.338109,rgb/1341846341.338109.png,3991,1767,1,1,1,1,1
fr3_walking_xyz,797,1341846341.370120,rgb/1341846341.370120.png,4093,1778,1,1,1,1,1
fr3_walking_xyz,798,1341846341.406074,rgb/1341846341.406074.png,4232,1657,1,1,1,1,1
fr3_walking_xyz,799,1341846341.438113,rgb/1341846341.438113.png,4120,1707,1,1,1,1,1
fr3_walking_xyz,800,1341846341.470024,rgb/1341846341.470024.png,3903,1536,1,1,1,1,1
fr3_walking_xyz,801,1341846341.506077,rgb/1341846341.506077.png,3902,1699,1,1,1,1,1
fr3_walking_xyz,802,1341846341.538156,rgb/1341846341.538156.png,3529,1347,1,1,1,1,1
fr3_walking_xyz,803,1341846341.574016,rgb/1341846341.574016.png,3822,1364,1,1,1,1,1
fr3_walking_xyz,804,1341846341.612466,rgb/1341846341.612466.png,4431,1646,1,1,1,1,1
fr3_walking_xyz,805,1341846341.643972,rgb/1341846341.643972.png,3879,1386,1,1,1,1,1
fr3_walking_xyz,806,1341846341.679982,rgb/1341846341.679982.png,4132,1390,1,1,1,1,1
fr3_walking_xyz,807,1341846341.712332,rgb/1341846341.712332.png,4213,1307,1,1,1,1,1
fr3_walking_xyz,808,1341846341.744185,rgb/1341846341.744185.png,4424,1523,1,1,1,1,1
fr3_walking_xyz,809,1341846341.780061,rgb/1341846341.780061.png,4512,1548,1,1,1,1,1
fr3_walking_xyz,810,1341846341.842595,rgb/1341846341.842595.png,4144,1575,1,1,1,1,1
fr3_walking_xyz,811,1341846341.906227,rgb/1341846341.906227.png,4412,1592,1,1,1,1,1
fr3_walking_xyz,812,1341846341.942069,rgb/1341846341.942069.png,4586,1329,1,1,1,1,1
fr3_walking_xyz,813,1341846341.974775,rgb/1341846341.974775.png,4788,1453,1,1,1,1,1
fr3_walking_xyz,814,1341846342.010161,rgb/1341846342.010161.png,4714,1446,1,1,1,1,1
fr3_walking_xyz,815,1341846342.042024,rgb/1341846342.042024.png,4624,1466,1,1,1,1,1
fr3_walking_xyz,816,1341846342.080032,rgb/1341846342.080032.png,4817,1387,1,1,1,1,1
fr3_walking_xyz,817,1341846342.112265,rgb/1341846342.112265.png,4620,1413,1,1,1,1,1
fr3_walking_xyz,818,1341846342.147954,rgb/1341846342.147954.png,4546,1399,1,1,1,1,1
fr3_walking_xyz,819,1341846342.179852,rgb/1341846342.179852.png,4776,1247,1,1,1,1,1
fr3_walking_xyz,820,1341846342.211848,rgb/1341846342.211848.png,4493,1277,1,1,1,1,1
fr3_walking_xyz,821,1341846342.247920,rgb/1341846342.247920.png,4959,1333,1,1,1,1,1
fr3_walking_xyz,822,1341846342.279870,rgb/1341846342.279870.png,4858,1319,1,1,1,1,1
fr3_walking_xyz,823,1341846342.316068,rgb/1341846342.316068.png,5081,1304,1,1,1,1,1
fr3_walking_xyz,824,1341846342.347894,rgb/1341846342.347894.png,4699,1304,1,1,1,1,1
fr3_walking_xyz,825,1341846342.379953,rgb/1341846342.379953.png,4705,1190,0,0,0,0,0
fr3_walking_xyz,826,1341846342.416195,rgb/1341846342.416195.png,4839,1227,0,0,0,0,0
fr3_walking_rpy,0,1341846647.802247,rgb/1341846647.802247.png,0,0,0,0,0,0,0
fr3_walking_rpy,1,1341846647.834093,rgb/1341846647.834093.png,236,236,0,0,0,0,0
fr3_walking_rpy,2,1341846647.866652,rgb/1341846647.866652.png,448,448,1,1,1,1,1
fr3_walking_rpy,3,1341846647.901972,rgb/1341846647.901972.png,531,532,1,1,1,1,1
fr3_walking_rpy,4,1341846647.934224,rgb/1341846647.934224.png,400,402,1,1,1,1,1
fr3_walking_rpy,5,1341846647.970225,rgb/1341846647.970225.png,226,224,1,1,1,1,1
fr3_walking_rpy,6,1341846648.002341,rgb/1341846648.002341.png,260,260,1,1,1,1,1
fr3_walking_rpy,7,1341846648.034343,rgb/1341846648.034343.png,272,273,1,1,1,1,1
fr3_walking_rpy,8,1341846648.070164,rgb/1341846648.070164.png,230,224,1,1,1,1,1
fr3_walking_rpy,9,1341846648.102152,rgb/1341846648.102152.png,288,242,1,1,1,1,1
fr3_walking_rpy,10,1341846648.138185,rgb/1341846648.138185.png,260,266,1,1,1,1,1
fr3_walking_rpy,11,1341846648.170568,rgb/1341846648.170568.png,316,273,1,1,1,1,1
fr3_walking_rpy,12,1341846648.202106,rgb/1341846648.202106.png,275,272,1,1,1,1,1
fr3_walking_rpy,13,1341846648.238157,rgb/1341846648.238157.png,269,327,1,1,1,1,1
fr3_walking_rpy,14,1341846648.270152,rgb/1341846648.270152.png,355,318,1,1,1,1,1
fr3_walking_rpy,15,1341846648.302183,rgb/1341846648.302183.png,313,347,1,1,1,1,1
fr3_walking_rpy,16,1341846648.338170,rgb/1341846648.338170.png,333,363,1,1,1,1,1
fr3_walking_rpy,17,1341846648.370216,rgb/1341846648.370216.png,344,386,1,1,1,1,1
fr3_walking_rpy,18,1341846648.406052,rgb/1341846648.406052.png,396,441,1,1,1,1,1
fr3_walking_rpy,19,1341846648.438342,rgb/1341846648.438342.png,442,443,1,1,1,1,1
fr3_walking_rpy,20,1341846648.470076,rgb/1341846648.470076.png,511,433,1,1,1,1,1
fr3_walking_rpy,21,1341846648.506263,rgb/1341846648.506263.png,499,388,1,1,1,1,1
fr3_walking_rpy,22,1341846648.538249,rgb/1341846648.538249.png,411,397,1,1,1,1,1
fr3_walking_rpy,23,1341846648.570179,rgb/1341846648.570179.png,594,593,1,1,1,1,1
fr3_walking_rpy,24,1341846648.606081,rgb/1341846648.606081.png,506,520,1,1,1,1,1
fr3_walking_rpy,25,1341846648.638395,rgb/1341846648.638395.png,501,527,1,1,1,1,1
fr3_walking_rpy,26,1341846648.674053,rgb/1341846648.674053.png,408,405,1,1,1,1,1
fr3_walking_rpy,27,1341846648.706058,rgb/1341846648.706058.png,443,430,1,1,1,1,1
fr3_walking_rpy,28,1341846648.738116,rgb/1341846648.738116.png,449,425,1,1,1,1,1
fr3_walking_rpy,29,1341846648.774049,rgb/1341846648.774049.png,442,376,1,1,1,1,1
fr3_walking_rpy,30,1341846648.805941,rgb/1341846648.805941.png,433,385,1,1,1,1,1
fr3_walking_rpy,31,1341846648.838602,rgb/1341846648.838602.png,417,333,1,1,1,1,1
fr3_walking_rpy,32,1341846648.874088,rgb/1341846648.874088.png,348,326,1,1,1,1,1
fr3_walking_rpy,33,1341846648.906165,rgb/1341846648.906165.png,392,61,1,1,1,1,1
fr3_walking_rpy,34,1341846648.942154,rgb/1341846648.942154.png,353,0,1,0,0,0,0
fr3_walking_rpy,35,1341846648.974090,rgb/1341846648.974090.png,335,114,1,1,1,1,1
fr3_walking_rpy,36,1341846649.006157,rgb/1341846649.006157.png,0,0,1,0,0,0,0
fr3_walking_rpy,37,1341846649.042101,rgb/1341846649.042101.png,335,78,1,1,1,1,1
fr3_walking_rpy,38,1341846649.074128,rgb/1341846649.074128.png,306,0,1,0,0,0,0
fr3_walking_rpy,39,1341846649.106188,rgb/1341846649.106188.png,331,81,1,1,1,1,1
fr3_walking_rpy,40,1341846649.142042,rgb/1341846649.142042.png,339,85,1,1,1,1,1
fr3_walking_rpy,41,1341846649.174442,rgb/1341846649.174442.png,353,86,1,1,1,1,1
fr3_walking_rpy,42,1341846649.216152,rgb/1341846649.216152.png,383,0,1,0,0,0,0
fr3_walking_rpy,43,1341846649.248048,rgb/1341846649.248048.png,400,0,1,0,0,0,0
fr3_walking_rpy,44,1341846649.280075,rgb/1341846649.280075.png,412,0,1,0,0,0,0
fr3_walking_rpy,45,1341846649.316071,rgb/1341846649.316071.png,407,0,1,0,0,0,0
fr3_walking_rpy,46,1341846649.348041,rgb/1341846649.348041.png,441,74,1,1,1,1,1
fr3_walking_rpy,47,1341846649.383973,rgb/1341846649.383973.png,415,0,1,0,0,0,0
fr3_walking_rpy,48,1341846649.416053,rgb/1341846649.416053.png,450,0,1,0,0,0,0
fr3_walking_rpy,49,1341846649.448084,rgb/1341846649.448084.png,459,0,1,0,0,0,0
fr3_walking_rpy,50,1341846649.484154,rgb/1341846649.484154.png,401,0,1,0,0,0,0
fr3_walking_rpy,51,1341846649.516198,rgb/1341846649.516198.png,457,0,1,0,0,0,0
fr3_walking_rpy,52,1341846649.552101,rgb/1341846649.552101.png,459,77,1,1,1,1,1
fr3_walking_rpy,53,1341846649.616167,rgb/1341846649.616167.png,456,0,1,0,0,0,0
fr3_walking_rpy,54,1341846649.678101,rgb/1341846649.678101.png,478,0,1,0,0,0,0
fr3_walking_rpy,55,1341846649.710937,rgb/1341846649.710937.png,417,247,1,1,1,1,1
fr3_walking_rpy,56,1341846649.746112,rgb/1341846649.746112.png,442,280,1,1,1,1,1
fr3_walking_rpy,57,1341846649.778019,rgb/1341846649.778019.png,494,360,1,1,1,1,1
fr3_walking_rpy,58,1341846649.810257,rgb/1341846649.810257.png,480,352,1,1,1,1,1
fr3_walking_rpy,59,1341846649.846059,rgb/1341846649.846059.png,490,393,1,1,1,1,1
fr3_walking_rpy,60,1341846649.878137,rgb/1341846649.878137.png,538,425,1,1,1,1,1
fr3_walking_rpy,61,1341846649.914184,rgb/1341846649.914184.png,549,410,1,1,1,1,1
fr3_walking_rpy,62,1341846649.952612,rgb/1341846649.952612.png,593,520,1,1,1,1,1
fr3_walking_rpy,63,1341846650.014156,rgb/1341846650.014156.png,591,489,1,1,1,1,1
fr3_walking_rpy,64,1341846650.046184,rgb/1341846650.046184.png,563,385,1,1,1,1,1
fr3_walking_rpy,65,1341846650.078250,rgb/1341846650.078250.png,491,458,1,1,1,1,1
fr3_walking_rpy,66,1341846650.114215,rgb/1341846650.114215.png,558,450,1,1,1,1,1
fr3_walking_rpy,67,1341846650.146137,rgb/1341846650.146137.png,554,492,1,1,1,1,1
fr3_walking_rpy,68,1341846650.182236,rgb/1341846650.182236.png,576,518,1,1,1,1,1
fr3_walking_rpy,69,1341846650.214164,rgb/1341846650.214164.png,576,511,1,1,1,1,1
fr3_walking_rpy,70,1341846650.246084,rgb/1341846650.246084.png,598,464,1,1,1,1,1
fr3_walking_rpy,71,1341846650.282167,rgb/1341846650.282167.png,616,551,1,1,1,1,1
fr3_walking_rpy,72,1341846650.314158,rgb/1341846650.314158.png,624,561,1,1,1,1,1
fr3_walking_rpy,73,1341846650.350453,rgb/1341846650.350453.png,627,639,1,1,1,1,1
fr3_walking_rpy,74,1341846650.382075,rgb/1341846650.382075.png,626,647,1,1,1,1,1
fr3_walking_rpy,75,1341846650.414224,rgb/1341846650.414224.png,627,643,1,1,1,1,1
fr3_walking_rpy,76,1341846650.450353,rgb/1341846650.450353.png,658,655,1,1,1,1,1
fr3_walking_rpy,77,1341846650.484849,rgb/1341846650.484849.png,648,664,1,1,1,1,1
fr3_walking_rpy,78,1341846650.514091,rgb/1341846650.514091.png,660,635,1,1,1,1,1
fr3_walking_rpy,79,1341846650.550746,rgb/1341846650.550746.png,660,628,1,1,1,1,1
fr3_walking_rpy,80,1341846650.582069,rgb/1341846650.582069.png,671,663,1,1,1,1,1
fr3_walking_rpy,81,1341846650.618092,rgb/1341846650.618092.png,696,623,1,1,1,1,1
fr3_walking_rpy,82,1341846650.650422,rgb/1341846650.650422.png,704,673,1,1,1,1,1
fr3_walking_rpy,83,1341846650.682114,rgb/1341846650.682114.png,556,645,1,1,1,1,1
fr3_walking_rpy,84,1341846650.718110,rgb/1341846650.718110.png,614,731,1,1,1,1,1
fr3_walking_rpy,85,1341846650.750112,rgb/1341846650.750112.png,660,633,1,1,1,1,1
fr3_walking_rpy,86,1341846650.782116,rgb/1341846650.782116.png,608,570,1,1,1,1,1
fr3_walking_rpy,87,1341846650.818115,rgb/1341846650.818115.png,581,604,1,1,1,1,1
fr3_walking_rpy,88,1341846650.850139,rgb/1341846650.850139.png,617,610,1,1,1,1,1
fr3_walking_rpy,89,1341846650.886238,rgb/1341846650.886238.png,638,655,1,1,1,1,1
fr3_walking_rpy,90,1341846650.918288,rgb/1341846650.918288.png,629,602,1,1,1,1,1
fr3_walking_rpy,91,1341846650.950233,rgb/1341846650.950233.png,649,662,1,1,1,1,1
fr3_walking_rpy,92,1341846650.986247,rgb/1341846650.986247.png,641,637,1,1,1,1,1
fr3_walking_rpy,93,1341846651.050482,rgb/1341846651.050482.png,583,618,1,1,1,1,1
fr3_walking_rpy,94,1341846651.086169,rgb/1341846651.086169.png,623,643,1,1,1,1,1
fr3_walking_rpy,95,1341846651.118423,rgb/1341846651.118423.png,638,783,1,1,1,1,1
fr3_walking_rpy,96,1341846651.154189,rgb/1341846651.154189.png,682,847,1,1,1,1,1
fr3_walking_rpy,97,1341846651.186391,rgb/1341846651.186391.png,778,864,1,1,1,1,1
fr3_walking_rpy,98,1341846651.218036,rgb/1341846651.218036.png,621,706,1,1,1,1,1
fr3_walking_rpy,99,1341846651.254031,rgb/1341846651.254031.png,583,645,1,1,1,1,1
fr3_walking_rpy,100,1341846651.286406,rgb/1341846651.286406.png,631,681,1,1,1,1,1
fr3_walking_rpy,101,1341846651.318309,rgb/1341846651.318309.png,567,621,1,1,1,1,1
fr3_walking_rpy,102,1341846651.354135,rgb/1341846651.354135.png,591,646,1,1,1,1,1
fr3_walking_rpy,103,1341846651.386180,rgb/1341846651.386180.png,647,702,1,1,1,1,1
fr3_walking_rpy,104,1341846651.422237,rgb/1341846651.422237.png,647,744,1,1,1,1,1
fr3_walking_rpy,105,1341846651.492135,rgb/1341846651.492135.png,661,687,1,1,1,1,1
fr3_walking_rpy,106,1341846651.560316,rgb/1341846651.560316.png,657,645,1,1,1,1,1
fr3_walking_rpy,107,1341846651.622176,rgb/1341846651.622176.png,596,665,1,1,1,1,1
fr3_walking_rpy,108,1341846651.654223,rgb/1341846651.654223.png,639,717,1,1,1,1,1
fr3_walking_rpy,109,1341846651.690127,rgb/1341846651.690127.png,655,719,1,1,1,1,1
fr3_walking_rpy,110,1341846651.722318,rgb/1341846651.722318.png,676,730,1,1,1,1,1
fr3_walking_rpy,111,1341846651.754212,rgb/1341846651.754212.png,655,712,1,1,1,1,1
fr3_walking_rpy,112,1341846651.790200,rgb/1341846651.790200.png,684,754,1,1,1,1,1
fr3_walking_rpy,113,1341846651.822233,rgb/1341846651.822233.png,680,755,1,1,1,1,1
fr3_walking_rpy,114,1341846651.858213,rgb/1341846651.858213.png,665,676,1,1,1,1,1
fr3_walking_rpy,115,1341846651.890237,rgb/1341846651.890237.png,612,681,1,1,1,1,1
fr3_walking_rpy,116,1341846651.922186,rgb/1341846651.922186.png,614,693,1,1,1,1,1
fr3_walking_rpy,117,1341846651.958047,rgb/1341846651.958047.png,631,727,1,1,1,1,1
fr3_walking_rpy,118,1341846651.990020,rgb/1341846651.990020.png,596,717,1,1,1,1,1
fr3_walking_rpy,119,1341846652.022081,rgb/1341846652.022081.png,629,699,1,1,1,1,1
fr3_walking_rpy,120,1341846652.058058,rgb/1341846652.058058.png,546,651,1,1,1,1,1
fr3_walking_rpy,121,1341846652.090106,rgb/1341846652.090106.png,586,710,1,1,1,1,1
fr3_walking_rpy,122,1341846652.126257,rgb/1341846652.126257.png,589,696,1,1,1,1,1
fr3_walking_rpy,123,1341846652.158232,rgb/1341846652.158232.png,660,735,1,1,1,1,1
fr3_walking_rpy,124,1341846652.190049,rgb/1341846652.190049.png,711,736,1,1,1,1,1
fr3_walking_rpy,125,1341846652.225981,rgb/1341846652.225981.png,653,788,1,1,1,1,1
fr3_walking_rpy,126,1341846652.258089,rgb/1341846652.258089.png,666,780,1,1,1,1,1
fr3_walking_rpy,127,1341846652.290189,rgb/1341846652.290189.png,737,831,1,1,1,1,1
fr3_walking_rpy,128,1341846652.326148,rgb/1341846652.326148.png,718,812,1,1,1,1,1
fr3_walking_rpy,129,1341846652.358184,rgb/1341846652.358184.png,750,786,1,1,1,1,1
fr3_walking_rpy,130,1341846652.394279,rgb/1341846652.394279.png,744,714,1,1,1,1,1
fr3_walking_rpy,131,1341846652.426287,rgb/1341846652.426287.png,755,734,1,1,1,1,1
fr3_walking_rpy,132,1341846652.458277,rgb/1341846652.458277.png,713,733,1,1,1,1,1
fr3_walking_rpy,133,1341846652.494100,rgb/1341846652.494100.png,742,764,1,1,1,1,1
fr3_walking_rpy,134,1341846652.526469,rgb/1341846652.526469.png,723,717,1,1,1,1,1
fr3_walking_rpy,135,1341846652.562089,rgb/1341846652.562089.png,744,739,1,1,1,1,1
fr3_walking_rpy,136,1341846652.594254,rgb/1341846652.594254.png,717,669,1,1,1,1,1
fr3_walking_rpy,137,1341846652.626356,rgb/1341846652.626356.png,744,739,1,1,1,1,1
fr3_walking_rpy,138,1341846652.662152,rgb/1341846652.662152.png,709,735,1,1,1,1,1
fr3_walking_rpy,139,1341846652.694113,rgb/1341846652.694113.png,0,614,1,0,0,0,0
fr3_walking_rpy,140,1341846652.726378,rgb/1341846652.726378.png,0,660,1,0,0,0,0
fr3_walking_rpy,141,1341846652.762129,rgb/1341846652.762129.png,0,725,1,0,0,0,0
fr3_walking_rpy,142,1341846652.794152,rgb/1341846652.794152.png,0,873,1,0,0,0,0
fr3_walking_rpy,143,1341846652.830250,rgb/1341846652.830250.png,0,1006,1,0,0,0,0
fr3_walking_rpy,144,1341846652.862014,rgb/1341846652.862014.png,0,910,1,0,0,0,0
fr3_walking_rpy,145,1341846652.894426,rgb/1341846652.894426.png,0,901,1,0,0,0,0
fr3_walking_rpy,146,1341846652.930346,rgb/1341846652.930346.png,0,765,1,0,0,0,0
fr3_walking_rpy,147,1341846652.962213,rgb/1341846652.962213.png,0,754,1,0,0,0,0
fr3_walking_rpy,148,1341846653.030292,rgb/1341846653.030292.png,0,805,1,0,0,0,0
fr3_walking_rpy,149,1341846653.062672,rgb/1341846653.062672.png,0,862,1,0,0,0,0
fr3_walking_rpy,150,1341846653.099024,rgb/1341846653.099024.png,0,1000,1,0,0,0,0
fr3_walking_rpy,151,1341846653.130475,rgb/1341846653.130475.png,0,888,1,0,0,0,0
fr3_walking_rpy,152,1341846653.162620,rgb/1341846653.162620.png,0,791,1,0,0,0,0
fr3_walking_rpy,153,1341846653.198437,rgb/1341846653.198437.png,0,818,1,0,0,0,0
fr3_walking_rpy,154,1341846653.230042,rgb/1341846653.230042.png,0,853,1,0,0,0,0
fr3_walking_rpy,155,1341846653.298380,rgb/1341846653.298380.png,0,805,1,0,0,0,0
fr3_walking_rpy,156,1341846653.330162,rgb/1341846653.330162.png,0,835,1,0,0,0,0
fr3_walking_rpy,157,1341846653.366319,rgb/1341846653.366319.png,0,858,1,0,0,0,0
fr3_walking_rpy,158,1341846653.398226,rgb/1341846653.398226.png,0,860,1,0,0,0,0
fr3_walking_rpy,159,1341846653.430060,rgb/1341846653.430060.png,0,786,1,0,0,0,0
fr3_walking_rpy,160,1341846653.466341,rgb/1341846653.466341.png,0,838,1,0,0,0,0
fr3_walking_rpy,161,1341846653.498194,rgb/1341846653.498194.png,0,820,1,0,0,0,0
fr3_walking_rpy,162,1341846653.530205,rgb/1341846653.530205.png,0,870,1,0,0,0,0
fr3_walking_rpy,163,1341846653.566601,rgb/1341846653.566601.png,0,872,1,0,0,0,0
fr3_walking_rpy,164,1341846653.598213,rgb/1341846653.598213.png,0,724,1,0,0,0,0
fr3_walking_rpy,165,1341846653.634793,rgb/1341846653.634793.png,0,789,1,0,0,0,0
fr3_walking_rpy,166,1341846653.666143,rgb/1341846653.666143.png,0,821,1,0,0,0,0
fr3_walking_rpy,167,1341846653.698738,rgb/1341846653.698738.png,0,791,1,0,0,0,0
fr3_walking_rpy,168,1341846653.734313,rgb/1341846653.734313.png,0,811,1,0,0,0,0
fr3_walking_rpy,169,1341846653.766275,rgb/1341846653.766275.png,0,748,1,0,0,0,0
fr3_walking_rpy,170,1341846653.802358,rgb/1341846653.802358.png,0,799,1,0,0,0,0
fr3_walking_rpy,171,1341846653.834226,rgb/1341846653.834226.png,0,841,1,0,0,0,0
fr3_walking_rpy,172,1341846653.866214,rgb/1341846653.866214.png,0,836,1,0,0,0,0
fr3_walking_rpy,173,1341846653.902170,rgb/1341846653.902170.png,0,870,1,0,0,0,0
fr3_walking_rpy,174,1341846653.934160,rgb/1341846653.934160.png,0,920,1,0,0,0,0
fr3_walking_rpy,175,1341846653.966155,rgb/1341846653.966155.png,0,933,1,0,0,0,0
fr3_walking_rpy,176,1341846654.002169,rgb/1341846654.002169.png,0,902,1,0,0,0,0
fr3_walking_rpy,177,1341846654.034140,rgb/1341846654.034140.png,0,947,1,0,0,0,0
fr3_walking_rpy,178,1341846654.070172,rgb/1341846654.070172.png,0,963,1,0,0,0,0
fr3_walking_rpy,179,1341846654.102438,rgb/1341846654.102438.png,0,933,1,0,0,0,0
fr3_walking_rpy,180,1341846654.134349,rgb/1341846654.134349.png,0,1018,1,0,0,0,0
fr3_walking_rpy,181,1341846654.170244,rgb/1341846654.170244.png,0,1023,1,0,0,0,0
fr3_walking_rpy,182,1341846654.202087,rgb/1341846654.202087.png,0,1108,1,0,0,0,0
fr3_walking_rpy,183,1341846654.234434,rgb/1341846654.234434.png,0,1109,1,0,0,0,0
fr3_walking_rpy,184,1341846654.270041,rgb/1341846654.270041.png,0,1159,1,0,0,0,0
fr3_walking_rpy,185,1341846654.302117,rgb/1341846654.302117.png,0,1262,1,0,0,0,0
fr3_walking_rpy,186,1341846654.338026,rgb/1341846654.338026.png,0,1292,1,0,0,0,0
fr3_walking_rpy,187,1341846654.369979,rgb/1341846654.369979.png,0,1351,1,0,0,0,0
fr3_walking_rpy,188,1341846654.402172,rgb/1341846654.402172.png,0,1297,1,0,0,0,0
fr3_walking_rpy,189,1341846654.438133,rgb/1341846654.438133.png,0,1389,1,0,0,0,0
fr3_walking_rpy,190,1341846654.470186,rgb/1341846654.470186.png,0,1415,1,0,0,0,0
fr3_walking_rpy,191,1341846654.502267,rgb/1341846654.502267.png,0,1460,1,0,0,0,0
fr3_walking_rpy,192,1341846654.539064,rgb/1341846654.539064.png,0,1388,1,0,0,0,0
fr3_walking_rpy,193,1341846654.570053,rgb/1341846654.570053.png,0,1509,1,0,0,0,0
fr3_walking_rpy,194,1341846654.606030,rgb/1341846654.606030.png,0,1532,1,0,0,0,0
fr3_walking_rpy,195,1341846654.637980,rgb/1341846654.637980.png,577,1434,1,1,1,1,1
fr3_walking_rpy,196,1341846654.670155,rgb/1341846654.670155.png,502,1633,1,1,1,1,1
fr3_walking_rpy,197,1341846654.706022,rgb/1341846654.706022.png,756,1751,1,1,1,1,1
fr3_walking_rpy,198,1341846654.738497,rgb/1341846654.738497.png,776,1584,1,1,1,1,1
fr3_walking_rpy,199,1341846654.774056,rgb/1341846654.774056.png,766,1595,1,1,1,1,1
fr3_walking_rpy,200,1341846654.806040,rgb/1341846654.806040.png,761,1574,1,1,1,1,1
fr3_walking_rpy,201,1341846654.838060,rgb/1341846654.838060.png,806,1642,1,1,1,1,1
fr3_walking_rpy,202,1341846654.874136,rgb/1341846654.874136.png,858,1563,1,1,1,1,1
fr3_walking_rpy,203,1341846654.906209,rgb/1341846654.906209.png,909,1481,1,1,1,1,1
fr3_walking_rpy,204,1341846654.938214,rgb/1341846654.938214.png,941,1439,1,1,1,1,1
fr3_walking_rpy,205,1341846654.974334,rgb/1341846654.974334.png,980,1377,1,1,1,1,1
fr3_walking_rpy,206,1341846655.006124,rgb/1341846655.006124.png,1007,1577,1,1,1,1,1
fr3_walking_rpy,207,1341846655.042239,rgb/1341846655.042239.png,1035,1493,1,1,1,1,1
fr3_walking_rpy,208,1341846655.074179,rgb/1341846655.074179.png,1073,1554,1,1,1,1,1
fr3_walking_rpy,209,1341846655.106132,rgb/1341846655.106132.png,1102,1488,1,1,1,1,1
fr3_walking_rpy,210,1341846655.142070,rgb/1341846655.142070.png,1042,1541,1,1,1,1,1
fr3_walking_rpy,211,1341846655.174000,rgb/1341846655.174000.png,252,1437,1,1,1,1,1
fr3_walking_rpy,212,1341846655.206124,rgb/1341846655.206124.png,117,1365,1,1,1,1,1
fr3_walking_rpy,213,1341846655.242079,rgb/1341846655.242079.png,0,1483,1,0,0,0,0
fr3_walking_rpy,214,1341846655.274211,rgb/1341846655.274211.png,725,1356,1,1,1,1,1
fr3_walking_rpy,215,1341846655.310175,rgb/1341846655.310175.png,0,1342,1,0,0,0,0
fr3_walking_rpy,216,1341846655.342236,rgb/1341846655.342236.png,685,1451,1,1,1,1,1
fr3_walking_rpy,217,1341846655.374134,rgb/1341846655.374134.png,0,1457,1,0,0,0,0
fr3_walking_rpy,218,1341846655.410207,rgb/1341846655.410207.png,0,1459,1,0,0,0,0
fr3_walking_rpy,219,1341846655.442262,rgb/1341846655.442262.png,0,1272,1,0,0,0,0
fr3_walking_rpy,220,1341846655.474205,rgb/1341846655.474205.png,669,1304,1,1,1,1,1
fr3_walking_rpy,221,1341846655.510277,rgb/1341846655.510277.png,666,1339,1,1,1,1,1
fr3_walking_rpy,222,1341846655.542135,rgb/1341846655.542135.png,846,1266,1,1,1,1,1
fr3_walking_rpy,223,1341846655.578132,rgb/1341846655.578132.png,871,1202,1,1,1,1,1
fr3_walking_rpy,224,1341846655.642348,rgb/1341846655.642348.png,862,1158,1,1,1,1,1
fr3_walking_rpy,225,1341846655.678110,rgb/1341846655.678110.png,886,1211,1,1,1,1,1
fr3_walking_rpy,226,1341846655.710074,rgb/1341846655.710074.png,903,1261,1,1,1,1,1
fr3_walking_rpy,227,1341846655.748050,rgb/1341846655.748050.png,911,1189,1,1,1,1,1
fr3_walking_rpy,228,1341846655.810222,rgb/1341846655.810222.png,931,1187,1,1,1,1,1
fr3_walking_rpy,229,1341846655.846257,rgb/1341846655.846257.png,0,1208,1,0,0,0,0
fr3_walking_rpy,230,1341846655.910355,rgb/1341846655.910355.png,0,986,1,0,0,0,0
fr3_walking_rpy,231,1341846655.946240,rgb/1341846655.946240.png,0,1146,1,0,0,0,0
fr3_walking_rpy,232,1341846655.978412,rgb/1341846655.978412.png,0,1139,1,0,0,0,0
fr3_walking_rpy,233,1341846656.014188,rgb/1341846656.014188.png,0,1245,1,0,0,0,0
fr3_walking_rpy,234,1341846656.046211,rgb/1341846656.046211.png,0,1107,1,0,0,0,0
fr3_walking_rpy,235,1341846656.078165,rgb/1341846656.078165.png,0,1114,1,0,0,0,0
fr3_walking_rpy,236,1341846656.114220,rgb/1341846656.114220.png,0,1107,1,0,0,0,0
fr3_walking_rpy,237,1341846656.146158,rgb/1341846656.146158.png,0,1126,1,0,0,0,0
fr3_walking_rpy,238,1341846656.178154,rgb/1341846656.178154.png,0,1080,1,0,0,0,0
fr3_walking_rpy,239,1341846656.214132,rgb/1341846656.214132.png,0,1067,1,0,0,0,0
fr3_walking_rpy,240,1341846656.246093,rgb/1341846656.246093.png,0,1035,1,0,0,0,0
fr3_walking_rpy,241,1341846656.282181,rgb/1341846656.282181.png,0,1051,1,0,0,0,0
fr3_walking_rpy,242,1341846656.314258,rgb/1341846656.314258.png,0,1232,1,0,0,0,0
fr3_walking_rpy,243,1341846656.346094,rgb/1341846656.346094.png,0,1291,1,0,0,0,0
fr3_walking_rpy,244,1341846656.382222,rgb/1341846656.382222.png,0,1264,1,0,0,0,0
fr3_walking_rpy,245,1341846656.414253,rgb/1341846656.414253.png,0,1222,1,0,0,0,0
fr3_walking_rpy,246,1341846656.446177,rgb/1341846656.446177.png,0,1170,1,0,0,0,0
fr3_walking_rpy,247,1341846656.482260,rgb/1341846656.482260.png,0,1190,1,0,0,0,0
fr3_walking_rpy,248,1341846656.519461,rgb/1341846656.519461.png,0,1274,1,0,0,0,0
fr3_walking_rpy,249,1341846656.582247,rgb/1341846656.582247.png,0,1256,1,0,0,0,0
fr3_walking_rpy,250,1341846656.614195,rgb/1341846656.614195.png,0,1259,1,0,0,0,0
fr3_walking_rpy,251,1341846656.649995,rgb/1341846656.649995.png,0,1261,1,0,0,0,0
fr3_walking_rpy,252,1341846656.682076,rgb/1341846656.682076.png,0,1247,1,0,0,0,0
fr3_walking_rpy,253,1341846656.714216,rgb/1341846656.714216.png,0,1219,1,0,0,0,0
fr3_walking_rpy,254,1341846656.749974,rgb/1341846656.749974.png,0,1155,1,0,0,0,0
fr3_walking_rpy,255,1341846656.782653,rgb/1341846656.782653.png,0,1153,1,0,0,0,0
fr3_walking_rpy,256,1341846656.824388,rgb/1341846656.824388.png,0,1164,1,0,0,0,0
fr3_walking_rpy,257,1341846656.856226,rgb/1341846656.856226.png,0,1280,1,0,0,0,0
fr3_walking_rpy,258,1341846656.892050,rgb/1341846656.892050.png,0,1276,1,0,0,0,0
fr3_walking_rpy,259,1341846656.924099,rgb/1341846656.924099.png,0,1310,1,0,0,0,0
fr3_walking_rpy,260,1341846656.956112,rgb/1341846656.956112.png,0,1334,1,0,0,0,0
fr3_walking_rpy,261,1341846656.992122,rgb/1341846656.992122.png,0,1148,1,0,0,0,0
fr3_walking_rpy,262,1341846657.024108,rgb/1341846657.024108.png,0,1350,1,0,0,0,0
fr3_walking_rpy,263,1341846657.056121,rgb/1341846657.056121.png,0,1348,1,0,0,0,0
fr3_walking_rpy,264,1341846657.092006,rgb/1341846657.092006.png,0,1409,1,0,0,0,0
fr3_walking_rpy,265,1341846657.124027,rgb/1341846657.124027.png,0,1503,1,0,0,0,0
fr3_walking_rpy,266,1341846657.155973,rgb/1341846657.155973.png,0,1666,1,0,0,0,0
fr3_walking_rpy,267,1341846657.192094,rgb/1341846657.192094.png,0,1982,1,0,0,0,0
fr3_walking_rpy,268,1341846657.224195,rgb/1341846657.224195.png,0,1864,1,0,0,0,0
fr3_walking_rpy,269,1341846657.292164,rgb/1341846657.292164.png,0,2184,1,0,0,0,0
fr3_walking_rpy,270,1341846657.354367,rgb/1341846657.354367.png,0,2032,1,0,0,0,0
fr3_walking_rpy,271,1341846657.386193,rgb/1341846657.386193.png,0,1767,1,0,0,0,0
fr3_walking_rpy,272,1341846657.418105,rgb/1341846657.418105.png,0,1990,1,0,0,0,0
fr3_walking_rpy,273,1341846657.454277,rgb/1341846657.454277.png,0,1835,1,0,0,0,0
fr3_walking_rpy,274,1341846657.486117,rgb/1341846657.486117.png,0,1797,1,0,0,0,0
fr3_walking_rpy,275,1341846657.522092,rgb/1341846657.522092.png,0,1945,1,0,0,0,0
fr3_walking_rpy,276,1341846657.554062,rgb/1341846657.554062.png,0,1839,1,0,0,0,0
fr3_walking_rpy,277,1341846657.586078,rgb/1341846657.586078.png,0,2330,1,0,0,0,0
fr3_walking_rpy,278,1341846657.622205,rgb/1341846657.622205.png,0,2124,1,0,0,0,0
fr3_walking_rpy,279,1341846657.654161,rgb/1341846657.654161.png,0,2159,1,0,0,0,0
fr3_walking_rpy,280,1341846657.686517,rgb/1341846657.686517.png,0,2093,1,0,0,0,0
fr3_walking_rpy,281,1341846657.722061,rgb/1341846657.722061.png,0,0,1,0,0,0,0
fr3_walking_rpy,282,1341846657.754104,rgb/1341846657.754104.png,0,0,1,0,0,0,0
fr3_walking_rpy,283,1341846657.790066,rgb/1341846657.790066.png,0,0,1,0,0,0,0
fr3_walking_rpy,284,1341846657.822089,rgb/1341846657.822089.png,0,0,1,0,0,0,0
fr3_walking_rpy,285,1341846657.853972,rgb/1341846657.853972.png,0,0,1,0,0,0,0
fr3_walking_rpy,286,1341846657.889993,rgb/1341846657.889993.png,0,0,1,0,0,0,0
fr3_walking_rpy,287,1341846657.922046,rgb/1341846657.922046.png,0,0,1,0,0,0,0
fr3_walking_rpy,288,1341846657.954192,rgb/1341846657.954192.png,0,0,1,0,0,0,0
fr3_walking_rpy,289,1341846657.990141,rgb/1341846657.990141.png,0,0,1,0,0,0,0
fr3_walking_rpy,290,1341846658.022419,rgb/1341846658.022419.png,0,0,1,0,0,0,0
fr3_walking_rpy,291,1341846658.090215,rgb/1341846658.090215.png,0,0,1,0,0,0,0
fr3_walking_rpy,292,1341846658.122355,rgb/1341846658.122355.png,0,0,1,0,0,0,0
fr3_walking_rpy,293,1341846658.158136,rgb/1341846658.158136.png,0,0,1,0,0,0,0
fr3_walking_rpy,294,1341846658.190098,rgb/1341846658.190098.png,0,0,1,0,0,0,0
fr3_walking_rpy,295,1341846658.226027,rgb/1341846658.226027.png,0,0,1,0,0,0,0
fr3_walking_rpy,296,1341846658.258133,rgb/1341846658.258133.png,0,0,1,0,0,0,0
fr3_walking_rpy,297,1341846658.290020,rgb/1341846658.290020.png,0,0,1,0,0,0,0
fr3_walking_rpy,298,1341846658.326239,rgb/1341846658.326239.png,0,0,1,0,0,0,0
fr3_walking_rpy,299,1341846658.358248,rgb/1341846658.358248.png,0,0,1,0,0,0,0
fr3_walking_rpy,300,1341846658.390215,rgb/1341846658.390215.png,810,0,1,0,0,0,0
fr3_walking_rpy,301,1341846658.426300,rgb/1341846658.426300.png,800,0,1,0,0,0,0
fr3_walking_rpy,302,1341846658.458168,rgb/1341846658.458168.png,1006,0,1,0,0,0,0
fr3_walking_rpy,303,1341846658.494176,rgb/1341846658.494176.png,1082,0,1,0,0,0,0
fr3_walking_rpy,304,1341846658.526214,rgb/1341846658.526214.png,1125,0,1,0,0,0,0
fr3_walking_rpy,305,1341846658.558129,rgb/1341846658.558129.png,1117,0,1,0,0,0,0
fr3_walking_rpy,306,1341846658.594206,rgb/1341846658.594206.png,1241,0,1,0,0,0,0
fr3_walking_rpy,307,1341846658.626105,rgb/1341846658.626105.png,0,0,1,0,0,0,0
fr3_walking_rpy,308,1341846658.658181,rgb/1341846658.658181.png,0,0,1,0,0,0,0
fr3_walking_rpy,309,1341846658.694141,rgb/1341846658.694141.png,0,0,1,0,0,0,0
fr3_walking_rpy,310,1341846658.726153,rgb/1341846658.726153.png,0,0,1,0,0,0,0
fr3_walking_rpy,311,1341846658.762100,rgb/1341846658.762100.png,0,0,1,0,0,0,0
fr3_walking_rpy,312,1341846658.794185,rgb/1341846658.794185.png,0,0,1,0,0,0,0
fr3_walking_rpy,313,1341846658.826155,rgb/1341846658.826155.png,0,0,1,0,0,0,0
fr3_walking_rpy,314,1341846658.862197,rgb/1341846658.862197.png,0,0,1,0,0,0,0
fr3_walking_rpy,315,1341846658.894170,rgb/1341846658.894170.png,0,0,1,0,0,0,0
fr3_walking_rpy,316,1341846658.962404,rgb/1341846658.962404.png,0,0,1,0,0,0,0
fr3_walking_rpy,317,1341846658.994217,rgb/1341846658.994217.png,0,0,1,0,0,0,0
fr3_walking_rpy,318,1341846659.030070,rgb/1341846659.030070.png,0,0,1,0,0,0,0
fr3_walking_rpy,319,1341846659.062007,rgb/1341846659.062007.png,0,0,1,0,0,0,0
fr3_walking_rpy,320,1341846659.094100,rgb/1341846659.094100.png,0,0,1,0,0,0,0
fr3_walking_rpy,321,1341846659.130368,rgb/1341846659.130368.png,0,0,1,0,0,0,0
fr3_walking_rpy,322,1341846659.162537,rgb/1341846659.162537.png,0,0,1,0,0,0,0
fr3_walking_rpy,323,1341846659.198696,rgb/1341846659.198696.png,0,0,1,0,0,0,0
fr3_walking_rpy,324,1341846659.231286,rgb/1341846659.231286.png,0,0,1,0,0,0,0
fr3_walking_rpy,325,1341846659.263549,rgb/1341846659.263549.png,0,0,1,0,0,0,0
fr3_walking_rpy,326,1341846659.298797,rgb/1341846659.298797.png,0,0,1,0,0,0,0
fr3_walking_rpy,327,1341846659.331074,rgb/1341846659.331074.png,0,0,1,0,0,0,0
fr3_walking_rpy,328,1341846659.362420,rgb/1341846659.362420.png,0,0,1,0,0,0,0
fr3_walking_rpy,329,1341846659.398303,rgb/1341846659.398303.png,0,0,1,0,0,0,0
fr3_walking_rpy,330,1341846659.430262,rgb/1341846659.430262.png,0,0,1,0,0,0,0
fr3_walking_rpy,331,1341846659.466583,rgb/1341846659.466583.png,0,123,1,0,0,0,0
fr3_walking_rpy,332,1341846659.498531,rgb/1341846659.498531.png,0,0,1,0,0,0,0
fr3_walking_rpy,333,1341846659.530267,rgb/1341846659.530267.png,0,0,1,0,0,0,0
fr3_walking_rpy,334,1341846659.566571,rgb/1341846659.566571.png,0,0,1,0,0,0,0
fr3_walking_rpy,335,1341846659.598122,rgb/1341846659.598122.png,0,0,1,0,0,0,0
fr3_walking_rpy,336,1341846659.630209,rgb/1341846659.630209.png,0,0,1,0,0,0,0
fr3_walking_rpy,337,1341846659.666409,rgb/1341846659.666409.png,0,0,1,0,0,0,0
fr3_walking_rpy,338,1341846659.698237,rgb/1341846659.698237.png,0,0,1,0,0,0,0
fr3_walking_rpy,339,1341846659.734169,rgb/1341846659.734169.png,0,0,1,0,0,0,0
fr3_walking_rpy,340,1341846659.766421,rgb/1341846659.766421.png,0,0,1,0,0,0,0
fr3_walking_rpy,341,1341846659.798087,rgb/1341846659.798087.png,0,0,1,0,0,0,0
fr3_walking_rpy,342,1341846659.834075,rgb/1341846659.834075.png,0,0,1,0,0,0,0
fr3_walking_rpy,343,1341846659.866481,rgb/1341846659.866481.png,0,0,1,0,0,0,0
fr3_walking_rpy,344,1341846659.898128,rgb/1341846659.898128.png,0,0,1,0,0,0,0
fr3_walking_rpy,345,1341846659.934286,rgb/1341846659.934286.png,0,0,1,0,0,0,0
fr3_walking_rpy,346,1341846659.966354,rgb/1341846659.966354.png,0,0,1,0,0,0,0
fr3_walking_rpy,347,1341846660.002267,rgb/1341846660.002267.png,0,0,1,0,0,0,0
fr3_walking_rpy,348,1341846660.034581,rgb/1341846660.034581.png,46,0,1,0,0,0,0
fr3_walking_rpy,349,1341846660.066206,rgb/1341846660.066206.png,0,0,1,0,0,0,0
fr3_walking_rpy,350,1341846660.102245,rgb/1341846660.102245.png,856,1146,1,1,1,1,1
fr3_walking_rpy,351,1341846660.140244,rgb/1341846660.140244.png,0,1009,1,0,0,0,0
fr3_walking_rpy,352,1341846660.202316,rgb/1341846660.202316.png,0,1837,1,0,0,0,0
fr3_walking_rpy,353,1341846660.234105,rgb/1341846660.234105.png,87,1993,1,1,1,1,1
fr3_walking_rpy,354,1341846660.270168,rgb/1341846660.270168.png,0,1973,1,0,0,0,0
fr3_walking_rpy,355,1341846660.302258,rgb/1341846660.302258.png,0,2002,1,0,0,0,0
fr3_walking_rpy,356,1341846660.334349,rgb/1341846660.334349.png,906,2053,1,1,1,1,1
fr3_walking_rpy,357,1341846660.370214,rgb/1341846660.370214.png,0,2015,1,0,0,0,0
fr3_walking_rpy,358,1341846660.401986,rgb/1341846660.401986.png,73,1962,1,1,1,1,1
fr3_walking_rpy,359,1341846660.438062,rgb/1341846660.438062.png,903,2010,1,1,1,1,1
fr3_walking_rpy,360,1341846660.470191,rgb/1341846660.470191.png,895,2027,1,1,1,1,1
fr3_walking_rpy,361,1341846660.502233,rgb/1341846660.502233.png,1283,1868,1,1,1,1,1
fr3_walking_rpy,362,1341846660.537985,rgb/1341846660.537985.png,1357,1937,1,1,1,1,1
fr3_walking_rpy,363,1341846660.570279,rgb/1341846660.570279.png,1308,1933,1,1,1,1,1
fr3_walking_rpy,364,1341846660.602130,rgb/1341846660.602130.png,1303,1897,1,1,1,1,1
fr3_walking_rpy,365,1341846660.638256,rgb/1341846660.638256.png,1335,1913,1,1,1,1,1
fr3_walking_rpy,366,1341846660.670338,rgb/1341846660.670338.png,1333,1988,1,1,1,1,1
fr3_walking_rpy,367,1341846660.706457,rgb/1341846660.706457.png,1286,1994,1,1,1,1,1
fr3_walking_rpy,368,1341846660.738241,rgb/1341846660.738241.png,1324,2043,1,1,1,1,1
fr3_walking_rpy,369,1341846660.770121,rgb/1341846660.770121.png,1335,1998,1,1,1,1,1
fr3_walking_rpy,370,1341846660.806117,rgb/1341846660.806117.png,1275,1993,1,1,1,1,1
fr3_walking_rpy,371,1341846660.838338,rgb/1341846660.838338.png,1283,2084,1,1,1,1,1
fr3_walking_rpy,372,1341846660.870203,rgb/1341846660.870203.png,1251,2030,1,1,1,1,1
fr3_walking_rpy,373,1341846660.906366,rgb/1341846660.906366.png,1197,2000,1,1,1,1,1
fr3_walking_rpy,374,1341846660.938063,rgb/1341846660.938063.png,1226,2059,1,1,1,1,1
fr3_walking_rpy,375,1341846660.974147,rgb/1341846660.974147.png,1188,2017,1,1,1,1,1
fr3_walking_rpy,376,1341846661.006234,rgb/1341846661.006234.png,1129,1985,1,1,1,1,1
fr3_walking_rpy,377,1341846661.038225,rgb/1341846661.038225.png,1108,2006,1,1,1,1,1
fr3_walking_rpy,378,1341846661.074059,rgb/1341846661.074059.png,1038,1888,1,1,1,1,1
fr3_walking_rpy,379,1341846661.106184,rgb/1341846661.106184.png,1044,1910,1,1,1,1,1
fr3_walking_rpy,380,1341846661.138209,rgb/1341846661.138209.png,1010,1882,1,1,1,1,1
fr3_walking_rpy,381,1341846661.174244,rgb/1341846661.174244.png,967,1774,1,1,1,1,1
fr3_walking_rpy,382,1341846661.206205,rgb/1341846661.206205.png,939,1825,1,1,1,1,1
fr3_walking_rpy,383,1341846661.242184,rgb/1341846661.242184.png,977,1862,1,1,1,1,1
fr3_walking_rpy,384,1341846661.274177,rgb/1341846661.274177.png,961,1865,1,1,1,1,1
fr3_walking_rpy,385,1341846661.308814,rgb/1341846661.308814.png,932,1873,1,1,1,1,1
fr3_walking_rpy,386,1341846661.342489,rgb/1341846661.342489.png,958,1900,1,1,1,1,1
fr3_walking_rpy,387,1341846661.374640,rgb/1341846661.374640.png,982,1871,1,1,1,1,1
fr3_walking_rpy,388,1341846661.410178,rgb/1341846661.410178.png,972,1825,1,1,1,1,1
fr3_walking_rpy,389,1341846661.442211,rgb/1341846661.442211.png,1005,1933,1,1,1,1,1
fr3_walking_rpy,390,1341846661.474354,rgb/1341846661.474354.png,1065,1975,1,1,1,1,1
fr3_walking_rpy,391,1341846661.510169,rgb/1341846661.510169.png,1048,1923,1,1,1,1,1
fr3_walking_rpy,392,1341846661.542767,rgb/1341846661.542767.png,880,1907,1,1,1,1,1
fr3_walking_rpy,393,1341846661.574217,rgb/1341846661.574217.png,1149,2049,1,1,1,1,1
fr3_walking_rpy,394,1341846661.610041,rgb/1341846661.610041.png,1102,2201,1,1,1,1,1
fr3_walking_rpy,395,1341846661.642253,rgb/1341846661.642253.png,1190,2201,1,1,1,1,1
fr3_walking_rpy,396,1341846661.678078,rgb/1341846661.678078.png,1212,2199,1,1,1,1,1
fr3_walking_rpy,397,1341846661.710142,rgb/1341846661.710142.png,996,1905,1,1,1,1,1
fr3_walking_rpy,398,1341846661.742341,rgb/1341846661.742341.png,1249,2084,1,1,1,1,1
fr3_walking_rpy,399,1341846661.778063,rgb/1341846661.778063.png,1266,1996,1,1,1,1,1
fr3_walking_rpy,400,1341846661.810103,rgb/1341846661.810103.png,1430,2174,1,1,1,1,1
fr3_walking_rpy,401,1341846661.842216,rgb/1341846661.842216.png,1398,2098,1,1,1,1,1
fr3_walking_rpy,402,1341846661.878157,rgb/1341846661.878157.png,1099,1910,1,1,1,1,1
fr3_walking_rpy,403,1341846661.910222,rgb/1341846661.910222.png,1334,1817,1,1,1,1,1
fr3_walking_rpy,404,1341846661.946090,rgb/1341846661.946090.png,1040,1945,1,1,1,1,1
fr3_walking_rpy,405,1341846662.010311,rgb/1341846662.010311.png,937,1609,1,1,1,1,1
fr3_walking_rpy,406,1341846662.046195,rgb/1341846662.046195.png,1054,1667,1,1,1,1,1
fr3_walking_rpy,407,1341846662.078099,rgb/1341846662.078099.png,1020,1574,1,1,1,1,1
fr3_walking_rpy,408,1341846662.110672,rgb/1341846662.110672.png,930,1508,1,1,1,1,1
fr3_walking_rpy,409,1341846662.146166,rgb/1341846662.146166.png,1010,1457,1,1,1,1,1
fr3_walking_rpy,410,1341846662.178168,rgb/1341846662.178168.png,1015,1424,1,1,1,1,1
fr3_walking_rpy,411,1341846662.214136,rgb/1341846662.214136.png,961,1282,1,1,1,1,1
fr3_walking_rpy,412,1341846662.246167,rgb/1341846662.246167.png,996,1349,1,1,1,1,1
fr3_walking_rpy,413,1341846662.278007,rgb/1341846662.278007.png,964,1311,1,1,1,1,1
fr3_walking_rpy,414,1341846662.314144,rgb/1341846662.314144.png,909,1249,1,1,1,1,1
fr3_walking_rpy,415,1341846662.346164,rgb/1341846662.346164.png,920,1314,1,1,1,1,1
fr3_walking_rpy,416,1341846662.378069,rgb/1341846662.378069.png,950,1218,1,1,1,1,1
fr3_walking_rpy,417,1341846662.414229,rgb/1341846662.414229.png,901,1167,1,1,1,1,1
fr3_walking_rpy,418,1341846662.446102,rgb/1341846662.446102.png,910,1133,1,1,1,1,1
fr3_walking_rpy,419,1341846662.482229,rgb/1341846662.482229.png,862,1124,1,1,1,1,1
fr3_walking_rpy,420,1341846662.514117,rgb/1341846662.514117.png,891,1172,1,1,1,1,1
fr3_walking_rpy,421,1341846662.546261,rgb/1341846662.546261.png,881,1043,1,1,1,1,1
fr3_walking_rpy,422,1341846662.582101,rgb/1341846662.582101.png,866,1078,1,1,1,1,1
fr3_walking_rpy,423,1341846662.620264,rgb/1341846662.620264.png,828,1045,1,1,1,1,1
fr3_walking_rpy,424,1341846662.682024,rgb/1341846662.682024.png,829,1028,1,1,1,1,1
fr3_walking_rpy,425,1341846662.714075,rgb/1341846662.714075.png,892,1084,1,1,1,1,1
fr3_walking_rpy,426,1341846662.750127,rgb/1341846662.750127.png,857,1000,1,1,1,1,1
fr3_walking_rpy,427,1341846662.782002,rgb/1341846662.782002.png,770,1073,1,1,1,1,1
fr3_walking_rpy,428,1341846662.814097,rgb/1341846662.814097.png,676,1085,1,1,1,1,1
fr3_walking_rpy,429,1341846662.850193,rgb/1341846662.850193.png,744,1087,1,1,1,1,1
fr3_walking_rpy,430,1341846662.882162,rgb/1341846662.882162.png,735,1079,1,1,1,1,1
fr3_walking_rpy,431,1341846662.918191,rgb/1341846662.918191.png,726,742,1,1,1,1,1
fr3_walking_rpy,432,1341846662.956034,rgb/1341846662.956034.png,742,757,1,1,1,1,1
fr3_walking_rpy,433,1341846663.018208,rgb/1341846663.018208.png,733,746,1,1,1,1,1
fr3_walking_rpy,434,1341846663.049994,rgb/1341846663.049994.png,770,707,1,1,1,1,1
fr3_walking_rpy,435,1341846663.118078,rgb/1341846663.118078.png,719,713,1,1,1,1,1
fr3_walking_rpy,436,1341846663.150227,rgb/1341846663.150227.png,737,712,1,1,1,1,1
fr3_walking_rpy,437,1341846663.186300,rgb/1341846663.186300.png,712,719,1,1,1,1,1
fr3_walking_rpy,438,1341846663.218442,rgb/1341846663.218442.png,767,729,1,1,1,1,1
fr3_walking_rpy,439,1341846663.250380,rgb/1341846663.250380.png,791,729,1,1,1,1,1
fr3_walking_rpy,440,1341846663.286056,rgb/1341846663.286056.png,792,729,1,1,1,1,1
fr3_walking_rpy,441,1341846663.318060,rgb/1341846663.318060.png,780,797,1,1,1,1,1
fr3_walking_rpy,442,1341846663.350114,rgb/1341846663.350114.png,866,835,1,1,1,1,1
fr3_walking_rpy,443,1341846663.385985,rgb/1341846663.385985.png,863,838,1,1,1,1,1
fr3_walking_rpy,444,1341846663.418056,rgb/1341846663.418056.png,865,789,1,1,1,1,1
fr3_walking_rpy,445,1341846663.454044,rgb/1341846663.454044.png,876,857,1,1,1,1,1
fr3_walking_rpy,446,1341846663.486091,rgb/1341846663.486091.png,910,879,1,1,1,1,1
fr3_walking_rpy,447,1341846663.518394,rgb/1341846663.518394.png,919,885,1,1,1,1,1
fr3_walking_rpy,448,1341846663.554251,rgb/1341846663.554251.png,919,892,1,1,1,1,1
fr3_walking_rpy,449,1341846663.586143,rgb/1341846663.586143.png,937,830,1,1,1,1,1
fr3_walking_rpy,450,1341846663.622145,rgb/1341846663.622145.png,958,875,1,1,1,1,1
fr3_walking_rpy,451,1341846663.654099,rgb/1341846663.654099.png,980,916,1,1,1,1,1
fr3_walking_rpy,452,1341846663.686099,rgb/1341846663.686099.png,988,922,1,1,1,1,1
fr3_walking_rpy,453,1341846663.722109,rgb/1341846663.722109.png,992,960,1,1,1,1,1
fr3_walking_rpy,454,1341846663.755694,rgb/1341846663.755694.png,1097,1237,1,1,1,1,1
fr3_walking_rpy,455,1341846663.786304,rgb/1341846663.786304.png,1123,1313,1,1,1,1,1
fr3_walking_rpy,456,1341846663.822090,rgb/1341846663.822090.png,1206,1350,1,1,1,1,1
fr3_walking_rpy,457,1341846663.854115,rgb/1341846663.854115.png,1242,1473,1,1,1,1,1
fr3_walking_rpy,458,1341846663.890140,rgb/1341846663.890140.png,1266,1550,1,1,1,1,1
fr3_walking_rpy,459,1341846663.921987,rgb/1341846663.921987.png,1222,1323,1,1,1,1,1
fr3_walking_rpy,460,1341846663.954282,rgb/1341846663.954282.png,1348,1415,1,1,1,1,1
fr3_walking_rpy,461,1341846663.990370,rgb/1341846663.990370.png,1449,1586,1,1,1,1,1
fr3_walking_rpy,462,1341846664.022124,rgb/1341846664.022124.png,1227,1358,1,1,1,1,1
fr3_walking_rpy,463,1341846664.054171,rgb/1341846664.054171.png,1634,1880,1,1,1,1,1
fr3_walking_rpy,464,1341846664.090250,rgb/1341846664.090250.png,1526,1982,1,1,1,1,1
fr3_walking_rpy,465,1341846664.122237,rgb/1341846664.122237.png,1664,2061,1,1,1,1,1
fr3_walking_rpy,466,1341846664.158241,rgb/1341846664.158241.png,1464,2149,1,1,1,1,1
fr3_walking_rpy,467,1341846664.190141,rgb/1341846664.190141.png,1516,1874,1,1,1,1,1
fr3_walking_rpy,468,1341846664.222189,rgb/1341846664.222189.png,1569,1778,1,1,1,1,1
fr3_walking_rpy,469,1341846664.258172,rgb/1341846664.258172.png,1699,1983,1,1,1,1,1
fr3_walking_rpy,470,1341846664.290022,rgb/1341846664.290022.png,1687,1998,1,1,1,1,1
fr3_walking_rpy,471,1341846664.322491,rgb/1341846664.322491.png,1721,1912,1,1,1,1,1
fr3_walking_rpy,472,1341846664.358302,rgb/1341846664.358302.png,1722,2016,1,1,1,1,1
fr3_walking_rpy,473,1341846664.390101,rgb/1341846664.390101.png,1745,1977,1,1,1,1,1
fr3_walking_rpy,474,1341846664.426143,rgb/1341846664.426143.png,1717,1912,1,1,1,1,1
fr3_walking_rpy,475,1341846664.458304,rgb/1341846664.458304.png,1756,1915,1,1,1,1,1
fr3_walking_rpy,476,1341846664.490116,rgb/1341846664.490116.png,1708,1690,1,1,1,1,1
fr3_walking_rpy,477,1341846664.526173,rgb/1341846664.526173.png,1746,1876,1,1,1,1,1
fr3_walking_rpy,478,1341846664.558129,rgb/1341846664.558129.png,1760,1897,1,1,1,1,1
fr3_walking_rpy,479,1341846664.590129,rgb/1341846664.590129.png,1755,1850,1,1,1,1,1
fr3_walking_rpy,480,1341846664.626196,rgb/1341846664.626196.png,1828,1847,1,1,1,1,1
fr3_walking_rpy,481,1341846664.658276,rgb/1341846664.658276.png,1831,1997,1,1,1,1,1
fr3_walking_rpy,482,1341846664.694136,rgb/1341846664.694136.png,1737,1926,1,1,1,1,1
fr3_walking_rpy,483,1341846664.726667,rgb/1341846664.726667.png,2028,1939,1,1,1,1,1
fr3_walking_rpy,484,1341846664.758141,rgb/1341846664.758141.png,1939,1857,1,1,1,1,1
fr3_walking_rpy,485,1341846664.794104,rgb/1341846664.794104.png,1929,1730,1,1,1,1,1
fr3_walking_rpy,486,1341846664.826123,rgb/1341846664.826123.png,1972,1698,1,1,1,1,1
fr3_walking_rpy,487,1341846664.862093,rgb/1341846664.862093.png,1967,1860,1,1,1,1,1
fr3_walking_rpy,488,1341846664.894198,rgb/1341846664.894198.png,2010,2039,1,1,1,1,1
fr3_walking_rpy,489,1341846664.926270,rgb/1341846664.926270.png,1939,1808,1,1,1,1,1
fr3_walking_rpy,490,1341846664.962375,rgb/1341846664.962375.png,1971,1845,1,1,1,1,1
fr3_walking_rpy,491,1341846664.997077,rgb/1341846664.997077.png,1843,1845,1,1,1,1,1
fr3_walking_rpy,492,1341846665.026380,rgb/1341846665.026380.png,1902,1816,1,1,1,1,1
fr3_walking_rpy,493,1341846665.062417,rgb/1341846665.062417.png,1940,1830,1,1,1,1,1
fr3_walking_rpy,494,1341846665.094077,rgb/1341846665.094077.png,1846,1653,1,1,1,1,1
fr3_walking_rpy,495,1341846665.130160,rgb/1341846665.130160.png,1891,1775,1,1,1,1,1
fr3_walking_rpy,496,1341846665.162114,rgb/1341846665.162114.png,1860,1690,1,1,1,1,1
fr3_walking_rpy,497,1341846665.194100,rgb/1341846665.194100.png,1913,1737,1,1,1,1,1
fr3_walking_rpy,498,1341846665.230221,rgb/1341846665.230221.png,1847,1617,1,1,1,1,1
fr3_walking_rpy,499,1341846665.262005,rgb/1341846665.262005.png,1883,1608,1,1,1,1,1
fr3_walking_rpy,500,1341846665.300077,rgb/1341846665.300077.png,1821,1625,1,1,1,1,1
fr3_walking_rpy,501,1341846665.362294,rgb/1341846665.362294.png,1625,1601,1,1,1,1,1
fr3_walking_rpy,502,1341846665.398079,rgb/1341846665.398079.png,1658,1679,1,1,1,1,1
fr3_walking_rpy,503,1341846665.430162,rgb/1341846665.430162.png,1589,1496,1,1,1,1,1
fr3_walking_rpy,504,1341846665.462226,rgb/1341846665.462226.png,1506,1506,1,1,1,1,1
fr3_walking_rpy,505,1341846665.498226,rgb/1341846665.498226.png,1908,1457,1,1,1,1,1
fr3_walking_rpy,506,1341846665.530109,rgb/1341846665.530109.png,1895,1442,1,1,1,1,1
fr3_walking_rpy,507,1341846665.562222,rgb/1341846665.562222.png,1919,1524,1,1,1,1,1
fr3_walking_rpy,508,1341846665.598196,rgb/1341846665.598196.png,1723,1439,1,1,1,1,1
fr3_walking_rpy,509,1341846665.630107,rgb/1341846665.630107.png,1820,1402,1,1,1,1,1
fr3_walking_rpy,510,1341846665.666289,rgb/1341846665.666289.png,1794,1389,1,1,1,1,1
fr3_walking_rpy,511,1341846665.698060,rgb/1341846665.698060.png,1819,1424,1,1,1,1,1
fr3_walking_rpy,512,1341846665.730361,rgb/1341846665.730361.png,1802,1435,1,1,1,1,1
fr3_walking_rpy,513,1341846665.766193,rgb/1341846665.766193.png,1750,1402,1,1,1,1,1
fr3_walking_rpy,514,1341846665.798338,rgb/1341846665.798338.png,1566,1359,1,1,1,1,1
fr3_walking_rpy,515,1341846665.834237,rgb/1341846665.834237.png,1651,1348,1,1,1,1,1
fr3_walking_rpy,516,1341846665.866106,rgb/1341846665.866106.png,1672,1325,1,1,1,1,1
fr3_walking_rpy,517,1341846665.898073,rgb/1341846665.898073.png,1387,1089,1,1,1,1,1
fr3_walking_rpy,518,1341846665.934076,rgb/1341846665.934076.png,1433,1141,1,1,1,1,1
fr3_walking_rpy,519,1341846665.966137,rgb/1341846665.966137.png,1405,1214,1,1,1,1,1
fr3_walking_rpy,520,1341846665.998149,rgb/1341846665.998149.png,1258,1339,1,1,1,1,1
fr3_walking_rpy,521,1341846666.034210,rgb/1341846666.034210.png,1589,1376,1,1,1,1,1
fr3_walking_rpy,522,1341846666.072502,rgb/1341846666.072502.png,1458,1596,1,1,1,1,1
fr3_walking_rpy,523,1341846666.134147,rgb/1341846666.134147.png,1336,1296,1,1,1,1,1
fr3_walking_rpy,524,1341846666.166356,rgb/1341846666.166356.png,1392,1366,1,1,1,1,1
fr3_walking_rpy,525,1341846666.202327,rgb/1341846666.202327.png,1351,1369,1,1,1,1,1
fr3_walking_rpy,526,1341846666.234319,rgb/1341846666.234319.png,1477,1355,1,1,1,1,1
fr3_walking_rpy,527,1341846666.266322,rgb/1341846666.266322.png,1459,1413,1,1,1,1,1
fr3_walking_rpy,528,1341846666.302195,rgb/1341846666.302195.png,1338,1268,1,1,1,1,1
fr3_walking_rpy,529,1341846666.335080,rgb/1341846666.335080.png,1065,1298,1,1,1,1,1
fr3_walking_rpy,530,1341846666.370216,rgb/1341846666.370216.png,1438,1162,1,1,1,1,1
fr3_walking_rpy,531,1341846666.402019,rgb/1341846666.402019.png,1375,1201,1,1,1,1,1
fr3_walking_rpy,532,1341846666.434088,rgb/1341846666.434088.png,1278,1070,1,1,1,1,1
fr3_walking_rpy,533,1341846666.470060,rgb/1341846666.470060.png,1397,1187,1,1,1,1,1
fr3_walking_rpy,534,1341846666.502190,rgb/1341846666.502190.png,1322,1156,1,1,1,1,1
fr3_walking_rpy,535,1341846666.534121,rgb/1341846666.534121.png,1306,957,1,1,1,1,1
fr3_walking_rpy,536,1341846666.570131,rgb/1341846666.570131.png,1235,1291,1,1,1,1,1
fr3_walking_rpy,537,1341846666.602180,rgb/1341846666.602180.png,889,1268,1,1,1,1,1
fr3_walking_rpy,538,1341846666.638072,rgb/1341846666.638072.png,1288,1348,1,1,1,1,1
fr3_walking_rpy,539,1341846666.670134,rgb/1341846666.670134.png,1267,1400,1,1,1,1,1
fr3_walking_rpy,540,1341846666.738266,rgb/1341846666.738266.png,1267,1389,1,1,1,1,1
fr3_walking_rpy,541,1341846666.770390,rgb/1341846666.770390.png,1259,1351,1,1,1,1,1
fr3_walking_rpy,542,1341846666.802119,rgb/1341846666.802119.png,1095,1176,1,1,1,1,1
fr3_walking_rpy,543,1341846666.838108,rgb/1341846666.838108.png,835,1181,1,1,1,1,1
fr3_walking_rpy,544,1341846666.870483,rgb/1341846666.870483.png,1106,1185,1,1,1,1,1
fr3_walking_rpy,545,1341846666.906019,rgb/1341846666.906019.png,1057,1132,1,1,1,1,1
fr3_walking_rpy,546,1341846666.937989,rgb/1341846666.937989.png,1085,739,1,1,1,1,1
fr3_walking_rpy,547,1341846666.970036,rgb/1341846666.970036.png,1033,976,1,1,1,1,1
fr3_walking_rpy,548,1341846667.006200,rgb/1341846667.006200.png,1092,1047,1,1,1,1,1
fr3_walking_rpy,549,1341846667.038153,rgb/1341846667.038153.png,1123,1079,1,1,1,1,1
fr3_walking_rpy,550,1341846667.074153,rgb/1341846667.074153.png,804,1000,1,1,1,1,1
fr3_walking_rpy,551,1341846667.106156,rgb/1341846667.106156.png,1099,694,1,1,1,1,1
fr3_walking_rpy,552,1341846667.138108,rgb/1341846667.138108.png,1143,1043,1,1,1,1,1
fr3_walking_rpy,553,1341846667.174105,rgb/1341846667.174105.png,1242,1167,1,1,1,1,1
fr3_walking_rpy,554,1341846667.206107,rgb/1341846667.206107.png,1552,1483,1,1,1,1,1
fr3_walking_rpy,555,1341846667.238075,rgb/1341846667.238075.png,1612,1458,1,1,1,1,1
fr3_walking_rpy,556,1341846667.274016,rgb/1341846667.274016.png,1343,1203,1,1,1,1,1
fr3_walking_rpy,557,1341846667.306189,rgb/1341846667.306189.png,1610,1498,1,1,1,1,1
fr3_walking_rpy,558,1341846667.342253,rgb/1341846667.342253.png,1624,1401,1,1,1,1,1
fr3_walking_rpy,559,1341846667.374345,rgb/1341846667.374345.png,1421,1038,1,1,1,1,1
fr3_walking_rpy,560,1341846667.406982,rgb/1341846667.406982.png,1350,1420,1,1,1,1,1
fr3_walking_rpy,561,1341846667.442109,rgb/1341846667.442109.png,1471,1405,1,1,1,1,1
fr3_walking_rpy,562,1341846667.474109,rgb/1341846667.474109.png,1307,1136,1,1,1,1,1
fr3_walking_rpy,563,1341846667.506006,rgb/1341846667.506006.png,1636,1546,1,1,1,1,1
fr3_walking_rpy,564,1341846667.542298,rgb/1341846667.542298.png,1699,1615,1,1,1,1,1
fr3_walking_rpy,565,1341846667.574196,rgb/1341846667.574196.png,1554,1488,1,1,1,1,1
fr3_walking_rpy,566,1341846667.610099,rgb/1341846667.610099.png,1916,1852,1,1,1,1,1
fr3_walking_rpy,567,1341846667.642293,rgb/1341846667.642293.png,1624,1277,1,1,1,1,1
fr3_walking_rpy,568,1341846667.674072,rgb/1341846667.674072.png,2004,1707,1,1,1,1,1
fr3_walking_rpy,569,1341846667.710179,rgb/1341846667.710179.png,1665,1402,1,1,1,1,1
fr3_walking_rpy,570,1341846667.742255,rgb/1341846667.742255.png,1959,1731,1,1,1,1,1
fr3_walking_rpy,571,1341846667.774114,rgb/1341846667.774114.png,2014,1764,1,1,1,1,1
fr3_walking_rpy,572,1341846667.810099,rgb/1341846667.810099.png,1909,1212,1,1,1,1,1
fr3_walking_rpy,573,1341846667.842103,rgb/1341846667.842103.png,1664,1610,1,1,1,1,1
fr3_walking_rpy,574,1341846667.878139,rgb/1341846667.878139.png,2097,1560,1,1,1,1,1
fr3_walking_rpy,575,1341846667.910558,rgb/1341846667.910558.png,1816,1827,1,1,1,1,1
fr3_walking_rpy,576,1341846667.942116,rgb/1341846667.942116.png,1956,1683,1,1,1,1,1
fr3_walking_rpy,577,1341846667.978287,rgb/1341846667.978287.png,1929,1793,1,1,1,1,1
fr3_walking_rpy,578,1341846668.010215,rgb/1341846668.010215.png,1611,1343,1,1,1,1,1
fr3_walking_rpy,579,1341846668.046247,rgb/1341846668.046247.png,1864,1658,1,1,1,1,1
fr3_walking_rpy,580,1341846668.078111,rgb/1341846668.078111.png,1845,1466,1,1,1,1,1
fr3_walking_rpy,581,1341846668.110130,rgb/1341846668.110130.png,2071,1973,1,1,1,1,1
fr3_walking_rpy,582,1341846668.146332,rgb/1341846668.146332.png,2312,1778,1,1,1,1,1
fr3_walking_rpy,583,1341846668.178208,rgb/1341846668.178208.png,1856,1918,1,1,1,1,1
fr3_walking_rpy,584,1341846668.211262,rgb/1341846668.211262.png,2038,1684,1,1,1,1,1
fr3_walking_rpy,585,1341846668.246163,rgb/1341846668.246163.png,2221,1603,1,1,1,1,1
fr3_walking_rpy,586,1341846668.278397,rgb/1341846668.278397.png,1896,1773,1,1,1,1,1
fr3_walking_rpy,587,1341846668.314248,rgb/1341846668.314248.png,1891,1598,1,1,1,1,1
fr3_walking_rpy,588,1341846668.346231,rgb/1341846668.346231.png,1649,1746,1,1,1,1,1
fr3_walking_rpy,589,1341846668.378099,rgb/1341846668.378099.png,2436,1579,1,1,1,1,1
fr3_walking_rpy,590,1341846668.414247,rgb/1341846668.414247.png,2320,1747,1,1,1,1,1
fr3_walking_rpy,591,1341846668.445965,rgb/1341846668.445965.png,2439,1586,1,1,1,1,1
fr3_walking_rpy,592,1341846668.478153,rgb/1341846668.478153.png,1712,1743,1,1,1,1,1
fr3_walking_rpy,593,1341846668.514213,rgb/1341846668.514213.png,1752,1784,1,1,1,1,1
fr3_walking_rpy,594,1341846668.546115,rgb/1341846668.546115.png,2074,1847,1,1,1,1,1
fr3_walking_rpy,595,1341846668.582467,rgb/1341846668.582467.png,1710,1485,1,1,1,1,1
fr3_walking_rpy,596,1341846668.614140,rgb/1341846668.614140.png,1703,1222,1,1,1,1,1
fr3_walking_rpy,597,1341846668.646312,rgb/1341846668.646312.png,2023,1169,1,1,1,1,1
fr3_walking_rpy,598,1341846668.682455,rgb/1341846668.682455.png,1496,1121,1,1,1,1,1
fr3_walking_rpy,599,1341846668.714133,rgb/1341846668.714133.png,1454,831,1,1,1,1,1
fr3_walking_rpy,600,1341846668.746132,rgb/1341846668.746132.png,1434,882,1,1,1,1,1
fr3_walking_rpy,601,1341846668.782338,rgb/1341846668.782338.png,1339,972,1,1,1,1,1
fr3_walking_rpy,602,1341846668.814140,rgb/1341846668.814140.png,1303,909,1,1,1,1,1
fr3_walking_rpy,603,1341846668.850214,rgb/1341846668.850214.png,1318,779,1,1,1,1,1
fr3_walking_rpy,604,1341846668.882442,rgb/1341846668.882442.png,1433,845,1,1,1,1,1
fr3_walking_rpy,605,1341846668.914289,rgb/1341846668.914289.png,1497,976,1,1,1,1,1
fr3_walking_rpy,606,1341846668.950088,rgb/1341846668.950088.png,1335,819,1,1,1,1,1
fr3_walking_rpy,607,1341846668.982227,rgb/1341846668.982227.png,1211,816,1,1,1,1,1
fr3_walking_rpy,608,1341846669.014062,rgb/1341846669.014062.png,1289,932,1,1,1,1,1
fr3_walking_rpy,609,1341846669.050056,rgb/1341846669.050056.png,1260,1039,1,1,1,1,1
fr3_walking_rpy,610,1341846669.082525,rgb/1341846669.082525.png,2326,992,1,1,1,1,1
fr3_walking_rpy,611,1341846669.118346,rgb/1341846669.118346.png,2575,1101,1,1,1,1,1
fr3_walking_rpy,612,1341846669.150086,rgb/1341846669.150086.png,2386,1004,1,1,1,1,1
fr3_walking_rpy,613,1341846669.182477,rgb/1341846669.182477.png,2426,1037,1,1,1,1,1
fr3_walking_rpy,614,1341846669.218046,rgb/1341846669.218046.png,2535,1037,1,1,1,1,1
fr3_walking_rpy,615,1341846669.250205,rgb/1341846669.250205.png,2677,1046,1,1,1,1,1
fr3_walking_rpy,616,1341846669.286114,rgb/1341846669.286114.png,2809,1063,1,1,1,1,1
fr3_walking_rpy,617,1341846669.318030,rgb/1341846669.318030.png,2664,1074,1,1,1,1,1
fr3_walking_rpy,618,1341846669.350255,rgb/1341846669.350255.png,2614,1069,1,1,1,1,1
fr3_walking_rpy,619,1341846669.418200,rgb/1341846669.418200.png,2693,1078,1,1,1,1,1
fr3_walking_rpy,620,1341846669.450219,rgb/1341846669.450219.png,2724,1103,1,1,1,1,1
fr3_walking_rpy,621,1341846669.486175,rgb/1341846669.486175.png,2597,1109,1,1,1,1,1
fr3_walking_rpy,622,1341846669.518033,rgb/1341846669.518033.png,3057,927,1,1,1,1,1
fr3_walking_rpy,623,1341846669.554159,rgb/1341846669.554159.png,2939,1109,1,1,1,1,1
fr3_walking_rpy,624,1341846669.586348,rgb/1341846669.586348.png,3042,1159,1,1,1,1,1
fr3_walking_rpy,625,1341846669.617976,rgb/1341846669.617976.png,2936,1139,1,1,1,1,1
fr3_walking_rpy,626,1341846669.654096,rgb/1341846669.654096.png,2336,1191,1,1,1,1,1
fr3_walking_rpy,627,1341846669.686069,rgb/1341846669.686069.png,2378,1591,1,1,1,1,1
fr3_walking_rpy,628,1341846669.718075,rgb/1341846669.718075.png,2492,1734,1,1,1,1,1
fr3_walking_rpy,629,1341846669.754171,rgb/1341846669.754171.png,2484,1989,1,1,1,1,1
fr3_walking_rpy,630,1341846669.786139,rgb/1341846669.786139.png,2444,1944,1,1,1,1,1
fr3_walking_rpy,631,1341846669.822151,rgb/1341846669.822151.png,2511,1949,1,1,1,1,1
fr3_walking_rpy,632,1341846669.854118,rgb/1341846669.854118.png,2455,2025,1,1,1,1,1
fr3_walking_rpy,633,1341846669.886219,rgb/1341846669.886219.png,2419,2062,1,1,1,1,1
fr3_walking_rpy,634,1341846669.922050,rgb/1341846669.922050.png,2395,1993,1,1,1,1,1
fr3_walking_rpy,635,1341846669.954047,rgb/1341846669.954047.png,2190,2009,1,1,1,1,1
fr3_walking_rpy,636,1341846669.986285,rgb/1341846669.986285.png,2497,2030,1,1,1,1,1
fr3_walking_rpy,637,1341846670.022242,rgb/1341846670.022242.png,2501,1983,1,1,1,1,1
fr3_walking_rpy,638,1341846670.054135,rgb/1341846670.054135.png,2373,2094,1,1,1,1,1
fr3_walking_rpy,639,1341846670.090228,rgb/1341846670.090228.png,2380,1991,1,1,1,1,1
fr3_walking_rpy,640,1341846670.121996,rgb/1341846670.121996.png,2388,2013,1,1,1,1,1
fr3_walking_rpy,641,1341846670.154057,rgb/1341846670.154057.png,2365,1951,1,1,1,1,1
fr3_walking_rpy,642,1341846670.190103,rgb/1341846670.190103.png,2445,1690,1,1,1,1,1
fr3_walking_rpy,643,1341846670.222197,rgb/1341846670.222197.png,2529,2076,1,1,1,1,1
fr3_walking_rpy,644,1341846670.258571,rgb/1341846670.258571.png,2474,2209,1,1,1,1,1
fr3_walking_rpy,645,1341846670.290254,rgb/1341846670.290254.png,2597,2187,1,1,1,1,1
fr3_walking_rpy,646,1341846670.358377,rgb/1341846670.358377.png,2462,1919,1,1,1,1,1
fr3_walking_rpy,647,1341846670.390114,rgb/1341846670.390114.png,2405,1884,1,1,1,1,1
fr3_walking_rpy,648,1341846670.422206,rgb/1341846670.422206.png,2754,1761,1,1,1,1,1
fr3_walking_rpy,649,1341846670.464003,rgb/1341846670.464003.png,1952,1713,1,1,1,1,1
fr3_walking_rpy,650,1341846670.526271,rgb/1341846670.526271.png,2271,1636,1,1,1,1,1
fr3_walking_rpy,651,1341846670.566977,rgb/1341846670.566977.png,2593,1974,1,1,1,1,1
fr3_walking_rpy,652,1341846670.596103,rgb/1341846670.596103.png,2256,1578,1,1,1,1,1
fr3_walking_rpy,653,1341846670.628412,rgb/1341846670.628412.png,2450,1826,1,1,1,1,1
fr3_walking_rpy,654,1341846670.664027,rgb/1341846670.664027.png,2078,1456,1,1,1,1,1
fr3_walking_rpy,655,1341846670.696002,rgb/1341846670.696002.png,2271,1720,1,1,1,1,1
fr3_walking_rpy,656,1341846670.728093,rgb/1341846670.728093.png,2274,1437,1,1,1,1,1
fr3_walking_rpy,657,1341846670.764128,rgb/1341846670.764128.png,2216,1663,1,1,1,1,1
fr3_walking_rpy,658,1341846670.796059,rgb/1341846670.796059.png,2246,1461,1,1,1,1,1
fr3_walking_rpy,659,1341846670.832246,rgb/1341846670.832246.png,2118,1613,1,1,1,1,1
fr3_walking_rpy,660,1341846670.863970,rgb/1341846670.863970.png,2381,1495,1,1,1,1,1
fr3_walking_rpy,661,1341846670.896139,rgb/1341846670.896139.png,1994,1476,1,1,1,1,1
fr3_walking_rpy,662,1341846670.932028,rgb/1341846670.932028.png,2081,1312,1,1,1,1,1
fr3_walking_rpy,663,1341846670.964063,rgb/1341846670.964063.png,2112,1728,1,1,1,1,1
fr3_walking_rpy,664,1341846671.000270,rgb/1341846671.000270.png,2127,1742,1,1,1,1,1
fr3_walking_rpy,665,1341846671.032112,rgb/1341846671.032112.png,2017,1792,1,1,1,1,1
fr3_walking_rpy,666,1341846671.064030,rgb/1341846671.064030.png,2095,1698,1,1,1,1,1
fr3_walking_rpy,667,1341846671.101398,rgb/1341846671.101398.png,1968,1802,1,1,1,1,1
fr3_walking_rpy,668,1341846671.132289,rgb/1341846671.132289.png,2073,1631,1,1,1,1,1
fr3_walking_rpy,669,1341846671.168159,rgb/1341846671.168159.png,1367,1378,1,1,1,1,1
fr3_walking_rpy,670,1341846671.200149,rgb/1341846671.200149.png,1560,1332,1,1,1,1,1
fr3_walking_rpy,671,1341846671.232280,rgb/1341846671.232280.png,1524,1971,1,1,1,1,1
fr3_walking_rpy,672,1341846671.268147,rgb/1341846671.268147.png,2141,1922,1,1,1,1,1
fr3_walking_rpy,673,1341846671.300337,rgb/1341846671.300337.png,218,233,1,1,1,1,1
fr3_walking_rpy,674,1341846671.336125,rgb/1341846671.336125.png,0,0,1,0,0,0,0
fr3_walking_rpy,675,1341846671.368236,rgb/1341846671.368236.png,0,0,1,0,0,0,0
fr3_walking_rpy,676,1341846671.400327,rgb/1341846671.400327.png,0,0,1,0,0,0,0
fr3_walking_rpy,677,1341846671.436064,rgb/1341846671.436064.png,0,0,1,0,0,0,0
fr3_walking_rpy,678,1341846671.468197,rgb/1341846671.468197.png,0,0,1,0,0,0,0
fr3_walking_rpy,679,1341846671.504294,rgb/1341846671.504294.png,0,0,1,0,0,0,0
fr3_walking_rpy,680,1341846671.536197,rgb/1341846671.536197.png,0,0,1,0,0,0,0
fr3_walking_rpy,681,1341846671.568120,rgb/1341846671.568120.png,0,0,1,0,0,0,0
fr3_walking_rpy,682,1341846671.604188,rgb/1341846671.604188.png,0,0,1,0,0,0,0
fr3_walking_rpy,683,1341846671.636057,rgb/1341846671.636057.png,0,0,1,0,0,0,0
fr3_walking_rpy,684,1341846671.672157,rgb/1341846671.672157.png,0,0,1,0,0,0,0
fr3_walking_rpy,685,1341846671.704027,rgb/1341846671.704027.png,0,0,1,0,0,0,0
fr3_walking_rpy,686,1341846671.736479,rgb/1341846671.736479.png,0,0,1,0,0,0,0
fr3_walking_rpy,687,1341846671.774745,rgb/1341846671.774745.png,0,0,1,0,0,0,0
fr3_walking_rpy,688,1341846671.804605,rgb/1341846671.804605.png,0,0,1,0,0,0,0
fr3_walking_rpy,689,1341846671.840252,rgb/1341846671.840252.png,0,0,1,0,0,0,0
fr3_walking_rpy,690,1341846671.872106,rgb/1341846671.872106.png,0,0,1,0,0,0,0
fr3_walking_rpy,691,1341846671.904035,rgb/1341846671.904035.png,0,1418,1,0,0,0,0
fr3_walking_rpy,692,1341846671.972239,rgb/1341846671.972239.png,0,0,1,0,0,0,0
fr3_walking_rpy,693,1341846672.034218,rgb/1341846672.034218.png,0,132,1,0,0,0,0
fr3_walking_rpy,694,1341846672.066227,rgb/1341846672.066227.png,0,122,1,0,0,0,0
fr3_walking_rpy,695,1341846672.098024,rgb/1341846672.098024.png,0,0,1,0,0,0,0
fr3_walking_rpy,696,1341846672.134061,rgb/1341846672.134061.png,0,0,1,0,0,0,0
fr3_walking_rpy,697,1341846672.166000,rgb/1341846672.166000.png,0,130,1,0,0,0,0
fr3_walking_rpy,698,1341846672.198405,rgb/1341846672.198405.png,0,0,1,0,0,0,0
fr3_walking_rpy,699,1341846672.234130,rgb/1341846672.234130.png,0,0,1,0,0,0,0
fr3_walking_rpy,700,1341846672.266403,rgb/1341846672.266403.png,0,122,1,0,0,0,0
fr3_walking_rpy,701,1341846672.302710,rgb/1341846672.302710.png,0,0,1,0,0,0,0
fr3_walking_rpy,702,1341846672.335022,rgb/1341846672.335022.png,109,179,1,1,1,1,1
fr3_walking_rpy,703,1341846672.366487,rgb/1341846672.366487.png,111,120,1,1,1,1,1
fr3_walking_rpy,704,1341846672.402478,rgb/1341846672.402478.png,0,0,1,0,0,0,0
fr3_walking_rpy,705,1341846672.434330,rgb/1341846672.434330.png,0,0,1,0,0,0,0
fr3_walking_rpy,706,1341846672.472323,rgb/1341846672.472323.png,0,123,1,0,0,0,0
fr3_walking_rpy,707,1341846672.534812,rgb/1341846672.534812.png,0,124,1,0,0,0,0
fr3_walking_rpy,708,1341846672.570153,rgb/1341846672.570153.png,0,0,1,0,0,0,0
fr3_walking_rpy,709,1341846672.608881,rgb/1341846672.608881.png,114,121,1,1,1,1,1
fr3_walking_rpy,710,1341846672.640836,rgb/1341846672.640836.png,0,0,1,0,0,0,0
fr3_walking_rpy,711,1341846672.708152,rgb/1341846672.708152.png,0,0,1,0,0,0,0
fr3_walking_rpy,712,1341846672.770288,rgb/1341846672.770288.png,1139,1215,1,1,1,1,1
fr3_walking_rpy,713,1341846672.803280,rgb/1341846672.803280.png,889,879,1,1,1,1,1
fr3_walking_rpy,714,1341846672.838034,rgb/1341846672.838034.png,1447,1291,1,1,1,1,1
fr3_walking_rpy,715,1341846672.870092,rgb/1341846672.870092.png,1578,1970,1,1,1,1,1
fr3_walking_rpy,716,1341846672.902275,rgb/1341846672.902275.png,1552,1960,1,1,1,1,1
fr3_walking_rpy,717,1341846672.938315,rgb/1341846672.938315.png,1570,1929,1,1,1,1,1
fr3_walking_rpy,718,1341846672.970326,rgb/1341846672.970326.png,1527,1219,1,1,1,1,1
fr3_walking_rpy,719,1341846673.008221,rgb/1341846673.008221.png,1100,1289,1,1,1,1,1
fr3_walking_rpy,720,1341846673.070235,rgb/1341846673.070235.png,0,0,1,0,0,0,0
fr3_walking_rpy,721,1341846673.106189,rgb/1341846673.106189.png,0,1225,1,0,0,0,0
fr3_walking_rpy,722,1341846673.138104,rgb/1341846673.138104.png,0,1043,1,0,0,0,0
fr3_walking_rpy,723,1341846673.170298,rgb/1341846673.170298.png,115,1097,1,1,1,1,1
fr3_walking_rpy,724,1341846673.206489,rgb/1341846673.206489.png,1083,1341,1,1,1,1,1
fr3_walking_rpy,725,1341846673.238153,rgb/1341846673.238153.png,892,1319,1,1,1,1,1
fr3_walking_rpy,726,1341846673.274220,rgb/1341846673.274220.png,1127,1078,1,1,1,1,1
fr3_walking_rpy,727,1341846673.306107,rgb/1341846673.306107.png,994,1212,1,1,1,1,1
fr3_walking_rpy,728,1341846673.338187,rgb/1341846673.338187.png,978,1052,1,1,1,1,1
fr3_walking_rpy,729,1341846673.374098,rgb/1341846673.374098.png,1136,1241,1,1,1,1,1
fr3_walking_rpy,730,1341846673.406266,rgb/1341846673.406266.png,1129,1257,1,1,1,1,1
fr3_walking_rpy,731,1341846673.438267,rgb/1341846673.438267.png,1218,1208,1,1,1,1,1
fr3_walking_rpy,732,1341846673.474135,rgb/1341846673.474135.png,1064,1010,1,1,1,1,1
fr3_walking_rpy,733,1341846673.506260,rgb/1341846673.506260.png,939,1007,1,1,1,1,1
fr3_walking_rpy,734,1341846673.542168,rgb/1341846673.542168.png,1001,1080,1,1,1,1,1
fr3_walking_rpy,735,1341846673.574072,rgb/1341846673.574072.png,1105,1210,1,1,1,1,1
fr3_walking_rpy,736,1341846673.606102,rgb/1341846673.606102.png,944,1099,1,1,1,1,1
fr3_walking_rpy,737,1341846673.648026,rgb/1341846673.648026.png,1093,1278,1,1,1,1,1
fr3_walking_rpy,738,1341846673.710162,rgb/1341846673.710162.png,165,0,1,0,0,0,0
fr3_walking_rpy,739,1341846673.742225,rgb/1341846673.742225.png,0,0,1,0,0,0,0
fr3_walking_rpy,740,1341846673.774298,rgb/1341846673.774298.png,166,152,1,1,1,1,1
fr3_walking_rpy,741,1341846673.810154,rgb/1341846673.810154.png,0,0,1,0,0,0,0
fr3_walking_rpy,742,1341846673.842305,rgb/1341846673.842305.png,145,140,1,1,1,1,1
fr3_walking_rpy,743,1341846673.874285,rgb/1341846673.874285.png,0,0,1,0,0,0,0
fr3_walking_rpy,744,1341846673.910253,rgb/1341846673.910253.png,0,296,1,0,0,0,0
fr3_walking_rpy,745,1341846673.942284,rgb/1341846673.942284.png,0,168,1,0,0,0,0
fr3_walking_rpy,746,1341846673.978434,rgb/1341846673.978434.png,0,171,1,0,0,0,0
fr3_walking_rpy,747,1341846674.016486,rgb/1341846674.016486.png,0,0,1,0,0,0,0
fr3_walking_rpy,748,1341846674.052060,rgb/1341846674.052060.png,0,1933,1,0,0,0,0
fr3_walking_rpy,749,1341846674.084057,rgb/1341846674.084057.png,0,0,1,0,0,0,0
fr3_walking_rpy,750,1341846674.152235,rgb/1341846674.152235.png,0,0,1,0,0,0,0
fr3_walking_rpy,751,1341846674.210322,rgb/1341846674.210322.png,0,154,1,0,0,0,0
fr3_walking_rpy,752,1341846674.246217,rgb/1341846674.246217.png,0,0,1,0,0,0,0
fr3_walking_rpy,753,1341846674.278035,rgb/1341846674.278035.png,0,1901,1,0,0,0,0
fr3_walking_rpy,754,1341846674.310117,rgb/1341846674.310117.png,0,1710,1,0,0,0,0
fr3_walking_rpy,755,1341846674.346212,rgb/1341846674.346212.png,0,2169,1,0,0,0,0
fr3_walking_rpy,756,1341846674.378058,rgb/1341846674.378058.png,49,2412,1,1,1,1,1
fr3_walking_rpy,757,1341846674.410162,rgb/1341846674.410162.png,0,2411,1,0,0,0,0
fr3_walking_rpy,758,1341846674.446125,rgb/1341846674.446125.png,0,2277,1,0,0,0,0
fr3_walking_rpy,759,1341846674.478198,rgb/1341846674.478198.png,0,2205,1,0,0,0,0
fr3_walking_rpy,760,1341846674.514124,rgb/1341846674.514124.png,0,2263,1,0,0,0,0
fr3_walking_rpy,761,1341846674.546062,rgb/1341846674.546062.png,0,2221,1,0,0,0,0
fr3_walking_rpy,762,1341846674.578094,rgb/1341846674.578094.png,0,0,1,0,0,0,0
fr3_walking_rpy,763,1341846674.614179,rgb/1341846674.614179.png,0,154,1,0,0,0,0
fr3_walking_rpy,764,1341846674.682209,rgb/1341846674.682209.png,0,0,1,0,0,0,0
fr3_walking_rpy,765,1341846674.714186,rgb/1341846674.714186.png,0,0,1,0,0,0,0
fr3_walking_rpy,766,1341846674.752271,rgb/1341846674.752271.png,0,148,1,0,0,0,0
fr3_walking_rpy,767,1341846674.814222,rgb/1341846674.814222.png,0,0,1,0,0,0,0
fr3_walking_rpy,768,1341846674.846370,rgb/1341846674.846370.png,0,0,1,0,0,0,0
fr3_walking_rpy,769,1341846674.882158,rgb/1341846674.882158.png,0,0,1,0,0,0,0
fr3_walking_rpy,770,1341846674.914224,rgb/1341846674.914224.png,0,164,1,0,0,0,0
fr3_walking_rpy,771,1341846674.950305,rgb/1341846674.950305.png,0,163,1,0,0,0,0
fr3_walking_rpy,772,1341846674.982342,rgb/1341846674.982342.png,0,0,1,0,0,0,0
fr3_walking_rpy,773,1341846675.014137,rgb/1341846675.014137.png,0,0,1,0,0,0,0
fr3_walking_rpy,774,1341846675.050230,rgb/1341846675.050230.png,0,0,1,0,0,0,0
fr3_walking_rpy,775,1341846675.088201,rgb/1341846675.088201.png,0,0,1,0,0,0,0
fr3_walking_rpy,776,1341846675.150188,rgb/1341846675.150188.png,0,0,1,0,0,0,0
fr3_walking_rpy,777,1341846675.182290,rgb/1341846675.182290.png,0,0,1,0,0,0,0
fr3_walking_rpy,778,1341846675.218759,rgb/1341846675.218759.png,0,0,1,0,0,0,0
fr3_walking_rpy,779,1341846675.251951,rgb/1341846675.251951.png,0,0,1,0,0,0,0
fr3_walking_rpy,780,1341846675.282406,rgb/1341846675.282406.png,0,0,1,0,0,0,0
fr3_walking_rpy,781,1341846675.318078,rgb/1341846675.318078.png,0,0,1,0,0,0,0
fr3_walking_rpy,782,1341846675.350149,rgb/1341846675.350149.png,0,0,1,0,0,0,0
fr3_walking_rpy,783,1341846675.382271,rgb/1341846675.382271.png,0,0,1,0,0,0,0
fr3_walking_rpy,784,1341846675.450238,rgb/1341846675.450238.png,0,0,1,0,0,0,0
fr3_walking_rpy,785,1341846675.486165,rgb/1341846675.486165.png,0,0,1,0,0,0,0
fr3_walking_rpy,786,1341846675.518083,rgb/1341846675.518083.png,0,0,1,0,0,0,0
fr3_walking_rpy,787,1341846675.550092,rgb/1341846675.550092.png,0,0,1,0,0,0,0
fr3_walking_rpy,788,1341846675.586070,rgb/1341846675.586070.png,0,0,1,0,0,0,0
fr3_walking_rpy,789,1341846675.618075,rgb/1341846675.618075.png,0,0,1,0,0,0,0
fr3_walking_rpy,790,1341846675.650024,rgb/1341846675.650024.png,0,0,1,0,0,0,0
fr3_walking_rpy,791,1341846675.686118,rgb/1341846675.686118.png,0,0,1,0,0,0,0
fr3_walking_rpy,792,1341846675.718055,rgb/1341846675.718055.png,0,0,1,0,0,0,0
fr3_walking_rpy,793,1341846675.754170,rgb/1341846675.754170.png,0,0,1,0,0,0,0
fr3_walking_rpy,794,1341846675.786330,rgb/1341846675.786330.png,0,0,1,0,0,0,0
fr3_walking_rpy,795,1341846675.818106,rgb/1341846675.818106.png,0,0,1,0,0,0,0
fr3_walking_rpy,796,1341846675.854095,rgb/1341846675.854095.png,0,0,1,0,0,0,0
fr3_walking_rpy,797,1341846675.886163,rgb/1341846675.886163.png,0,0,1,0,0,0,0
fr3_walking_rpy,798,1341846675.922346,rgb/1341846675.922346.png,0,0,1,0,0,0,0
fr3_walking_rpy,799,1341846675.961651,rgb/1341846675.961651.png,0,0,1,0,0,0,0
fr3_walking_rpy,800,1341846676.028080,rgb/1341846676.028080.png,0,0,1,0,0,0,0
fr3_walking_rpy,801,1341846676.122163,rgb/1341846676.122163.png,0,0,1,0,0,0,0
fr3_walking_rpy,802,1341846676.154447,rgb/1341846676.154447.png,0,0,1,0,0,0,0
fr3_walking_rpy,803,1341846676.190230,rgb/1341846676.190230.png,0,0,1,0,0,0,0
fr3_walking_rpy,804,1341846676.222476,rgb/1341846676.222476.png,0,0,1,0,0,0,0
fr3_walking_rpy,805,1341846676.257017,rgb/1341846676.257017.png,0,0,1,0,0,0,0
fr3_walking_rpy,806,1341846676.290401,rgb/1341846676.290401.png,0,163,1,0,0,0,0
fr3_walking_rpy,807,1341846676.322689,rgb/1341846676.322689.png,0,0,1,0,0,0,0
fr3_walking_rpy,808,1341846676.360815,rgb/1341846676.360815.png,0,0,1,0,0,0,0
fr3_walking_rpy,809,1341846676.390851,rgb/1341846676.390851.png,0,0,1,0,0,0,0
fr3_walking_rpy,810,1341846676.424250,rgb/1341846676.424250.png,142,0,1,0,0,0,0
fr3_walking_rpy,811,1341846676.459033,rgb/1341846676.459033.png,0,0,1,0,0,0,0
fr3_walking_rpy,812,1341846676.490669,rgb/1341846676.490669.png,0,0,1,0,0,0,0
fr3_walking_rpy,813,1341846676.532743,rgb/1341846676.532743.png,0,0,1,0,0,0,0
fr3_walking_rpy,814,1341846676.564052,rgb/1341846676.564052.png,0,0,1,0,0,0,0
fr3_walking_rpy,815,1341846676.596566,rgb/1341846676.596566.png,0,0,1,0,0,0,0
fr3_walking_rpy,816,1341846676.632057,rgb/1341846676.632057.png,0,0,1,0,0,0,0
fr3_walking_rpy,817,1341846676.690079,rgb/1341846676.690079.png,0,0,1,0,0,0,0
fr3_walking_rpy,818,1341846676.726102,rgb/1341846676.726102.png,0,0,1,0,0,0,0
fr3_walking_rpy,819,1341846676.758419,rgb/1341846676.758419.png,0,0,1,0,0,0,0
fr3_walking_rpy,820,1341846676.790227,rgb/1341846676.790227.png,0,0,1,0,0,0,0
fr3_walking_rpy,821,1341846676.826179,rgb/1341846676.826179.png,0,0,1,0,0,0,0
fr3_walking_rpy,822,1341846676.858331,rgb/1341846676.858331.png,0,0,1,0,0,0,0
fr3_walking_rpy,823,1341846676.894086,rgb/1341846676.894086.png,0,0,1,0,0,0,0
fr3_walking_rpy,824,1341846676.926062,rgb/1341846676.926062.png,0,0,1,0,0,0,0
fr3_walking_rpy,825,1341846676.958080,rgb/1341846676.958080.png,0,0,1,0,0,0,0
fr3_walking_rpy,826,1341846676.994140,rgb/1341846676.994140.png,0,0,1,0,0,0,0
fr3_walking_rpy,827,1341846677.026242,rgb/1341846677.026242.png,0,0,1,0,0,0,0
fr3_walking_rpy,828,1341846677.094244,rgb/1341846677.094244.png,0,0,1,0,0,0,0
fr3_walking_rpy,829,1341846677.126108,rgb/1341846677.126108.png,0,0,1,0,0,0,0
fr3_walking_rpy,830,1341846677.162066,rgb/1341846677.162066.png,0,0,1,0,0,0,0
fr3_walking_rpy,831,1341846677.194068,rgb/1341846677.194068.png,0,0,1,0,0,0,0
fr3_walking_rpy,832,1341846677.226206,rgb/1341846677.226206.png,0,0,1,0,0,0,0
fr3_walking_rpy,833,1341846677.262033,rgb/1341846677.262033.png,0,0,1,0,0,0,0
fr3_walking_rpy,834,1341846677.294125,rgb/1341846677.294125.png,0,0,1,0,0,0,0
fr3_walking_rpy,835,1341846677.326503,rgb/1341846677.326503.png,0,0,1,0,0,0,0
fr3_walking_rpy,836,1341846677.362194,rgb/1341846677.362194.png,0,0,1,0,0,0,0
fr3_walking_rpy,837,1341846677.394280,rgb/1341846677.394280.png,0,0,1,0,0,0,0
fr3_walking_rpy,838,1341846677.430058,rgb/1341846677.430058.png,0,0,1,0,0,0,0
fr3_walking_rpy,839,1341846677.468326,rgb/1341846677.468326.png,0,0,1,0,0,0,0
fr3_walking_rpy,840,1341846677.530161,rgb/1341846677.530161.png,0,0,1,0,0,0,0
fr3_walking_rpy,841,1341846677.562051,rgb/1341846677.562051.png,0,0,1,0,0,0,0
fr3_walking_rpy,842,1341846677.594105,rgb/1341846677.594105.png,0,0,1,0,0,0,0
fr3_walking_rpy,843,1341846677.630227,rgb/1341846677.630227.png,0,0,1,0,0,0,0
fr3_walking_rpy,844,1341846677.662033,rgb/1341846677.662033.png,0,0,1,0,0,0,0
fr3_walking_rpy,845,1341846677.730320,rgb/1341846677.730320.png,0,0,1,0,0,0,0
fr3_walking_rpy,846,1341846677.763691,rgb/1341846677.763691.png,0,0,1,0,0,0,0
fr3_walking_rpy,847,1341846677.798630,rgb/1341846677.798630.png,0,0,1,0,0,0,0
fr3_walking_rpy,848,1341846677.830104,rgb/1341846677.830104.png,0,0,1,0,0,0,0
fr3_walking_rpy,849,1341846677.862185,rgb/1341846677.862185.png,0,0,1,0,0,0,0
fr3_walking_rpy,850,1341846677.898344,rgb/1341846677.898344.png,0,0,1,0,0,0,0
fr3_walking_rpy,851,1341846677.930181,rgb/1341846677.930181.png,105,0,1,0,0,0,0
fr3_walking_rpy,852,1341846677.966256,rgb/1341846677.966256.png,244,0,1,0,0,0,0
fr3_walking_rpy,853,1341846677.998516,rgb/1341846677.998516.png,0,0,1,0,0,0,0
fr3_walking_rpy,854,1341846678.030368,rgb/1341846678.030368.png,0,0,1,0,0,0,0
fr3_walking_rpy,855,1341846678.066187,rgb/1341846678.066187.png,167,0,1,0,0,0,0
fr3_walking_rpy,856,1341846678.098076,rgb/1341846678.098076.png,0,0,1,0,0,0,0
fr3_walking_rpy,857,1341846678.134082,rgb/1341846678.134082.png,0,0,1,0,0,0,0
fr3_walking_rpy,858,1341846678.166092,rgb/1341846678.166092.png,0,0,1,0,0,0,0
fr3_walking_rpy,859,1341846678.204293,rgb/1341846678.204293.png,2370,0,1,0,0,0,0
fr3_walking_rpy,860,1341846678.266209,rgb/1341846678.266209.png,0,0,1,0,0,0,0
fr3_walking_rpy,861,1341846678.298316,rgb/1341846678.298316.png,0,175,1,0,0,0,0
fr3_walking_rpy,862,1341846678.334135,rgb/1341846678.334135.png,2497,0,1,0,0,0,0
fr3_walking_rpy,863,1341846678.366593,rgb/1341846678.366593.png,990,0,1,0,0,0,0
fr3_walking_rpy,864,1341846678.402292,rgb/1341846678.402292.png,2244,0,0,0,0,0,0
fr3_walking_rpy,865,1341846678.439991,rgb/1341846678.439991.png,2157,0,0,0,0,0,0
fr3_walking_halfsphere,0,1341846434.710184,rgb/1341846434.710184.png,0,0,0,0,0,0,0
fr3_walking_halfsphere,1,1341846434.746225,rgb/1341846434.746225.png,291,291,0,0,0,0,0
fr3_walking_halfsphere,2,1341846434.778203,rgb/1341846434.778203.png,432,433,1,1,1,1,1
fr3_walking_halfsphere,3,1341846434.810024,rgb/1341846434.810024.png,354,352,1,1,1,1,1
fr3_walking_halfsphere,4,1341846434.846345,rgb/1341846434.846345.png,470,466,1,1,1,1,1
fr3_walking_halfsphere,5,1341846434.878202,rgb/1341846434.878202.png,472,464,1,1,1,1,1
fr3_walking_halfsphere,6,1341846434.914148,rgb/1341846434.914148.png,354,355,1,1,1,1,1
fr3_walking_halfsphere,7,1341846434.946443,rgb/1341846434.946443.png,350,352,1,1,1,1,1
fr3_walking_halfsphere,8,1341846434.978088,rgb/1341846434.978088.png,374,377,1,1,1,1,1
fr3_walking_halfsphere,9,1341846435.014019,rgb/1341846435.014019.png,476,479,1,1,1,1,1
fr3_walking_halfsphere,10,1341846435.045942,rgb/1341846435.045942.png,592,601,1,1,1,1,1
fr3_walking_halfsphere,11,1341846435.077985,rgb/1341846435.077985.png,585,526,1,1,1,1,1
fr3_walking_halfsphere,12,1341846435.113961,rgb/1341846435.113961.png,543,548,1,1,1,1,1
fr3_walking_halfsphere,13,1341846435.146181,rgb/1341846435.146181.png,681,719,1,1,1,1,1
fr3_walking_halfsphere,14,1341846435.182052,rgb/1341846435.182052.png,544,584,1,1,1,1,1
fr3_walking_halfsphere,15,1341846435.213955,rgb/1341846435.213955.png,511,527,1,1,1,1,1
fr3_walking_halfsphere,16,1341846435.246495,rgb/1341846435.246495.png,500,513,1,1,1,1,1
fr3_walking_halfsphere,17,1341846435.281968,rgb/1341846435.281968.png,521,524,1,1,1,1,1
fr3_walking_halfsphere,18,1341846435.319946,rgb/1341846435.319946.png,517,534,1,1,1,1,1
fr3_walking_halfsphere,19,1341846435.382078,rgb/1341846435.382078.png,495,495,1,1,1,1,1
fr3_walking_halfsphere,20,1341846435.414309,rgb/1341846435.414309.png,456,533,1,1,1,1,1
fr3_walking_halfsphere,21,1341846435.450323,rgb/1341846435.450323.png,489,477,1,1,1,1,1
fr3_walking_halfsphere,22,1341846435.482273,rgb/1341846435.482273.png,470,504,1,1,1,1,1
fr3_walking_halfsphere,23,1341846435.513983,rgb/1341846435.513983.png,508,549,1,1,1,1,1
fr3_walking_halfsphere,24,1341846435.550153,rgb/1341846435.550153.png,494,533,1,1,1,1,1
fr3_walking_halfsphere,25,1341846435.582003,rgb/1341846435.582003.png,542,582,1,1,1,1,1
fr3_walking_halfsphere,26,1341846435.618180,rgb/1341846435.618180.png,522,508,1,1,1,1,1
fr3_walking_halfsphere,27,1341846435.650183,rgb/1341846435.650183.png,476,555,1,1,1,1,1
fr3_walking_halfsphere,28,1341846435.681920,rgb/1341846435.681920.png,484,513,1,1,1,1,1
fr3_walking_halfsphere,29,1341846435.717877,rgb/1341846435.717877.png,512,564,1,1,1,1,1
fr3_walking_halfsphere,30,1341846435.750187,rgb/1341846435.750187.png,520,567,1,1,1,1,1
fr3_walking_halfsphere,31,1341846435.782022,rgb/1341846435.782022.png,509,567,1,1,1,1,1
fr3_walking_halfsphere,32,1341846435.818082,rgb/1341846435.818082.png,538,608,1,1,1,1,1
fr3_walking_halfsphere,33,1341846435.849992,rgb/1341846435.849992.png,554,620,1,1,1,1,1
fr3_walking_halfsphere,34,1341846435.886101,rgb/1341846435.886101.png,560,577,1,1,1,1,1
fr3_walking_halfsphere,35,1341846435.918077,rgb/1341846435.918077.png,557,634,1,1,1,1,1
fr3_walking_halfsphere,36,1341846435.950077,rgb/1341846435.950077.png,515,604,1,1,1,1,1
fr3_walking_halfsphere,37,1341846435.986080,rgb/1341846435.986080.png,549,635,1,1,1,1,1
fr3_walking_halfsphere,38,1341846436.018119,rgb/1341846436.018119.png,550,647,1,1,1,1,1
fr3_walking_halfsphere,39,1341846436.050565,rgb/1341846436.050565.png,555,633,1,1,1,1,1
fr3_walking_halfsphere,40,1341846436.085970,rgb/1341846436.085970.png,604,606,1,1,1,1,1
fr3_walking_halfsphere,41,1341846436.118116,rgb/1341846436.118116.png,605,651,1,1,1,1,1
fr3_walking_halfsphere,42,1341846436.153952,rgb/1341846436.153952.png,605,647,1,1,1,1,1
fr3_walking_halfsphere,43,1341846436.185994,rgb/1341846436.185994.png,605,657,1,1,1,1,1
fr3_walking_halfsphere,44,1341846436.218096,rgb/1341846436.218096.png,554,609,1,1,1,1,1
fr3_walking_halfsphere,45,1341846436.253965,rgb/1341846436.253965.png,599,664,1,1,1,1,1
fr3_walking_halfsphere,46,1341846436.286007,rgb/1341846436.286007.png,606,706,1,1,1,1,1
fr3_walking_halfsphere,47,1341846436.318164,rgb/1341846436.318164.png,625,730,1,1,1,1,1
fr3_walking_halfsphere,48,1341846436.354084,rgb/1341846436.354084.png,662,740,1,1,1,1,1
fr3_walking_halfsphere,49,1341846436.385958,rgb/1341846436.385958.png,687,764,1,1,1,1,1
fr3_walking_halfsphere,50,1341846436.422052,rgb/1341846436.422052.png,690,760,1,1,1,1,1
fr3_walking_halfsphere,51,1341846436.453972,rgb/1341846436.453972.png,680,757,1,1,1,1,1
fr3_walking_halfsphere,52,1341846436.485966,rgb/1341846436.485966.png,677,777,1,1,1,1,1
fr3_walking_halfsphere,53,1341846436.522075,rgb/1341846436.522075.png,683,719,1,1,1,1,1
fr3_walking_halfsphere,54,1341846436.553975,rgb/1341846436.553975.png,687,741,1,1,1,1,1
fr3_walking_halfsphere,55,1341846436.590103,rgb/1341846436.590103.png,682,750,1,1,1,1,1
fr3_walking_halfsphere,56,1341846436.622042,rgb/1341846436.622042.png,708,766,1,1,1,1,1
fr3_walking_halfsphere,57,1341846436.654125,rgb/1341846436.654125.png,732,770,1,1,1,1,1
fr3_walking_halfsphere,58,1341846436.690078,rgb/1341846436.690078.png,670,833,1,1,1,1,1
fr3_walking_halfsphere,59,1341846436.722015,rgb/1341846436.722015.png,677,813,1,1,1,1,1
fr3_walking_halfsphere,60,1341846436.754167,rgb/1341846436.754167.png,669,780,1,1,1,1,1
fr3_walking_halfsphere,61,1341846436.790021,rgb/1341846436.790021.png,662,760,1,1,1,1,1
fr3_walking_halfsphere,62,1341846436.822079,rgb/1341846436.822079.png,673,761,1,1,1,1,1
fr3_walking_halfsphere,63,1341846436.858129,rgb/1341846436.858129.png,698,806,1,1,1,1,1
fr3_walking_halfsphere,64,1341846436.889894,rgb/1341846436.889894.png,698,765,1,1,1,1,1
fr3_walking_halfsphere,65,1341846436.922139,rgb/1341846436.922139.png,679,773,1,1,1,1,1
fr3_walking_halfsphere,66,1341846436.958108,rgb/1341846436.958108.png,691,780,1,1,1,1,1
fr3_walking_halfsphere,67,1341846436.990096,rgb/1341846436.990096.png,661,767,1,1,1,1,1
fr3_walking_halfsphere,68,1341846437.058136,rgb/1341846437.058136.png,661,756,1,1,1,1,1
fr3_walking_halfsphere,69,1341846437.096585,rgb/1341846437.096585.png,670,769,1,1,1,1,1
fr3_walking_halfsphere,70,1341846437.126102,rgb/1341846437.126102.png,664,699,1,1,1,1,1
fr3_walking_halfsphere,71,1341846437.158050,rgb/1341846437.158050.png,663,744,1,1,1,1,1
fr3_walking_halfsphere,72,1341846437.226114,rgb/1341846437.226114.png,600,747,1,1,1,1,1
fr3_walking_halfsphere,73,1341846437.258123,rgb/1341846437.258123.png,647,0,1,0,0,0,0
fr3_walking_halfsphere,74,1341846437.290095,rgb/1341846437.290095.png,634,0,1,0,0,0,0
fr3_walking_halfsphere,75,1341846437.326061,rgb/1341846437.326061.png,638,0,1,0,0,0,0
fr3_walking_halfsphere,76,1341846437.364153,rgb/1341846437.364153.png,641,107,1,1,1,1,1
fr3_walking_halfsphere,77,1341846437.396140,rgb/1341846437.396140.png,623,0,1,0,0,0,0
fr3_walking_halfsphere,78,1341846437.431962,rgb/1341846437.431962.png,611,0,1,0,0,0,0
fr3_walking_halfsphere,79,1341846437.464061,rgb/1341846437.464061.png,567,0,1,0,0,0,0
fr3_walking_halfsphere,80,1341846437.500080,rgb/1341846437.500080.png,600,0,1,0,0,0,0
fr3_walking_halfsphere,81,1341846437.536428,rgb/1341846437.536428.png,587,0,1,0,0,0,0
fr3_walking_halfsphere,82,1341846437.568842,rgb/1341846437.568842.png,582,0,1,0,0,0,0
fr3_walking_halfsphere,83,1341846437.600736,rgb/1341846437.600736.png,617,0,1,0,0,0,0
fr3_walking_halfsphere,84,1341846437.632742,rgb/1341846437.632742.png,623,0,1,0,0,0,0
fr3_walking_halfsphere,85,1341846437.669713,rgb/1341846437.669713.png,645,0,1,0,0,0,0
fr3_walking_halfsphere,86,1341846437.700232,rgb/1341846437.700232.png,651,0,1,0,0,0,0
fr3_walking_halfsphere,87,1341846437.739652,rgb/1341846437.739652.png,638,0,1,0,0,0,0
fr3_walking_halfsphere,88,1341846437.795294,rgb/1341846437.795294.png,719,0,1,0,0,0,0
fr3_walking_halfsphere,89,1341846437.830422,rgb/1341846437.830422.png,718,0,1,0,0,0,0
fr3_walking_halfsphere,90,1341846437.863213,rgb/1341846437.863213.png,720,0,1,0,0,0,0
fr3_walking_halfsphere,91,1341846437.930096,rgb/1341846437.930096.png,742,0,1,0,0,0,0
fr3_walking_halfsphere,92,1341846437.961942,rgb/1341846437.961942.png,744,0,1,0,0,0,0
fr3_walking_halfsphere,93,1341846437.994103,rgb/1341846437.994103.png,725,0,1,0,0,0,0
fr3_walking_halfsphere,94,1341846438.030032,rgb/1341846438.030032.png,722,0,1,0,0,0,0
fr3_walking_halfsphere,95,1341846438.068074,rgb/1341846438.068074.png,688,0,1,0,0,0,0
fr3_walking_halfsphere,96,1341846438.130017,rgb/1341846438.130017.png,705,0,1,0,0,0,0
fr3_walking_halfsphere,97,1341846438.164374,rgb/1341846438.164374.png,740,0,1,0,0,0,0
fr3_walking_halfsphere,98,1341846438.198015,rgb/1341846438.198015.png,780,0,1,0,0,0,0
fr3_walking_halfsphere,99,1341846438.229906,rgb/1341846438.229906.png,728,0,1,0,0,0,0
fr3_walking_halfsphere,100,1341846438.262251,rgb/1341846438.262251.png,730,0,1,0,0,0,0
fr3_walking_halfsphere,101,1341846438.298333,rgb/1341846438.298333.png,770,0,1,0,0,0,0
fr3_walking_halfsphere,102,1341846438.329987,rgb/1341846438.329987.png,811,108,1,1,1,1,1
fr3_walking_halfsphere,103,1341846438.366126,rgb/1341846438.366126.png,926,104,1,1,1,1,1
fr3_walking_halfsphere,104,1341846438.398154,rgb/1341846438.398154.png,908,0,1,0,0,0,0
fr3_walking_halfsphere,105,1341846438.430136,rgb/1341846438.430136.png,835,131,1,1,1,1,1
fr3_walking_halfsphere,106,1341846438.465965,rgb/1341846438.465965.png,909,656,1,1,1,1,1
fr3_walking_halfsphere,107,1341846438.530106,rgb/1341846438.530106.png,917,0,1,0,0,0,0
fr3_walking_halfsphere,108,1341846438.566686,rgb/1341846438.566686.png,918,666,1,1,1,1,1
fr3_walking_halfsphere,109,1341846438.598145,rgb/1341846438.598145.png,909,665,1,1,1,1,1
fr3_walking_halfsphere,110,1341846438.634113,rgb/1341846438.634113.png,933,844,1,1,1,1,1
fr3_walking_halfsphere,111,1341846438.665920,rgb/1341846438.665920.png,898,831,1,1,1,1,1
fr3_walking_halfsphere,112,1341846438.697986,rgb/1341846438.697986.png,950,886,1,1,1,1,1
fr3_walking_halfsphere,113,1341846438.734146,rgb/1341846438.734146.png,959,894,1,1,1,1,1
fr3_walking_halfsphere,114,1341846438.766996,rgb/1341846438.766996.png,988,928,1,1,1,1,1
fr3_walking_halfsphere,115,1341846438.801972,rgb/1341846438.801972.png,882,896,1,1,1,1,1
fr3_walking_halfsphere,116,1341846438.834118,rgb/1341846438.834118.png,1001,891,1,1,1,1,1
fr3_walking_halfsphere,117,1341846438.865936,rgb/1341846438.865936.png,991,905,1,1,1,1,1
fr3_walking_halfsphere,118,1341846438.902045,rgb/1341846438.902045.png,1023,911,1,1,1,1,1
fr3_walking_halfsphere,119,1341846438.934115,rgb/1341846438.934115.png,1032,924,1,1,1,1,1
fr3_walking_halfsphere,120,1341846438.966314,rgb/1341846438.966314.png,1021,914,1,1,1,1,1
fr3_walking_halfsphere,121,1341846439.001871,rgb/1341846439.001871.png,1038,964,1,1,1,1,1
fr3_walking_halfsphere,122,1341846439.034612,rgb/1341846439.034612.png,1061,988,1,1,1,1,1
fr3_walking_halfsphere,123,1341846439.070117,rgb/1341846439.070117.png,1057,989,1,1,1,1,1
fr3_walking_halfsphere,124,1341846439.101969,rgb/1341846439.101969.png,1052,999,1,1,1,1,1
fr3_walking_halfsphere,125,1341846439.134146,rgb/1341846439.134146.png,1070,1021,1,1,1,1,1
fr3_walking_halfsphere,126,1341846439.170111,rgb/1341846439.170111.png,1069,1055,1,1,1,1,1
fr3_walking_halfsphere,127,1341846439.202174,rgb/1341846439.202174.png,1075,1067,1,1,1,1,1
fr3_walking_halfsphere,128,1341846439.234198,rgb/1341846439.234198.png,1068,1049,1,1,1,1,1
fr3_walking_halfsphere,129,1341846439.269869,rgb/1341846439.269869.png,1054,1029,1,1,1,1,1
fr3_walking_halfsphere,130,1341846439.302022,rgb/1341846439.302022.png,950,1033,1,1,1,1,1
fr3_walking_halfsphere,131,1341846439.338209,rgb/1341846439.338209.png,1086,1047,1,1,1,1,1
fr3_walking_halfsphere,132,1341846439.369920,rgb/1341846439.369920.png,1091,1024,1,1,1,1,1
fr3_walking_halfsphere,133,1341846439.402179,rgb/1341846439.402179.png,1070,1007,1,1,1,1,1
fr3_walking_halfsphere,134,1341846439.437979,rgb/1341846439.437979.png,1103,1049,1,1,1,1,1
fr3_walking_halfsphere,135,1341846439.470001,rgb/1341846439.470001.png,1109,1059,1,1,1,1,1
fr3_walking_halfsphere,136,1341846439.502101,rgb/1341846439.502101.png,1086,1016,1,1,1,1,1
fr3_walking_halfsphere,137,1341846439.538102,rgb/1341846439.538102.png,1038,987,1,1,1,1,1
fr3_walking_halfsphere,138,1341846439.570087,rgb/1341846439.570087.png,1035,989,1,1,1,1,1
fr3_walking_halfsphere,139,1341846439.605986,rgb/1341846439.605986.png,1056,999,1,1,1,1,1
fr3_walking_halfsphere,140,1341846439.638201,rgb/1341846439.638201.png,1033,974,1,1,1,1,1
fr3_walking_halfsphere,141,1341846439.670177,rgb/1341846439.670177.png,1013,951,1,1,1,1,1
fr3_walking_halfsphere,142,1341846439.706034,rgb/1341846439.706034.png,1005,940,1,1,1,1,1
fr3_walking_halfsphere,143,1341846439.737939,rgb/1341846439.737939.png,997,945,1,1,1,1,1
fr3_walking_halfsphere,144,1341846439.774173,rgb/1341846439.774173.png,1003,940,1,1,1,1,1
fr3_walking_halfsphere,145,1341846439.806288,rgb/1341846439.806288.png,989,932,1,1,1,1,1
fr3_walking_halfsphere,146,1341846439.846398,rgb/1341846439.846398.png,1010,935,1,1,1,1,1
fr3_walking_halfsphere,147,1341846439.906194,rgb/1341846439.906194.png,976,917,1,1,1,1,1
fr3_walking_halfsphere,148,1341846439.938149,rgb/1341846439.938149.png,965,900,1,1,1,1,1
fr3_walking_halfsphere,149,1341846439.974174,rgb/1341846439.974174.png,987,915,1,1,1,1,1
fr3_walking_halfsphere,150,1341846440.006174,rgb/1341846440.006174.png,830,867,1,1,1,1,1
fr3_walking_halfsphere,151,1341846440.042214,rgb/1341846440.042214.png,966,1013,1,1,1,1,1
fr3_walking_halfsphere,152,1341846440.073971,rgb/1341846440.073971.png,980,1031,1,1,1,1,1
fr3_walking_halfsphere,153,1341846440.106449,rgb/1341846440.106449.png,958,993,1,1,1,1,1
fr3_walking_halfsphere,154,1341846440.142076,rgb/1341846440.142076.png,965,1008,1,1,1,1,1
fr3_walking_halfsphere,155,1341846440.173898,rgb/1341846440.173898.png,973,1018,1,1,1,1,1
fr3_walking_halfsphere,156,1341846440.206048,rgb/1341846440.206048.png,983,1020,1,1,1,1,1
fr3_walking_halfsphere,157,1341846440.242218,rgb/1341846440.242218.png,967,1010,1,1,1,1,1
fr3_walking_halfsphere,158,1341846440.274220,rgb/1341846440.274220.png,933,979,1,1,1,1,1
fr3_walking_halfsphere,159,1341846440.310040,rgb/1341846440.310040.png,826,990,1,1,1,1,1
fr3_walking_halfsphere,160,1341846440.341908,rgb/1341846440.341908.png,952,992,1,1,1,1,1
fr3_walking_halfsphere,161,1341846440.374065,rgb/1341846440.374065.png,933,985,1,1,1,1,1
fr3_walking_halfsphere,162,1341846440.410065,rgb/1341846440.410065.png,916,964,1,1,1,1,1
fr3_walking_halfsphere,163,1341846440.442063,rgb/1341846440.442063.png,900,931,1,1,1,1,1
fr3_walking_halfsphere,164,1341846440.474055,rgb/1341846440.474055.png,926,943,1,1,1,1,1
fr3_walking_halfsphere,165,1341846440.510034,rgb/1341846440.510034.png,893,795,1,1,1,1,1
fr3_walking_halfsphere,166,1341846440.542081,rgb/1341846440.542081.png,739,850,1,1,1,1,1
fr3_walking_halfsphere,167,1341846440.578060,rgb/1341846440.578060.png,834,893,1,1,1,1,1
fr3_walking_halfsphere,168,1341846440.610154,rgb/1341846440.610154.png,827,892,1,1,1,1,1
fr3_walking_halfsphere,169,1341846440.642042,rgb/1341846440.642042.png,816,886,1,1,1,1,1
fr3_walking_halfsphere,170,1341846440.678071,rgb/1341846440.678071.png,835,887,1,1,1,1,1
fr3_walking_halfsphere,171,1341846440.710213,rgb/1341846440.710213.png,816,877,1,1,1,1,1
fr3_walking_halfsphere,172,1341846440.742033,rgb/1341846440.742033.png,808,872,1,1,1,1,1
fr3_walking_halfsphere,173,1341846440.778145,rgb/1341846440.778145.png,830,890,1,1,1,1,1
fr3_walking_halfsphere,174,1341846440.810360,rgb/1341846440.810360.png,733,892,1,1,1,1,1
fr3_walking_halfsphere,175,1341846440.846329,rgb/1341846440.846329.png,795,871,1,1,1,1,1
fr3_walking_halfsphere,176,1341846440.878141,rgb/1341846440.878141.png,810,783,1,1,1,1,1
fr3_walking_halfsphere,177,1341846440.920960,rgb/1341846440.920960.png,817,872,1,1,1,1,1
fr3_walking_halfsphere,178,1341846440.952308,rgb/1341846440.952308.png,798,851,1,1,1,1,1
fr3_walking_halfsphere,179,1341846440.986714,rgb/1341846440.986714.png,840,903,1,1,1,1,1
fr3_walking_halfsphere,180,1341846441.052118,rgb/1341846441.052118.png,836,878,1,1,1,1,1
fr3_walking_halfsphere,181,1341846441.114116,rgb/1341846441.114116.png,777,900,1,1,1,1,1
fr3_walking_halfsphere,182,1341846441.146132,rgb/1341846441.146132.png,868,812,1,1,1,1,1
fr3_walking_halfsphere,183,1341846441.178054,rgb/1341846441.178054.png,858,892,1,1,1,1,1
fr3_walking_halfsphere,184,1341846441.214136,rgb/1341846441.214136.png,877,920,1,1,1,1,1
fr3_walking_halfsphere,185,1341846441.246039,rgb/1341846441.246039.png,877,918,1,1,1,1,1
fr3_walking_halfsphere,186,1341846441.282130,rgb/1341846441.282130.png,881,916,1,1,1,1,1
fr3_walking_halfsphere,187,1341846441.314084,rgb/1341846441.314084.png,877,915,1,1,1,1,1
fr3_walking_halfsphere,188,1341846441.346088,rgb/1341846441.346088.png,877,921,1,1,1,1,1
fr3_walking_halfsphere,189,1341846441.382129,rgb/1341846441.382129.png,870,912,1,1,1,1,1
fr3_walking_halfsphere,190,1341846441.414517,rgb/1341846441.414517.png,878,912,1,1,1,1,1
fr3_walking_halfsphere,191,1341846441.445996,rgb/1341846441.445996.png,766,815,1,1,1,1,1
fr3_walking_halfsphere,192,1341846441.482023,rgb/1341846441.482023.png,848,907,1,1,1,1,1
fr3_walking_halfsphere,193,1341846441.514114,rgb/1341846441.514114.png,842,897,1,1,1,1,1
fr3_walking_halfsphere,194,1341846441.582260,rgb/1341846441.582260.png,862,929,1,1,1,1,1
fr3_walking_halfsphere,195,1341846441.614425,rgb/1341846441.614425.png,861,911,1,1,1,1,1
fr3_walking_halfsphere,196,1341846441.650563,rgb/1341846441.650563.png,873,909,1,1,1,1,1
fr3_walking_halfsphere,197,1341846441.681977,rgb/1341846441.681977.png,889,868,1,1,1,1,1
fr3_walking_halfsphere,198,1341846441.714170,rgb/1341846441.714170.png,881,924,1,1,1,1,1
fr3_walking_halfsphere,199,1341846441.750023,rgb/1341846441.750023.png,807,943,1,1,1,1,1
fr3_walking_halfsphere,200,1341846441.781910,rgb/1341846441.781910.png,875,937,1,1,1,1,1
fr3_walking_halfsphere,201,1341846441.818076,rgb/1341846441.818076.png,893,967,1,1,1,1,1
fr3_walking_halfsphere,202,1341846441.850011,rgb/1341846441.850011.png,894,952,1,1,1,1,1
fr3_walking_halfsphere,203,1341846441.882149,rgb/1341846441.882149.png,902,963,1,1,1,1,1
fr3_walking_halfsphere,204,1341846441.918074,rgb/1341846441.918074.png,894,961,1,1,1,1,1
fr3_walking_halfsphere,205,1341846441.950113,rgb/1341846441.950113.png,902,958,1,1,1,1,1
fr3_walking_halfsphere,206,1341846441.986157,rgb/1341846441.986157.png,906,979,1,1,1,1,1
fr3_walking_halfsphere,207,1341846442.018070,rgb/1341846442.018070.png,917,978,1,1,1,1,1
fr3_walking_halfsphere,208,1341846442.050044,rgb/1341846442.050044.png,945,896,1,1,1,1,1
fr3_walking_halfsphere,209,1341846442.086050,rgb/1341846442.086050.png,849,1024,1,1,1,1,1
fr3_walking_halfsphere,210,1341846442.118273,rgb/1341846442.118273.png,1013,1060,1,1,1,1,1
fr3_walking_halfsphere,211,1341846442.150914,rgb/1341846442.150914.png,1034,1083,1,1,1,1,1
fr3_walking_halfsphere,212,1341846442.186309,rgb/1341846442.186309.png,1104,1137,1,1,1,1,1
fr3_walking_halfsphere,213,1341846442.254276,rgb/1341846442.254276.png,1145,1185,1,1,1,1,1
fr3_walking_halfsphere,214,1341846442.286112,rgb/1341846442.286112.png,1027,1184,1,1,1,1,1
fr3_walking_halfsphere,215,1341846442.318240,rgb/1341846442.318240.png,1379,1399,1,1,1,1,1
fr3_walking_halfsphere,216,1341846442.359932,rgb/1341846442.359932.png,1409,1425,1,1,1,1,1
fr3_walking_halfsphere,217,1341846442.417971,rgb/1341846442.417971.png,1669,1671,1,1,1,1,1
fr3_walking_halfsphere,218,1341846442.455016,rgb/1341846442.455016.png,1503,1368,1,1,1,1,1
fr3_walking_halfsphere,219,1341846442.486191,rgb/1341846442.486191.png,1858,1866,1,1,1,1,1
fr3_walking_halfsphere,220,1341846442.522074,rgb/1341846442.522074.png,1319,1963,1,1,1,1,1
fr3_walking_halfsphere,221,1341846442.553917,rgb/1341846442.553917.png,0,0,1,0,0,0,0
fr3_walking_halfsphere,222,1341846442.585989,rgb/1341846442.585989.png,0,0,1,0,0,0,0
fr3_walking_halfsphere,223,1341846442.627895,rgb/1341846442.627895.png,0,0,1,0,0,0,0
fr3_walking_halfsphere,224,1341846442.686166,rgb/1341846442.686166.png,0,0,1,0,0,0,0
fr3_walking_halfsphere,225,1341846442.721990,rgb/1341846442.721990.png,0,0,1,0,0,0,0
fr3_walking_halfsphere,226,1341846442.754276,rgb/1341846442.754276.png,0,0,1,0,0,0,0
fr3_walking_halfsphere,227,1341846442.790054,rgb/1341846442.790054.png,0,0,1,0,0,0,0
fr3_walking_halfsphere,228,1341846442.822072,rgb/1341846442.822072.png,0,0,1,0,0,0,0
fr3_walking_halfsphere,229,1341846442.854093,rgb/1341846442.854093.png,0,0,1,0,0,0,0
fr3_walking_halfsphere,230,1341846442.889944,rgb/1341846442.889944.png,0,0,1,0,0,0,0
fr3_walking_halfsphere,231,1341846442.922114,rgb/1341846442.922114.png,0,0,1,0,0,0,0
fr3_walking_halfsphere,232,1341846442.954040,rgb/1341846442.954040.png,0,0,1,0,0,0,0
fr3_walking_halfsphere,233,1341846442.989997,rgb/1341846442.989997.png,0,0,1,0,0,0,0
fr3_walking_halfsphere,234,1341846443.022264,rgb/1341846443.022264.png,0,0,1,0,0,0,0
fr3_walking_halfsphere,235,1341846443.058071,rgb/1341846443.058071.png,0,0,1,0,0,0,0
fr3_walking_halfsphere,236,1341846443.090123,rgb/1341846443.090123.png,0,0,1,0,0,0,0
fr3_walking_halfsphere,237,1341846443.122143,rgb/1341846443.122143.png,0,0,1,0,0,0,0
fr3_walking_halfsphere,238,1341846443.158076,rgb/1341846443.158076.png,0,0,1,0,0,0,0
fr3_walking_halfsphere,239,1341846443.190201,rgb/1341846443.190201.png,0,0,1,0,0,0,0
fr3_walking_halfsphere,240,1341846443.226121,rgb/1341846443.226121.png,0,0,1,0,0,0,0
fr3_walking_halfsphere,241,1341846443.257975,rgb/1341846443.257975.png,0,0,1,0,0,0,0
fr3_walking_halfsphere,242,1341846443.289997,rgb/1341846443.289997.png,1208,0,1,0,0,0,0
fr3_walking_halfsphere,243,1341846443.326118,rgb/1341846443.326118.png,0,0,1,0,0,0,0
fr3_walking_halfsphere,244,1341846443.358067,rgb/1341846443.358067.png,0,0,1,0,0,0,0
fr3_walking_halfsphere,245,1341846443.390137,rgb/1341846443.390137.png,0,0,1,0,0,0,0
fr3_walking_halfsphere,246,1341846443.426198,rgb/1341846443.426198.png,0,0,1,0,0,0,0
fr3_walking_halfsphere,247,1341846443.458405,rgb/1341846443.458405.png,0,0,1,0,0,0,0
fr3_walking_halfsphere,248,1341846443.494173,rgb/1341846443.494173.png,0,0,1,0,0,0,0
fr3_walking_halfsphere,249,1341846443.558139,rgb/1341846443.558139.png,0,0,1,0,0,0,0
fr3_walking_halfsphere,250,1341846443.594027,rgb/1341846443.594027.png,0,0,1,0,0,0,0
fr3_walking_halfsphere,251,1341846443.626290,rgb/1341846443.626290.png,0,0,1,0,0,0,0
fr3_walking_halfsphere,252,1341846443.658166,rgb/1341846443.658166.png,0,0,1,0,0,0,0
fr3_walking_halfsphere,253,1341846443.694065,rgb/1341846443.694065.png,0,0,1,0,0,0,0
fr3_walking_halfsphere,254,1341846443.726282,rgb/1341846443.726282.png,0,0,1,0,0,0,0
fr3_walking_halfsphere,255,1341846443.770837,rgb/1341846443.770837.png,0,0,1,0,0,0,0
fr3_walking_halfsphere,256,1341846443.800403,rgb/1341846443.800403.png,0,0,1,0,0,0,0
fr3_walking_halfsphere,257,1341846443.831984,rgb/1341846443.831984.png,0,0,1,0,0,0,0
fr3_walking_halfsphere,258,1341846443.868057,rgb/1341846443.868057.png,0,0,1,0,0,0,0
fr3_walking_halfsphere,259,1341846443.900439,rgb/1341846443.900439.png,0,0,1,0,0,0,0
fr3_walking_halfsphere,260,1341846443.932086,rgb/1341846443.932086.png,0,0,1,0,0,0,0
fr3_walking_halfsphere,261,1341846443.993912,rgb/1341846443.993912.png,0,0,1,0,0,0,0
fr3_walking_halfsphere,262,1341846444.029924,rgb/1341846444.029924.png,0,0,1,0,0,0,0
fr3_walking_halfsphere,263,1341846444.061948,rgb/1341846444.061948.png,0,0,1,0,0,0,0
fr3_walking_halfsphere,264,1341846444.093984,rgb/1341846444.093984.png,0,0,1,0,0,0,0
fr3_walking_halfsphere,265,1341846444.129916,rgb/1341846444.129916.png,0,0,1,0,0,0,0
fr3_walking_halfsphere,266,1341846444.162326,rgb/1341846444.162326.png,0,0,1,0,0,0,0
fr3_walking_halfsphere,267,1341846444.198431,rgb/1341846444.198431.png,0,0,1,0,0,0,0
fr3_walking_halfsphere,268,1341846444.229953,rgb/1341846444.229953.png,0,0,1,0,0,0,0
fr3_walking_halfsphere,269,1341846444.261919,rgb/1341846444.261919.png,0,0,1,0,0,0,0
fr3_walking_halfsphere,270,1341846444.298029,rgb/1341846444.298029.png,0,0,1,0,0,0,0
fr3_walking_halfsphere,271,1341846444.335959,rgb/1341846444.335959.png,0,0,1,0,0,0,0
fr3_walking_halfsphere,272,1341846444.398189,rgb/1341846444.398189.png,0,0,1,0,0,0,0
fr3_walking_halfsphere,273,1341846444.429979,rgb/1341846444.429979.png,0,0,1,0,0,0,0
fr3_walking_halfsphere,274,1341846444.466022,rgb/1341846444.466022.png,0,0,1,0,0,0,0
fr3_walking_halfsphere,275,1341846444.498181,rgb/1341846444.498181.png,0,0,1,0,0,0,0
fr3_walking_halfsphere,276,1341846444.530364,rgb/1341846444.530364.png,0,0,1,0,0,0,0
fr3_walking_halfsphere,277,1341846444.566040,rgb/1341846444.566040.png,0,0,1,0,0,0,0
fr3_walking_halfsphere,278,1341846444.598132,rgb/1341846444.598132.png,0,0,1,0,0,0,0
fr3_walking_halfsphere,279,1341846444.630024,rgb/1341846444.630024.png,0,0,1,0,0,0,0
fr3_walking_halfsphere,280,1341846444.666108,rgb/1341846444.666108.png,0,0,1,0,0,0,0
fr3_walking_halfsphere,281,1341846444.697995,rgb/1341846444.697995.png,0,0,1,0,0,0,0
fr3_walking_halfsphere,282,1341846444.734205,rgb/1341846444.734205.png,0,0,1,0,0,0,0
fr3_walking_halfsphere,283,1341846444.766262,rgb/1341846444.766262.png,0,0,1,0,0,0,0
fr3_walking_halfsphere,284,1341846444.798037,rgb/1341846444.798037.png,0,0,1,0,0,0,0
fr3_walking_halfsphere,285,1341846444.833972,rgb/1341846444.833972.png,0,0,1,0,0,0,0
fr3_walking_halfsphere,286,1341846444.866116,rgb/1341846444.866116.png,0,0,1,0,0,0,0
fr3_walking_halfsphere,287,1341846444.898025,rgb/1341846444.898025.png,198,0,1,0,0,0,0
fr3_walking_halfsphere,288,1341846444.934155,rgb/1341846444.934155.png,0,0,1,0,0,0,0
fr3_walking_halfsphere,289,1341846444.972057,rgb/1341846444.972057.png,0,0,1,0,0,0,0
fr3_walking_halfsphere,290,1341846445.034071,rgb/1341846445.034071.png,0,0,1,0,0,0,0
fr3_walking_halfsphere,291,1341846445.065987,rgb/1341846445.065987.png,0,0,1,0,0,0,0
fr3_walking_halfsphere,292,1341846445.102399,rgb/1341846445.102399.png,0,0,1,0,0,0,0
fr3_walking_halfsphere,293,1341846445.134054,rgb/1341846445.134054.png,0,0,1,0,0,0,0
fr3_walking_halfsphere,294,1341846445.170198,rgb/1341846445.170198.png,0,0,1,0,0,0,0
fr3_walking_halfsphere,295,1341846445.202068,rgb/1341846445.202068.png,0,0,1,0,0,0,0
fr3_walking_halfsphere,296,1341846445.234202,rgb/1341846445.234202.png,215,0,1,0,0,0,0
fr3_walking_halfsphere,297,1341846445.270262,rgb/1341846445.270262.png,0,0,1,0,0,0,0
fr3_walking_halfsphere,298,1341846445.334212,rgb/1341846445.334212.png,0,1438,1,0,0,0,0
fr3_walking_halfsphere,299,1341846445.370095,rgb/1341846445.370095.png,0,1428,1,0,0,0,0
fr3_walking_halfsphere,300,1341846445.401934,rgb/1341846445.401934.png,1311,1671,1,1,1,1,1
fr3_walking_halfsphere,301,1341846445.437937,rgb/1341846445.437937.png,1312,1721,1,1,1,1,1
fr3_walking_halfsphere,302,1341846445.469984,rgb/1341846445.469984.png,1529,1717,1,1,1,1,1
fr3_walking_halfsphere,303,1341846445.502004,rgb/1341846445.502004.png,1645,1787,1,1,1,1,1
fr3_walking_halfsphere,304,1341846445.537946,rgb/1341846445.537946.png,1668,1783,1,1,1,1,1
fr3_walking_halfsphere,305,1341846445.570063,rgb/1341846445.570063.png,1650,1758,1,1,1,1,1
fr3_walking_halfsphere,306,1341846445.602021,rgb/1341846445.602021.png,1640,1745,1,1,1,1,1
fr3_walking_halfsphere,307,1341846445.638006,rgb/1341846445.638006.png,1615,1726,1,1,1,1,1
fr3_walking_halfsphere,308,1341846445.670085,rgb/1341846445.670085.png,1574,1720,1,1,1,1,1
fr3_walking_halfsphere,309,1341846445.706037,rgb/1341846445.706037.png,1670,1784,1,1,1,1,1
fr3_walking_halfsphere,310,1341846445.738075,rgb/1341846445.738075.png,1687,1804,1,1,1,1,1
fr3_walking_halfsphere,311,1341846445.770102,rgb/1341846445.770102.png,1679,1790,1,1,1,1,1
fr3_walking_halfsphere,312,1341846445.806006,rgb/1341846445.806006.png,1670,1775,1,1,1,1,1
fr3_walking_halfsphere,313,1341846445.838049,rgb/1341846445.838049.png,1675,1813,1,1,1,1,1
fr3_walking_halfsphere,314,1341846445.870081,rgb/1341846445.870081.png,1674,1803,1,1,1,1,1
fr3_walking_halfsphere,315,1341846445.906156,rgb/1341846445.906156.png,1714,1851,1,1,1,1,1
fr3_walking_halfsphere,316,1341846445.938036,rgb/1341846445.938036.png,1698,1833,1,1,1,1,1
fr3_walking_halfsphere,317,1341846445.974028,rgb/1341846445.974028.png,1685,1805,1,1,1,1,1
fr3_walking_halfsphere,318,1341846446.006089,rgb/1341846446.006089.png,1683,1810,1,1,1,1,1
fr3_walking_halfsphere,319,1341846446.038148,rgb/1341846446.038148.png,1660,1816,1,1,1,1,1
fr3_walking_halfsphere,320,1341846446.073973,rgb/1341846446.073973.png,1706,1868,1,1,1,1,1
fr3_walking_halfsphere,321,1341846446.106021,rgb/1341846446.106021.png,1764,1872,1,1,1,1,1
fr3_walking_halfsphere,322,1341846446.138290,rgb/1341846446.138290.png,1748,1875,1,1,1,1,1
fr3_walking_halfsphere,323,1341846446.174003,rgb/1341846446.174003.png,1695,1832,1,1,1,1,1
fr3_walking_halfsphere,324,1341846446.206154,rgb/1341846446.206154.png,1700,1824,1,1,1,1,1
fr3_walking_halfsphere,325,1341846446.242005,rgb/1341846446.242005.png,1762,1888,1,1,1,1,1
fr3_walking_halfsphere,326,1341846446.273991,rgb/1341846446.273991.png,1723,1835,1,1,1,1,1
fr3_walking_halfsphere,327,1341846446.306170,rgb/1341846446.306170.png,1744,1857,1,1,1,1,1
fr3_walking_halfsphere,328,1341846446.342032,rgb/1341846446.342032.png,1753,1873,1,1,1,1,1
fr3_walking_halfsphere,329,1341846446.373966,rgb/1341846446.373966.png,1764,1094,1,1,1,1,1
fr3_walking_halfsphere,330,1341846446.410081,rgb/1341846446.410081.png,1781,1323,1,1,1,1,1
fr3_walking_halfsphere,331,1341846446.441987,rgb/1341846446.441987.png,1170,1303,1,1,1,1,1
fr3_walking_halfsphere,332,1341846446.474066,rgb/1341846446.474066.png,1340,1318,1,1,1,1,1
fr3_walking_halfsphere,333,1341846446.510038,rgb/1341846446.510038.png,1393,1359,1,1,1,1,1
fr3_walking_halfsphere,334,1341846446.542120,rgb/1341846446.542120.png,1403,1369,1,1,1,1,1
fr3_walking_halfsphere,335,1341846446.574035,rgb/1341846446.574035.png,1369,1348,1,1,1,1,1
fr3_walking_halfsphere,336,1341846446.610113,rgb/1341846446.610113.png,1388,1354,1,1,1,1,1
fr3_walking_halfsphere,337,1341846446.642107,rgb/1341846446.642107.png,1379,1339,1,1,1,1,1
fr3_walking_halfsphere,338,1341846446.678096,rgb/1341846446.678096.png,1356,1337,1,1,1,1,1
fr3_walking_halfsphere,339,1341846446.710293,rgb/1341846446.710293.png,1370,1343,1,1,1,1,1
fr3_walking_halfsphere,340,1341846446.742013,rgb/1341846446.742013.png,1382,1378,1,1,1,1,1
fr3_walking_halfsphere,341,1341846446.778116,rgb/1341846446.778116.png,1393,1353,1,1,1,1,1
fr3_walking_halfsphere,342,1341846446.810247,rgb/1341846446.810247.png,1412,1371,1,1,1,1,1
fr3_walking_halfsphere,343,1341846446.842072,rgb/1341846446.842072.png,1413,1369,1,1,1,1,1
fr3_walking_halfsphere,344,1341846446.877989,rgb/1341846446.877989.png,1400,1385,1,1,1,1,1
fr3_walking_halfsphere,345,1341846446.910210,rgb/1341846446.910210.png,1360,1341,1,1,1,1,1
fr3_walking_halfsphere,346,1341846446.979416,rgb/1341846446.979416.png,1356,1365,1,1,1,1,1
fr3_walking_halfsphere,347,1341846447.048442,rgb/1341846447.048442.png,1396,1402,1,1,1,1,1
fr3_walking_halfsphere,348,1341846447.110128,rgb/1341846447.110128.png,1385,1391,1,1,1,1,1
fr3_walking_halfsphere,349,1341846447.146292,rgb/1341846447.146292.png,1354,1384,1,1,1,1,1
fr3_walking_halfsphere,350,1341846447.179789,rgb/1341846447.179789.png,1398,1417,1,1,1,1,1
fr3_walking_halfsphere,351,1341846447.216160,rgb/1341846447.216160.png,1417,1434,1,1,1,1,1
fr3_walking_halfsphere,352,1341846447.252104,rgb/1341846447.252104.png,1444,1459,1,1,1,1,1
fr3_walking_halfsphere,353,1341846447.284847,rgb/1341846447.284847.png,1437,1487,1,1,1,1,1
fr3_walking_halfsphere,354,1341846447.320107,rgb/1341846447.320107.png,1417,1451,1,1,1,1,1
fr3_walking_halfsphere,355,1341846447.352050,rgb/1341846447.352050.png,1431,1464,1,1,1,1,1
fr3_walking_halfsphere,356,1341846447.383924,rgb/1341846447.383924.png,1427,1471,1,1,1,1,1
fr3_walking_halfsphere,357,1341846447.420069,rgb/1341846447.420069.png,1444,1495,1,1,1,1,1
fr3_walking_halfsphere,358,1341846447.452015,rgb/1341846447.452015.png,1444,1468,1,1,1,1,1
fr3_walking_halfsphere,359,1341846447.488160,rgb/1341846447.488160.png,1453,1472,1,1,1,1,1
fr3_walking_halfsphere,360,1341846447.520057,rgb/1341846447.520057.png,1445,1490,1,1,1,1,1
fr3_walking_halfsphere,361,1341846447.551976,rgb/1341846447.551976.png,1446,1292,1,1,1,1,1
fr3_walking_halfsphere,362,1341846447.588058,rgb/1341846447.588058.png,1469,1577,1,1,1,1,1
fr3_walking_halfsphere,363,1341846447.620036,rgb/1341846447.620036.png,1442,1503,1,1,1,1,1
fr3_walking_halfsphere,364,1341846447.656059,rgb/1341846447.656059.png,1457,1607,1,1,1,1,1
fr3_walking_halfsphere,365,1341846447.688035,rgb/1341846447.688035.png,1439,1544,1,1,1,1,1
fr3_walking_halfsphere,366,1341846447.719948,rgb/1341846447.719948.png,1445,1540,1,1,1,1,1
fr3_walking_halfsphere,367,1341846447.756116,rgb/1341846447.756116.png,1438,1527,1,1,1,1,1
fr3_walking_halfsphere,368,1341846447.787990,rgb/1341846447.787990.png,1433,1531,1,1,1,1,1
fr3_walking_halfsphere,369,1341846447.823997,rgb/1341846447.823997.png,1473,1576,1,1,1,1,1
fr3_walking_halfsphere,370,1341846447.856048,rgb/1341846447.856048.png,1453,1542,1,1,1,1,1
fr3_walking_halfsphere,371,1341846447.888261,rgb/1341846447.888261.png,1460,1557,1,1,1,1,1
fr3_walking_halfsphere,372,1341846447.924141,rgb/1341846447.924141.png,1479,1561,1,1,1,1,1
fr3_walking_halfsphere,373,1341846447.956316,rgb/1341846447.956316.png,1483,1553,1,1,1,1,1
fr3_walking_halfsphere,374,1341846447.992036,rgb/1341846447.992036.png,1464,1542,1,1,1,1,1
fr3_walking_halfsphere,375,1341846448.024057,rgb/1341846448.024057.png,1449,1527,1,1,1,1,1
fr3_walking_halfsphere,376,1341846448.092100,rgb/1341846448.092100.png,1491,1595,1,1,1,1,1
fr3_walking_halfsphere,377,1341846448.150222,rgb/1341846448.150222.png,1457,1544,1,1,1,1,1
fr3_walking_halfsphere,378,1341846448.186133,rgb/1341846448.186133.png,1460,1529,1,1,1,1,1
fr3_walking_halfsphere,379,1341846448.218203,rgb/1341846448.218203.png,1436,1570,1,1,1,1,1
fr3_walking_halfsphere,380,1341846448.250175,rgb/1341846448.250175.png,1252,1560,1,1,1,1,1
fr3_walking_halfsphere,381,1341846448.286053,rgb/1341846448.286053.png,1568,1557,1,1,1,1,1
fr3_walking_halfsphere,382,1341846448.318080,rgb/1341846448.318080.png,1563,1512,1,1,1,1,1
fr3_walking_halfsphere,383,1341846448.350345,rgb/1341846448.350345.png,1526,1521,1,1,1,1,1
fr3_walking_halfsphere,384,1341846448.385982,rgb/1341846448.385982.png,1526,1522,1,1,1,1,1
fr3_walking_halfsphere,385,1341846448.417971,rgb/1341846448.417971.png,1539,1530,1,1,1,1,1
fr3_walking_halfsphere,386,1341846448.454017,rgb/1341846448.454017.png,1571,1584,1,1,1,1,1
fr3_walking_halfsphere,387,1341846448.486068,rgb/1341846448.486068.png,1563,1545,1,1,1,1,1
fr3_walking_halfsphere,388,1341846448.518032,rgb/1341846448.518032.png,1564,1530,1,1,1,1,1
fr3_walking_halfsphere,389,1341846448.553970,rgb/1341846448.553970.png,1557,1518,1,1,1,1,1
fr3_walking_halfsphere,390,1341846448.586105,rgb/1341846448.586105.png,1553,1527,1,1,1,1,1
fr3_walking_halfsphere,391,1341846448.621936,rgb/1341846448.621936.png,1562,1553,1,1,1,1,1
fr3_walking_halfsphere,392,1341846448.653943,rgb/1341846448.653943.png,1579,1571,1,1,1,1,1
fr3_walking_halfsphere,393,1341846448.686150,rgb/1341846448.686150.png,1591,1553,1,1,1,1,1
fr3_walking_halfsphere,394,1341846448.722086,rgb/1341846448.722086.png,1582,1540,1,1,1,1,1
fr3_walking_halfsphere,395,1341846448.753983,rgb/1341846448.753983.png,1524,1512,1,1,1,1,1
fr3_walking_halfsphere,396,1341846448.786053,rgb/1341846448.786053.png,1523,1507,1,1,1,1,1
fr3_walking_halfsphere,397,1341846448.822019,rgb/1341846448.822019.png,1535,1515,1,1,1,1,1
fr3_walking_halfsphere,398,1341846448.854125,rgb/1341846448.854125.png,1553,1537,1,1,1,1,1
fr3_walking_halfsphere,399,1341846448.890063,rgb/1341846448.890063.png,1551,1560,1,1,1,1,1
fr3_walking_halfsphere,400,1341846448.922419,rgb/1341846448.922419.png,1556,1512,1,1,1,1,1
fr3_walking_halfsphere,401,1341846448.954059,rgb/1341846448.954059.png,1580,1562,1,1,1,1,1
fr3_walking_halfsphere,402,1341846448.990056,rgb/1341846448.990056.png,1339,1341,1,1,1,1,1
fr3_walking_halfsphere,403,1341846449.022043,rgb/1341846449.022043.png,1719,1722,1,1,1,1,1
fr3_walking_halfsphere,404,1341846449.054021,rgb/1341846449.054021.png,1737,1725,1,1,1,1,1
fr3_walking_halfsphere,405,1341846449.090060,rgb/1341846449.090060.png,1791,1773,1,1,1,1,1
fr3_walking_halfsphere,406,1341846449.121998,rgb/1341846449.121998.png,1817,1802,1,1,1,1,1
fr3_walking_halfsphere,407,1341846449.158114,rgb/1341846449.158114.png,1796,1787,1,1,1,1,1
fr3_walking_halfsphere,408,1341846449.190066,rgb/1341846449.190066.png,1790,1783,1,1,1,1,1
fr3_walking_halfsphere,409,1341846449.222044,rgb/1341846449.222044.png,1366,1774,1,1,1,1,1
fr3_walking_halfsphere,410,1341846449.258032,rgb/1341846449.258032.png,1777,1370,1,1,1,1,1
fr3_walking_halfsphere,411,1341846449.290278,rgb/1341846449.290278.png,1754,1720,1,1,1,1,1
fr3_walking_halfsphere,412,1341846449.321912,rgb/1341846449.321912.png,1804,1750,1,1,1,1,1
fr3_walking_halfsphere,413,1341846449.357984,rgb/1341846449.357984.png,1814,1777,1,1,1,1,1
fr3_walking_halfsphere,414,1341846449.390027,rgb/1341846449.390027.png,1772,1775,1,1,1,1,1
fr3_walking_halfsphere,415,1341846449.426101,rgb/1341846449.426101.png,1400,1794,1,1,1,1,1
fr3_walking_halfsphere,416,1341846449.458035,rgb/1341846449.458035.png,1855,1847,1,1,1,1,1
fr3_walking_halfsphere,417,1341846449.490185,rgb/1341846449.490185.png,1821,1832,1,1,1,1,1
fr3_walking_halfsphere,418,1341846449.525989,rgb/1341846449.525989.png,1815,1401,1,1,1,1,1
fr3_walking_halfsphere,419,1341846449.558288,rgb/1341846449.558288.png,1546,1805,1,1,1,1,1
fr3_walking_halfsphere,420,1341846449.594265,rgb/1341846449.594265.png,1837,1567,1,1,1,1,1
fr3_walking_halfsphere,421,1341846449.626133,rgb/1341846449.626133.png,1828,1759,1,1,1,1,1
fr3_walking_halfsphere,422,1341846449.658161,rgb/1341846449.658161.png,1873,1596,1,1,1,1,1
fr3_walking_halfsphere,423,1341846449.694129,rgb/1341846449.694129.png,1453,1646,1,1,1,1,1
fr3_walking_halfsphere,424,1341846449.725937,rgb/1341846449.725937.png,1660,1561,1,1,1,1,1
fr3_walking_halfsphere,425,1341846449.757969,rgb/1341846449.757969.png,1440,1582,1,1,1,1,1
fr3_walking_halfsphere,426,1341846449.794073,rgb/1341846449.794073.png,1690,1445,1,1,1,1,1
fr3_walking_halfsphere,427,1341846449.826150,rgb/1341846449.826150.png,1517,1645,1,1,1,1,1
fr3_walking_halfsphere,428,1341846449.861992,rgb/1341846449.861992.png,1808,1459,1,1,1,1,1
fr3_walking_halfsphere,429,1341846449.894052,rgb/1341846449.894052.png,1499,1788,1,1,1,1,1
fr3_walking_halfsphere,430,1341846449.925963,rgb/1341846449.925963.png,1623,1714,1,1,1,1,1
fr3_walking_halfsphere,431,1341846449.962133,rgb/1341846449.962133.png,1806,1649,1,1,1,1,1
fr3_walking_halfsphere,432,1341846449.994047,rgb/1341846449.994047.png,2024,1886,1,1,1,1,1
fr3_walking_halfsphere,433,1341846450.026443,rgb/1341846450.026443.png,1833,1871,1,1,1,1,1
fr3_walking_halfsphere,434,1341846450.062040,rgb/1341846450.062040.png,1666,1802,1,1,1,1,1
fr3_walking_halfsphere,435,1341846450.094160,rgb/1341846450.094160.png,1915,1912,1,1,1,1,1
fr3_walking_halfsphere,436,1341846450.130133,rgb/1341846450.130133.png,1876,1985,1,1,1,1,1
fr3_walking_halfsphere,437,1341846450.161911,rgb/1341846450.161911.png,1893,1916,1,1,1,1,1
fr3_walking_halfsphere,438,1341846450.194126,rgb/1341846450.194126.png,1922,1922,1,1,1,1,1
fr3_walking_halfsphere,439,1341846450.230042,rgb/1341846450.230042.png,1604,1881,1,1,1,1,1
fr3_walking_halfsphere,440,1341846450.262009,rgb/1341846450.262009.png,1656,1554,1,1,1,1,1
fr3_walking_halfsphere,441,1341846450.294220,rgb/1341846450.294220.png,1759,1846,1,1,1,1,1
fr3_walking_halfsphere,442,1341846450.330052,rgb/1341846450.330052.png,1912,1890,1,1,1,1,1
fr3_walking_halfsphere,443,1341846450.361929,rgb/1341846450.361929.png,1970,2051,1,1,1,1,1
fr3_walking_halfsphere,444,1341846450.398035,rgb/1341846450.398035.png,1759,2062,1,1,1,1,1
fr3_walking_halfsphere,445,1341846450.429941,rgb/1341846450.429941.png,1981,2038,1,1,1,1,1
fr3_walking_halfsphere,446,1341846450.461928,rgb/1341846450.461928.png,1996,2061,1,1,1,1,1
fr3_walking_halfsphere,447,1341846450.498062,rgb/1341846450.498062.png,1905,1874,1,1,1,1,1
fr3_walking_halfsphere,448,1341846450.529969,rgb/1341846450.529969.png,1888,1452,1,1,1,1,1
fr3_walking_halfsphere,449,1341846450.561983,rgb/1341846450.561983.png,1827,1503,1,1,1,1,1
fr3_walking_halfsphere,450,1341846450.598097,rgb/1341846450.598097.png,1412,1563,1,1,1,1,1
fr3_walking_halfsphere,451,1341846450.630436,rgb/1341846450.630436.png,1525,1610,1,1,1,1,1
fr3_walking_halfsphere,452,1341846450.666178,rgb/1341846450.666178.png,1396,1643,1,1,1,1,1
fr3_walking_halfsphere,453,1341846450.698174,rgb/1341846450.698174.png,1523,1616,1,1,1,1,1
fr3_walking_halfsphere,454,1341846450.730214,rgb/1341846450.730214.png,1526,1152,1,1,1,1,1
fr3_walking_halfsphere,455,1341846450.765977,rgb/1341846450.765977.png,1137,1109,1,1,1,1,1
fr3_walking_halfsphere,456,1341846450.798042,rgb/1341846450.798042.png,1553,1172,1,1,1,1,1
fr3_walking_halfsphere,457,1341846450.834020,rgb/1341846450.834020.png,1467,1250,1,1,1,1,1
fr3_walking_halfsphere,458,1341846450.866022,rgb/1341846450.866022.png,1472,1319,1,1,1,1,1
fr3_walking_halfsphere,459,1341846450.898067,rgb/1341846450.898067.png,1534,1136,1,1,1,1,1
fr3_walking_halfsphere,460,1341846450.934091,rgb/1341846450.934091.png,1128,934,1,1,1,1,1
fr3_walking_halfsphere,461,1341846450.966100,rgb/1341846450.966100.png,1252,945,1,1,1,1,1
fr3_walking_halfsphere,462,1341846450.998096,rgb/1341846450.998096.png,1111,956,1,1,1,1,1
fr3_walking_halfsphere,463,1341846451.034057,rgb/1341846451.034057.png,938,1238,1,1,1,1,1
fr3_walking_halfsphere,464,1341846451.068370,rgb/1341846451.068370.png,1477,1459,1,1,1,1,1
fr3_walking_halfsphere,465,1341846451.102153,rgb/1341846451.102153.png,1411,1002,1,1,1,1,1
fr3_walking_halfsphere,466,1341846451.133979,rgb/1341846451.133979.png,1624,1027,1,1,1,1,1
fr3_walking_halfsphere,467,1341846451.165987,rgb/1341846451.165987.png,1569,1332,1,1,1,1,1
fr3_walking_halfsphere,468,1341846451.202275,rgb/1341846451.202275.png,1348,1148,1,1,1,1,1
fr3_walking_halfsphere,469,1341846451.234790,rgb/1341846451.234790.png,1418,1175,1,1,1,1,1
fr3_walking_halfsphere,470,1341846451.302134,rgb/1341846451.302134.png,1453,1157,1,1,1,1,1
fr3_walking_halfsphere,471,1341846451.334095,rgb/1341846451.334095.png,1165,1173,1,1,1,1,1
fr3_walking_halfsphere,472,1341846451.370064,rgb/1341846451.370064.png,1385,1149,1,1,1,1,1
fr3_walking_halfsphere,473,1341846451.402007,rgb/1341846451.402007.png,1180,1164,1,1,1,1,1
fr3_walking_halfsphere,474,1341846451.434004,rgb/1341846451.434004.png,1183,1163,1,1,1,1,1
fr3_walking_halfsphere,475,1341846451.470107,rgb/1341846451.470107.png,1223,1200,1,1,1,1,1
fr3_walking_halfsphere,476,1341846451.502266,rgb/1341846451.502266.png,1367,1244,1,1,1,1,1
fr3_walking_halfsphere,477,1341846451.534027,rgb/1341846451.534027.png,1278,1330,1,1,1,1,1
fr3_walking_halfsphere,478,1341846451.570038,rgb/1341846451.570038.png,1125,1350,1,1,1,1,1
fr3_walking_halfsphere,479,1341846451.601887,rgb/1341846451.601887.png,1365,1375,1,1,1,1,1
fr3_walking_halfsphere,480,1341846451.637996,rgb/1341846451.637996.png,1263,1386,1,1,1,1,1
fr3_walking_halfsphere,481,1341846451.669951,rgb/1341846451.669951.png,1330,1439,1,1,1,1,1
fr3_walking_halfsphere,482,1341846451.702077,rgb/1341846451.702077.png,1643,1466,1,1,1,1,1
fr3_walking_halfsphere,483,1341846451.737995,rgb/1341846451.737995.png,1652,1545,1,1,1,1,1
fr3_walking_halfsphere,484,1341846451.770041,rgb/1341846451.770041.png,1555,1536,1,1,1,1,1
fr3_walking_halfsphere,485,1341846451.806071,rgb/1341846451.806071.png,1803,1553,1,1,1,1,1
fr3_walking_halfsphere,486,1341846451.838004,rgb/1341846451.838004.png,1845,1592,1,1,1,1,1
fr3_walking_halfsphere,487,1341846451.870027,rgb/1341846451.870027.png,1864,1281,1,1,1,1,1
fr3_walking_halfsphere,488,1341846451.905961,rgb/1341846451.905961.png,1881,1529,1,1,1,1,1
fr3_walking_halfsphere,489,1341846451.937970,rgb/1341846451.937970.png,1860,1536,1,1,1,1,1
fr3_walking_halfsphere,490,1341846451.970138,rgb/1341846451.970138.png,1769,1524,1,1,1,1,1
fr3_walking_halfsphere,491,1341846452.006080,rgb/1341846452.006080.png,1440,1510,1,1,1,1,1
fr3_walking_halfsphere,492,1341846452.037935,rgb/1341846452.037935.png,1659,1508,1,1,1,1,1
fr3_walking_halfsphere,493,1341846452.073949,rgb/1341846452.073949.png,1631,1547,1,1,1,1,1
fr3_walking_halfsphere,494,1341846452.105977,rgb/1341846452.105977.png,1731,1522,1,1,1,1,1
fr3_walking_halfsphere,495,1341846452.138008,rgb/1341846452.138008.png,1829,1527,1,1,1,1,1
fr3_walking_halfsphere,496,1341846452.174074,rgb/1341846452.174074.png,1826,1499,1,1,1,1,1
fr3_walking_halfsphere,497,1341846452.206235,rgb/1341846452.206235.png,1816,1491,1,1,1,1,1
fr3_walking_halfsphere,498,1341846452.238073,rgb/1341846452.238073.png,1730,1481,1,1,1,1,1
fr3_walking_halfsphere,499,1341846452.274106,rgb/1341846452.274106.png,1487,1844,1,1,1,1,1
fr3_walking_halfsphere,500,1341846452.306097,rgb/1341846452.306097.png,1752,1820,1,1,1,1,1
fr3_walking_halfsphere,501,1341846452.342082,rgb/1341846452.342082.png,1809,1450,1,1,1,1,1
fr3_walking_halfsphere,502,1341846452.374034,rgb/1341846452.374034.png,1864,1537,1,1,1,1,1
fr3_walking_halfsphere,503,1341846452.406041,rgb/1341846452.406041.png,1842,1501,1,1,1,1,1
fr3_walking_halfsphere,504,1341846452.442053,rgb/1341846452.442053.png,1834,1502,1,1,1,1,1
fr3_walking_halfsphere,505,1341846452.474108,rgb/1341846452.474108.png,1641,1491,1,1,1,1,1
fr3_walking_halfsphere,506,1341846452.506073,rgb/1341846452.506073.png,1714,1514,1,1,1,1,1
fr3_walking_halfsphere,507,1341846452.542118,rgb/1341846452.542118.png,1875,1543,1,1,1,1,1
fr3_walking_halfsphere,508,1341846452.574108,rgb/1341846452.574108.png,1816,1547,1,1,1,1,1
fr3_walking_halfsphere,509,1341846452.610038,rgb/1341846452.610038.png,1811,1145,1,1,1,1,1
fr3_walking_halfsphere,510,1341846452.642126,rgb/1341846452.642126.png,1884,1389,1,1,1,1,1
fr3_walking_halfsphere,511,1341846452.674053,rgb/1341846452.674053.png,1811,1423,1,1,1,1,1
fr3_walking_halfsphere,512,1341846452.709891,rgb/1341846452.709891.png,1816,1423,1,1,1,1,1
fr3_walking_halfsphere,513,1341846452.742117,rgb/1341846452.742117.png,1743,1451,1,1,1,1,1
fr3_walking_halfsphere,514,1341846452.774020,rgb/1341846452.774020.png,1581,1103,1,1,1,1,1
fr3_walking_halfsphere,515,1341846452.810050,rgb/1341846452.810050.png,1799,1365,1,1,1,1,1
fr3_walking_halfsphere,516,1341846452.842060,rgb/1341846452.842060.png,1954,1527,1,1,1,1,1
fr3_walking_halfsphere,517,1341846452.910212,rgb/1341846452.910212.png,1764,1472,1,1,1,1,1
fr3_walking_halfsphere,518,1341846452.942284,rgb/1341846452.942284.png,2007,1772,1,1,1,1,1
fr3_walking_halfsphere,519,1341846452.978269,rgb/1341846452.978269.png,2101,1598,1,1,1,1,1
fr3_walking_halfsphere,520,1341846453.010078,rgb/1341846453.010078.png,1839,1774,1,1,1,1,1
fr3_walking_halfsphere,521,1341846453.046005,rgb/1341846453.046005.png,2151,1459,1,1,1,1,1
fr3_walking_halfsphere,522,1341846453.078276,rgb/1341846453.078276.png,1821,1780,1,1,1,1,1
fr3_walking_halfsphere,523,1341846453.111410,rgb/1341846453.111410.png,2120,1493,1,1,1,1,1
fr3_walking_halfsphere,524,1341846453.152099,rgb/1341846453.152099.png,2127,1776,1,1,1,1,1
fr3_walking_halfsphere,525,1341846453.210744,rgb/1341846453.210744.png,2128,1505,1,1,1,1,1
fr3_walking_halfsphere,526,1341846453.246368,rgb/1341846453.246368.png,2208,1853,1,1,1,1,1
fr3_walking_halfsphere,527,1341846453.281016,rgb/1341846453.281016.png,2396,1798,1,1,1,1,1
fr3_walking_halfsphere,528,1341846453.346478,rgb/1341846453.346478.png,2260,1438,1,1,1,1,1
fr3_walking_halfsphere,529,1341846453.413993,rgb/1341846453.413993.png,1836,1770,1,1,1,1,1
fr3_walking_halfsphere,530,1341846453.447282,rgb/1341846453.447282.png,2213,1667,1,1,1,1,1
fr3_walking_halfsphere,531,1341846453.489022,rgb/1341846453.489022.png,1655,1504,1,1,1,1,1
fr3_walking_halfsphere,532,1341846453.520074,rgb/1341846453.520074.png,1434,1443,1,1,1,1,1
fr3_walking_halfsphere,533,1341846453.552202,rgb/1341846453.552202.png,1558,1231,1,1,1,1,1
fr3_walking_halfsphere,534,1341846453.588242,rgb/1341846453.588242.png,1216,1111,1,1,1,1,1
fr3_walking_halfsphere,535,1341846453.619879,rgb/1341846453.619879.png,1271,1214,1,1,1,1,1
fr3_walking_halfsphere,536,1341846453.656024,rgb/1341846453.656024.png,1570,1087,1,1,1,1,1
fr3_walking_halfsphere,537,1341846453.687999,rgb/1341846453.687999.png,1342,1073,1,1,1,1,1
fr3_walking_halfsphere,538,1341846453.720025,rgb/1341846453.720025.png,1283,1074,1,1,1,1,1
fr3_walking_halfsphere,539,1341846453.756055,rgb/1341846453.756055.png,1084,1022,1,1,1,1,1
fr3_walking_halfsphere,540,1341846453.787935,rgb/1341846453.787935.png,0,0,1,0,0,0,0
fr3_walking_halfsphere,541,1341846453.824011,rgb/1341846453.824011.png,0,0,1,0,0,0,0
fr3_walking_halfsphere,542,1341846453.855942,rgb/1341846453.855942.png,0,0,1,0,0,0,0
fr3_walking_halfsphere,543,1341846453.888038,rgb/1341846453.888038.png,0,0,1,0,0,0,0
fr3_walking_halfsphere,544,1341846453.924065,rgb/1341846453.924065.png,0,0,1,0,0,0,0
fr3_walking_halfsphere,545,1341846453.955921,rgb/1341846453.955921.png,0,0,1,0,0,0,0
fr3_walking_halfsphere,546,1341846453.987940,rgb/1341846453.987940.png,0,0,1,0,0,0,0
fr3_walking_halfsphere,547,1341846454.024255,rgb/1341846454.024255.png,0,0,1,0,0,0,0
fr3_walking_halfsphere,548,1341846454.056313,rgb/1341846454.056313.png,0,0,1,0,0,0,0
fr3_walking_halfsphere,549,1341846454.088076,rgb/1341846454.088076.png,0,0,1,0,0,0,0
fr3_walking_halfsphere,550,1341846454.124105,rgb/1341846454.124105.png,0,0,1,0,0,0,0
fr3_walking_halfsphere,551,1341846454.156054,rgb/1341846454.156054.png,0,0,1,0,0,0,0
fr3_walking_halfsphere,552,1341846454.191955,rgb/1341846454.191955.png,0,0,1,0,0,0,0
fr3_walking_halfsphere,553,1341846454.224008,rgb/1341846454.224008.png,0,0,1,0,0,0,0
fr3_walking_halfsphere,554,1341846454.256124,rgb/1341846454.256124.png,0,0,1,0,0,0,0
fr3_walking_halfsphere,555,1341846454.291937,rgb/1341846454.291937.png,0,0,1,0,0,0,0
fr3_walking_halfsphere,556,1341846454.323981,rgb/1341846454.323981.png,0,0,1,0,0,0,0
fr3_walking_halfsphere,557,1341846454.355934,rgb/1341846454.355934.png,0,0,1,0,0,0,0
fr3_walking_halfsphere,558,1341846454.392062,rgb/1341846454.392062.png,0,0,1,0,0,0,0
fr3_walking_halfsphere,559,1341846454.423951,rgb/1341846454.423951.png,0,0,1,0,0,0,0
fr3_walking_halfsphere,560,1341846454.456041,rgb/1341846454.456041.png,0,0,1,0,0,0,0
fr3_walking_halfsphere,561,1341846454.492065,rgb/1341846454.492065.png,0,0,1,0,0,0,0
fr3_walking_halfsphere,562,1341846454.524037,rgb/1341846454.524037.png,0,0,1,0,0,0,0
fr3_walking_halfsphere,563,1341846454.555946,rgb/1341846454.555946.png,0,0,1,0,0,0,0
fr3_walking_halfsphere,564,1341846454.591893,rgb/1341846454.591893.png,0,0,1,0,0,0,0
fr3_walking_halfsphere,565,1341846454.624115,rgb/1341846454.624115.png,0,0,1,0,0,0,0
fr3_walking_halfsphere,566,1341846454.659990,rgb/1341846454.659990.png,0,0,1,0,0,0,0
fr3_walking_halfsphere,567,1341846454.691970,rgb/1341846454.691970.png,0,0,1,0,0,0,0
fr3_walking_halfsphere,568,1341846454.723925,rgb/1341846454.723925.png,0,0,1,0,0,0,0
fr3_walking_halfsphere,569,1341846454.759924,rgb/1341846454.759924.png,0,0,1,0,0,0,0
fr3_walking_halfsphere,570,1341846454.792135,rgb/1341846454.792135.png,0,0,1,0,0,0,0
fr3_walking_halfsphere,571,1341846454.823976,rgb/1341846454.823976.png,0,0,1,0,0,0,0
fr3_walking_halfsphere,572,1341846454.859970,rgb/1341846454.859970.png,0,0,1,0,0,0,0
fr3_walking_halfsphere,573,1341846454.892266,rgb/1341846454.892266.png,0,0,1,0,0,0,0
fr3_walking_halfsphere,574,1341846454.959988,rgb/1341846454.959988.png,0,0,1,0,0,0,0
fr3_walking_halfsphere,575,1341846455.022227,rgb/1341846455.022227.png,0,0,1,0,0,0,0
fr3_walking_halfsphere,576,1341846455.054099,rgb/1341846455.054099.png,0,0,1,0,0,0,0
fr3_walking_halfsphere,577,1341846455.090050,rgb/1341846455.090050.png,0,0,1,0,0,0,0
fr3_walking_halfsphere,578,1341846455.122055,rgb/1341846455.122055.png,0,0,1,0,0,0,0
fr3_walking_halfsphere,579,1341846455.153946,rgb/1341846455.153946.png,0,0,1,0,0,0,0
fr3_walking_halfsphere,580,1341846455.190190,rgb/1341846455.190190.png,0,0,1,0,0,0,0
fr3_walking_halfsphere,581,1341846455.222061,rgb/1341846455.222061.png,0,0,1,0,0,0,0
fr3_walking_halfsphere,582,1341846455.258176,rgb/1341846455.258176.png,0,0,1,0,0,0,0
fr3_walking_halfsphere,583,1341846455.289996,rgb/1341846455.289996.png,0,0,1,0,0,0,0
fr3_walking_halfsphere,584,1341846455.322654,rgb/1341846455.322654.png,0,0,1,0,0,0,0
fr3_walking_halfsphere,585,1341846455.358098,rgb/1341846455.358098.png,0,0,1,0,0,0,0
fr3_walking_halfsphere,586,1341846455.390002,rgb/1341846455.390002.png,0,0,1,0,0,0,0
fr3_walking_halfsphere,587,1341846455.422100,rgb/1341846455.422100.png,0,0,1,0,0,0,0
fr3_walking_halfsphere,588,1341846455.458125,rgb/1341846455.458125.png,0,0,1,0,0,0,0
fr3_walking_halfsphere,589,1341846455.490042,rgb/1341846455.490042.png,0,0,1,0,0,0,0
fr3_walking_halfsphere,590,1341846455.525978,rgb/1341846455.525978.png,0,0,1,0,0,0,0
fr3_walking_halfsphere,591,1341846455.558173,rgb/1341846455.558173.png,0,0,1,0,0,0,0
fr3_walking_halfsphere,592,1341846455.590092,rgb/1341846455.590092.png,0,0,1,0,0,0,0
fr3_walking_halfsphere,593,1341846455.625973,rgb/1341846455.625973.png,0,0,1,0,0,0,0
fr3_walking_halfsphere,594,1341846455.658077,rgb/1341846455.658077.png,0,0,1,0,0,0,0
fr3_walking_halfsphere,595,1341846455.690122,rgb/1341846455.690122.png,0,0,1,0,0,0,0
fr3_walking_halfsphere,596,1341846455.726004,rgb/1341846455.726004.png,0,0,1,0,0,0,0
fr3_walking_halfsphere,597,1341846455.758157,rgb/1341846455.758157.png,0,0,1,0,0,0,0
fr3_walking_halfsphere,598,1341846455.826431,rgb/1341846455.826431.png,0,0,1,0,0,0,0
fr3_walking_halfsphere,599,1341846455.858084,rgb/1341846455.858084.png,0,0,1,0,0,0,0
fr3_walking_halfsphere,600,1341846455.893948,rgb/1341846455.893948.png,0,0,1,0,0,0,0
fr3_walking_halfsphere,601,1341846455.926012,rgb/1341846455.926012.png,0,0,1,0,0,0,0
fr3_walking_halfsphere,602,1341846455.958115,rgb/1341846455.958115.png,0,0,1,0,0,0,0
fr3_walking_halfsphere,603,1341846455.994972,rgb/1341846455.994972.png,0,0,1,0,0,0,0
fr3_walking_halfsphere,604,1341846456.026027,rgb/1341846456.026027.png,0,0,1,0,0,0,0
fr3_walking_halfsphere,605,1341846456.061926,rgb/1341846456.061926.png,0,0,1,0,0,0,0
fr3_walking_halfsphere,606,1341846456.093945,rgb/1341846456.093945.png,0,0,1,0,0,0,0
fr3_walking_halfsphere,607,1341846456.126153,rgb/1341846456.126153.png,0,0,1,0,0,0,0
fr3_walking_halfsphere,608,1341846456.162325,rgb/1341846456.162325.png,0,0,1,0,0,0,0
fr3_walking_halfsphere,609,1341846456.194021,rgb/1341846456.194021.png,0,0,1,0,0,0,0
fr3_walking_halfsphere,610,1341846456.229852,rgb/1341846456.229852.png,0,0,1,0,0,0,0
fr3_walking_halfsphere,611,1341846456.262012,rgb/1341846456.262012.png,0,0,1,0,0,0,0
fr3_walking_halfsphere,612,1341846456.293900,rgb/1341846456.293900.png,0,0,1,0,0,0,0
fr3_walking_halfsphere,613,1341846456.330221,rgb/1341846456.330221.png,0,0,1,0,0,0,0
fr3_walking_halfsphere,614,1341846456.362093,rgb/1341846456.362093.png,0,0,1,0,0,0,0
fr3_walking_halfsphere,615,1341846456.394095,rgb/1341846456.394095.png,0,0,1,0,0,0,0
fr3_walking_halfsphere,616,1341846456.429930,rgb/1341846456.429930.png,0,0,1,0,0,0,0
fr3_walking_halfsphere,617,1341846456.462149,rgb/1341846456.462149.png,0,0,1,0,0,0,0
fr3_walking_halfsphere,618,1341846456.498080,rgb/1341846456.498080.png,0,0,1,0,0,0,0
fr3_walking_halfsphere,619,1341846456.529977,rgb/1341846456.529977.png,0,0,1,0,0,0,0
fr3_walking_halfsphere,620,1341846456.562074,rgb/1341846456.562074.png,0,0,1,0,0,0,0
fr3_walking_halfsphere,621,1341846456.598113,rgb/1341846456.598113.png,0,0,1,0,0,0,0
fr3_walking_halfsphere,622,1341846456.629868,rgb/1341846456.629868.png,0,0,1,0,0,0,0
fr3_walking_halfsphere,623,1341846456.662113,rgb/1341846456.662113.png,0,0,1,0,0,0,0
fr3_walking_halfsphere,624,1341846456.697989,rgb/1341846456.697989.png,0,0,1,0,0,0,0
fr3_walking_halfsphere,625,1341846456.730098,rgb/1341846456.730098.png,0,0,1,0,0,0,0
fr3_walking_halfsphere,626,1341846456.766110,rgb/1341846456.766110.png,0,0,1,0,0,0,0
fr3_walking_halfsphere,627,1341846456.798062,rgb/1341846456.798062.png,0,0,1,0,0,0,0
fr3_walking_halfsphere,628,1341846456.830204,rgb/1341846456.830204.png,0,0,1,0,0,0,0
fr3_walking_halfsphere,629,1341846456.866247,rgb/1341846456.866247.png,0,0,1,0,0,0,0
fr3_walking_halfsphere,630,1341846456.898128,rgb/1341846456.898128.png,0,0,1,0,0,0,0
fr3_walking_halfsphere,631,1341846456.929870,rgb/1341846456.929870.png,0,0,1,0,0,0,0
fr3_walking_halfsphere,632,1341846456.966238,rgb/1341846456.966238.png,0,0,1,0,0,0,0
fr3_walking_halfsphere,633,1341846456.997966,rgb/1341846456.997966.png,0,0,1,0,0,0,0
fr3_walking_halfsphere,634,1341846457.034139,rgb/1341846457.034139.png,0,0,1,0,0,0,0
fr3_walking_halfsphere,635,1341846457.066343,rgb/1341846457.066343.png,0,0,1,0,0,0,0
fr3_walking_halfsphere,636,1341846457.098123,rgb/1341846457.098123.png,0,0,1,0,0,0,0
fr3_walking_halfsphere,637,1341846457.133984,rgb/1341846457.133984.png,0,0,1,0,0,0,0
fr3_walking_halfsphere,638,1341846457.165966,rgb/1341846457.165966.png,0,0,1,0,0,0,0
fr3_walking_halfsphere,639,1341846457.198024,rgb/1341846457.198024.png,0,0,1,0,0,0,0
fr3_walking_halfsphere,640,1341846457.234155,rgb/1341846457.234155.png,0,0,1,0,0,0,0
fr3_walking_halfsphere,641,1341846457.266029,rgb/1341846457.266029.png,0,0,1,0,0,0,0
fr3_walking_halfsphere,642,1341846457.302162,rgb/1341846457.302162.png,0,0,1,0,0,0,0
fr3_walking_halfsphere,643,1341846457.334093,rgb/1341846457.334093.png,0,0,1,0,0,0,0
fr3_walking_halfsphere,644,1341846457.365992,rgb/1341846457.365992.png,0,0,1,0,0,0,0
fr3_walking_halfsphere,645,1341846457.401999,rgb/1341846457.401999.png,0,0,1,0,0,0,0
fr3_walking_halfsphere,646,1341846457.434165,rgb/1341846457.434165.png,0,0,1,0,0,0,0
fr3_walking_halfsphere,647,1341846457.470028,rgb/1341846457.470028.png,0,0,1,0,0,0,0
fr3_walking_halfsphere,648,1341846457.502234,rgb/1341846457.502234.png,0,0,1,0,0,0,0
fr3_walking_halfsphere,649,1341846457.534037,rgb/1341846457.534037.png,0,0,1,0,0,0,0
fr3_walking_halfsphere,650,1341846457.570088,rgb/1341846457.570088.png,0,0,1,0,0,0,0
fr3_walking_halfsphere,651,1341846457.601985,rgb/1341846457.601985.png,0,0,1,0,0,0,0
fr3_walking_halfsphere,652,1341846457.634100,rgb/1341846457.634100.png,0,0,1,0,0,0,0
fr3_walking_halfsphere,653,1341846457.670084,rgb/1341846457.670084.png,0,0,1,0,0,0,0
fr3_walking_halfsphere,654,1341846457.701992,rgb/1341846457.701992.png,0,0,1,0,0,0,0
fr3_walking_halfsphere,655,1341846457.738024,rgb/1341846457.738024.png,0,0,1,0,0,0,0
fr3_walking_halfsphere,656,1341846457.770266,rgb/1341846457.770266.png,0,0,1,0,0,0,0
fr3_walking_halfsphere,657,1341846457.802137,rgb/1341846457.802137.png,0,0,1,0,0,0,0
fr3_walking_halfsphere,658,1341846457.838017,rgb/1341846457.838017.png,0,0,1,0,0,0,0
fr3_walking_halfsphere,659,1341846457.870077,rgb/1341846457.870077.png,0,0,1,0,0,0,0
fr3_walking_halfsphere,660,1341846457.902124,rgb/1341846457.902124.png,0,0,1,0,0,0,0
fr3_walking_halfsphere,661,1341846457.937994,rgb/1341846457.937994.png,0,0,1,0,0,0,0
fr3_walking_halfsphere,662,1341846457.970119,rgb/1341846457.970119.png,0,0,1,0,0,0,0
fr3_walking_halfsphere,663,1341846458.006046,rgb/1341846458.006046.png,0,0,1,0,0,0,0
fr3_walking_halfsphere,664,1341846458.038014,rgb/1341846458.038014.png,0,0,1,0,0,0,0
fr3_walking_halfsphere,665,1341846458.070131,rgb/1341846458.070131.png,0,0,1,0,0,0,0
fr3_walking_halfsphere,666,1341846458.106139,rgb/1341846458.106139.png,0,0,1,0,0,0,0
fr3_walking_halfsphere,667,1341846458.138044,rgb/1341846458.138044.png,0,0,1,0,0,0,0
fr3_walking_halfsphere,668,1341846458.169976,rgb/1341846458.169976.png,0,0,1,0,0,0,0
fr3_walking_halfsphere,669,1341846458.205943,rgb/1341846458.205943.png,0,0,1,0,0,0,0
fr3_walking_halfsphere,670,1341846458.238247,rgb/1341846458.238247.png,0,0,1,0,0,0,0
fr3_walking_halfsphere,671,1341846458.273991,rgb/1341846458.273991.png,0,0,1,0,0,0,0
fr3_walking_halfsphere,672,1341846458.306111,rgb/1341846458.306111.png,0,0,1,0,0,0,0
fr3_walking_halfsphere,673,1341846458.344939,rgb/1341846458.344939.png,0,0,1,0,0,0,0
fr3_walking_halfsphere,674,1341846458.406267,rgb/1341846458.406267.png,0,0,1,0,0,0,0
fr3_walking_halfsphere,675,1341846458.442040,rgb/1341846458.442040.png,0,0,1,0,0,0,0
fr3_walking_halfsphere,676,1341846458.473980,rgb/1341846458.473980.png,0,0,1,0,0,0,0
fr3_walking_halfsphere,677,1341846458.506295,rgb/1341846458.506295.png,0,0,1,0,0,0,0
fr3_walking_halfsphere,678,1341846458.541965,rgb/1341846458.541965.png,0,0,1,0,0,0,0
fr3_walking_halfsphere,679,1341846458.573927,rgb/1341846458.573927.png,0,0,1,0,0,0,0
fr3_walking_halfsphere,680,1341846458.606148,rgb/1341846458.606148.png,0,0,1,0,0,0,0
fr3_walking_halfsphere,681,1341846458.642017,rgb/1341846458.642017.png,0,0,1,0,0,0,0
fr3_walking_halfsphere,682,1341846458.673954,rgb/1341846458.673954.png,0,0,1,0,0,0,0
fr3_walking_halfsphere,683,1341846458.710158,rgb/1341846458.710158.png,0,0,1,0,0,0,0
fr3_walking_halfsphere,684,1341846458.741981,rgb/1341846458.741981.png,0,0,1,0,0,0,0
fr3_walking_halfsphere,685,1341846458.773965,rgb/1341846458.773965.png,0,0,1,0,0,0,0
fr3_walking_halfsphere,686,1341846458.810261,rgb/1341846458.810261.png,0,0,1,0,0,0,0
fr3_walking_halfsphere,687,1341846458.845355,rgb/1341846458.845355.png,0,0,1,0,0,0,0
fr3_walking_halfsphere,688,1341846458.910230,rgb/1341846458.910230.png,0,0,1,0,0,0,0
fr3_walking_halfsphere,689,1341846458.942341,rgb/1341846458.942341.png,0,0,1,0,0,0,0
fr3_walking_halfsphere,690,1341846458.979658,rgb/1341846458.979658.png,0,0,1,0,0,0,0
fr3_walking_halfsphere,691,1341846459.010325,rgb/1341846459.010325.png,0,0,1,0,0,0,0
fr3_walking_halfsphere,692,1341846459.052625,rgb/1341846459.052625.png,0,0,1,0,0,0,0
fr3_walking_halfsphere,693,1341846459.078195,rgb/1341846459.078195.png,0,0,1,0,0,0,0
fr3_walking_halfsphere,694,1341846459.110297,rgb/1341846459.110297.png,0,0,1,0,0,0,0
fr3_walking_halfsphere,695,1341846459.156583,rgb/1341846459.156583.png,0,0,1,0,0,0,0
fr3_walking_halfsphere,696,1341846459.209921,rgb/1341846459.209921.png,0,0,1,0,0,0,0
fr3_walking_halfsphere,697,1341846459.246034,rgb/1341846459.246034.png,0,0,1,0,0,0,0
fr3_walking_halfsphere,698,1341846459.278165,rgb/1341846459.278165.png,0,0,1,0,0,0,0
fr3_walking_halfsphere,699,1341846459.310125,rgb/1341846459.310125.png,0,0,1,0,0,0,0
fr3_walking_halfsphere,700,1341846459.346071,rgb/1341846459.346071.png,0,0,1,0,0,0,0
fr3_walking_halfsphere,701,1341846459.378112,rgb/1341846459.378112.png,0,0,1,0,0,0,0
fr3_walking_halfsphere,702,1341846459.409983,rgb/1341846459.409983.png,0,0,1,0,0,0,0
fr3_walking_halfsphere,703,1341846459.446124,rgb/1341846459.446124.png,0,0,1,0,0,0,0
fr3_walking_halfsphere,704,1341846459.478285,rgb/1341846459.478285.png,0,0,1,0,0,0,0
fr3_walking_halfsphere,705,1341846459.514102,rgb/1341846459.514102.png,0,173,1,0,0,0,0
fr3_walking_halfsphere,706,1341846459.546042,rgb/1341846459.546042.png,0,0,1,0,0,0,0
fr3_walking_halfsphere,707,1341846459.578086,rgb/1341846459.578086.png,0,0,1,0,0,0,0
fr3_walking_halfsphere,708,1341846459.614088,rgb/1341846459.614088.png,0,0,1,0,0,0,0
fr3_walking_halfsphere,709,1341846459.646471,rgb/1341846459.646471.png,0,0,1,0,0,0,0
fr3_walking_halfsphere,710,1341846459.682060,rgb/1341846459.682060.png,0,0,1,0,0,0,0
fr3_walking_halfsphere,711,1341846459.713908,rgb/1341846459.713908.png,0,0,1,0,0,0,0
fr3_walking_halfsphere,712,1341846459.746062,rgb/1341846459.746062.png,0,0,1,0,0,0,0
fr3_walking_halfsphere,713,1341846459.782130,rgb/1341846459.782130.png,0,0,1,0,0,0,0
fr3_walking_halfsphere,714,1341846459.814161,rgb/1341846459.814161.png,0,0,1,0,0,0,0
fr3_walking_halfsphere,715,1341846459.845917,rgb/1341846459.845917.png,0,0,1,0,0,0,0
fr3_walking_halfsphere,716,1341846459.881966,rgb/1341846459.881966.png,0,0,1,0,0,0,0
fr3_walking_halfsphere,717,1341846459.914201,rgb/1341846459.914201.png,0,0,1,0,0,0,0
fr3_walking_halfsphere,718,1341846459.950366,rgb/1341846459.950366.png,0,0,1,0,0,0,0
fr3_walking_halfsphere,719,1341846459.982150,rgb/1341846459.982150.png,0,0,1,0,0,0,0
fr3_walking_halfsphere,720,1341846460.014318,rgb/1341846460.014318.png,0,0,1,0,0,0,0
fr3_walking_halfsphere,721,1341846460.050064,rgb/1341846460.050064.png,0,0,1,0,0,0,0
fr3_walking_halfsphere,722,1341846460.082470,rgb/1341846460.082470.png,0,0,1,0,0,0,0
fr3_walking_halfsphere,723,1341846460.113981,rgb/1341846460.113981.png,0,0,1,0,0,0,0
fr3_walking_halfsphere,724,1341846460.150105,rgb/1341846460.150105.png,0,0,1,0,0,0,0
fr3_walking_halfsphere,725,1341846460.181998,rgb/1341846460.181998.png,0,0,1,0,0,0,0
fr3_walking_halfsphere,726,1341846460.218224,rgb/1341846460.218224.png,164,0,1,0,0,0,0
fr3_walking_halfsphere,727,1341846460.250207,rgb/1341846460.250207.png,0,0,1,0,0,0,0
fr3_walking_halfsphere,728,1341846460.282079,rgb/1341846460.282079.png,0,0,1,0,0,0,0
fr3_walking_halfsphere,729,1341846460.318118,rgb/1341846460.318118.png,0,0,1,0,0,0,0
fr3_walking_halfsphere,730,1341846460.350039,rgb/1341846460.350039.png,0,0,1,0,0,0,0
fr3_walking_halfsphere,731,1341846460.382034,rgb/1341846460.382034.png,0,0,1,0,0,0,0
fr3_walking_halfsphere,732,1341846460.417986,rgb/1341846460.417986.png,0,0,1,0,0,0,0
fr3_walking_halfsphere,733,1341846460.450206,rgb/1341846460.450206.png,0,0,1,0,0,0,0
fr3_walking_halfsphere,734,1341846460.486901,rgb/1341846460.486901.png,0,0,1,0,0,0,0
fr3_walking_halfsphere,735,1341846460.550003,rgb/1341846460.550003.png,0,0,1,0,0,0,0
fr3_walking_halfsphere,736,1341846460.585983,rgb/1341846460.585983.png,0,0,1,0,0,0,0
fr3_walking_halfsphere,737,1341846460.618376,rgb/1341846460.618376.png,0,0,1,0,0,0,0
fr3_walking_halfsphere,738,1341846460.654440,rgb/1341846460.654440.png,0,0,1,0,0,0,0
fr3_walking_halfsphere,739,1341846460.685981,rgb/1341846460.685981.png,0,0,1,0,0,0,0
fr3_walking_halfsphere,740,1341846460.719720,rgb/1341846460.719720.png,0,0,1,0,0,0,0
fr3_walking_halfsphere,741,1341846460.754596,rgb/1341846460.754596.png,0,0,1,0,0,0,0
fr3_walking_halfsphere,742,1341846460.818048,rgb/1341846460.818048.png,0,0,1,0,0,0,0
fr3_walking_halfsphere,743,1341846460.854135,rgb/1341846460.854135.png,0,0,1,0,0,0,0
fr3_walking_halfsphere,744,1341846460.886066,rgb/1341846460.886066.png,0,0,1,0,0,0,0
fr3_walking_halfsphere,745,1341846460.922118,rgb/1341846460.922118.png,0,0,1,0,0,0,0
fr3_walking_halfsphere,746,1341846460.953981,rgb/1341846460.953981.png,0,0,1,0,0,0,0
fr3_walking_halfsphere,747,1341846460.986060,rgb/1341846460.986060.png,0,0,1,0,0,0,0
fr3_walking_halfsphere,748,1341846461.022018,rgb/1341846461.022018.png,0,0,1,0,0,0,0
fr3_walking_halfsphere,749,1341846461.053987,rgb/1341846461.053987.png,0,0,1,0,0,0,0
fr3_walking_halfsphere,750,1341846461.086024,rgb/1341846461.086024.png,0,0,1,0,0,0,0
fr3_walking_halfsphere,751,1341846461.122172,rgb/1341846461.122172.png,0,0,1,0,0,0,0
fr3_walking_halfsphere,752,1341846461.153999,rgb/1341846461.153999.png,0,0,1,0,0,0,0
fr3_walking_halfsphere,753,1341846461.190395,rgb/1341846461.190395.png,0,0,1,0,0,0,0
fr3_walking_halfsphere,754,1341846461.222053,rgb/1341846461.222053.png,0,0,1,0,0,0,0
fr3_walking_halfsphere,755,1341846461.254158,rgb/1341846461.254158.png,0,0,1,0,0,0,0
fr3_walking_halfsphere,756,1341846461.289936,rgb/1341846461.289936.png,0,0,1,0,0,0,0
fr3_walking_halfsphere,757,1341846461.322044,rgb/1341846461.322044.png,0,0,1,0,0,0,0
fr3_walking_halfsphere,758,1341846461.354118,rgb/1341846461.354118.png,0,0,1,0,0,0,0
fr3_walking_halfsphere,759,1341846461.390065,rgb/1341846461.390065.png,0,0,1,0,0,0,0
fr3_walking_halfsphere,760,1341846461.422073,rgb/1341846461.422073.png,0,0,1,0,0,0,0
fr3_walking_halfsphere,761,1341846461.458072,rgb/1341846461.458072.png,0,0,1,0,0,0,0
fr3_walking_halfsphere,762,1341846461.490119,rgb/1341846461.490119.png,0,0,1,0,0,0,0
fr3_walking_halfsphere,763,1341846461.522406,rgb/1341846461.522406.png,0,0,1,0,0,0,0
fr3_walking_halfsphere,764,1341846461.558036,rgb/1341846461.558036.png,0,0,1,0,0,0,0
fr3_walking_halfsphere,765,1341846461.622229,rgb/1341846461.622229.png,0,0,1,0,0,0,0
fr3_walking_halfsphere,766,1341846461.657948,rgb/1341846461.657948.png,0,0,1,0,0,0,0
fr3_walking_halfsphere,767,1341846461.726030,rgb/1341846461.726030.png,0,0,1,0,0,0,0
fr3_walking_halfsphere,768,1341846461.758483,rgb/1341846461.758483.png,0,0,1,0,0,0,0
fr3_walking_halfsphere,769,1341846461.789933,rgb/1341846461.789933.png,0,0,1,0,0,0,0
fr3_walking_halfsphere,770,1341846461.826110,rgb/1341846461.826110.png,0,0,1,0,0,0,0
fr3_walking_halfsphere,771,1341846461.858118,rgb/1341846461.858118.png,0,0,1,0,0,0,0
fr3_walking_halfsphere,772,1341846461.894127,rgb/1341846461.894127.png,0,0,1,0,0,0,0
fr3_walking_halfsphere,773,1341846461.926026,rgb/1341846461.926026.png,0,0,1,0,0,0,0
fr3_walking_halfsphere,774,1341846461.958215,rgb/1341846461.958215.png,0,0,1,0,0,0,0
fr3_walking_halfsphere,775,1341846461.994132,rgb/1341846461.994132.png,0,0,1,0,0,0,0
fr3_walking_halfsphere,776,1341846462.026102,rgb/1341846462.026102.png,0,0,1,0,0,0,0
fr3_walking_halfsphere,777,1341846462.058066,rgb/1341846462.058066.png,0,0,1,0,0,0,0
fr3_walking_halfsphere,778,1341846462.094057,rgb/1341846462.094057.png,0,0,1,0,0,0,0
fr3_walking_halfsphere,779,1341846462.126029,rgb/1341846462.126029.png,0,0,1,0,0,0,0
fr3_walking_halfsphere,780,1341846462.162124,rgb/1341846462.162124.png,0,0,1,0,0,0,0
fr3_walking_halfsphere,781,1341846462.194292,rgb/1341846462.194292.png,0,180,1,0,0,0,0
fr3_walking_halfsphere,782,1341846462.226092,rgb/1341846462.226092.png,0,0,1,0,0,0,0
fr3_walking_halfsphere,783,1341846462.262203,rgb/1341846462.262203.png,0,0,1,0,0,0,0
fr3_walking_halfsphere,784,1341846462.293934,rgb/1341846462.293934.png,0,0,1,0,0,0,0
fr3_walking_halfsphere,785,1341846462.325983,rgb/1341846462.325983.png,0,0,1,0,0,0,0
fr3_walking_halfsphere,786,1341846462.362050,rgb/1341846462.362050.png,0,0,1,0,0,0,0
fr3_walking_halfsphere,787,1341846462.400267,rgb/1341846462.400267.png,0,0,1,0,0,0,0
fr3_walking_halfsphere,788,1341846462.431940,rgb/1341846462.431940.png,0,187,1,0,0,0,0
fr3_walking_halfsphere,789,1341846462.468003,rgb/1341846462.468003.png,0,0,1,0,0,0,0
fr3_walking_halfsphere,790,1341846462.500020,rgb/1341846462.500020.png,0,165,1,0,0,0,0
fr3_walking_halfsphere,791,1341846462.535930,rgb/1341846462.535930.png,0,0,1,0,0,0,0
fr3_walking_halfsphere,792,1341846462.567947,rgb/1341846462.567947.png,0,0,1,0,0,0,0
fr3_walking_halfsphere,793,1341846462.599970,rgb/1341846462.599970.png,0,0,1,0,0,0,0
fr3_walking_halfsphere,794,1341846462.635989,rgb/1341846462.635989.png,165,0,1,0,0,0,0
fr3_walking_halfsphere,795,1341846462.668003,rgb/1341846462.668003.png,0,1018,1,0,0,0,0
fr3_walking_halfsphere,796,1341846462.704029,rgb/1341846462.704029.png,0,917,1,0,0,0,0
fr3_walking_halfsphere,797,1341846462.735984,rgb/1341846462.735984.png,136,1328,1,1,1,1,1
fr3_walking_halfsphere,798,1341846462.768046,rgb/1341846462.768046.png,0,1267,1,0,0,0,0
fr3_walking_halfsphere,799,1341846462.803937,rgb/1341846462.803937.png,138,1305,1,1,1,1,1
fr3_walking_halfsphere,800,1341846462.835950,rgb/1341846462.835950.png,0,1283,1,0,0,0,0
fr3_walking_halfsphere,801,1341846462.871842,rgb/1341846462.871842.png,0,1266,1,0,0,0,0
fr3_walking_halfsphere,802,1341846462.904097,rgb/1341846462.904097.png,0,1270,1,0,0,0,0
fr3_walking_halfsphere,803,1341846462.966029,rgb/1341846462.966029.png,0,1244,1,0,0,0,0
fr3_walking_halfsphere,804,1341846462.998172,rgb/1341846462.998172.png,0,1238,1,0,0,0,0
fr3_walking_halfsphere,805,1341846463.029970,rgb/1341846463.029970.png,107,1194,1,1,1,1,1
fr3_walking_halfsphere,806,1341846463.066067,rgb/1341846463.066067.png,0,1189,1,0,0,0,0
fr3_walking_halfsphere,807,1341846463.098088,rgb/1341846463.098088.png,0,1197,1,0,0,0,0
fr3_walking_halfsphere,808,1341846463.134111,rgb/1341846463.134111.png,0,1113,1,0,0,0,0
fr3_walking_halfsphere,809,1341846463.165917,rgb/1341846463.165917.png,0,1227,1,0,0,0,0
fr3_walking_halfsphere,810,1341846463.198310,rgb/1341846463.198310.png,0,1130,1,0,0,0,0
fr3_walking_halfsphere,811,1341846463.234037,rgb/1341846463.234037.png,0,403,1,0,0,0,0
fr3_walking_halfsphere,812,1341846463.265874,rgb/1341846463.265874.png,0,0,1,0,0,0,0
fr3_walking_halfsphere,813,1341846463.298219,rgb/1341846463.298219.png,0,0,1,0,0,0,0
fr3_walking_halfsphere,814,1341846463.334210,rgb/1341846463.334210.png,0,0,1,0,0,0,0
fr3_walking_halfsphere,815,1341846463.365995,rgb/1341846463.365995.png,0,0,1,0,0,0,0
fr3_walking_halfsphere,816,1341846463.402065,rgb/1341846463.402065.png,0,0,1,0,0,0,0
fr3_walking_halfsphere,817,1341846463.434179,rgb/1341846463.434179.png,0,0,1,0,0,0,0
fr3_walking_halfsphere,818,1341846463.466070,rgb/1341846463.466070.png,0,0,1,0,0,0,0
fr3_walking_halfsphere,819,1341846463.501955,rgb/1341846463.501955.png,0,187,1,0,0,0,0
fr3_walking_halfsphere,820,1341846463.534089,rgb/1341846463.534089.png,0,0,1,0,0,0,0
fr3_walking_halfsphere,821,1341846463.566060,rgb/1341846463.566060.png,0,0,1,0,0,0,0
fr3_walking_halfsphere,822,1341846463.601907,rgb/1341846463.601907.png,0,0,1,0,0,0,0
fr3_walking_halfsphere,823,1341846463.634009,rgb/1341846463.634009.png,0,0,1,0,0,0,0
fr3_walking_halfsphere,824,1341846463.670261,rgb/1341846463.670261.png,0,0,1,0,0,0,0
fr3_walking_halfsphere,825,1341846463.702198,rgb/1341846463.702198.png,154,0,1,0,0,0,0
fr3_walking_halfsphere,826,1341846463.734494,rgb/1341846463.734494.png,155,0,1,0,0,0,0
fr3_walking_halfsphere,827,1341846463.770159,rgb/1341846463.770159.png,0,0,1,0,0,0,0
fr3_walking_halfsphere,828,1341846463.804734,rgb/1341846463.804734.png,0,193,1,0,0,0,0
fr3_walking_halfsphere,829,1341846463.836811,rgb/1341846463.836811.png,0,929,1,0,0,0,0
fr3_walking_halfsphere,830,1341846463.902572,rgb/1341846463.902572.png,0,0,1,0,0,0,0
fr3_walking_halfsphere,831,1341846463.938656,rgb/1341846463.938656.png,0,0,1,0,0,0,0
fr3_walking_halfsphere,832,1341846464.006721,rgb/1341846464.006721.png,0,0,1,0,0,0,0
fr3_walking_halfsphere,833,1341846464.070293,rgb/1341846464.070293.png,0,0,1,0,0,0,0
fr3_walking_halfsphere,834,1341846464.106086,rgb/1341846464.106086.png,0,194,1,0,0,0,0
fr3_walking_halfsphere,835,1341846464.138960,rgb/1341846464.138960.png,0,0,1,0,0,0,0
fr3_walking_halfsphere,836,1341846464.170247,rgb/1341846464.170247.png,0,0,1,0,0,0,0
fr3_walking_halfsphere,837,1341846464.206089,rgb/1341846464.206089.png,0,0,1,0,0,0,0
fr3_walking_halfsphere,838,1341846464.238124,rgb/1341846464.238124.png,0,189,1,0,0,0,0
fr3_walking_halfsphere,839,1341846464.270037,rgb/1341846464.270037.png,0,0,1,0,0,0,0
fr3_walking_halfsphere,840,1341846464.306089,rgb/1341846464.306089.png,0,0,1,0,0,0,0
fr3_walking_halfsphere,841,1341846464.337963,rgb/1341846464.337963.png,0,0,1,0,0,0,0
fr3_walking_halfsphere,842,1341846464.374148,rgb/1341846464.374148.png,0,0,1,0,0,0,0
fr3_walking_halfsphere,843,1341846464.406125,rgb/1341846464.406125.png,0,0,1,0,0,0,0
fr3_walking_halfsphere,844,1341846464.438109,rgb/1341846464.438109.png,0,0,1,0,0,0,0
fr3_walking_halfsphere,845,1341846464.474154,rgb/1341846464.474154.png,0,0,1,0,0,0,0
fr3_walking_halfsphere,846,1341846464.506083,rgb/1341846464.506083.png,0,0,1,0,0,0,0
fr3_walking_halfsphere,847,1341846464.538050,rgb/1341846464.538050.png,0,0,1,0,0,0,0
fr3_walking_halfsphere,848,1341846464.573969,rgb/1341846464.573969.png,0,0,1,0,0,0,0
fr3_walking_halfsphere,849,1341846464.606003,rgb/1341846464.606003.png,0,0,1,0,0,0,0
fr3_walking_halfsphere,850,1341846464.642006,rgb/1341846464.642006.png,0,0,1,0,0,0,0
fr3_walking_halfsphere,851,1341846464.674030,rgb/1341846464.674030.png,0,0,1,0,0,0,0
fr3_walking_halfsphere,852,1341846464.706178,rgb/1341846464.706178.png,0,0,1,0,0,0,0
fr3_walking_halfsphere,853,1341846464.741977,rgb/1341846464.741977.png,0,0,1,0,0,0,0
fr3_walking_halfsphere,854,1341846464.774027,rgb/1341846464.774027.png,0,0,1,0,0,0,0
fr3_walking_halfsphere,855,1341846464.806072,rgb/1341846464.806072.png,0,0,1,0,0,0,0
fr3_walking_halfsphere,856,1341846464.842191,rgb/1341846464.842191.png,0,0,1,0,0,0,0
fr3_walking_halfsphere,857,1341846464.873987,rgb/1341846464.873987.png,0,0,1,0,0,0,0
fr3_walking_halfsphere,858,1341846464.910024,rgb/1341846464.910024.png,0,0,1,0,0,0,0
fr3_walking_halfsphere,859,1341846464.941952,rgb/1341846464.941952.png,0,0,1,0,0,0,0
fr3_walking_halfsphere,860,1341846464.974022,rgb/1341846464.974022.png,0,0,1,0,0,0,0
fr3_walking_halfsphere,861,1341846465.010148,rgb/1341846465.010148.png,0,0,1,0,0,0,0
fr3_walking_halfsphere,862,1341846465.042073,rgb/1341846465.042073.png,0,0,1,0,0,0,0
fr3_walking_halfsphere,863,1341846465.078033,rgb/1341846465.078033.png,0,0,1,0,0,0,0
fr3_walking_halfsphere,864,1341846465.110007,rgb/1341846465.110007.png,0,0,1,0,0,0,0
fr3_walking_halfsphere,865,1341846465.142010,rgb/1341846465.142010.png,0,0,1,0,0,0,0
fr3_walking_halfsphere,866,1341846465.177973,rgb/1341846465.177973.png,155,0,1,0,0,0,0
fr3_walking_halfsphere,867,1341846465.210092,rgb/1341846465.210092.png,0,0,1,0,0,0,0
fr3_walking_halfsphere,868,1341846465.241909,rgb/1341846465.241909.png,0,165,1,0,0,0,0
fr3_walking_halfsphere,869,1341846465.278006,rgb/1341846465.278006.png,0,0,1,0,0,0,0
fr3_walking_halfsphere,870,1341846465.310248,rgb/1341846465.310248.png,0,0,1,0,0,0,0
fr3_walking_halfsphere,871,1341846465.346076,rgb/1341846465.346076.png,0,0,1,0,0,0,0
fr3_walking_halfsphere,872,1341846465.377895,rgb/1341846465.377895.png,0,0,1,0,0,0,0
fr3_walking_halfsphere,873,1341846465.409986,rgb/1341846465.409986.png,0,0,1,0,0,0,0
fr3_walking_halfsphere,874,1341846465.446399,rgb/1341846465.446399.png,0,0,1,0,0,0,0
fr3_walking_halfsphere,875,1341846465.478000,rgb/1341846465.478000.png,0,0,1,0,0,0,0
fr3_walking_halfsphere,876,1341846465.510268,rgb/1341846465.510268.png,0,0,1,0,0,0,0
fr3_walking_halfsphere,877,1341846465.545952,rgb/1341846465.545952.png,0,0,1,0,0,0,0
fr3_walking_halfsphere,878,1341846465.578109,rgb/1341846465.578109.png,0,0,1,0,0,0,0
fr3_walking_halfsphere,879,1341846465.614033,rgb/1341846465.614033.png,0,0,1,0,0,0,0
fr3_walking_halfsphere,880,1341846465.646071,rgb/1341846465.646071.png,0,0,1,0,0,0,0
fr3_walking_halfsphere,881,1341846465.678057,rgb/1341846465.678057.png,0,0,1,0,0,0,0
fr3_walking_halfsphere,882,1341846465.713982,rgb/1341846465.713982.png,0,0,1,0,0,0,0
fr3_walking_halfsphere,883,1341846465.745991,rgb/1341846465.745991.png,0,0,1,0,0,0,0
fr3_walking_halfsphere,884,1341846465.778260,rgb/1341846465.778260.png,0,0,1,0,0,0,0
fr3_walking_halfsphere,885,1341846465.814116,rgb/1341846465.814116.png,0,1275,1,0,0,0,0
fr3_walking_halfsphere,886,1341846465.845994,rgb/1341846465.845994.png,0,0,1,0,0,0,0
fr3_walking_halfsphere,887,1341846465.882074,rgb/1341846465.882074.png,0,0,1,0,0,0,0
fr3_walking_halfsphere,888,1341846465.913915,rgb/1341846465.913915.png,0,0,1,0,0,0,0
fr3_walking_halfsphere,889,1341846465.946253,rgb/1341846465.946253.png,0,0,1,0,0,0,0
fr3_walking_halfsphere,890,1341846465.982097,rgb/1341846465.982097.png,0,0,1,0,0,0,0
fr3_walking_halfsphere,891,1341846466.014088,rgb/1341846466.014088.png,0,0,1,0,0,0,0
fr3_walking_halfsphere,892,1341846466.046055,rgb/1341846466.046055.png,0,0,1,0,0,0,0
fr3_walking_halfsphere,893,1341846466.082006,rgb/1341846466.082006.png,0,0,1,0,0,0,0
fr3_walking_halfsphere,894,1341846466.114092,rgb/1341846466.114092.png,0,0,1,0,0,0,0
fr3_walking_halfsphere,895,1341846466.149988,rgb/1341846466.149988.png,0,1401,1,0,0,0,0
fr3_walking_halfsphere,896,1341846466.182235,rgb/1341846466.182235.png,0,0,1,0,0,0,0
fr3_walking_halfsphere,897,1341846466.227775,rgb/1341846466.227775.png,0,0,1,0,0,0,0
fr3_walking_halfsphere,898,1341846466.282054,rgb/1341846466.282054.png,0,0,1,0,0,0,0
fr3_walking_halfsphere,899,1341846466.318013,rgb/1341846466.318013.png,0,0,1,0,0,0,0
fr3_walking_halfsphere,900,1341846466.350104,rgb/1341846466.350104.png,172,1423,1,1,1,1,1
fr3_walking_halfsphere,901,1341846466.418103,rgb/1341846466.418103.png,0,0,1,0,0,0,0
fr3_walking_halfsphere,902,1341846466.450241,rgb/1341846466.450241.png,0,0,1,0,0,0,0
fr3_walking_halfsphere,903,1341846466.482241,rgb/1341846466.482241.png,0,0,1,0,0,0,0
fr3_walking_halfsphere,904,1341846466.518064,rgb/1341846466.518064.png,0,0,1,0,0,0,0
fr3_walking_halfsphere,905,1341846466.550013,rgb/1341846466.550013.png,0,0,1,0,0,0,0
fr3_walking_halfsphere,906,1341846466.586129,rgb/1341846466.586129.png,0,1369,1,0,0,0,0
fr3_walking_halfsphere,907,1341846466.617891,rgb/1341846466.617891.png,0,1170,1,0,0,0,0
fr3_walking_halfsphere,908,1341846466.650067,rgb/1341846466.650067.png,0,1571,1,0,0,0,0
fr3_walking_halfsphere,909,1341846466.686119,rgb/1341846466.686119.png,0,1680,1,0,0,0,0
fr3_walking_halfsphere,910,1341846466.718096,rgb/1341846466.718096.png,1345,1528,1,1,1,1,1
fr3_walking_halfsphere,911,1341846466.750165,rgb/1341846466.750165.png,0,1612,1,0,0,0,0
fr3_walking_halfsphere,912,1341846466.786075,rgb/1341846466.786075.png,0,1711,1,0,0,0,0
fr3_walking_halfsphere,913,1341846466.817996,rgb/1341846466.817996.png,0,1635,1,0,0,0,0
fr3_walking_halfsphere,914,1341846466.854152,rgb/1341846466.854152.png,0,1549,1,0,0,0,0
fr3_walking_halfsphere,915,1341846466.886138,rgb/1341846466.886138.png,0,1520,1,0,0,0,0
fr3_walking_halfsphere,916,1341846466.918000,rgb/1341846466.918000.png,0,1566,1,0,0,0,0
fr3_walking_halfsphere,917,1341846466.954116,rgb/1341846466.954116.png,0,1587,1,0,0,0,0
fr3_walking_halfsphere,918,1341846466.986117,rgb/1341846466.986117.png,0,1631,1,0,0,0,0
fr3_walking_halfsphere,919,1341846467.018002,rgb/1341846467.018002.png,0,1765,1,0,0,0,0
fr3_walking_halfsphere,920,1341846467.054121,rgb/1341846467.054121.png,0,1682,1,0,0,0,0
fr3_walking_halfsphere,921,1341846467.086519,rgb/1341846467.086519.png,0,1717,1,0,0,0,0
fr3_walking_halfsphere,922,1341846467.122117,rgb/1341846467.122117.png,0,1655,1,0,0,0,0
fr3_walking_halfsphere,923,1341846467.154292,rgb/1341846467.154292.png,0,1916,1,0,0,0,0
fr3_walking_halfsphere,924,1341846467.221944,rgb/1341846467.221944.png,0,1937,1,0,0,0,0
fr3_walking_halfsphere,925,1341846467.254128,rgb/1341846467.254128.png,0,1716,1,0,0,0,0
fr3_walking_halfsphere,926,1341846467.290073,rgb/1341846467.290073.png,0,1648,1,0,0,0,0
fr3_walking_halfsphere,927,1341846467.322189,rgb/1341846467.322189.png,0,1656,1,0,0,0,0
fr3_walking_halfsphere,928,1341846467.354092,rgb/1341846467.354092.png,0,1686,1,0,0,0,0
fr3_walking_halfsphere,929,1341846467.390082,rgb/1341846467.390082.png,0,1601,1,0,0,0,0
fr3_walking_halfsphere,930,1341846467.422206,rgb/1341846467.422206.png,0,1487,1,0,0,0,0
fr3_walking_halfsphere,931,1341846467.454073,rgb/1341846467.454073.png,0,1417,1,0,0,0,0
fr3_walking_halfsphere,932,1341846467.490150,rgb/1341846467.490150.png,0,1415,1,0,0,0,0
fr3_walking_halfsphere,933,1341846467.522115,rgb/1341846467.522115.png,0,1596,1,0,0,0,0
fr3_walking_halfsphere,934,1341846467.558053,rgb/1341846467.558053.png,0,1348,1,0,0,0,0
fr3_walking_halfsphere,935,1341846467.589949,rgb/1341846467.589949.png,0,1309,1,0,0,0,0
fr3_walking_halfsphere,936,1341846467.622077,rgb/1341846467.622077.png,0,1257,1,0,0,0,0
fr3_walking_halfsphere,937,1341846467.658139,rgb/1341846467.658139.png,0,1422,1,0,0,0,0
fr3_walking_halfsphere,938,1341846467.690047,rgb/1341846467.690047.png,0,1434,1,0,0,0,0
fr3_walking_halfsphere,939,1341846467.721985,rgb/1341846467.721985.png,0,1128,1,0,0,0,0
fr3_walking_halfsphere,940,1341846467.758049,rgb/1341846467.758049.png,0,1161,1,0,0,0,0
fr3_walking_halfsphere,941,1341846467.789943,rgb/1341846467.789943.png,0,1137,1,0,0,0,0
fr3_walking_halfsphere,942,1341846467.826009,rgb/1341846467.826009.png,0,1082,1,0,0,0,0
fr3_walking_halfsphere,943,1341846467.858121,rgb/1341846467.858121.png,0,1104,1,0,0,0,0
fr3_walking_halfsphere,944,1341846467.890215,rgb/1341846467.890215.png,0,1168,1,0,0,0,0
fr3_walking_halfsphere,945,1341846467.926038,rgb/1341846467.926038.png,0,1186,1,0,0,0,0
fr3_walking_halfsphere,946,1341846467.957994,rgb/1341846467.957994.png,0,1187,1,0,0,0,0
fr3_walking_halfsphere,947,1341846467.990124,rgb/1341846467.990124.png,0,1009,1,0,0,0,0
fr3_walking_halfsphere,948,1341846468.026228,rgb/1341846468.026228.png,0,981,1,0,0,0,0
fr3_walking_halfsphere,949,1341846468.058002,rgb/1341846468.058002.png,0,1019,1,0,0,0,0
fr3_walking_halfsphere,950,1341846468.094305,rgb/1341846468.094305.png,0,979,1,0,0,0,0
fr3_walking_halfsphere,951,1341846468.126042,rgb/1341846468.126042.png,0,1026,1,0,0,0,0
fr3_walking_halfsphere,952,1341846468.158486,rgb/1341846468.158486.png,0,1055,1,0,0,0,0
fr3_walking_halfsphere,953,1341846468.194517,rgb/1341846468.194517.png,0,1111,1,0,0,0,0
fr3_walking_halfsphere,954,1341846468.226561,rgb/1341846468.226561.png,0,1221,1,0,0,0,0
fr3_walking_halfsphere,955,1341846468.258171,rgb/1341846468.258171.png,0,1303,1,0,0,0,0
fr3_walking_halfsphere,956,1341846468.309995,rgb/1341846468.309995.png,0,1307,1,0,0,0,0
fr3_walking_halfsphere,957,1341846468.335863,rgb/1341846468.335863.png,0,1412,1,0,0,0,0
fr3_walking_halfsphere,958,1341846468.400413,rgb/1341846468.400413.png,0,1441,1,0,0,0,0
fr3_walking_halfsphere,959,1341846468.462095,rgb/1341846468.462095.png,0,1610,1,0,0,0,0
fr3_walking_halfsphere,960,1341846468.494284,rgb/1341846468.494284.png,0,1771,1,0,0,0,0
fr3_walking_halfsphere,961,1341846468.529997,rgb/1341846468.529997.png,0,1762,1,0,0,0,0
fr3_walking_halfsphere,962,1341846468.562003,rgb/1341846468.562003.png,0,1816,1,0,0,0,0
fr3_walking_halfsphere,963,1341846468.594314,rgb/1341846468.594314.png,0,1829,1,0,0,0,0
fr3_walking_halfsphere,964,1341846468.630018,rgb/1341846468.630018.png,0,1828,1,0,0,0,0
fr3_walking_halfsphere,965,1341846468.662064,rgb/1341846468.662064.png,0,1774,1,0,0,0,0
fr3_walking_halfsphere,966,1341846468.694446,rgb/1341846468.694446.png,0,1853,1,0,0,0,0
fr3_walking_halfsphere,967,1341846468.730126,rgb/1341846468.730126.png,0,1605,1,0,0,0,0
fr3_walking_halfsphere,968,1341846468.762147,rgb/1341846468.762147.png,0,1794,1,0,0,0,0
fr3_walking_halfsphere,969,1341846468.797962,rgb/1341846468.797962.png,0,2042,1,0,0,0,0
fr3_walking_halfsphere,970,1341846468.830113,rgb/1341846468.830113.png,0,1968,1,0,0,0,0
fr3_walking_halfsphere,971,1341846468.862077,rgb/1341846468.862077.png,0,1885,1,0,0,0,0
fr3_walking_halfsphere,972,1341846468.897982,rgb/1341846468.897982.png,0,1870,1,0,0,0,0
fr3_walking_halfsphere,973,1341846468.930161,rgb/1341846468.930161.png,0,1883,1,0,0,0,0
fr3_walking_halfsphere,974,1341846468.962214,rgb/1341846468.962214.png,0,1509,1,0,0,0,0
fr3_walking_halfsphere,975,1341846468.998002,rgb/1341846468.998002.png,0,1538,1,0,0,0,0
fr3_walking_halfsphere,976,1341846469.030028,rgb/1341846469.030028.png,0,1601,1,0,0,0,0
fr3_walking_halfsphere,977,1341846469.066173,rgb/1341846469.066173.png,129,1569,1,1,1,1,1
fr3_walking_halfsphere,978,1341846469.098358,rgb/1341846469.098358.png,0,1490,1,0,0,0,0
fr3_walking_halfsphere,979,1341846469.131076,rgb/1341846469.131076.png,0,1560,1,0,0,0,0
fr3_walking_halfsphere,980,1341846469.166463,rgb/1341846469.166463.png,126,1440,1,1,1,1,1
fr3_walking_halfsphere,981,1341846469.198284,rgb/1341846469.198284.png,0,1625,1,0,0,0,0
fr3_walking_halfsphere,982,1341846469.242554,rgb/1341846469.242554.png,126,1579,1,1,1,1,1
fr3_walking_halfsphere,983,1341846469.272447,rgb/1341846469.272447.png,0,1665,1,0,0,0,0
fr3_walking_halfsphere,984,1341846469.339987,rgb/1341846469.339987.png,128,1725,1,1,1,1,1
fr3_walking_halfsphere,985,1341846469.398298,rgb/1341846469.398298.png,0,1619,1,0,0,0,0
fr3_walking_halfsphere,986,1341846469.434042,rgb/1341846469.434042.png,132,1850,1,1,1,1,1
fr3_walking_halfsphere,987,1341846469.466076,rgb/1341846469.466076.png,0,1929,1,0,0,0,0
fr3_walking_halfsphere,988,1341846469.502529,rgb/1341846469.502529.png,0,1935,1,0,0,0,0
fr3_walking_halfsphere,989,1341846469.534729,rgb/1341846469.534729.png,0,1697,1,0,0,0,0
fr3_walking_halfsphere,990,1341846469.566597,rgb/1341846469.566597.png,0,1792,1,0,0,0,0
fr3_walking_halfsphere,991,1341846469.602391,rgb/1341846469.602391.png,120,1738,1,1,1,1,1
fr3_walking_halfsphere,992,1341846469.634717,rgb/1341846469.634717.png,0,1853,1,0,0,0,0
fr3_walking_halfsphere,993,1341846469.667242,rgb/1341846469.667242.png,0,1921,1,0,0,0,0
fr3_walking_halfsphere,994,1341846469.702595,rgb/1341846469.702595.png,0,1929,1,0,0,0,0
fr3_walking_halfsphere,995,1341846469.734373,rgb/1341846469.734373.png,0,1912,1,0,0,0,0
fr3_walking_halfsphere,996,1341846469.771003,rgb/1341846469.771003.png,0,1794,1,0,0,0,0
fr3_walking_halfsphere,997,1341846469.803099,rgb/1341846469.803099.png,0,1925,1,0,0,0,0
fr3_walking_halfsphere,998,1341846469.834283,rgb/1341846469.834283.png,0,1666,1,0,0,0,0
fr3_walking_halfsphere,999,1341846469.871263,rgb/1341846469.871263.png,0,1706,1,0,0,0,0
fr3_walking_halfsphere,1000,1341846469.902171,rgb/1341846469.902171.png,0,1787,1,0,0,0,0
fr3_walking_halfsphere,1001,1341846469.934183,rgb/1341846469.934183.png,0,1801,1,0,0,0,0
fr3_walking_halfsphere,1002,1341846469.969991,rgb/1341846469.969991.png,123,1765,1,1,1,1,1
fr3_walking_halfsphere,1003,1341846470.002102,rgb/1341846470.002102.png,0,1767,1,0,0,0,0
fr3_walking_halfsphere,1004,1341846470.038184,rgb/1341846470.038184.png,0,1957,1,0,0,0,0
fr3_walking_halfsphere,1005,1341846470.070096,rgb/1341846470.070096.png,0,1937,1,0,0,0,0
fr3_walking_halfsphere,1006,1341846470.107943,rgb/1341846470.107943.png,0,1735,1,0,0,0,0
fr3_walking_halfsphere,1007,1341846470.170125,rgb/1341846470.170125.png,135,1764,1,1,1,1,1
fr3_walking_halfsphere,1008,1341846470.202144,rgb/1341846470.202144.png,1624,1831,1,1,1,1,1
fr3_walking_halfsphere,1009,1341846470.238185,rgb/1341846470.238185.png,0,1779,1,0,0,0,0
fr3_walking_halfsphere,1010,1341846470.269875,rgb/1341846470.269875.png,0,1952,1,0,0,0,0
fr3_walking_halfsphere,1011,1341846470.306072,rgb/1341846470.306072.png,1456,1804,1,1,1,1,1
fr3_walking_halfsphere,1012,1341846470.337953,rgb/1341846470.337953.png,0,1750,1,0,0,0,0
fr3_walking_halfsphere,1013,1341846470.370014,rgb/1341846470.370014.png,0,1540,1,0,0,0,0
fr3_walking_halfsphere,1014,1341846470.405987,rgb/1341846470.405987.png,0,1739,1,0,0,0,0
fr3_walking_halfsphere,1015,1341846470.438051,rgb/1341846470.438051.png,1591,1717,1,1,1,1,1
fr3_walking_halfsphere,1016,1341846470.470041,rgb/1341846470.470041.png,0,1720,1,0,0,0,0
fr3_walking_halfsphere,1017,1341846470.506110,rgb/1341846470.506110.png,0,1599,1,0,0,0,0
fr3_walking_halfsphere,1018,1341846470.538167,rgb/1341846470.538167.png,0,1638,1,0,0,0,0
fr3_walking_halfsphere,1019,1341846470.573973,rgb/1341846470.573973.png,0,1644,0,0,0,0,0
fr3_walking_halfsphere,1020,1341846470.606133,rgb/1341846470.606133.png,1412,1669,0,0,0,0,0
